0 0 2.052311845510685e10 2.052311845510685e10 0 0 0
1 0 8.50985530237891e10 8.50985530237891e10 0 0 0
2 0 2.6025516664563046e11 2.6025516664563046e11 0 0 0
3 0 6.026490383802089e11 6.026490383802089e11 0 0 0
4 0 1.2201039815806716e12 1.2201039815806716e12 0 0 0
5 0 1.2390154038860833e12 1.2390154038860833e12 0 0 0
6 0 2.5460667750799418e13 2.5460667750799418e13 0 0 0
7 0 5.3025628015755306e14 5.3025628015755306e14 0 0 0
8 0 3.0897615229838606e14 3.0897615229838606e14 0 0 0
9 0 1.2229494067218982e15 1.2229494067218982e15 0 0 0
0 1 2.210852520420008e11 2.210852520420008e11 0 0 0
1 1 5.62516014418801e11 5.62516014418801e11 0 0 0
2 1 3.781148225997004e12 3.781148225997004e12 0 0 0
3 1 7.65497219007011e13 7.65497219007011e13 0 0 0
4 1 6.469810742071555e14 6.469810742071555e14 0 0 0
5 1 8.65211979019519e14 8.65211979019519e14 0 0 0
6 1 1.7523508206005192e15 1.7523508206005192e15 0 0 0
7 1 3.770641319617222e15 3.770641319617222e15 0 0 0
8 1 6.646547647087997e15 6.646547647087997e15 0 0 0
9 1 1.0450536802333338e16 1.0450536802333338e16 0 0 0
0 2 2.3411011746376652e13 2.3411011746376652e13 0 0 0
1 2 1.9373634905634097e14 1.9373634905634097e14 0 0 0
2 2 9.34288496340223e14 9.34288496340223e14 0 0 0
3 2 2.3168667963259185e15 2.3168667963259185e15 0 0 0
4 2 4.606092721401917e15 4.606092721401917e15 0 0 0
5 2 7.009925224713899e15 7.009925224713899e15 0 0 0
6 2 6.999131684013628e15 6.999131684013628e15 0 0 0
7 2 1.1877545833967878e16 1.1877545833967878e16 0 0 0
8 2 1.8953863523049784e16 1.8953863523049784e16 0 0 0
9 2 3.2458563575035216e16 3.2458563575035216e16 0 0 0
0 3 6.549490968914052e14 6.549490968914052e14 0 0 0
1 3 3.081939406739058e15 3.081939406739058e15 0 0 0
2 3 9.177131182555734e15 9.177131182555734e15 0 0 0
3 3 1.868685716367231e16 1.868685716367231e16 0 0 0
4 3 2.752195926848993e16 2.752195926848993e16 0 0 0
5 3 5.331991091899457e16 5.331991091899457e16 0 0 0
6 3 8.907971062866898e16 8.907971062866898e16 0 0 0
7 3 1.0470753803031509e17 1.0470753803031509e17 0 0 0
8 3 9.930381426021187e16 9.930381426021187e16 0 0 0
9 3 1.450173987188941e17 1.450173987188941e17 0 0 0
0 4 1.3006646527327088e16 1.3006646527327088e16 0 0 0
1 4 3.919419769696204e16 3.919419769696204e16 0 0 0
2 4 7.830213833420069e16 7.830213833420069e16 0 0 0
3 4 9.438079841302056e16 9.438079841302056e16 0 0 0
4 4 1.0915679884717693e17 1.0915679884717693e17 0 0 0
5 4 1.4707228608935504e17 1.4707228608935504e17 0 0 0
6 4 1.99550135275874e17 1.99550135275874e17 0 0 0
7 4 2.7666129044446605e17 2.7666129044446605e17 0 0 0
8 4 4.497421809837058e17 4.497421809837058e17 0 0 0
9 4 5.110192980898519e17 5.110192980898519e17 0 0 0
0 5 6.930605882139578e16 6.930605882139578e16 0 0 0
1 5 1.4540286916701056e17 1.4540286916701056e17 0 0 0
2 5 2.603127501940531e17 2.603127501940531e17 0 0 0
3 5 2.920428392473637e17 2.920428392473637e17 0 0 0
4 5 6.146257708453032e17 6.146257708453032e17 0 0 0
5 5 6.44999570062394e17 6.44999570062394e17 0 0 0
6 5 1.6792084675998886e17 1.6792084675998886e17 0 0 0
7 5 1.5391420349888157e17 1.5391420349888157e17 0 0 0
8 5 1.3414628140746453e17 1.3414628140746453e17 0 0 0
9 5 1.344056733474817e17 1.344056733474817e17 0 0 0
0 6 3.084193123144165e17 3.084193123144165e17 0 0 0
1 6 4.250980542830495e17 4.250980542830495e17 0 0 0
2 6 1.239591451076629e17 1.239591451076629e17 0 0 0
3 6 5.842688228729823e16 5.842688228729823e16 0 0 0
4 6 5.342924062639126e16 5.342924062639126e16 0 0 0
5 6 5.71593989814921e16 5.71593989814921e16 0 0 0
6 6 5.911492808289101e16 5.911492808289101e16 0 0 0
7 6 1.0654936669866326e17 1.0654936669866326e17 0 0 0
8 6 5.103858535675311e16 5.103858535675311e16 0 0 0
9 6 5.89499316362513e16 5.89499316362513e16 0 0 0
0 7 5.032679642658328e16 5.032679642658328e16 0 0 0
1 7 4.591801853161728e16 4.591801853161728e16 0 0 0
2 7 4.7656455736387336e16 4.7656455736387336e16 0 0 0
3 7 4.004167058619882e16 4.004167058619882e16 0 0 0
4 7 2.011450195336188e16 2.011450195336188e16 0 0 0
5 7 3.1692703933415136e16 3.1692703933415136e16 0 0 0
6 7 3.3629801320847656e16 3.3629801320847656e16 0 0 0
7 7 2.2536341311853484e16 2.2536341311853484e16 0 0 0
8 7 1.4781136097465988e16 1.4781136097465988e16 0 0 0
9 7 1.279607596321909e16 1.279607596321909e16 0 0 0
0 8 4.654776479238949e16 4.654776479238949e16 0 0 0
1 8 4.168994142867826e16 4.168994142867826e16 0 0 0
2 8 1.404381829225506e16 1.404381829225506e16 0 0 0
3 8 2.1032151988414796e16 2.1032151988414796e16 0 0 0
4 8 4.844235247018506e15 4.844235247018506e15 0 0 0
5 8 2.8430810845992948e16 2.8430810845992948e16 0 0 0
6 8 6.522442136743365e16 6.522442136743365e16 0 0 0
7 8 1.125842453592165e17 1.125842453592165e17 0 0 0
8 8 5.923630006392988e16 5.923630006392988e16 0 0 0
9 8 4.733495942603259e16 4.733495942603259e16 0 0 0
0 9 1.1877805943508082e16 1.1877805943508082e16 0 0 0
1 9 2.4445013911961716e16 2.4445013911961716e16 0 0 0
2 9 1.1039265901679206e16 1.1039265901679206e16 0 0 0
3 9 1.894672916629684e16 1.894672916629684e16 0 0 0
4 9 8.296443999942587e16 8.296443999942587e16 0 0 0
5 9 8.459839959284048e16 8.459839959284048e16 0 0 0
6 9 3.4940608881772056e16 3.4940608881772056e16 0 0 0
7 9 1.7261269364491256e16 1.7261269364491256e16 0 0 0
8 9 5.498802611622899e15 5.498802611622899e15 0 0 0
9 9 6.343116692191964e15 6.343116692191964e15 0 0 0
10 0 3.036038381236346e15 3.036038381236346e15 0 0 0
11 0 5.52466283550451e15 5.52466283550451e15 0 0 0
12 0 4.481853662241575e15 4.481853662241575e15 0 0 0
13 0 6.780765641295564e15 6.780765641295564e15 0 0 0
14 0 5.240821287703982e15 5.240821287703982e15 0 0 0
15 0 7.771784648112273e15 7.771784648112273e15 0 0 0
16 0 6.27922016921389e15 6.27922016921389e15 0 0 0
17 0 1.0825467039866354e16 1.0825467039866354e16 0 0 0
18 0 9.007869336705968e15 9.007869336705968e15 0 0 0
19 0 6.715276656783833e15 6.715276656783833e15 0 0 0
10 1 1.1521860595437814e16 1.1521860595437814e16 0 0 0
11 1 1.59798599910062e16 1.59798599910062e16 0 0 0
12 1 2.2048914347149604e16 2.2048914347149604e16 0 0 0
13 1 2.7554363939626652e16 2.7554363939626652e16 0 0 0
14 1 2.3204776640266052e16 2.3204776640266052e16 0 0 0
15 1 2.837945808777734e16 2.837945808777734e16 0 0 0
16 1 2.3457996033979748e16 2.3457996033979748e16 0 0 0
17 1 1.980254226630463e16 1.980254226630463e16 0 0 0
18 1 1.5185714972464068e16 1.5185714972464068e16 0 0 0
19 1 1.384470031376265e16 1.384470031376265e16 0 0 0
10 2 4.709500930489364e16 4.709500930489364e16 0 0 0
11 2 5.770686800202981e16 5.770686800202981e16 0 0 0
12 2 4.6914333383039224e16 4.6914333383039224e16 0 0 0
13 2 6.0019128653260824e16 6.0019128653260824e16 0 0 0
14 2 7.23217402971227e16 7.23217402971227e16 0 0 0
15 2 5.17244246500924e16 5.17244246500924e16 0 0 0
16 2 5.579857966388042e16 5.579857966388042e16 0 0 0
17 2 4.510554141402465e16 4.510554141402465e16 0 0 0
18 2 3.8444267291995304e16 3.8444267291995304e16 0 0 0
19 2 3.1703279607736268e16 3.1703279607736268e16 0 0 0
10 3 1.2806297025235853e17 1.2806297025235853e17 0 0 0
11 3 1.4396215935283418e17 1.4396215935283418e17 0 0 0
12 3 1.6026011354905203e17 1.6026011354905203e17 0 0 0
13 3 1.6351412189120886e17 1.6351412189120886e17 0 0 0
14 3 1.5899281448990998e17 1.5899281448990998e17 0 0 0
15 3 1.502127195819779e17 1.502127195819779e17 0 0 0
16 3 9.818687089556107e16 9.818687089556107e16 0 0 0
17 3 8.76359892666908e16 8.76359892666908e16 0 0 0
18 3 8.223335278112096e16 8.223335278112096e16 0 0 0
19 3 6.355204760718696e16 6.355204760718696e16 0 0 0
10 4 5.298920479920304e17 5.298920479920304e17 0 0 0
11 4 5.966870077901234e17 5.966870077901234e17 0 0 0
12 4 4.7609861515048096e17 4.7609861515048096e17 0 0 0
13 4 3.1831382105412576e17 3.1831382105412576e17 0 0 0
14 4 2.1583969647851638e17 2.1583969647851638e17 0 0 0
15 4 2.3072845681112243e17 2.3072845681112243e17 0 0 0
16 4 2.6216997766769526e17 2.6216997766769526e17 0 0 0
17 4 2.7135537098454672e17 2.7135537098454672e17 0 0 0
18 4 2.0974559455607904e17 2.0974559455607904e17 0 0 0
19 4 1.5593273844031315e17 1.5593273844031315e17 0 0 0
10 5 1.979059661546071e17 1.979059661546071e17 0 0 0
11 5 2.986688442569545e17 2.986688442569545e17 0 0 0
12 5 4.580377464685209e17 4.580377464685209e17 0 0 0
13 5 5.51097447683923e17 5.51097447683923e17 0 0 0
14 5 5.791005087005185e17 5.791005087005185e17 0 0 0
15 5 7.999199222696964e17 7.999199222696964e17 0 0 0
16 5 7.701541147556017e17 7.701541147556017e17 0 0 0
17 5 3.9405402215899206e17 3.9405402215899206e17 0 0 0
18 5 3.819118567272769e17 3.819118567272769e17 0 0 0
19 5 4.3347669589169664e17 4.3347669589169664e17 0 0 0
10 6 4.7024172754732264e16 4.7024172754732264e16 0 0 0
11 6 3.0783657305990028e16 3.0783657305990028e16 0 0 0
12 6 2.71047318230876e16 2.71047318230876e16 0 0 0
13 6 8.961630955043083e16 8.961630955043083e16 0 0 0
14 6 6.873450504712055e16 6.873450504712055e16 0 0 0
15 6 9.61702701871373e16 9.61702701871373e16 0 0 0
16 6 1.1251467910441968e17 1.1251467910441968e17 0 0 0
17 6 6.61923858178689e17 6.61923858178689e17 0 0 0
18 6 1.572147942328411e18 1.572147942328411e18 0 0 0
19 6 5.6354591395914323e17 5.6354591395914323e17 0 0 0
10 7 5.1483326663385656e16 5.1483326663385656e16 0 0 0
11 7 3.760927433517764e16 3.760927433517764e16 0 0 0
12 7 2.069932571240301e16 2.069932571240301e16 0 0 0
13 7 1.7981533010943312e16 1.7981533010943312e16 0 0 0
14 7 8.922778650504042e15 8.922778650504042e15 0 0 0
15 7 9.107165735620986e15 9.107165735620986e15 0 0 0
16 7 1.2229445531539592e16 1.2229445531539592e16 0 0 0
17 7 1.970471736208386e16 1.970471736208386e16 0 0 0
18 7 1.938818906076623e16 1.938818906076623e16 0 0 0
19 7 4.040126185540199e17 4.040126185540199e17 0 0 0
10 8 2.3043758033037572e16 2.3043758033037572e16 0 0 0
11 8 2.659089619988114e16 2.659089619988114e16 0 0 0
12 8 1.1745907340626906e16 1.1745907340626906e16 0 0 0
13 8 1.4334355396956586e16 1.4334355396956586e16 0 0 0
14 8 1.357229965624243e16 1.357229965624243e16 0 0 0
15 8 1.9045407025876788e16 1.9045407025876788e16 0 0 0
16 8 2.500852035191287e16 2.500852035191287e16 0 0 0
17 8 1.6531565599425868e16 1.6531565599425868e16 0 0 0
18 8 5.423491706610485e15 5.423491706610485e15 0 0 0
19 8 9.270370799060952e15 9.270370799060952e15 0 0 0
10 9 7.639606723543042e15 7.639606723543042e15 0 0 0
11 9 1.0655055020734362e16 1.0655055020734362e16 0 0 0
12 9 3.756669619500389e16 3.756669619500389e16 0 0 0
13 9 4.177744820638561e16 4.177744820638561e16 0 0 0
14 9 5.753109885315488e16 5.753109885315488e16 0 0 0
15 9 1.009817240430182e17 1.009817240430182e17 0 0 0
16 9 9.877532546371155e16 9.877532546371155e16 0 0 0
17 9 1.3044024500516002e17 1.3044024500516002e17 0 0 0
18 9 6.11518052733773e16 6.11518052733773e16 0 0 0
19 9 6.95426798160565e16 6.95426798160565e16 0 0 0
20 0 3.8191259131729145e15 3.8191259131729145e15 0 0 0
21 0 5.736026707955592e15 5.736026707955592e15 0 0 0
22 0 2.798778209757831e15 2.798778209757831e15 0 0 0
23 0 7.150737285338952e14 7.150737285338952e14 0 0 0
24 0 5.3563125002841016e13 5.3563125002841016e13 0 0 0
25 0 1.636874486588505e13 1.636874486588505e13 0 0 0
26 0 3.517834201073819e10 3.517834201073819e10 0 0 0
27 0 1.0743621570730504e7 1.0743621570730504e7 0 0 0
28 0 1.9682753838493647e6 1.9682753838493647e6 0 0 0
29 0 320095.0704313049 320095.0704313049 0 0 0
20 1 1.1572376619878756e16 1.1572376619878756e16 0 0 0
21 1 1.62019210041581e16 1.62019210041581e16 0 0 0
22 1 1.2544907812147406e16 1.2544907812147406e16 0 0 0
23 1 7.401464067206415e15 7.401464067206415e15 0 0 0
24 1 9.813590231406306e15 9.813590231406306e15 0 0 0
25 1 3.9519403648086495e15 3.9519403648086495e15 0 0 0
26 1 5.4980251028949956e14 5.4980251028949956e14 0 0 0
27 1 9.8607819568017e12 9.8607819568017e12 0 0 0
28 1 4.227536412445427e9 4.227536412445427e9 0 0 0
29 1 256371.8381041464 256371.8381041464 0 0 0
20 2 2.7687201417182964e16 2.7687201417182964e16 0 0 0
21 2 2.4202059782565212e16 2.4202059782565212e16 0 0 0
22 2 2.1771364303338684e16 2.1771364303338684e16 0 0 0
23 2 2.701728967219828e16 2.701728967219828e16 0 0 0
24 2 1.438892629335551e16 1.438892629335551e16 0 0 0
25 2 6.932194402756057e15 6.932194402756057e15 0 0 0
26 2 7.098564432163797e15 7.098564432163797e15 0 0 0
27 2 6.609278241194107e15 6.609278241194107e15 0 0 0
28 2 2.908167330485449e14 2.908167330485449e14 0 0 0
29 2 3.711417253449986e11 3.711417253449986e11 0 0 0
20 3 5.0493500879078744e16 5.0493500879078744e16 0 0 0
21 3 5.821906880061083e16 5.821906880061083e16 0 0 0
22 3 5.150606717952168e16 5.150606717952168e16 0 0 0
23 3 4.6188609432475544e16 4.6188609432475544e16 0 0 0
24 3 3.3013684700697216e16 3.3013684700697216e16 0 0 0
25 3 2.979885694431069e16 2.979885694431069e16 0 0 0
26 3 2.518373473055021e16 2.518373473055021e16 0 0 0
27 3 1.3543907854603386e16 1.3543907854603386e16 0 0 0
28 3 8.005356950423302e15 8.005356950423302e15 0 0 0
29 3 4.1250217001269595e15 4.1250217001269595e15 0 0 0
20 4 8.746715880299267e16 8.746715880299267e16 0 0 0
21 4 8.603345725010627e16 8.603345725010627e16 0 0 0
22 4 6.8175741869448584e16 6.8175741869448584e16 0 0 0
23 4 7.705367837455323e16 7.705367837455323e16 0 0 0
24 4 5.884319432591645e16 5.884319432591645e16 0 0 0
25 4 4.945547790443174e16 4.945547790443174e16 0 0 0
26 4 5.371672889858928e16 5.371672889858928e16 0 0 0
27 4 5.0533349251369496e16 5.0533349251369496e16 0 0 0
28 4 4.526234304031453e16 4.526234304031453e16 0 0 0
29 4 2.0927780920125228e16 2.0927780920125228e16 0 0 0
20 5 3.429829170155403e17 3.429829170155403e17 0 0 0
21 5 2.037683504213388e17 2.037683504213388e17 0 0 0
22 5 1.1528886987941914e17 1.1528886987941914e17 0 0 0
23 5 1.1445086034176109e17 1.1445086034176109e17 0 0 0
24 5 1.002768205767728e17 1.002768205767728e17 0 0 0
25 5 7.379145179898365e16 7.379145179898365e16 0 0 0
26 5 7.35323875686059e16 7.35323875686059e16 0 0 0
27 5 6.506713591236251e16 6.506713591236251e16 0 0 0
28 5 4.7108804923711096e16 4.7108804923711096e16 0 0 0
29 5 5.652284340218449e16 5.652284340218449e16 0 0 0
20 6 3.9742715503402765e17 3.9742715503402765e17 0 0 0
21 6 5.201540944846218e17 5.201540944846218e17 0 0 0
22 6 3.58433756832919e17 3.58433756832919e17 0 0 0
23 6 1.7418373144485168e17 1.7418373144485168e17 0 0 0
24 6 1.032330779663275e17 1.032330779663275e17 0 0 0
25 6 7.4388888630262e16 7.4388888630262e16 0 0 0
26 6 5.526862942282516e16 5.526862942282516e16 0 0 0
27 6 4.694920154350072e16 4.694920154350072e16 0 0 0
28 6 5.49694037414504e16 5.49694037414504e16 0 0 0
29 6 6.9222597095505704e16 6.9222597095505704e16 0 0 0
20 7 1.2391066452150968e18 1.2391066452150968e18 0 0 0
21 7 1.0949775590698491e18 1.0949775590698491e18 0 0 0
22 7 4.707950022259956e17 4.707950022259956e17 0 0 0
23 7 6.904943156376069e17 6.904943156376069e17 0 0 0
24 7 3.087493167786073e17 3.087493167786073e17 0 0 0
25 7 1.3342454897943958e17 1.3342454897943958e17 0 0 0
26 7 7.26640192122648e16 7.26640192122648e16 0 0 0
27 7 4.35171887115731e16 4.35171887115731e16 0 0 0
28 7 5.389956706473632e16 5.389956706473632e16 0 0 0
29 7 5.2523173353827976e16 5.2523173353827976e16 0 0 0
20 8 9.127958252168166e15 9.127958252168166e15 0 0 0
21 8 9.916180883672182e17 9.916180883672182e17 0 0 0
22 8 9.81988685809694e17 9.81988685809694e17 0 0 0
23 8 1.4995527511693594e18 1.4995527511693594e18 0 0 0
24 8 4.9250508491627974e17 4.9250508491627974e17 0 0 0
25 8 6.00377442341099e17 6.00377442341099e17 0 0 0
26 8 2.381416375196321e17 2.381416375196321e17 0 0 0
27 8 7.0127404301784e16 7.0127404301784e16 0 0 0
28 8 5.3787730386506744e16 5.3787730386506744e16 0 0 0
29 8 4.6690148888333864e16 4.6690148888333864e16 0 0 0
20 9 4.008564489601842e16 4.008564489601842e16 0 0 0
21 9 5.4798973116427016e16 5.4798973116427016e16 0 0 0
22 9 3.9569807738187496e16 3.9569807738187496e16 0 0 0
23 9 1.5640200304847447e18 1.5640200304847447e18 0 0 0
24 9 9.33850395881173e17 9.33850395881173e17 0 0 0
25 9 1.0712069195158195e18 1.0712069195158195e18 0 0 0
26 9 7.94038326571664e17 7.94038326571664e17 0 0 0
27 9 3.709032972419549e17 3.709032972419549e17 0 0 0
28 9 1.29665762508568e17 1.29665762508568e17 0 0 0
29 9 7.0418716570286664e16 7.0418716570286664e16 0 0 0
30 0 57448.09114937003 57448.09114937003 0 0 0
31 0 2.1748253402387425e6 2.1748253402387425e6 0 0 0
32 0 4.6475377315507686e8 4.6475377315507686e8 0 0 0
33 0 1.7372627145324295e10 1.7372627145324295e10 0 0 0
34 0 2.392478237842449e10 2.392478237842449e10 0 0 0
35 0 6.873000942328916e7 6.873000942328916e7 0 0 0
36 0 5792.1337007359925 5792.1337007359925 0 0 0
37 0 1.4069178182735362 1.4069178182735362 0 0 0
38 0 0.8563679302827029 0.8563679302827029 0 0 0
39 0 2.1599069434587577 2.1599069434587577 0 0 0
30 1 96849.25303579427 96849.25303579427 0 0 0
31 1 33609.316083106394 33609.316083106394 0 0 0
32 1 13742.961077363016 13742.961077363016 0 0 0
33 1 4.4812679220455027e8 4.4812679220455027e8 0 0 0
34 1 1.2116859919728382e10 1.2116859919728382e10 0 0 0
35 1 1.0451084120774775e10 1.0451084120774775e10 0 0 0
36 1 6.279224431037105e7 6.279224431037105e7 0 0 0
37 1 38899.145375123044 38899.145375123044 0 0 0
38 1 199.99395700534956 199.99395700534956 0 0 0
39 1 17.930501648677286 17.930501648677286 0 0 0
30 2 563899.7258143399 563899.7258143399 0 0 0
31 2 4645.236684167667 4645.236684167667 0 0 0
32 2 1414.7510302672847 1414.7510302672847 0 0 0
33 2 32325.480664329367 32325.480664329367 0 0 0
34 2 2.4270759421245684e6 2.4270759421245684e6 0 0 0
35 2 1.1645867794695966e9 1.1645867794695966e9 0 0 0
36 2 1.6870250587433224e9 1.6870250587433224e9 0 0 0
37 2 1.0637034520158136e8 1.0637034520158136e8 0 0 0
38 2 111906.02667187396 111906.02667187396 0 0 0
39 2 953.0237246887815 953.0237246887815 0 0 0
30 3 2.5110816069921012e14 2.5110816069921012e14 0 0 0
31 3 5.5780263697558406e14 5.5780263697558406e14 0 0 0
32 3 9.337453609034474e14 9.337453609034474e14 0 0 0
33 3 2.123995607346942e14 2.123995607346942e14 0 0 0
34 3 2.3144767053490062e13 2.3144767053490062e13 0 0 0
35 3 5.152414753414175e11 5.152414753414175e11 0 0 0
36 3 3.374612783155594e8 3.374612783155594e8 0 0 0
37 3 2.6157442156927068e7 2.6157442156927068e7 0 0 0
38 3 1.1761352178145345e7 1.1761352178145345e7 0 0 0
39 3 962651.9435725901 962651.9435725901 0 0 0
30 4 2.048467297236468e16 2.048467297236468e16 0 0 0
31 4 1.0392231551645594e16 1.0392231551645594e16 0 0 0
32 4 6.615853869800738e15 6.615853869800738e15 0 0 0
33 4 2.341943959604619e15 2.341943959604619e15 0 0 0
34 4 4.834990282628696e14 4.834990282628696e14 0 0 0
35 4 1.4387860485024482e15 1.4387860485024482e15 0 0 0
36 4 1.534981354639748e15 1.534981354639748e15 0 0 0
37 4 4.674715440494081e15 4.674715440494081e15 0 0 0
38 4 1.502098367630878e14 1.502098367630878e14 0 0 0
39 4 1.968969996056451e10 1.968969996056451e10 0 0 0
30 5 2.668322254047274e16 2.668322254047274e16 0 0 0
31 5 2.2584379332825936e16 2.2584379332825936e16 0 0 0
32 5 1.3339266258358526e16 1.3339266258358526e16 0 0 0
33 5 1.5558587021564342e16 1.5558587021564342e16 0 0 0
34 5 2.6784235645721984e16 2.6784235645721984e16 0 0 0
35 5 3.4919707422398236e16 3.4919707422398236e16 0 0 0
36 5 2.000168041360076e16 2.000168041360076e16 0 0 0
37 5 2.8863057447685515e15 2.8863057447685515e15 0 0 0
38 5 1.5535408018973188e15 1.5535408018973188e15 0 0 0
39 5 7.889738164002168e14 7.889738164002168e14 0 0 0
30 6 6.562443242253924e16 6.562443242253924e16 0 0 0
31 6 3.4812756827198036e16 3.4812756827198036e16 0 0 0
32 6 8.709409190748534e15 8.709409190748534e15 0 0 0
33 6 3.239001014065777e15 3.239001014065777e15 0 0 0
34 6 5.582205741381462e15 5.582205741381462e15 0 0 0
35 6 1.440461789879724e16 1.440461789879724e16 0 0 0
36 6 2.8217909789569476e16 2.8217909789569476e16 0 0 0
37 6 3.539798536918372e16 3.539798536918372e16 0 0 0
38 6 2.9970562992248356e16 2.9970562992248356e16 0 0 0
39 6 9.235374632880702e15 9.235374632880702e15 0 0 0
30 7 7.412472755798064e16 7.412472755798064e16 0 0 0
31 7 6.050148031808981e16 6.050148031808981e16 0 0 0
32 7 2.7471454885885948e16 2.7471454885885948e16 0 0 0
33 7 4.231286132522102e15 4.231286132522102e15 0 0 0
34 7 2.988704007557693e15 2.988704007557693e15 0 0 0
35 7 4.4439686693938415e15 4.4439686693938415e15 0 0 0
36 7 1.0612553491861948e16 1.0612553491861948e16 0 0 0
37 7 2.0124481401585904e16 2.0124481401585904e16 0 0 0
38 7 3.1817464838430696e16 3.1817464838430696e16 0 0 0
39 7 2.809777572731732e16 2.809777572731732e16 0 0 0
30 8 4.644609658638906e16 4.644609658638906e16 0 0 0
31 8 6.264973421360395e16 6.264973421360395e16 0 0 0
32 8 7.720040773144605e16 7.720040773144605e16 0 0 0
33 8 4.908184970340498e16 4.908184970340498e16 0 0 0
34 8 6.595807152088412e15 6.595807152088412e15 0 0 0
35 8 7.311582011539533e15 7.311582011539533e15 0 0 0
36 8 6.654210806748877e15 6.654210806748877e15 0 0 0
37 8 8.648155858812201e15 8.648155858812201e15 0 0 0
38 8 1.333849254675856e16 1.333849254675856e16 0 0 0
39 8 1.7146475906456634e16 1.7146475906456634e16 0 0 0
30 9 4.746011996546445e16 4.746011996546445e16 0 0 0
31 9 6.9635555631442296e16 6.9635555631442296e16 0 0 0
32 9 9.295844123192251e16 9.295844123192251e16 0 0 0
33 9 4.481246237074943e16 4.481246237074943e16 0 0 0
34 9 5.390309961388547e15 5.390309961388547e15 0 0 0
35 9 5.56772269666099e15 5.56772269666099e15 0 0 0
36 9 6.852611826793746e15 6.852611826793746e15 0 0 0
37 9 7.128650806846058e15 7.128650806846058e15 0 0 0
38 9 6.629202139468104e15 6.629202139468104e15 0 0 0
39 9 1.0280276209084954e16 1.0280276209084954e16 0 0 0
40 0 9.129443205700152 9.129443205700152 0 0 0
41 0 30678.0439476737 30678.0439476737 0 0 0
42 0 3.447457073684051e6 3.447457073684051e6 0 0 0
43 0 3.6348676995202685e6 3.6348676995202685e6 0 0 0
44 0 2.8458299561320846e6 2.8458299561320846e6 0 0 0
45 0 358405.1187873458 358405.1187873458 0 0 0
46 0 132661.45198180494 132661.45198180494 0 0 0
47 0 11561.372100962697 11561.372100962697 0 0 0
48 0 9358.39478004513 9358.39478004513 0 0 0
49 0 27138.544315696894 27138.544315696894 0 0 0
40 1 5.369930329739484 5.369930329739484 0 0 0
41 1 1.9378445427900617 1.9378445427900617 0 0 0
42 1 0.9541428273645345 0.9541428273645345 0 0 0
43 1 20793.12088028451 20793.12088028451 0 0 0
44 1 4.669214281947716e6 4.669214281947716e6 0 0 0
45 1 63011.0829965419 63011.0829965419 0 0 0
46 1 5294.4051279336245 5294.4051279336245 0 0 0
47 1 5729.216172107037 5729.216172107037 0 0 0
48 1 2994.8586640186168 2994.8586640186168 0 0 0
49 1 3746.201344816988 3746.201344816988 0 0 0
40 2 0.1853873465503541 0.1853873465503541 0 0 0
41 2 0.0004911987075083047 0.0004911987075083047 0 0 0
42 2 0.0007474606447805048 0.0007474606447805048 0 0 0
43 2 0.0009396976116223203 0.0009396976116223203 0 0 0
44 2 5.760030640583535 5.760030640583535 0 0 0
45 2 330929.7849403912 330929.7849403912 0 0 0
46 2 464944.9269152281 464944.9269152281 0 0 0
47 2 1324.69340849531 1324.69340849531 0 0 0
48 2 9927.178567702658 9927.178567702658 0 0 0
49 2 6282.770027684668 6282.770027684668 0 0 0
40 3 5456.591709193002 5456.591709193002 0 0 0
41 3 0.03513981364963644 0.03513981364963644 0 0 0
42 3 0.003489226605953785 0.003489226605953785 0 0 0
43 3 0.001529110891728826 0.001529110891728826 0 0 0
44 3 0.00040033922271350843 0.00040033922271350843 0 0 0
45 3 0.017268342312142946 0.017268342312142946 0 0 0
46 3 2808.705316976662 2808.705316976662 0 0 0
47 3 58664.58325229435 58664.58325229435 0 0 0
48 3 215.70103434004875 215.70103434004875 0 0 0
49 3 1972.0123794134558 1972.0123794134558 0 0 0
40 4 6.616388897788901e6 6.616388897788901e6 0 0 0
41 4 7286.4586504556555 7286.4586504556555 0 0 0
42 4 0.5431358843928131 0.5431358843928131 0 0 0
43 4 0.03696256001142587 0.03696256001142587 0 0 0
44 4 0.11552949905546173 0.11552949905546173 0 0 0
45 4 0.0005795662091949535 0.0005795662091949535 0 0 0
46 4 0.000989224124745193 0.000989224124745193 0 0 0
47 4 282.7290745311097 282.7290745311097 0 0 0
48 4 3106.576228623668 3106.576228623668 0 0 0
49 4 60.058295862185055 60.058295862185055 0 0 0
40 5 2.789747321542846e15 2.789747321542846e15 0 0 0
41 5 1.2123081979590505e12 1.2123081979590505e12 0 0 0
42 5 2.9840415513297934e6 2.9840415513297934e6 0 0 0
43 5 215.13952982797574 215.13952982797574 0 0 0
44 5 0.9230412669311896 0.9230412669311896 0 0 0
45 5 0.5531418190927255 0.5531418190927255 0 0 0
46 5 5.4665704844983824e-5 5.4665704844983824e-5 0 0 0
47 5 0.0028586154802072044 0.0028586154802072044 0 0 0
48 5 467.16846619820234 467.16846619820234 0 0 0
49 5 688.2450513802052 688.2450513802052 0 0 0
40 6 3.979709060204946e15 3.979709060204946e15 0 0 0
41 6 2.8879654774767965e15 2.8879654774767965e15 0 0 0
42 6 2.568014484647861e15 2.568014484647861e15 0 0 0
43 6 5.119371243873144e12 5.119371243873144e12 0 0 0
44 6 1.4672197706628317e8 1.4672197706628317e8 0 0 0
45 6 73981.53865282975 73981.53865282975 0 0 0
46 6 0.4968476051359566 0.4968476051359566 0 0 0
47 6 5.087966222743083e-5 5.087966222743083e-5 0 0 0
48 6 1.6539540987142145 1.6539540987142145 0 0 0
49 6 2807.349230914857 2807.349230914857 0 0 0
40 7 2.0848482946003708e16 2.0848482946003708e16 0 0 0
41 7 8.453610278909506e15 8.453610278909506e15 0 0 0
42 7 4.200389315011972e15 4.200389315011972e15 0 0 0
43 7 5.511845342317959e15 5.511845342317959e15 0 0 0
44 7 6.670535371277635e14 6.670535371277635e14 0 0 0
45 7 6.251949981927545e12 6.251949981927545e12 0 0 0
46 7 6.4791833991322876e10 6.4791833991322876e10 0 0 0
47 7 1.2165218068899775e10 1.2165218068899775e10 0 0 0
48 7 291012.18683691387 291012.18683691387 0 0 0
49 7 3412.006325230805 3412.006325230805 0 0 0
40 8 2.477497834664919e16 2.477497834664919e16 0 0 0
41 8 1.926348654029073e16 1.926348654029073e16 0 0 0
42 8 1.2192621587662302e16 1.2192621587662302e16 0 0 0
43 8 5.923538963424751e15 5.923538963424751e15 0 0 0
44 8 3.2888541429432845e15 3.2888541429432845e15 0 0 0
45 8 1.8659739776107722e15 1.8659739776107722e15 0 0 0
46 8 9.571971919990381e13 9.571971919990381e13 0 0 0
47 8 6.186102226272136e12 6.186102226272136e12 0 0 0
48 8 8.251133213058496e9 8.251133213058496e9 0 0 0
49 8 1.0403998381023554e10 1.0403998381023554e10 0 0 0
40 9 1.4773294296271322e16 1.4773294296271322e16 0 0 0
41 9 1.464290477020606e16 1.464290477020606e16 0 0 0
42 9 1.7767907959213052e16 1.7767907959213052e16 0 0 0
43 9 1.265560744738297e16 1.265560744738297e16 0 0 0
44 9 6.010554407347421e15 6.010554407347421e15 0 0 0
45 9 1.8082048622212242e15 1.8082048622212242e15 0 0 0
46 9 3.075175315105075e15 3.075175315105075e15 0 0 0
47 9 1.323673270654927e14 1.323673270654927e14 0 0 0
48 9 8.213314668571286e13 8.213314668571286e13 0 0 0
49 9 1.381488862095402e12 1.381488862095402e12 0 0 0
0 10 1.4796423040554988e16 1.4796423040554988e16 0 0 0
1 10 5.689802443722787e15 5.689802443722787e15 0 0 0
2 10 1.0328088721282736e16 1.0328088721282736e16 0 0 0
3 10 1.2443831083111733e17 1.2443831083111733e17 0 0 0
4 10 3.2762262807770664e16 3.2762262807770664e16 0 0 0
5 10 4.3270929484815715e15 4.3270929484815715e15 0 0 0
6 10 4.356223615687e15 4.356223615687e15 0 0 0
7 10 8.469068936494466e15 8.469068936494466e15 0 0 0
8 10 1.4805297030716998e16 1.4805297030716998e16 0 0 0
9 10 2.9286395127011316e16 2.9286395127011316e16 0 0 0
0 11 1.6828593548505802e15 1.6828593548505802e15 0 0 0
1 11 3.675506124160998e15 3.675506124160998e15 0 0 0
2 11 6.239412540077228e16 6.239412540077228e16 0 0 0
3 11 3.0319082485849896e16 3.0319082485849896e16 0 0 0
4 11 1.7853961230141444e16 1.7853961230141444e16 0 0 0
5 11 2.2439580951222938e15 2.2439580951222938e15 0 0 0
6 11 8.002523140389092e15 8.002523140389092e15 0 0 0
7 11 3.6293861499307575e15 3.6293861499307575e15 0 0 0
8 11 1.0434097848390878e15 1.0434097848390878e15 0 0 0
9 11 1.5996216205465045e15 1.5996216205465045e15 0 0 0
0 12 7.557473486972045e16 7.557473486972045e16 0 0 0
1 12 5.210179546933058e16 5.210179546933058e16 0 0 0
2 12 1.3340655842824138e16 1.3340655842824138e16 0 0 0
3 12 9.569617488111142e15 9.569617488111142e15 0 0 0
4 12 1.8554782433346128e15 1.8554782433346128e15 0 0 0
5 12 6.545124190161649e15 6.545124190161649e15 0 0 0
6 12 6.370724888690427e15 6.370724888690427e15 0 0 0
7 12 2.439870402283638e14 2.439870402283638e14 0 0 0
8 12 7.608210506087911e13 7.608210506087911e13 0 0 0
9 12 6.6202022676553625e13 6.6202022676553625e13 0 0 0
0 13 6.986854595168684e16 6.986854595168684e16 0 0 0
1 13 1.4581883197475268e16 1.4581883197475268e16 0 0 0
2 13 4.49780834292198e15 4.49780834292198e15 0 0 0
3 13 1.7355858168323982e15 1.7355858168323982e15 0 0 0
4 13 6.873116243318589e15 6.873116243318589e15 0 0 0
5 13 3.447751227149817e14 3.447751227149817e14 0 0 0
6 13 5.144643197450491e15 5.144643197450491e15 0 0 0
7 13 4.92530624558751e15 4.92530624558751e15 0 0 0
8 13 1.2627302595908424e11 1.2627302595908424e11 0 0 0
9 13 2.1315903881887892e16 2.1315903881887892e16 0 0 0
0 14 1.4454670763178628e16 1.4454670763178628e16 0 0 0
1 14 9.102636980269995e13 9.102636980269995e13 0 0 0
2 14 7.496091425411364e14 7.496091425411364e14 0 0 0
3 14 8.649290303889698e14 8.649290303889698e14 0 0 0
4 14 4.192530259868761e13 4.192530259868761e13 0 0 0
5 14 2.400182591756742e15 2.400182591756742e15 0 0 0
6 14 6.489392061426232e12 6.489392061426232e12 0 0 0
7 14 2.0735340715695458e15 2.0735340715695458e15 0 0 0
8 14 8.264532891476493e12 8.264532891476493e12 0 0 0
9 14 1.0663411114256624e16 1.0663411114256624e16 0 0 0
0 15 5.4214788176882494e14 5.4214788176882494e14 0 0 0
1 15 5.457836290410172e14 5.457836290410172e14 0 0 0
2 15 3.5895619228556556e14 3.5895619228556556e14 0 0 0
3 15 2.655511616987863e14 2.655511616987863e14 0 0 0
4 15 4.90041028292575e12 4.90041028292575e12 0 0 0
5 15 1.5211724016810248e13 1.5211724016810248e13 0 0 0
6 15 1.3922347302857714e16 1.3922347302857714e16 0 0 0
7 15 9.903733539872572e15 9.903733539872572e15 0 0 0
8 15 2.2111776880833924e16 2.2111776880833924e16 0 0 0
9 15 6.057023307441448e16 6.057023307441448e16 0 0 0
0 16 1.7151756289941765e15 1.7151756289941765e15 0 0 0
1 16 1.500864589010657e14 1.500864589010657e14 0 0 0
2 16 1.9418771957899785e13 1.9418771957899785e13 0 0 0
3 16 7.222434647395525e12 7.222434647395525e12 0 0 0
4 16 3.005262728031724e14 3.005262728031724e14 0 0 0
5 16 8.674715532090089e14 8.674715532090089e14 0 0 0
6 16 5.604124785726665e15 5.604124785726665e15 0 0 0
7 16 1.841450985230377e16 1.841450985230377e16 0 0 0
8 16 6.6030136490191e16 6.6030136490191e16 0 0 0
9 16 5.2495844578796216e16 5.2495844578796216e16 0 0 0
0 17 1.8198303287237273e12 1.8198303287237273e12 0 0 0
1 17 4.0977634908156655e15 4.0977634908156655e15 0 0 0
2 17 3.2845887686602255e15 3.2845887686602255e15 0 0 0
3 17 7.213479112528432e15 7.213479112528432e15 0 0 0
4 17 1.4452637310041184e16 1.4452637310041184e16 0 0 0
5 17 6.189340415930916e15 6.189340415930916e15 0 0 0
6 17 3.92675794138674e16 3.92675794138674e16 0 0 0
7 17 3.96987275708783e16 3.96987275708783e16 0 0 0
8 17 1.1010365540877949e17 1.1010365540877949e17 0 0 0
9 17 7.509713078151226e16 7.509713078151226e16 0 0 0
0 18 5.49724319638627e15 5.49724319638627e15 0 0 0
1 18 1.953653063528123e15 1.953653063528123e15 0 0 0
2 18 2.7494147069991855e15 2.7494147069991855e15 0 0 0
3 18 1.287701153074622e15 1.287701153074622e15 0 0 0
4 18 9.714815720969316e15 9.714815720969316e15 0 0 0
5 18 4.5172515058594296e16 4.5172515058594296e16 0 0 0
6 18 7.824006797801142e16 7.824006797801142e16 0 0 0
7 18 1.0219528532480496e17 1.0219528532480496e17 0 0 0
8 18 1.170286761263932e17 1.170286761263932e17 0 0 0
9 18 1.476375069902437e17 1.476375069902437e17 0 0 0
0 19 2.022145210522817e14 2.022145210522817e14 0 0 0
1 19 2.611298605072694e13 2.611298605072694e13 0 0 0
2 19 9.251350171394562e13 9.251350171394562e13 0 0 0
3 19 1.1057211278953318e15 1.1057211278953318e15 0 0 0
4 19 4.68177766879077e15 4.68177766879077e15 0 0 0
5 19 2.027790632233164e16 2.027790632233164e16 0 0 0
6 19 3.486724478245881e16 3.486724478245881e16 0 0 0
7 19 1.2439374195124714e17 1.2439374195124714e17 0 0 0
8 19 4.4762599615262456e16 4.4762599615262456e16 0 0 0
9 19 3.963006215119587e16 3.963006215119587e16 0 0 0
10 10 2.258421652983784e16 2.258421652983784e16 0 0 0
11 10 2.8418298078363944e16 2.8418298078363944e16 0 0 0
12 10 2.175473317369442e16 2.175473317369442e16 0 0 0
13 10 2.6594201065554668e16 2.6594201065554668e16 0 0 0
14 10 2.019193117631435e16 2.019193117631435e16 0 0 0
15 10 9.29745028866976e15 9.29745028866976e15 0 0 0
16 10 4.495287711510053e16 4.495287711510053e16 0 0 0
17 10 1.2520609188826408e17 1.2520609188826408e17 0 0 0
18 10 3.1632172485431277e17 3.1632172485431277e17 0 0 0
19 10 4.628511482357878e17 4.628511482357878e17 0 0 0
10 11 1.8582613405039536e16 1.8582613405039536e16 0 0 0
11 11 4.383402149456328e14 4.383402149456328e14 0 0 0
12 11 2.555681311461082e16 2.555681311461082e16 0 0 0
13 11 1.4171083612367994e16 1.4171083612367994e16 0 0 0
14 11 2.9022899667257864e16 2.9022899667257864e16 0 0 0
15 11 2.528547832612001e16 2.528547832612001e16 0 0 0
16 11 5.47362300891741e16 5.47362300891741e16 0 0 0
17 11 6.329788426483807e16 6.329788426483807e16 0 0 0
18 11 1.8173605743375693e17 1.8173605743375693e17 0 0 0
19 11 1.5499620350328618e17 1.5499620350328618e17 0 0 0
10 12 5.783676663980294e14 5.783676663980294e14 0 0 0
11 12 1.8368104463949284e16 1.8368104463949284e16 0 0 0
12 12 1.1802662118682758e16 1.1802662118682758e16 0 0 0
13 12 8.500952549458887e15 8.500952549458887e15 0 0 0
14 12 4.990482060426467e16 4.990482060426467e16 0 0 0
15 12 5.211608873923593e16 5.211608873923593e16 0 0 0
16 12 9.509933630211238e16 9.509933630211238e16 0 0 0
17 12 4.932565672532643e16 4.932565672532643e16 0 0 0
18 12 3.98602812091542e17 3.98602812091542e17 0 0 0
19 12 2.1273255069110822e17 2.1273255069110822e17 0 0 0
10 13 8.671692425214036e15 8.671692425214036e15 0 0 0
11 13 1.372712889530181e16 1.372712889530181e16 0 0 0
12 13 3.3411089783180756e16 3.3411089783180756e16 0 0 0
13 13 2.8188539095991536e16 2.8188539095991536e16 0 0 0
14 13 1.2680799889540256e17 1.2680799889540256e17 0 0 0
15 13 1.4443558192422067e17 1.4443558192422067e17 0 0 0
16 13 5.1411386460923654e17 5.1411386460923654e17 0 0 0
17 13 3.6717686871688403e17 3.6717686871688403e17 0 0 0
18 13 3.6243777882423597e17 3.6243777882423597e17 0 0 0
19 13 4.600614886880464e17 4.600614886880464e17 0 0 0
10 14 1.4823925716907428e16 1.4823925716907428e16 0 0 0
11 14 7.377858133218552e16 7.377858133218552e16 0 0 0
12 14 9.269050211685928e16 9.269050211685928e16 0 0 0
13 14 1.493949781301327e17 1.493949781301327e17 0 0 0
14 14 3.001022711303759e17 3.001022711303759e17 0 0 0
15 14 3.624254074830479e17 3.624254074830479e17 0 0 0
16 14 3.008060515062016e17 3.008060515062016e17 0 0 0
17 14 4.183883248342234e17 4.183883248342234e17 0 0 0
18 14 3.62375312931702e17 3.62375312931702e17 0 0 0
19 14 4.109107946227249e17 4.109107946227249e17 0 0 0
10 15 9.29107883956167e16 9.29107883956167e16 0 0 0
11 15 1.33705112695306e17 1.33705112695306e17 0 0 0
12 15 1.665546717771419e17 1.665546717771419e17 0 0 0
13 15 2.4227181460649248e17 2.4227181460649248e17 0 0 0
14 15 2.7146931056205674e17 2.7146931056205674e17 0 0 0
15 15 2.3121961754484723e17 2.3121961754484723e17 0 0 0
16 15 2.249426617938022e17 2.249426617938022e17 0 0 0
17 15 2.6137070620902797e17 2.6137070620902797e17 0 0 0
18 15 3.4532142955677306e17 3.4532142955677306e17 0 0 0
19 15 3.29418023556168e17 3.29418023556168e17 0 0 0
10 16 6.654922907821284e16 6.654922907821284e16 0 0 0
11 16 1.353064882214726e17 1.353064882214726e17 0 0 0
12 16 1.6559879222558528e17 1.6559879222558528e17 0 0 0
13 16 3.6486819888183866e17 3.6486819888183866e17 0 0 0
14 16 3.5609512453894694e17 3.5609512453894694e17 0 0 0
15 16 3.347681294397142e17 3.347681294397142e17 0 0 0
16 16 4.161371041754463e17 4.161371041754463e17 0 0 0
17 16 3.9043731330820186e17 3.9043731330820186e17 0 0 0
18 16 2.84358664516436e17 2.84358664516436e17 0 0 0
19 16 5.540875735965845e17 5.540875735965845e17 0 0 0
10 17 1.0619820418404219e17 1.0619820418404219e17 0 0 0
11 17 1.01600392647698e17 1.01600392647698e17 0 0 0
12 17 2.829548572156097e17 2.829548572156097e17 0 0 0
13 17 5.281220612785966e17 5.281220612785966e17 0 0 0
14 17 1.2707023453297638e18 1.2707023453297638e18 0 0 0
15 17 2.1156300501030966e18 2.1156300501030966e18 0 0 0
16 17 1.0901713685252028e18 1.0901713685252028e18 0 0 0
17 17 6.145808372572493e17 6.145808372572493e17 0 0 0
18 17 9.690655413529736e17 9.690655413529736e17 0 0 0
19 17 1.0838979265812084e18 1.0838979265812084e18 0 0 0
10 18 3.1647644954666477e17 3.1647644954666477e17 0 0 0
11 18 2.697100894087025e17 2.697100894087025e17 0 0 0
12 18 5.1544460052308096e17 5.1544460052308096e17 0 0 0
13 18 1.4301540339584922e18 1.4301540339584922e18 0 0 0
14 18 1.3924318103511982e18 1.3924318103511982e18 0 0 0
15 18 3.8037172757557677e17 3.8037172757557677e17 0 0 0
16 18 4.3611898081877075e17 4.3611898081877075e17 0 0 0
17 18 9.875579651818924e17 9.875579651818924e17 0 0 0
18 18 2.548923327253533e18 2.548923327253533e18 0 0 0
19 18 4.93240648718991e18 4.93240648718991e18 0 0 0
10 19 1.0271854092772122e17 1.0271854092772122e17 0 0 0
11 19 1.622881688541662e17 1.622881688541662e17 0 0 0
12 19 2.693765043426191e17 2.693765043426191e17 0 0 0
13 19 8.03206890082251e17 8.03206890082251e17 0 0 0
14 19 3.446716389908737e17 3.446716389908737e17 0 0 0
15 19 6.091723107583343e17 6.091723107583343e17 0 0 0
16 19 7.838323449430899e17 7.838323449430899e17 0 0 0
17 19 2.0192271191004864e18 2.0192271191004864e18 0 0 0
18 19 5.072090773480099e18 5.072090773480099e18 0 0 0
19 19 8.178226191409936e18 8.178226191409936e18 0 0 0
20 10 3.84235780770958e17 3.84235780770958e17 0 0 0
21 10 3.613854728483044e17 3.613854728483044e17 0 0 0
22 10 2.096709343564571e17 2.096709343564571e17 0 0 0
23 10 6.1866468216510856e16 6.1866468216510856e16 0 0 0
24 10 1.3577439838974794e18 1.3577439838974794e18 0 0 0
25 10 9.718742613795101e17 9.718742613795101e17 0 0 0
26 10 3.3478869880428626e18 3.3478869880428626e18 0 0 0
27 10 4.3802598120108397e17 4.3802598120108397e17 0 0 0
28 10 4.33200270408547e17 4.33200270408547e17 0 0 0
29 10 1.3229637634967629e17 1.3229637634967629e17 0 0 0
20 11 1.617591295963406e17 1.617591295963406e17 0 0 0
21 11 1.0370941183031232e18 1.0370941183031232e18 0 0 0
22 11 9.42105452834805e17 9.42105452834805e17 0 0 0
23 11 6.38006301480673e17 6.38006301480673e17 0 0 0
24 11 5.426327796892674e17 5.426327796892674e17 0 0 0
25 11 1.712171500322611e18 1.712171500322611e18 0 0 0
26 11 1.50329679491564e18 1.50329679491564e18 0 0 0
27 11 1.8050964924746719e18 1.8050964924746719e18 0 0 0
28 11 6.647713277956581e17 6.647713277956581e17 0 0 0
29 11 4.6135542022983795e17 4.6135542022983795e17 0 0 0
20 12 2.5016972819748403e17 2.5016972819748403e17 0 0 0
21 12 4.78470761896856e17 4.78470761896856e17 0 0 0
22 12 1.1832466204376732e18 1.1832466204376732e18 0 0 0
23 12 1.0643901675501921e18 1.0643901675501921e18 0 0 0
24 12 1.3068303655526126e18 1.3068303655526126e18 0 0 0
25 12 7.226353767475866e17 7.226353767475866e17 0 0 0
26 12 4.669105106936907e17 4.669105106936907e17 0 0 0
27 12 1.5731146073596424e18 1.5731146073596424e18 0 0 0
28 12 2.2505721625059832e18 2.2505721625059832e18 0 0 0
29 12 8.663335111898179e17 8.663335111898179e17 0 0 0
20 13 4.835784131223068e17 4.835784131223068e17 0 0 0
21 13 5.1217282279536365e17 5.1217282279536365e17 0 0 0
22 13 4.9784217470806835e17 4.9784217470806835e17 0 0 0
23 13 1.3093530179627464e18 1.3093530179627464e18 0 0 0
24 13 1.1817793042006892e18 1.1817793042006892e18 0 0 0
25 13 1.8251606469702484e18 1.8251606469702484e18 0 0 0
26 13 1.1624248319577644e18 1.1624248319577644e18 0 0 0
27 13 9.02896991600876e17 9.02896991600876e17 0 0 0
28 13 1.9813651488547302e18 1.9813651488547302e18 0 0 0
29 13 4.2029058292448445e18 4.2029058292448445e18 0 0 0
20 14 4.249882116919831e17 4.249882116919831e17 0 0 0
21 14 5.3764112060460326e17 5.3764112060460326e17 0 0 0
22 14 5.148832855852397e17 5.148832855852397e17 0 0 0
23 14 4.499192373513781e17 4.499192373513781e17 0 0 0
24 14 2.5740368001976197e18 2.5740368001976197e18 0 0 0
25 14 8.49764030240502e17 8.49764030240502e17 0 0 0
26 14 2.0306320425227681e18 2.0306320425227681e18 0 0 0
27 14 1.9169669258001178e18 1.9169669258001178e18 0 0 0
28 14 1.255560256179263e18 1.255560256179263e18 0 0 0
29 14 2.305530624600407e18 2.305530624600407e18 0 0 0
20 15 4.866099478927994e17 4.866099478927994e17 0 0 0
21 15 6.737152577363237e17 6.737152577363237e17 0 0 0
22 15 6.788916236598441e17 6.788916236598441e17 0 0 0
23 15 5.127269763005881e17 5.127269763005881e17 0 0 0
24 15 5.220388780471986e17 5.220388780471986e17 0 0 0
25 15 2.3159307043470305e18 2.3159307043470305e18 0 0 0
26 15 1.4375953546804534e18 1.4375953546804534e18 0 0 0
27 15 2.1253543662695337e18 2.1253543662695337e18 0 0 0
28 15 2.2685744413526587e18 2.2685744413526587e18 0 0 0
29 15 2.7448486938110464e18 2.7448486938110464e18 0 0 0
20 16 3.275365349147601e17 3.275365349147601e17 0 0 0
21 16 3.649799795970305e17 3.649799795970305e17 0 0 0
22 16 2.9704599632980166e17 2.9704599632980166e17 0 0 0
23 16 5.795278607394538e17 5.795278607394538e17 0 0 0
24 16 4.890507538065913e17 4.890507538065913e17 0 0 0
25 16 1.2259499113861053e18 1.2259499113861053e18 0 0 0
26 16 1.7528088840823995e18 1.7528088840823995e18 0 0 0
27 16 2.387032317555472e18 2.387032317555472e18 0 0 0
28 16 1.8901726620457162e18 1.8901726620457162e18 0 0 0
29 16 2.572876979674061e18 2.572876979674061e18 0 0 0
20 17 1.7701305216196488e18 1.7701305216196488e18 0 0 0
21 17 9.461347976774028e17 9.461347976774028e17 0 0 0
22 17 5.7251156019877805e17 5.7251156019877805e17 0 0 0
23 17 1.6034868321438346e17 1.6034868321438346e17 0 0 0
24 17 8.359439455805827e17 8.359439455805827e17 0 0 0
25 17 4.274488185122587e17 4.274488185122587e17 0 0 0
26 17 5.542629319629585e18 5.542629319629585e18 0 0 0
27 17 1.4843279326082414e18 1.4843279326082414e18 0 0 0
28 17 5.428731308114866e18 5.428731308114866e18 0 0 0
29 17 2.940027657298754e18 2.940027657298754e18 0 0 0
20 18 4.2275103344196685e18 4.2275103344196685e18 0 0 0
21 18 5.554611116273889e18 5.554611116273889e18 0 0 0
22 18 4.427676496802369e18 4.427676496802369e18 0 0 0
23 18 2.8966750891680993e18 2.8966750891680993e18 0 0 0
24 18 9.896539716907178e17 9.896539716907178e17 0 0 0
25 18 2.3723385419661266e18 2.3723385419661266e18 0 0 0
26 18 2.5906965529959107e18 2.5906965529959107e18 0 0 0
27 18 2.900645118297898e18 2.900645118297898e18 0 0 0
28 18 2.3353525726639104e18 2.3353525726639104e18 0 0 0
29 18 4.838557664396968e18 4.838557664396968e18 0 0 0
20 19 9.248313105803282e18 9.248313105803282e18 0 0 0
21 19 6.97215721659699e18 6.97215721659699e18 0 0 0
22 19 5.467028816935565e18 5.467028816935565e18 0 0 0
23 19 3.3711740573870694e18 3.3711740573870694e18 0 0 0
24 19 8.777301047714902e18 8.777301047714902e18 0 0 0
25 19 6.736981258066376e17 6.736981258066376e17 0 0 0
26 19 4.165268986895356e18 4.165268986895356e18 0 0 0
27 19 1.001972795472464e19 1.001972795472464e19 0 0 0
28 19 2.2949096437418975e18 2.2949096437418975e18 0 0 0
29 19 1.0392048013961427e19 1.0392048013961427e19 0 0 0
30 10 8.22208937395411e16 8.22208937395411e16 0 0 0
31 10 7.085474862571447e16 7.085474862571447e16 0 0 0
32 10 7.192016095430851e16 7.192016095430851e16 0 0 0
33 10 6.6905779288051016e16 6.6905779288051016e16 0 0 0
34 10 9.862068454877378e16 9.862068454877378e16 0 0 0
35 10 2.004657353092395e15 2.004657353092395e15 0 0 0
36 10 5.904871720158748e15 5.904871720158748e15 0 0 0
37 10 6.155965918717821e15 6.155965918717821e15 0 0 0
38 10 5.355940275801449e15 5.355940275801449e15 0 0 0
39 10 5.445166774246385e15 5.445166774246385e15 0 0 0
30 11 1.0286192554885786e17 1.0286192554885786e17 0 0 0
31 11 8.005201233921915e16 8.005201233921915e16 0 0 0
32 11 7.393564616818877e16 7.393564616818877e16 0 0 0
33 11 9.171083323912947e16 9.171083323912947e16 0 0 0
34 11 8.693207612644869e16 8.693207612644869e16 0 0 0
35 11 8.303633260837107e15 8.303633260837107e15 0 0 0
36 11 8.29558196429809e15 8.29558196429809e15 0 0 0
37 11 5.135675340383232e15 5.135675340383232e15 0 0 0
38 11 4.91128505880174e15 4.91128505880174e15 0 0 0
39 11 4.4984475053393985e15 4.4984475053393985e15 0 0 0
30 12 5.233967751160096e17 5.233967751160096e17 0 0 0
31 12 1.3104802672422642e17 1.3104802672422642e17 0 0 0
32 12 8.219438872022421e16 8.219438872022421e16 0 0 0
33 12 9.532997394594424e16 9.532997394594424e16 0 0 0
34 12 1.08205227770988e17 1.08205227770988e17 0 0 0
35 12 9.512152311647634e16 9.512152311647634e16 0 0 0
36 12 8.47286844870586e15 8.47286844870586e15 0 0 0
37 12 9.134773576302956e15 9.134773576302956e15 0 0 0
38 12 4.672606564771539e15 4.672606564771539e15 0 0 0
39 12 4.949512509904052e15 4.949512509904052e15 0 0 0
30 13 7.551217915384488e17 7.551217915384488e17 0 0 0
31 13 5.832093924292044e17 5.832093924292044e17 0 0 0
32 13 1.859144219385024e17 1.859144219385024e17 0 0 0
33 13 1.0111263986334923e17 1.0111263986334923e17 0 0 0
34 13 1.0824375709372942e17 1.0824375709372942e17 0 0 0
35 13 1.1066625580325323e17 1.1066625580325323e17 0 0 0
36 13 8.97080358596682e15 8.97080358596682e15 0 0 0
37 13 7.019053034012315e15 7.019053034012315e15 0 0 0
38 13 9.241206457797874e15 9.241206457797874e15 0 0 0
39 13 8.036469924720668e15 8.036469924720668e15 0 0 0
30 14 3.4274338851532554e18 3.4274338851532554e18 0 0 0
31 14 7.57380900748404e17 7.57380900748404e17 0 0 0
32 14 5.280686532689267e17 5.280686532689267e17 0 0 0
33 14 1.1084505099224451e17 1.1084505099224451e17 0 0 0
34 14 9.469164882488336e16 9.469164882488336e16 0 0 0
35 14 1.0150236658320982e17 1.0150236658320982e17 0 0 0
36 14 2.396598349627979e16 2.396598349627979e16 0 0 0
37 14 6.447187306751049e15 6.447187306751049e15 0 0 0
38 14 2.0554599954722964e16 2.0554599954722964e16 0 0 0
39 14 1.3740233394474484e16 1.3740233394474484e16 0 0 0
30 15 2.4013571679240545e18 2.4013571679240545e18 0 0 0
31 15 1.470075405406249e18 1.470075405406249e18 0 0 0
32 15 6.742141536647864e17 6.742141536647864e17 0 0 0
33 15 3.7056736404098086e17 3.7056736404098086e17 0 0 0
34 15 8.136463912695168e16 8.136463912695168e16 0 0 0
35 15 1.3062798947378696e17 1.3062798947378696e17 0 0 0
36 15 8.194700253213125e16 8.194700253213125e16 0 0 0
37 15 5.256802114088669e15 5.256802114088669e15 0 0 0
38 15 2.6282901996223756e16 2.6282901996223756e16 0 0 0
39 15 1.5313964615501768e16 1.5313964615501768e16 0 0 0
30 16 4.178247381237604e18 4.178247381237604e18 0 0 0
31 16 4.0754245738511145e18 4.0754245738511145e18 0 0 0
32 16 9.29811401696017e17 9.29811401696017e17 0 0 0
33 16 6.516824900450216e17 6.516824900450216e17 0 0 0
34 16 2.423326975040588e17 2.423326975040588e17 0 0 0
35 16 1.4201842683121563e17 1.4201842683121563e17 0 0 0
36 16 2.223906212617101e17 2.223906212617101e17 0 0 0
37 16 2.9731513589131732e16 2.9731513589131732e16 0 0 0
38 16 3.3486222969323085e15 3.3486222969323085e15 0 0 0
39 16 1.7014565939604906e16 1.7014565939604906e16 0 0 0
30 17 3.506086515291334e18 3.506086515291334e18 0 0 0
31 17 5.212469739081173e18 5.212469739081173e18 0 0 0
32 17 1.863170226688291e18 1.863170226688291e18 0 0 0
33 17 5.2709783888042157e17 5.2709783888042157e17 0 0 0
34 17 1.5974996071054253e17 1.5974996071054253e17 0 0 0
35 17 1.775043224108418e17 1.775043224108418e17 0 0 0
36 17 2.1729835743851152e17 2.1729835743851152e17 0 0 0
37 17 8.729571658277067e15 8.729571658277067e15 0 0 0
38 17 2.1282768706631772e16 2.1282768706631772e16 0 0 0
39 17 1.819153057337452e16 1.819153057337452e16 0 0 0
30 18 4.0128802039252675e18 4.0128802039252675e18 0 0 0
31 18 4.240899460215993e18 4.240899460215993e18 0 0 0
32 18 3.7509226216060355e18 3.7509226216060355e18 0 0 0
33 18 3.4283197695795315e17 3.4283197695795315e17 0 0 0
34 18 2.6681105083262502e17 2.6681105083262502e17 0 0 0
35 18 1.638001491169913e17 1.638001491169913e17 0 0 0
36 18 1.3752231046608448e17 1.3752231046608448e17 0 0 0
37 18 3.375042670566279e16 3.375042670566279e16 0 0 0
38 18 3.124625658874727e15 3.124625658874727e15 0 0 0
39 18 7.339164199545709e15 7.339164199545709e15 0 0 0
30 19 6.151526188189661e18 6.151526188189661e18 0 0 0
31 19 3.2419277851458145e18 3.2419277851458145e18 0 0 0
32 19 3.746674228962334e18 3.746674228962334e18 0 0 0
33 19 7.250708098133151e17 7.250708098133151e17 0 0 0
34 19 2.5267744334613085e17 2.5267744334613085e17 0 0 0
35 19 2.2476369076699296e17 2.2476369076699296e17 0 0 0
36 19 1.422697828943325e17 1.422697828943325e17 0 0 0
37 19 2.5729999601519908e16 2.5729999601519908e16 0 0 0
38 19 3.880384641865693e16 3.880384641865693e16 0 0 0
39 19 2.868524906883897e16 2.868524906883897e16 0 0 0
40 10 9.076587622578962e15 9.076587622578962e15 0 0 0
41 10 1.1133194492018898e16 1.1133194492018898e16 0 0 0
42 10 1.4043920084117338e16 1.4043920084117338e16 0 0 0
43 10 1.4607520445034138e16 1.4607520445034138e16 0 0 0
44 10 1.0526375440678166e16 1.0526375440678166e16 0 0 0
45 10 5.771815657234026e15 5.771815657234026e15 0 0 0
46 10 3.342733373963027e15 3.342733373963027e15 0 0 0
47 10 3.460573060810322e15 3.460573060810322e15 0 0 0
48 10 7.725208400598364e13 7.725208400598364e13 0 0 0
49 10 5.224215888687969e13 5.224215888687969e13 0 0 0
40 11 5.646438638070153e15 5.646438638070153e15 0 0 0
41 11 1.0154474329170402e16 1.0154474329170402e16 0 0 0
42 11 1.2555049557302498e16 1.2555049557302498e16 0 0 0
43 11 1.307301689548353e16 1.307301689548353e16 0 0 0
44 11 1.5277593976736256e16 1.5277593976736256e16 0 0 0
45 11 7.711495846935128e15 7.711495846935128e15 0 0 0
46 11 5.001385968680164e15 5.001385968680164e15 0 0 0
47 11 2.710861943322812e15 2.710861943322812e15 0 0 0
48 11 3.466935976640074e15 3.466935976640074e15 0 0 0
49 11 9.056923464490956e13 9.056923464490956e13 0 0 0
40 12 3.1555009486672e15 3.1555009486672e15 0 0 0
41 12 7.024252165662429e15 7.024252165662429e15 0 0 0
42 12 1.092795677961237e16 1.092795677961237e16 0 0 0
43 12 8.285913941405306e15 8.285913941405306e15 0 0 0
44 12 1.1786010936041008e16 1.1786010936041008e16 0 0 0
45 12 1.0680685798592048e16 1.0680685798592048e16 0 0 0
46 12 5.474687142142992e15 5.474687142142992e15 0 0 0
47 12 4.027197765307333e15 4.027197765307333e15 0 0 0
48 12 3.2466568716139055e15 3.2466568716139055e15 0 0 0
49 12 2.603847182241488e15 2.603847182241488e15 0 0 0
40 13 4.759563066859361e15 4.759563066859361e15 0 0 0
41 13 5.829239159404103e15 5.829239159404103e15 0 0 0
42 13 1.1919598432528128e16 1.1919598432528128e16 0 0 0
43 13 1.165851031240472e16 1.165851031240472e16 0 0 0
44 13 1.0241926035361422e16 1.0241926035361422e16 0 0 0
45 13 8.367098385768145e15 8.367098385768145e15 0 0 0
46 13 8.033255830301356e15 8.033255830301356e15 0 0 0
47 13 5.396609547028885e15 5.396609547028885e15 0 0 0
48 13 3.876889677773577e15 3.876889677773577e15 0 0 0
49 13 2.452070237614042e15 2.452070237614042e15 0 0 0
40 14 8.419204166060363e15 8.419204166060363e15 0 0 0
41 14 5.880335615946382e15 5.880335615946382e15 0 0 0
42 14 1.2077802474540016e16 1.2077802474540016e16 0 0 0
43 14 9.531485634492978e15 9.531485634492978e15 0 0 0
44 14 7.69519516817145e15 7.69519516817145e15 0 0 0
45 14 7.54451587729054e15 7.54451587729054e15 0 0 0
46 14 8.121022331246607e15 8.121022331246607e15 0 0 0
47 14 5.455425485213609e15 5.455425485213609e15 0 0 0
48 14 4.3841182007704395e15 4.3841182007704395e15 0 0 0
49 14 2.5323042896640435e15 2.5323042896640435e15 0 0 0
40 15 8.862493987952555e15 8.862493987952555e15 0 0 0
41 15 8.030694183879547e15 8.030694183879547e15 0 0 0
42 15 1.193073286909336e16 1.193073286909336e16 0 0 0
43 15 1.8364249404840024e16 1.8364249404840024e16 0 0 0
44 15 4.046035778634992e15 4.046035778634992e15 0 0 0
45 15 7.251428278590302e15 7.251428278590302e15 0 0 0
46 15 8.52056481214495e15 8.52056481214495e15 0 0 0
47 15 5.675932031229745e15 5.675932031229745e15 0 0 0
48 15 4.227259294868483e15 4.227259294868483e15 0 0 0
49 15 2.72410176710005e15 2.72410176710005e15 0 0 0
40 16 1.1721682260196878e16 1.1721682260196878e16 0 0 0
41 16 1.1596042797101144e16 1.1596042797101144e16 0 0 0
42 16 1.2650788957452454e16 1.2650788957452454e16 0 0 0
43 16 2.0655019495417096e16 2.0655019495417096e16 0 0 0
44 16 1.0715447004271602e16 1.0715447004271602e16 0 0 0
45 16 5.651796256804964e15 5.651796256804964e15 0 0 0
46 16 9.47296653702657e15 9.47296653702657e15 0 0 0
47 16 6.357471737686931e15 6.357471737686931e15 0 0 0
48 16 4.261873418906509e15 4.261873418906509e15 0 0 0
49 16 2.8650855226425075e15 2.8650855226425075e15 0 0 0
40 17 1.9689772804300508e16 1.9689772804300508e16 0 0 0
41 17 1.7082906893528272e16 1.7082906893528272e16 0 0 0
42 17 1.2460981678595882e16 1.2460981678595882e16 0 0 0
43 17 2.6898621001663136e16 2.6898621001663136e16 0 0 0
44 17 7.363294435454958e15 7.363294435454958e15 0 0 0
45 17 9.998294195115806e15 9.998294195115806e15 0 0 0
46 17 2.711198531392026e15 2.711198531392026e15 0 0 0
47 17 6.309281461554165e15 6.309281461554165e15 0 0 0
48 17 4.094409831932544e15 4.094409831932544e15 0 0 0
49 17 2.752488379192918e15 2.752488379192918e15 0 0 0
40 18 2.0770961625999036e16 2.0770961625999036e16 0 0 0
41 18 2.0290078844247548e16 2.0290078844247548e16 0 0 0
42 18 1.2417765126385278e16 1.2417765126385278e16 0 0 0
43 18 2.6816797687828868e16 2.6816797687828868e16 0 0 0
44 18 1.1209185881219342e16 1.1209185881219342e16 0 0 0
45 18 8.590054370270593e15 8.590054370270593e15 0 0 0
46 18 8.402904382198364e15 8.402904382198364e15 0 0 0
47 18 5.637634867955587e15 5.637634867955587e15 0 0 0
48 18 3.6037192854737935e15 3.6037192854737935e15 0 0 0
49 18 3.159121322187595e15 3.159121322187595e15 0 0 0
40 19 1.8192502554779004e16 1.8192502554779004e16 0 0 0
41 19 1.9827244547563756e16 1.9827244547563756e16 0 0 0
42 19 1.0027287910308608e16 1.0027287910308608e16 0 0 0
43 19 2.935377657395367e16 2.935377657395367e16 0 0 0
44 19 7.186358754083036e15 7.186358754083036e15 0 0 0
45 19 1.6071253829631295e15 1.6071253829631295e15 0 0 0
46 19 3.981111571280665e15 3.981111571280665e15 0 0 0
47 19 4.157064070780717e15 4.157064070780717e15 0 0 0
48 19 2.485845161556895e15 2.485845161556895e15 0 0 0
49 19 3.2066782175924315e15 3.2066782175924315e15 0 0 0
0 20 1.2556937611697372e14 1.2556937611697372e14 0 0 0
1 20 3.808783659393683e15 3.808783659393683e15 0 0 0
2 20 1.0265180750682129e15 1.0265180750682129e15 0 0 0
3 20 6.504317347045892e14 6.504317347045892e14 0 0 0
4 20 5.423776002820475e15 5.423776002820475e15 0 0 0
5 20 7.763696330650438e16 7.763696330650438e16 0 0 0
6 20 1.688263845075973e17 1.688263845075973e17 0 0 0
7 20 1.1084142785348765e17 1.1084142785348765e17 0 0 0
8 20 1.4340890015289747e17 1.4340890015289747e17 0 0 0
9 20 1.1263617449474634e17 1.1263617449474634e17 0 0 0
0 21 1.0822076048487371e15 1.0822076048487371e15 0 0 0
1 21 8.668658947155679e14 8.668658947155679e14 0 0 0
2 21 1.5720432268676492e16 1.5720432268676492e16 0 0 0
3 21 1.1087209845455856e16 1.1087209845455856e16 0 0 0
4 21 9.358447968293608e16 9.358447968293608e16 0 0 0
5 21 1.8806531757719824e17 1.8806531757719824e17 0 0 0
6 21 1.7472967904476595e17 1.7472967904476595e17 0 0 0
7 21 1.572190116463492e17 1.572190116463492e17 0 0 0
8 21 1.180879253177205e17 1.180879253177205e17 0 0 0
9 21 8.663351594658482e16 8.663351594658482e16 0 0 0
0 22 5.3911376489695055e13 5.3911376489695055e13 0 0 0
1 22 2.200804099597312e14 2.200804099597312e14 0 0 0
2 22 2.9699453503956884e16 2.9699453503956884e16 0 0 0
3 22 6.256289876323269e16 6.256289876323269e16 0 0 0
4 22 2.00378821296429e17 2.00378821296429e17 0 0 0
5 22 1.7565306388453187e17 1.7565306388453187e17 0 0 0
6 22 1.0792632358968938e17 1.0792632358968938e17 0 0 0
7 22 8.054367109247307e16 8.054367109247307e16 0 0 0
8 22 9.626838503060442e16 9.626838503060442e16 0 0 0
9 22 1.5732604845537414e17 1.5732604845537414e17 0 0 0
0 23 4.560485175833376e14 4.560485175833376e14 0 0 0
1 23 1.868588890297825e16 1.868588890297825e16 0 0 0
2 23 5.269630839709712e16 5.269630839709712e16 0 0 0
3 23 1.8163879056287546e17 1.8163879056287546e17 0 0 0
4 23 1.4793872629325357e17 1.4793872629325357e17 0 0 0
5 23 9.159986184919482e16 9.159986184919482e16 0 0 0
6 23 4.4004099278212216e16 4.4004099278212216e16 0 0 0
7 23 3.4427238189729708e16 3.4427238189729708e16 0 0 0
8 23 8.296705821487243e16 8.296705821487243e16 0 0 0
9 23 3.2055500662309094e17 3.2055500662309094e17 0 0 0
0 24 4.522489129246958e13 4.522489129246958e13 0 0 0
1 24 4.00677502358792e16 4.00677502358792e16 0 0 0
2 24 1.2211284852071685e17 1.2211284852071685e17 0 0 0
3 24 1.1656386352166608e17 1.1656386352166608e17 0 0 0
4 24 1.0532748963594219e17 1.0532748963594219e17 0 0 0
5 24 5.366355349017323e16 5.366355349017323e16 0 0 0
6 24 7.335652144976218e16 7.335652144976218e16 0 0 0
7 24 4.8687546437041336e16 4.8687546437041336e16 0 0 0
8 24 2.85778733782061e17 2.85778733782061e17 0 0 0
9 24 4.255294046200559e17 4.255294046200559e17 0 0 0
0 25 5.672814503782084e16 5.672814503782084e16 0 0 0
1 25 7.29175586167098e16 7.29175586167098e16 0 0 0
2 25 6.810638063634928e16 6.810638063634928e16 0 0 0
3 25 4.2206496439986536e16 4.2206496439986536e16 0 0 0
4 25 7.731007854498389e16 7.731007854498389e16 0 0 0
5 25 5.0003283689133864e16 5.0003283689133864e16 0 0 0
6 25 8.081893352258742e16 8.081893352258742e16 0 0 0
7 25 1.4513039915130643e17 1.4513039915130643e17 0 0 0
8 25 2.496054433011427e17 2.496054433011427e17 0 0 0
9 25 2.4092963283894765e17 2.4092963283894765e17 0 0 0
0 26 6.5066409324278376e16 6.5066409324278376e16 0 0 0
1 26 1.7893833830823106e16 1.7893833830823106e16 0 0 0
2 26 2.3996418480322264e16 2.3996418480322264e16 0 0 0
3 26 1.4396518600923618e16 1.4396518600923618e16 0 0 0
4 26 1.7376275568285485e17 1.7376275568285485e17 0 0 0
5 26 3.0069526002836077e17 3.0069526002836077e17 0 0 0
6 26 1.4538246382045504e17 1.4538246382045504e17 0 0 0
7 26 2.05267606292312e17 2.05267606292312e17 0 0 0
8 26 1.9790785573417846e17 1.9790785573417846e17 0 0 0
9 26 1.7969456165403312e17 1.7969456165403312e17 0 0 0
0 27 1.1036156149228744e16 1.1036156149228744e16 0 0 0
1 27 2.7932074701265525e15 2.7932074701265525e15 0 0 0
2 27 1.9013858310531548e16 1.9013858310531548e16 0 0 0
3 27 4.556256480812388e16 4.556256480812388e16 0 0 0
4 27 2.1655712139309738e17 2.1655712139309738e17 0 0 0
5 27 3.051667218416899e17 3.051667218416899e17 0 0 0
6 27 1.0623545223405245e17 1.0623545223405245e17 0 0 0
7 27 3.5922661719516525e17 3.5922661719516525e17 0 0 0
8 27 2.8965155370382803e17 2.8965155370382803e17 0 0 0
9 27 2.2906172221435283e17 2.2906172221435283e17 0 0 0
0 28 5.881216112473481e15 5.881216112473481e15 0 0 0
1 28 1.238072560836709e16 1.238072560836709e16 0 0 0
2 28 2.4362403909774444e16 2.4362403909774444e16 0 0 0
3 28 4.937840928262505e16 4.937840928262505e16 0 0 0
4 28 2.9417239943749485e17 2.9417239943749485e17 0 0 0
5 28 4.8140189854953306e17 4.8140189854953306e17 0 0 0
6 28 1.523663546478397e17 1.523663546478397e17 0 0 0
7 28 4.017555572478237e17 4.017555572478237e17 0 0 0
8 28 4.331100747636757e17 4.331100747636757e17 0 0 0
9 28 1.1901671170507027e17 1.1901671170507027e17 0 0 0
0 29 3.1370592364776452e16 3.1370592364776452e16 0 0 0
1 29 3.86229160806624e14 3.86229160806624e14 0 0 0
2 29 1.2533098372811955e15 1.2533098372811955e15 0 0 0
3 29 1.1860471391404544e16 1.1860471391404544e16 0 0 0
4 29 2.5058377233688e17 2.5058377233688e17 0 0 0
5 29 4.437640311015755e17 4.437640311015755e17 0 0 0
6 29 1.9942047847542016e17 1.9942047847542016e17 0 0 0
7 29 3.666744850429013e17 3.666744850429013e17 0 0 0
8 29 6.31082175594586e17 6.31082175594586e17 0 0 0
9 29 2.909066238686129e17 2.909066238686129e17 0 0 0
10 20 9.607650715480699e16 9.607650715480699e16 0 0 0
11 20 1.917662872663982e17 1.917662872663982e17 0 0 0
12 20 3.904683756631304e17 3.904683756631304e17 0 0 0
13 20 9.644954022448731e17 9.644954022448731e17 0 0 0
14 20 7.306880737953814e17 7.306880737953814e17 0 0 0
15 20 6.068408329666314e17 6.068408329666314e17 0 0 0
16 20 4.8604344792229965e17 4.8604344792229965e17 0 0 0
17 20 3.1155102257105485e18 3.1155102257105485e18 0 0 0
18 20 7.150274182891752e18 7.150274182891752e18 0 0 0
19 20 1.1297649828687792e19 1.1297649828687792e19 0 0 0
10 21 3.21928760078984e17 3.21928760078984e17 0 0 0
11 21 2.7986727737832333e17 2.7986727737832333e17 0 0 0
12 21 3.020400453420471e17 3.020400453420471e17 0 0 0
13 21 9.06546219031603e17 9.06546219031603e17 0 0 0
14 21 3.273217820177557e17 3.273217820177557e17 0 0 0
15 21 2.967504498879166e17 2.967504498879166e17 0 0 0
16 21 1.3036054541048648e18 1.3036054541048648e18 0 0 0
17 21 4.1620655864792197e18 4.1620655864792197e18 0 0 0
18 21 1.2457038141146493e19 1.2457038141146493e19 0 0 0
19 21 1.6421147815220339e19 1.6421147815220339e19 0 0 0
10 22 5.141768035049197e17 5.141768035049197e17 0 0 0
11 22 3.822328105335209e17 3.822328105335209e17 0 0 0
12 22 5.146539869807413e17 5.146539869807413e17 0 0 0
13 22 4.644340972667576e17 4.644340972667576e17 0 0 0
14 22 2.4445393788606054e17 2.4445393788606054e17 0 0 0
15 22 7.758851805382994e17 7.758851805382994e17 0 0 0
16 22 2.2973346960365356e18 2.2973346960365356e18 0 0 0
17 22 7.376400832980308e18 7.376400832980308e18 0 0 0
18 22 1.2960606671126516e19 1.2960606671126516e19 0 0 0
19 22 1.7476430638947697e19 1.7476430638947697e19 0 0 0
10 23 2.7901043546262163e17 2.7901043546262163e17 0 0 0
11 23 4.107299096160502e17 4.107299096160502e17 0 0 0
12 23 4.5616028509723974e17 4.5616028509723974e17 0 0 0
13 23 4.3111062311491885e17 4.3111062311491885e17 0 0 0
14 23 5.122853605852881e17 5.122853605852881e17 0 0 0
15 23 1.0240059583465225e18 1.0240059583465225e18 0 0 0
16 23 3.71770349342076e18 3.71770349342076e18 0 0 0
17 23 8.831643932627301e18 8.831643932627301e18 0 0 0
18 23 1.7305787109266194e19 1.7305787109266194e19 0 0 0
19 23 1.6571194929579325e19 1.6571194929579325e19 0 0 0
10 24 4.006880248647072e17 4.006880248647072e17 0 0 0
11 24 4.818663136069968e17 4.818663136069968e17 0 0 0
12 24 6.380188270830058e17 6.380188270830058e17 0 0 0
13 24 7.324854293065364e17 7.324854293065364e17 0 0 0
14 24 7.343883722713009e17 7.343883722713009e17 0 0 0
15 24 2.2712483222010634e18 2.2712483222010634e18 0 0 0
16 24 4.2378885890924083e18 4.2378885890924083e18 0 0 0
17 24 8.597757002599525e18 8.597757002599525e18 0 0 0
18 24 1.4812448692080734e19 1.4812448692080734e19 0 0 0
19 24 1.3597260846963055e19 1.3597260846963055e19 0 0 0
10 25 1.8868814177178374e17 1.8868814177178374e17 0 0 0
11 25 4.737936322147822e17 4.737936322147822e17 0 0 0
12 25 5.0824184620423206e17 5.0824184620423206e17 0 0 0
13 25 7.827412980076956e17 7.827412980076956e17 0 0 0
14 25 1.184105161087937e18 1.184105161087937e18 0 0 0
15 25 2.389414842965082e18 2.389414842965082e18 0 0 0
16 25 2.60733104068051e18 2.60733104068051e18 0 0 0
17 25 9.739446035012196e18 9.739446035012196e18 0 0 0
18 25 1.203222834874365e19 1.203222834874365e19 0 0 0
19 25 1.4012697662687398e19 1.4012697662687398e19 0 0 0
10 26 2.2344617399564688e17 2.2344617399564688e17 0 0 0
11 26 5.160283329598821e17 5.160283329598821e17 0 0 0
12 26 5.841759612770344e17 5.841759612770344e17 0 0 0
13 26 5.152546063313652e17 5.152546063313652e17 0 0 0
14 26 8.885086874610902e17 8.885086874610902e17 0 0 0
15 26 8.615087544556151e17 8.615087544556151e17 0 0 0
16 26 2.92904970387671e18 2.92904970387671e18 0 0 0
17 26 1.0315646225205744e19 1.0315646225205744e19 0 0 0
18 26 1.6112345455154383e19 1.6112345455154383e19 0 0 0
19 26 6.099910478215065e18 6.099910478215065e18 0 0 0
10 27 1.1022939018943854e17 1.1022939018943854e17 0 0 0
11 27 4.142064372303052e17 4.142064372303052e17 0 0 0
12 27 5.129533117334983e17 5.129533117334983e17 0 0 0
13 27 5.1834452787641965e17 5.1834452787641965e17 0 0 0
14 27 6.135767053948195e17 6.135767053948195e17 0 0 0
15 27 6.82717542148099e17 6.82717542148099e17 0 0 0
16 27 3.7099916155996713e18 3.7099916155996713e18 0 0 0
17 27 1.0687520990051086e19 1.0687520990051086e19 0 0 0
18 27 1.0917953487208573e19 1.0917953487208573e19 0 0 0
19 27 5.092166251349417e18 5.092166251349417e18 0 0 0
10 28 3.440005574594942e17 3.440005574594942e17 0 0 0
11 28 2.8558824885141085e17 2.8558824885141085e17 0 0 0
12 28 4.512927357181305e17 4.512927357181305e17 0 0 0
13 28 7.044455901447304e17 7.044455901447304e17 0 0 0
14 28 5.2675504778130323e17 5.2675504778130323e17 0 0 0
15 28 6.578867750547328e17 6.578867750547328e17 0 0 0
16 28 4.064825092703462e18 4.064825092703462e18 0 0 0
17 28 6.749096787338368e18 6.749096787338368e18 0 0 0
18 28 7.754423112612766e18 7.754423112612766e18 0 0 0
19 28 6.474472199440206e18 6.474472199440206e18 0 0 0
10 29 2.3919797515178214e17 2.3919797515178214e17 0 0 0
11 29 5.82218685674766e17 5.82218685674766e17 0 0 0
12 29 3.337937411800727e17 3.337937411800727e17 0 0 0
13 29 6.282895756197142e17 6.282895756197142e17 0 0 0
14 29 6.285495446140983e17 6.285495446140983e17 0 0 0
15 29 8.035936697877699e17 8.035936697877699e17 0 0 0
16 29 3.0871893138039593e18 3.0871893138039593e18 0 0 0
17 29 4.327477213009874e18 4.327477213009874e18 0 0 0
18 29 8.000585590444266e18 8.000585590444266e18 0 0 0
19 29 7.505227040437604e18 7.505227040437604e18 0 0 0
20 20 1.5218539185130815e19 1.5218539185130815e19 0 0 0
21 20 2.265477496603664e19 2.265477496603664e19 0 0 0
22 20 1.9699411176574927e19 1.9699411176574927e19 0 0 0
23 20 2.076502449935565e19 2.076502449935565e19 0 0 0
24 20 2.8932063801228673e19 2.8932063801228673e19 0 0 0
25 20 2.141235627236618e19 2.141235627236618e19 0 0 0
26 20 7.888692082070902e18 7.888692082070902e18 0 0 0
27 20 1.0504899314392334e18 1.0504899314392334e18 0 0 0
28 20 3.280452699965265e18 3.280452699965265e18 0 0 0
29 20 5.33917455914337e18 5.33917455914337e18 0 0 0
20 21 1.5894416319287669e19 1.5894416319287669e19 0 0 0
21 21 1.498659466160472e19 1.498659466160472e19 0 0 0
22 21 6.661189214386248e18 6.661189214386248e18 0 0 0
23 21 8.452005656544381e18 8.452005656544381e18 0 0 0
24 21 3.85197212531835e18 3.85197212531835e18 0 0 0
25 21 1.0577112395368378e19 1.0577112395368378e19 0 0 0
26 21 1.5966294785485828e19 1.5966294785485828e19 0 0 0
27 21 6.571582267760128e18 6.571582267760128e18 0 0 0
28 21 1.7397889714867036e19 1.7397889714867036e19 0 0 0
29 21 5.651629819623205e18 5.651629819623205e18 0 0 0
20 22 1.6888093301195389e19 1.6888093301195389e19 0 0 0
21 22 8.989886586912563e18 8.989886586912563e18 0 0 0
22 22 5.130274377619833e18 5.130274377619833e18 0 0 0
23 22 2.399514187743045e17 2.399514187743045e17 0 0 0
24 22 2.025411744293112e17 2.025411744293112e17 0 0 0
25 22 2.3567550748574714e17 2.3567550748574714e17 0 0 0
26 22 5.704632875377202e18 5.704632875377202e18 0 0 0
27 22 7.336243783562421e18 7.336243783562421e18 0 0 0
28 22 4.164395422178367e18 4.164395422178367e18 0 0 0
29 22 1.3156139792235555e19 1.3156139792235555e19 0 0 0
20 23 1.0528951782948968e19 1.0528951782948968e19 0 0 0
21 23 4.384920027207618e18 4.384920027207618e18 0 0 0
22 23 1.6099956739913712e17 1.6099956739913712e17 0 0 0
23 23 0.0 0.0 0 0 0
24 23 0.0 0.0 0 0 0
25 23 0.0 0.0 0 0 0
26 23 6.0678376190926456e16 6.0678376190926456e16 0 0 0
27 23 2.405470251423949e18 2.405470251423949e18 0 0 0
28 23 3.0365295678036716e18 3.0365295678036716e18 0 0 0
29 23 1.190759005356167e19 1.190759005356167e19 0 0 0
20 24 3.6887174257476475e18 3.6887174257476475e18 0 0 0
21 24 1.6085002773885888e18 1.6085002773885888e18 0 0 0
22 24 1.629531415028334e16 1.629531415028334e16 0 0 0
23 24 0.0 0.0 0 0 0
24 24 0.0 0.0 0 0 0
25 24 0.0 0.0 0 0 0
26 24 0.0 0.0 0 0 0
27 24 3.060816550076726e18 3.060816550076726e18 0 0 0
28 24 1.408837666735397e18 1.408837666735397e18 0 0 0
29 24 6.81112818494261e18 6.81112818494261e18 0 0 0
20 25 4.093995903308762e18 4.093995903308762e18 0 0 0
21 25 9.888263004163849e17 9.888263004163849e17 0 0 0
22 25 5.853818681169027e10 5.853818681169027e10 0 0 0
23 25 0.0 0.0 0 0 0
24 25 0.0 0.0 0 0 0
25 25 0.0 0.0 0 0 0
26 25 0.0 0.0 0 0 0
27 25 9.405482186798697e17 9.405482186798697e17 0 0 0
28 25 1.138593765641017e17 1.138593765641017e17 0 0 0
29 25 9.343514349091135e18 9.343514349091135e18 0 0 0
20 26 5.802967631850115e18 5.802967631850115e18 0 0 0
21 26 1.7898955542748948e18 1.7898955542748948e18 0 0 0
22 26 1.689234865464579e17 1.689234865464579e17 0 0 0
23 26 0.0 0.0 0 0 0
24 26 0.0 0.0 0 0 0
25 26 0.0 0.0 0 0 0
26 26 1.9290983504943289e12 1.9290983504943289e12 0 0 0
27 26 8.149476537308607e17 8.149476537308607e17 0 0 0
28 26 9.939778743177773e18 9.939778743177773e18 0 0 0
29 26 2.726327629539072e18 2.726327629539072e18 0 0 0
20 27 7.747429597481412e18 7.747429597481412e18 0 0 0
21 27 2.581481595465241e18 2.581481595465241e18 0 0 0
22 27 1.678663868390495e18 1.678663868390495e18 0 0 0
23 27 4.989599646742793e16 4.989599646742793e16 0 0 0
24 27 3.805829999536997e16 3.805829999536997e16 0 0 0
25 27 5.995377546861455e16 5.995377546861455e16 0 0 0
26 27 6.604539541587402e17 6.604539541587402e17 0 0 0
27 27 1.0612675639359545e19 1.0612675639359545e19 0 0 0
28 27 4.69369241861845e18 4.69369241861845e18 0 0 0
29 27 9.394239789392079e18 9.394239789392079e18 0 0 0
20 28 4.846440862188965e18 4.846440862188965e18 0 0 0
21 28 4.959719378803119e18 4.959719378803119e18 0 0 0
22 28 2.2267655322216343e18 2.2267655322216343e18 0 0 0
23 28 2.2141855751556193e18 2.2141855751556193e18 0 0 0
24 28 1.1817272687675779e18 1.1817272687675779e18 0 0 0
25 28 2.2472193457580777e18 2.2472193457580777e18 0 0 0
26 28 1.961139026295735e18 1.961139026295735e18 0 0 0
27 28 5.043019732355484e18 5.043019732355484e18 0 0 0
28 28 3.663287169526525e18 3.663287169526525e18 0 0 0
29 28 1.3461297603689e19 1.3461297603689e19 0 0 0
20 29 4.753890628205842e18 4.753890628205842e18 0 0 0
21 29 6.853073050266003e18 6.853073050266003e18 0 0 0
22 29 1.6871357051467215e18 1.6871357051467215e18 0 0 0
23 29 2.1580891318218998e18 2.1580891318218998e18 0 0 0
24 29 2.1612127049523653e18 2.1612127049523653e18 0 0 0
25 29 3.880126021711916e18 3.880126021711916e18 0 0 0
26 29 2.708620919838698e18 2.708620919838698e18 0 0 0
27 29 1.9474522324578916e18 1.9474522324578916e18 0 0 0
28 29 1.386396036647369e19 1.386396036647369e19 0 0 0
29 29 1.8414258639569974e18 1.8414258639569974e18 0 0 0
30 20 6.318219519299908e18 6.318219519299908e18 0 0 0
31 20 3.2826586727300035e18 3.2826586727300035e18 0 0 0
32 20 4.412499922967338e18 4.412499922967338e18 0 0 0
33 20 1.0606684286559113e18 1.0606684286559113e18 0 0 0
34 20 1.984211416533003e17 1.984211416533003e17 0 0 0
35 20 2.7851948936263997e17 2.7851948936263997e17 0 0 0
36 20 2.4964217452911414e17 2.4964217452911414e17 0 0 0
37 20 1.5732199779199862e17 1.5732199779199862e17 0 0 0
38 20 6.062663640149105e15 6.062663640149105e15 0 0 0
39 20 2.404710528937446e16 2.404710528937446e16 0 0 0
30 21 5.201817851095511e18 5.201817851095511e18 0 0 0
31 21 2.953480160707204e18 2.953480160707204e18 0 0 0
32 21 7.295206129854823e18 7.295206129854823e18 0 0 0
33 21 1.310539092900025e18 1.310539092900025e18 0 0 0
34 21 2.1265223475590125e17 2.1265223475590125e17 0 0 0
35 21 3.816858417920721e17 3.816858417920721e17 0 0 0
36 21 2.7250947146828938e17 2.7250947146828938e17 0 0 0
37 21 2.172503003573124e17 2.172503003573124e17 0 0 0
38 21 4.674539405608264e16 4.674539405608264e16 0 0 0
39 21 5.8355199169834664e16 5.8355199169834664e16 0 0 0
30 22 5.170418059112175e18 5.170418059112175e18 0 0 0
31 22 2.741578704907072e18 2.741578704907072e18 0 0 0
32 22 4.475680426878521e18 4.475680426878521e18 0 0 0
33 22 1.613797428385879e18 1.613797428385879e18 0 0 0
34 22 4.3081265888355494e17 4.3081265888355494e17 0 0 0
35 22 3.65230124198809e17 3.65230124198809e17 0 0 0
36 22 2.349134005194417e17 2.349134005194417e17 0 0 0
37 22 4.009770351182064e17 4.009770351182064e17 0 0 0
38 22 1.4748519923932243e17 1.4748519923932243e17 0 0 0
39 22 5.508723034526843e16 5.508723034526843e16 0 0 0
30 23 8.597167419614328e18 8.597167419614328e18 0 0 0
31 23 4.999349006576045e18 4.999349006576045e18 0 0 0
32 23 1.67218797004646e18 1.67218797004646e18 0 0 0
33 23 1.9782401521774687e18 1.9782401521774687e18 0 0 0
34 23 4.344951376860679e17 4.344951376860679e17 0 0 0
35 23 2.6748692241583395e17 2.6748692241583395e17 0 0 0
36 23 3.7682794498812896e17 3.7682794498812896e17 0 0 0
37 23 5.247145014097854e17 5.247145014097854e17 0 0 0
38 23 1.7703558695811613e17 1.7703558695811613e17 0 0 0
39 23 3.1844457980251475e15 3.1844457980251475e15 0 0 0
30 24 1.0323275016801882e19 1.0323275016801882e19 0 0 0
31 24 3.944850192956182e18 3.944850192956182e18 0 0 0
32 24 1.8650308917643418e18 1.8650308917643418e18 0 0 0
33 24 2.2311912498325865e18 2.2311912498325865e18 0 0 0
34 24 4.5086256002092326e17 4.5086256002092326e17 0 0 0
35 24 2.8404865120899568e17 2.8404865120899568e17 0 0 0
36 24 3.918947678526495e17 3.918947678526495e17 0 0 0
37 24 5.330872835877914e17 5.330872835877914e17 0 0 0
38 24 9.871813994206092e15 9.871813994206092e15 0 0 0
39 24 4.91860134221246e15 4.91860134221246e15 0 0 0
30 25 1.5403116007078642e19 1.5403116007078642e19 0 0 0
31 25 2.93046066869688e18 2.93046066869688e18 0 0 0
32 25 3.7682667229256274e18 3.7682667229256274e18 0 0 0
33 25 1.4498960638207155e18 1.4498960638207155e18 0 0 0
34 25 4.8916905113021677e17 4.8916905113021677e17 0 0 0
35 25 6.492862815654779e17 6.492862815654779e17 0 0 0
36 25 7.414668920918373e17 7.414668920918373e17 0 0 0
37 25 2.7196234431974285e17 2.7196234431974285e17 0 0 0
38 25 4.5493061066386356e14 4.5493061066386356e14 0 0 0
39 25 2.0580897233829224e16 2.0580897233829224e16 0 0 0
30 26 1.2898304009648493e19 1.2898304009648493e19 0 0 0
31 26 1.4853696704293076e18 1.4853696704293076e18 0 0 0
32 26 1.585072527958326e18 1.585072527958326e18 0 0 0
33 26 1.5714489060630879e18 1.5714489060630879e18 0 0 0
34 26 7.730890221593517e17 7.730890221593517e17 0 0 0
35 26 7.859109846234935e17 7.859109846234935e17 0 0 0
36 26 6.673745398319497e17 6.673745398319497e17 0 0 0
37 26 2.036714911577608e17 2.036714911577608e17 0 0 0
38 26 4.2539321266060737e12 4.2539321266060737e12 0 0 0
39 26 5.1087737309778494e14 5.1087737309778494e14 0 0 0
30 27 3.2234775687226414e18 3.2234775687226414e18 0 0 0
31 27 2.156332320522511e18 2.156332320522511e18 0 0 0
32 27 1.9599050051277763e18 1.9599050051277763e18 0 0 0
33 27 9.905531618755584e17 9.905531618755584e17 0 0 0
34 27 8.91594079429654e17 8.91594079429654e17 0 0 0
35 27 1.0881669103466015e18 1.0881669103466015e18 0 0 0
36 27 3.37064418329596e17 3.37064418329596e17 0 0 0
37 27 1.0224848505821026e17 1.0224848505821026e17 0 0 0
38 27 4.480785090066743e14 4.480785090066743e14 0 0 0
39 27 1.662319367103812e16 1.662319367103812e16 0 0 0
30 28 1.9390464181655227e18 1.9390464181655227e18 0 0 0
31 28 1.4562702070537915e18 1.4562702070537915e18 0 0 0
32 28 2.000060788656251e18 2.000060788656251e18 0 0 0
33 28 1.3190788373564652e18 1.3190788373564652e18 0 0 0
34 28 1.3434163206354007e18 1.3434163206354007e18 0 0 0
35 28 5.840408879328739e17 5.840408879328739e17 0 0 0
36 28 2.5253907933320736e17 2.5253907933320736e17 0 0 0
37 28 4.857189388998489e16 4.857189388998489e16 0 0 0
38 28 1.717803162951222e16 1.717803162951222e16 0 0 0
39 28 3.619374673201896e16 3.619374673201896e16 0 0 0
30 29 1.1022984705905347e18 1.1022984705905347e18 0 0 0
31 29 1.3146901619750085e18 1.3146901619750085e18 0 0 0
32 29 9.444536584830367e17 9.444536584830367e17 0 0 0
33 29 1.248637585573318e18 1.248637585573318e18 0 0 0
34 29 9.668821682853937e17 9.668821682853937e17 0 0 0
35 29 4.4152127771621926e17 4.4152127771621926e17 0 0 0
36 29 1.2332248888676626e17 1.2332248888676626e17 0 0 0
37 29 1.0755879714005634e16 1.0755879714005634e16 0 0 0
38 29 4.983599935797937e16 4.983599935797937e16 0 0 0
39 29 6.140812020774118e16 6.140812020774118e16 0 0 0
40 20 2.7582264708885604e16 2.7582264708885604e16 0 0 0
41 20 1.4312835961540274e16 1.4312835961540274e16 0 0 0
42 20 1.3394814104575084e16 1.3394814104575084e16 0 0 0
43 20 3.63619606369903e16 3.63619606369903e16 0 0 0
44 20 1.5515536191097682e16 1.5515536191097682e16 0 0 0
45 20 7.404646364972024e15 7.404646364972024e15 0 0 0
46 20 1.0376908002062441e15 1.0376908002062441e15 0 0 0
47 20 6.966903089405865e15 6.966903089405865e15 0 0 0
48 20 3.382722910689617e15 3.382722910689617e15 0 0 0
49 20 2.0403271417362295e15 2.0403271417362295e15 0 0 0
40 21 2.573920593537168e16 2.573920593537168e16 0 0 0
41 21 1.7668445428164206e16 1.7668445428164206e16 0 0 0
42 21 1.8972801176031268e16 1.8972801176031268e16 0 0 0
43 21 4.663211825891996e16 4.663211825891996e16 0 0 0
44 21 7.819624927415465e15 7.819624927415465e15 0 0 0
45 21 4.409742073918923e14 4.409742073918923e14 0 0 0
46 21 1.3909889360044738e15 1.3909889360044738e15 0 0 0
47 21 3.0318894673508345e15 3.0318894673508345e15 0 0 0
48 21 3.905786261775678e15 3.905786261775678e15 0 0 0
49 21 2.1164690590229775e15 2.1164690590229775e15 0 0 0
40 22 2.2663731896389284e16 2.2663731896389284e16 0 0 0
41 22 2.525425381555725e16 2.525425381555725e16 0 0 0
42 22 2.044517901229724e16 2.044517901229724e16 0 0 0
43 22 6.4078997623775944e16 6.4078997623775944e16 0 0 0
44 22 1.0855361605339854e16 1.0855361605339854e16 0 0 0
45 22 1.3471027116208482e15 1.3471027116208482e15 0 0 0
46 22 4.25995796426645e15 4.25995796426645e15 0 0 0
47 22 3.338499964846589e15 3.338499964846589e15 0 0 0
48 22 3.4989842912451375e15 3.4989842912451375e15 0 0 0
49 22 2.762926608729134e15 2.762926608729134e15 0 0 0
40 23 2.230482174420858e16 2.230482174420858e16 0 0 0
41 23 3.352185148005651e16 3.352185148005651e16 0 0 0
42 23 2.8435376902128308e16 2.8435376902128308e16 0 0 0
43 23 9.192664344224592e16 9.192664344224592e16 0 0 0
44 23 1.3332254860767906e16 1.3332254860767906e16 0 0 0
45 23 1.8587938166762872e15 1.8587938166762872e15 0 0 0
46 23 1.8556461151292975e15 1.8556461151292975e15 0 0 0
47 23 1.6525234860022268e15 1.6525234860022268e15 0 0 0
48 23 3.9613013355607305e15 3.9613013355607305e15 0 0 0
49 23 1.617277199166457e15 1.617277199166457e15 0 0 0
40 24 1.6861869382685886e16 1.6861869382685886e16 0 0 0
41 24 3.643785313173328e16 3.643785313173328e16 0 0 0
42 24 5.144593544378763e16 5.144593544378763e16 0 0 0
43 24 6.561322621108284e16 6.561322621108284e16 0 0 0
44 24 1.6820142710674244e16 1.6820142710674244e16 0 0 0
45 24 8.831248941759597e13 8.831248941759597e13 0 0 0
46 24 2.6582466865554366e14 2.6582466865554366e14 0 0 0
47 24 3.7826622283425005e15 3.7826622283425005e15 0 0 0
48 24 1.2953632683292425e15 1.2953632683292425e15 0 0 0
49 24 1.6342935110529475e15 1.6342935110529475e15 0 0 0
40 25 2.624480591620387e16 2.624480591620387e16 0 0 0
41 25 5.011131677301798e16 5.011131677301798e16 0 0 0
42 25 8.146651891637858e16 8.146651891637858e16 0 0 0
43 25 5.936415707643891e16 5.936415707643891e16 0 0 0
44 25 1.4858814926157958e16 1.4858814926157958e16 0 0 0
45 25 1.7003141519376428e15 1.7003141519376428e15 0 0 0
46 25 2.3352477608986034e14 2.3352477608986034e14 0 0 0
47 25 5.152110745513473e15 5.152110745513473e15 0 0 0
48 25 1.0663820372231019e15 1.0663820372231019e15 0 0 0
49 25 1.2922361360674908e15 1.2922361360674908e15 0 0 0
40 26 4.338408157885808e16 4.338408157885808e16 0 0 0
41 26 5.082151301684302e16 5.082151301684302e16 0 0 0
42 26 1.4357852000351058e17 1.4357852000351058e17 0 0 0
43 26 9.682341454391634e15 9.682341454391634e15 0 0 0
44 26 8.277692612150384e14 8.277692612150384e14 0 0 0
45 26 9.182400845885636e15 9.182400845885636e15 0 0 0
46 26 6.019675118025242e15 6.019675118025242e15 0 0 0
47 26 3.493708181730052e15 3.493708181730052e15 0 0 0
48 26 1.5161985740373508e15 1.5161985740373508e15 0 0 0
49 26 8.31296103030426e14 8.31296103030426e14 0 0 0
40 27 3.5403316778320596e16 3.5403316778320596e16 0 0 0
41 27 7.998941424479824e16 7.998941424479824e16 0 0 0
42 27 7.096618013598318e16 7.096618013598318e16 0 0 0
43 27 1.89895648461692e16 1.89895648461692e16 0 0 0
44 27 2.7617153696193228e16 2.7617153696193228e16 0 0 0
45 27 2.1010192670014178e14 2.1010192670014178e14 0 0 0
46 27 1.9176062149251448e15 1.9176062149251448e15 0 0 0
47 27 5.774852437391884e15 5.774852437391884e15 0 0 0
48 27 6.243537522851071e14 6.243537522851071e14 0 0 0
49 27 6.568512810287982e14 6.568512810287982e14 0 0 0
40 28 6.453347294417039e16 6.453347294417039e16 0 0 0
41 28 2.246994319530249e17 2.246994319530249e17 0 0 0
42 28 6.411800278465865e16 6.411800278465865e16 0 0 0
43 28 1.887294617799916e16 1.887294617799916e16 0 0 0
44 28 1.616222390810297e14 1.616222390810297e14 0 0 0
45 28 5.4224868191198494e14 5.4224868191198494e14 0 0 0
46 28 3.3726277122917525e15 3.3726277122917525e15 0 0 0
47 28 1.8012313647038638e15 1.8012313647038638e15 0 0 0
48 28 6.808535702368782e14 6.808535702368782e14 0 0 0
49 28 5.5670002509649444e14 5.5670002509649444e14 0 0 0
40 29 1.4043492537133712e17 1.4043492537133712e17 0 0 0
41 29 1.0561055268509752e17 1.0561055268509752e17 0 0 0
42 29 3.904390966852493e16 3.904390966852493e16 0 0 0
43 29 3.314501673940327e16 3.314501673940327e16 0 0 0
44 29 9.372473755468298e15 9.372473755468298e15 0 0 0
45 29 8.642061038761399e14 8.642061038761399e14 0 0 0
46 29 7.799405698084608e15 7.799405698084608e15 0 0 0
47 29 7.980146340175691e14 7.980146340175691e14 0 0 0
48 29 6.762527458154565e14 6.762527458154565e14 0 0 0
49 29 1.0316886824548126e15 1.0316886824548126e15 0 0 0
0 30 2.908971152458543e16 2.908971152458543e16 0 0 0
1 30 1.1921653832490311e14 1.1921653832490311e14 0 0 0
2 30 2.888835788941781e16 2.888835788941781e16 0 0 0
3 30 1.196563154046936e16 1.196563154046936e16 0 0 0
4 30 2.1243052810302883e17 2.1243052810302883e17 0 0 0
5 30 3.801946100863578e17 3.801946100863578e17 0 0 0
6 30 1.7576576229620765e17 1.7576576229620765e17 0 0 0
7 30 2.6989316027815133e17 2.6989316027815133e17 0 0 0
8 30 5.012783778017514e17 5.012783778017514e17 0 0 0
9 30 2.4926782284569597e17 2.4926782284569597e17 0 0 0
0 31 2.5759189017105336e16 2.5759189017105336e16 0 0 0
1 31 2.174678952101652e16 2.174678952101652e16 0 0 0
2 31 3.1766296270688425e15 3.1766296270688425e15 0 0 0
3 31 1.4274504007007636e16 1.4274504007007636e16 0 0 0
4 31 1.9913051354761645e17 1.9913051354761645e17 0 0 0
5 31 3.349723884514461e17 3.349723884514461e17 0 0 0
6 31 2.915383591695491e17 2.915383591695491e17 0 0 0
7 31 1.7141469901916166e17 1.7141469901916166e17 0 0 0
8 31 4.764153011998214e17 4.764153011998214e17 0 0 0
9 31 1.754188494317687e17 1.754188494317687e17 0 0 0
0 32 5.449422110714923e15 5.449422110714923e15 0 0 0
1 32 2.3395900178916845e15 2.3395900178916845e15 0 0 0
2 32 1.117960062611205e16 1.117960062611205e16 0 0 0
3 32 2.58157753371392e16 2.58157753371392e16 0 0 0
4 32 1.80285812926919e17 1.80285812926919e17 0 0 0
5 32 2.4980170505957456e17 2.4980170505957456e17 0 0 0
6 32 4.3664153672505146e17 4.3664153672505146e17 0 0 0
7 32 1.884934264484261e17 1.884934264484261e17 0 0 0
8 32 3.738773252417731e17 3.738773252417731e17 0 0 0
9 32 4.7968945400355437e17 4.7968945400355437e17 0 0 0
0 33 6.828781606811865e15 6.828781606811865e15 0 0 0
1 33 1.0395092834239692e16 1.0395092834239692e16 0 0 0
2 33 1.0902935759358638e16 1.0902935759358638e16 0 0 0
3 33 3.4776488485906932e16 3.4776488485906932e16 0 0 0
4 33 1.1266651251033123e17 1.1266651251033123e17 0 0 0
5 33 2.0676633703147053e17 2.0676633703147053e17 0 0 0
6 33 3.7227726216595085e17 3.7227726216595085e17 0 0 0
7 33 2.032713875471195e17 2.032713875471195e17 0 0 0
8 33 3.298582353208653e17 3.298582353208653e17 0 0 0
9 33 4.342599060197982e17 4.342599060197982e17 0 0 0
0 34 1.8095086359976016e16 1.8095086359976016e16 0 0 0
1 34 2.1247972192802184e16 2.1247972192802184e16 0 0 0
2 34 4.975868842984045e15 4.975868842984045e15 0 0 0
3 34 1.6103481313638732e16 1.6103481313638732e16 0 0 0
4 34 4.438914261859988e16 4.438914261859988e16 0 0 0
5 34 1.8986148949464272e17 1.8986148949464272e17 0 0 0
6 34 3.055105117536563e17 3.055105117536563e17 0 0 0
7 34 4.6247511364854406e17 4.6247511364854406e17 0 0 0
8 34 2.6077194242272378e17 2.6077194242272378e17 0 0 0
9 34 4.035223473399762e17 4.035223473399762e17 0 0 0
0 35 2.4832316216551012e16 2.4832316216551012e16 0 0 0
1 35 8.467868930428609e15 8.467868930428609e15 0 0 0
2 35 1.3378560385840266e16 1.3378560385840266e16 0 0 0
3 35 1.5213167591252898e16 1.5213167591252898e16 0 0 0
4 35 3.887711469859638e16 3.887711469859638e16 0 0 0
5 35 1.4355288217193323e17 1.4355288217193323e17 0 0 0
6 35 2.4328365460608845e17 2.4328365460608845e17 0 0 0
7 35 3.4699531593982906e17 3.4699531593982906e17 0 0 0
8 35 2.2321944772794403e17 2.2321944772794403e17 0 0 0
9 35 3.0180001407208806e17 3.0180001407208806e17 0 0 0
0 36 2.0344255732744384e16 2.0344255732744384e16 0 0 0
1 36 2.8770632075682456e16 2.8770632075682456e16 0 0 0
2 36 8.519742216050812e15 8.519742216050812e15 0 0 0
3 36 1.2695785512769868e16 1.2695785512769868e16 0 0 0
4 36 2.339029574667818e16 2.339029574667818e16 0 0 0
5 36 4.888314454328747e16 4.888314454328747e16 0 0 0
6 36 1.9064423842513834e17 1.9064423842513834e17 0 0 0
7 36 2.4618966245726307e17 2.4618966245726307e17 0 0 0
8 36 4.0468158147568794e17 4.0468158147568794e17 0 0 0
9 36 2.7040686487860314e17 2.7040686487860314e17 0 0 0
0 37 2.457356503596425e16 2.457356503596425e16 0 0 0
1 37 1.4785846600020974e16 1.4785846600020974e16 0 0 0
2 37 1.1788815074666046e16 1.1788815074666046e16 0 0 0
3 37 1.6286083690763548e16 1.6286083690763548e16 0 0 0
4 37 1.875235894282093e16 1.875235894282093e16 0 0 0
5 37 4.745059012483285e16 4.745059012483285e16 0 0 0
6 37 1.1415818255683106e17 1.1415818255683106e17 0 0 0
7 37 2.16470385061339e17 2.16470385061339e17 0 0 0
8 37 2.8583516485640774e17 2.8583516485640774e17 0 0 0
9 37 4.417847994096607e17 4.417847994096607e17 0 0 0
0 38 1.7989559563328424e16 1.7989559563328424e16 0 0 0
1 38 2.402332398585799e16 2.402332398585799e16 0 0 0
2 38 7.07997938343211e15 7.07997938343211e15 0 0 0
3 38 2.942500395414341e16 2.942500395414341e16 0 0 0
4 38 3.5316281128410304e16 3.5316281128410304e16 0 0 0
5 38 4.401148950114493e16 4.401148950114493e16 0 0 0
6 38 8.595009078707861e16 8.595009078707861e16 0 0 0
7 38 2.1496174798344035e17 2.1496174798344035e17 0 0 0
8 38 2.3351934323004618e17 2.3351934323004618e17 0 0 0
9 38 2.8396975938936714e17 2.8396975938936714e17 0 0 0
0 39 8.423981659248165e15 8.423981659248165e15 0 0 0
1 39 9.972723178322712e15 9.972723178322712e15 0 0 0
2 39 1.2247883293424906e16 1.2247883293424906e16 0 0 0
3 39 4.41478840825094e15 4.41478840825094e15 0 0 0
4 39 8.601213254951452e15 8.601213254951452e15 0 0 0
5 39 8.985859777724045e15 8.985859777724045e15 0 0 0
6 39 4.708337970396979e16 4.708337970396979e16 0 0 0
7 39 1.1477776143246482e17 1.1477776143246482e17 0 0 0
8 39 2.3439532380665354e17 2.3439532380665354e17 0 0 0
9 39 2.118942929258247e17 2.118942929258247e17 0 0 0
10 30 2.3430699418937194e17 2.3430699418937194e17 0 0 0
11 30 7.026721841145489e17 7.026721841145489e17 0 0 0
12 30 2.7470806826797795e17 2.7470806826797795e17 0 0 0
13 30 3.464320727920453e17 3.464320727920453e17 0 0 0
14 30 5.0594733171361517e17 5.0594733171361517e17 0 0 0
15 30 7.255197780641833e17 7.255197780641833e17 0 0 0
16 30 2.2323592940435244e18 2.2323592940435244e18 0 0 0
17 30 2.852207858159595e18 2.852207858159595e18 0 0 0
18 30 6.477973394251161e18 6.477973394251161e18 0 0 0
19 30 5.710738609378206e18 5.710738609378206e18 0 0 0
10 31 1.1173150428242429e17 1.1173150428242429e17 0 0 0
11 31 3.936375054689466e17 3.936375054689466e17 0 0 0
12 31 1.5189608097756634e17 1.5189608097756634e17 0 0 0
13 31 2.6479831929269043e17 2.6479831929269043e17 0 0 0
14 31 7.694493386644854e17 7.694493386644854e17 0 0 0
15 31 5.895599089989605e17 5.895599089989605e17 0 0 0
16 31 1.3509576953030472e18 1.3509576953030472e18 0 0 0
17 31 2.424887601166197e18 2.424887601166197e18 0 0 0
18 31 4.2509888633168563e18 4.2509888633168563e18 0 0 0
19 31 7.342500661765135e18 7.342500661765135e18 0 0 0
10 32 5.483749844861577e16 5.483749844861577e16 0 0 0
11 32 2.754538959636043e17 2.754538959636043e17 0 0 0
12 32 1.470962703959892e17 1.470962703959892e17 0 0 0
13 32 2.6017407636723763e17 2.6017407636723763e17 0 0 0
14 32 8.98177510928189e17 8.98177510928189e17 0 0 0
15 32 8.018734221057912e17 8.018734221057912e17 0 0 0
16 32 1.1997723939669256e18 1.1997723939669256e18 0 0 0
17 32 1.976410984556838e18 1.976410984556838e18 0 0 0
18 32 3.1356637564651464e18 3.1356637564651464e18 0 0 0
19 32 6.086358898290212e18 6.086358898290212e18 0 0 0
10 33 1.0998205127474445e17 1.0998205127474445e17 0 0 0
11 33 9.270328922770976e16 9.270328922770976e16 0 0 0
12 33 2.4209435500300797e17 2.4209435500300797e17 0 0 0
13 33 2.3371586467847936e17 2.3371586467847936e17 0 0 0
14 33 7.26984358665473e17 7.26984358665473e17 0 0 0
15 33 9.12982450182821e17 9.12982450182821e17 0 0 0
16 33 8.296571111873906e17 8.296571111873906e17 0 0 0
17 33 1.1116741930968301e18 1.1116741930968301e18 0 0 0
18 33 1.7117247413431524e18 1.7117247413431524e18 0 0 0
19 33 3.2013673451937925e18 3.2013673451937925e18 0 0 0
10 34 6.227180373806647e17 6.227180373806647e17 0 0 0
11 34 1.8594884999960013e17 1.8594884999960013e17 0 0 0
12 34 2.7910060573320672e17 2.7910060573320672e17 0 0 0
13 34 1.1672734940392374e17 1.1672734940392374e17 0 0 0
14 34 5.531651813706455e17 5.531651813706455e17 0 0 0
15 34 1.0810195759676045e18 1.0810195759676045e18 0 0 0
16 34 7.345268758014614e17 7.345268758014614e17 0 0 0
17 34 8.891376246894464e17 8.891376246894464e17 0 0 0
18 34 1.3265726640265208e18 1.3265726640265208e18 0 0 0
19 34 1.3654245647475986e18 1.3654245647475986e18 0 0 0
10 35 4.615219815376738e17 4.615219815376738e17 0 0 0
11 35 7.495393018812311e17 7.495393018812311e17 0 0 0
12 35 2.7610099282943552e17 2.7610099282943552e17 0 0 0
13 35 2.0580408930820912e17 2.0580408930820912e17 0 0 0
14 35 3.777638227989713e17 3.777638227989713e17 0 0 0
15 35 4.6717745482240954e17 4.6717745482240954e17 0 0 0
16 35 8.882264039683534e17 8.882264039683534e17 0 0 0
17 35 7.305314344420544e17 7.305314344420544e17 0 0 0
18 35 8.404472944694068e17 8.404472944694068e17 0 0 0
19 35 1.1696181688837796e18 1.1696181688837796e18 0 0 0
10 36 3.864331980299989e17 3.864331980299989e17 0 0 0
11 36 5.752306311423023e17 5.752306311423023e17 0 0 0
12 36 4.409704240548694e17 4.409704240548694e17 0 0 0
13 36 2.960267957730491e17 2.960267957730491e17 0 0 0
14 36 3.709182133114713e17 3.709182133114713e17 0 0 0
15 36 2.933056389043435e17 2.933056389043435e17 0 0 0
16 36 4.3589790696274176e17 4.3589790696274176e17 0 0 0
17 36 7.589683149514697e17 7.589683149514697e17 0 0 0
18 36 7.130831521034098e17 7.130831521034098e17 0 0 0
19 36 7.52539134172827e17 7.52539134172827e17 0 0 0
10 37 3.349826176334715e17 3.349826176334715e17 0 0 0
11 37 3.8727129735510874e17 3.8727129735510874e17 0 0 0
12 37 5.4995956764359635e17 5.4995956764359635e17 0 0 0
13 37 3.429738899453304e17 3.429738899453304e17 0 0 0
14 37 3.962912518406892e17 3.962912518406892e17 0 0 0
15 37 3.377484488400074e17 3.377484488400074e17 0 0 0
16 37 3.921781799789429e17 3.921781799789429e17 0 0 0
17 37 3.4079038528169184e17 3.4079038528169184e17 0 0 0
18 37 8.733897555751287e17 8.733897555751287e17 0 0 0
19 37 7.073233788573248e17 7.073233788573248e17 0 0 0
10 38 5.03724749758938e17 5.03724749758938e17 0 0 0
11 38 3.1803418188454534e17 3.1803418188454534e17 0 0 0
12 38 5.4074382077245594e17 5.4074382077245594e17 0 0 0
13 38 4.9839253008915334e17 4.9839253008915334e17 0 0 0
14 38 7.022449941439159e17 7.022449941439159e17 0 0 0
15 38 4.231728040465077e17 4.231728040465077e17 0 0 0
16 38 3.430257966417696e17 3.430257966417696e17 0 0 0
17 38 3.8893433395086675e17 3.8893433395086675e17 0 0 0
18 38 2.922348872461568e17 2.922348872461568e17 0 0 0
19 38 8.09936358034731e17 8.09936358034731e17 0 0 0
10 39 2.7298788344188614e17 2.7298788344188614e17 0 0 0
11 39 5.353473094664661e17 5.353473094664661e17 0 0 0
12 39 2.924742384723969e17 2.924742384723969e17 0 0 0
13 39 4.8211515880984557e17 4.8211515880984557e17 0 0 0
14 39 4.9104615032583763e17 4.9104615032583763e17 0 0 0
15 39 6.178236771965275e17 6.178236771965275e17 0 0 0
16 39 9.162968077221307e17 9.162968077221307e17 0 0 0
17 39 5.535994819614217e17 5.535994819614217e17 0 0 0
18 39 5.473261984629977e17 5.473261984629977e17 0 0 0
19 39 5.338684807400043e17 5.338684807400043e17 0 0 0
20 30 3.204695583000648e18 3.204695583000648e18 0 0 0
21 30 4.500381080667704e18 4.500381080667704e18 0 0 0
22 30 4.2150654540227016e18 4.2150654540227016e18 0 0 0
23 30 3.7108057543862907e18 3.7108057543862907e18 0 0 0
24 30 1.7571183867537467e19 1.7571183867537467e19 0 0 0
25 30 8.223280515208735e18 8.223280515208735e18 0 0 0
26 30 1.1029145013831795e19 1.1029145013831795e19 0 0 0
27 30 3.7012393500521467e18 3.7012393500521467e18 0 0 0
28 30 2.1541049511296282e18 2.1541049511296282e18 0 0 0
29 30 1.2724632907753718e18 1.2724632907753718e18 0 0 0
20 31 4.250184295504681e18 4.250184295504681e18 0 0 0
21 31 3.0414863673472937e18 3.0414863673472937e18 0 0 0
22 31 4.0834210118117315e18 4.0834210118117315e18 0 0 0
23 31 3.07103552044597e18 3.07103552044597e18 0 0 0
24 31 1.8484015214152087e18 1.8484015214152087e18 0 0 0
25 31 1.5315294408143406e18 1.5315294408143406e18 0 0 0
26 31 1.8487848359005676e18 1.8487848359005676e18 0 0 0
27 31 1.23729089533588e18 1.23729089533588e18 0 0 0
28 31 8.525803530569491e17 8.525803530569491e17 0 0 0
29 31 5.328794344019912e17 5.328794344019912e17 0 0 0
20 32 6.01419328237337e18 6.01419328237337e18 0 0 0
21 32 3.6397576892706504e18 3.6397576892706504e18 0 0 0
22 32 3.2680168315650985e18 3.2680168315650985e18 0 0 0
23 32 1.482236965346796e18 1.482236965346796e18 0 0 0
24 32 1.6539300459173778e18 1.6539300459173778e18 0 0 0
25 32 1.2527972262661875e18 1.2527972262661875e18 0 0 0
26 32 7.004490069230495e17 7.004490069230495e17 0 0 0
27 32 5.4124969491723776e17 5.4124969491723776e17 0 0 0
28 32 5.164838515646596e17 5.164838515646596e17 0 0 0
29 32 3.4062059338150285e17 3.4062059338150285e17 0 0 0
20 33 5.206992159674579e18 5.206992159674579e18 0 0 0
21 33 4.224613621802484e18 4.224613621802484e18 0 0 0
22 33 1.31839464351211e18 1.31839464351211e18 0 0 0
23 33 1.346247201765822e18 1.346247201765822e18 0 0 0
24 33 1.4928417250785564e18 1.4928417250785564e18 0 0 0
25 33 8.217833940185285e17 8.217833940185285e17 0 0 0
26 33 6.028993356935261e17 6.028993356935261e17 0 0 0
27 33 4.2612458748448154e17 4.2612458748448154e17 0 0 0
28 33 5.411291912606619e17 5.411291912606619e17 0 0 0
29 33 6.63428031667657e17 6.63428031667657e17 0 0 0
20 34 2.0236256294307576e18 2.0236256294307576e18 0 0 0
21 34 3.140532944232672e18 3.140532944232672e18 0 0 0
22 34 2.4853088776538655e18 2.4853088776538655e18 0 0 0
23 34 1.1212205846235782e18 1.1212205846235782e18 0 0 0
24 34 4.995497887428574e17 4.995497887428574e17 0 0 0
25 34 3.118170503830936e17 3.118170503830936e17 0 0 0
26 34 4.098847215128526e17 4.098847215128526e17 0 0 0
27 34 4.701266315892489e17 4.701266315892489e17 0 0 0
28 34 4.7394528890469696e17 4.7394528890469696e17 0 0 0
29 34 5.3064693500572454e17 5.3064693500572454e17 0 0 0
20 35 1.0875771267098849e18 1.0875771267098849e18 0 0 0
21 35 1.2680655850637706e18 1.2680655850637706e18 0 0 0
22 35 1.3021102976826906e18 1.3021102976826906e18 0 0 0
23 35 2.039065764857842e18 2.039065764857842e18 0 0 0
24 35 1.6612704669852972e18 1.6612704669852972e18 0 0 0
25 35 1.7010474291409454e18 1.7010474291409454e18 0 0 0
26 35 8.418414012569883e17 8.418414012569883e17 0 0 0
27 35 6.547685577999258e17 6.547685577999258e17 0 0 0
28 35 4.385470429772925e17 4.385470429772925e17 0 0 0
29 35 3.184639863893955e17 3.184639863893955e17 0 0 0
20 36 1.0546768788588626e18 1.0546768788588626e18 0 0 0
21 36 8.477097892684714e17 8.477097892684714e17 0 0 0
22 36 7.966483951541978e17 7.966483951541978e17 0 0 0
23 36 1.216009618249337e18 1.216009618249337e18 0 0 0
24 36 4.57293542610702e17 4.57293542610702e17 0 0 0
25 36 8.593319799401573e17 8.593319799401573e17 0 0 0
26 36 7.665733395436791e17 7.665733395436791e17 0 0 0
27 36 6.648840735142126e17 6.648840735142126e17 0 0 0
28 36 7.291351244429879e17 7.291351244429879e17 0 0 0
29 36 6.76747039625611e17 6.76747039625611e17 0 0 0
20 37 6.556204889347075e17 6.556204889347075e17 0 0 0
21 37 8.132679261058245e17 8.132679261058245e17 0 0 0
22 37 6.482985256679133e17 6.482985256679133e17 0 0 0
23 37 4.9542859730404666e17 4.9542859730404666e17 0 0 0
24 37 4.128212042536426e17 4.128212042536426e17 0 0 0
25 37 5.518815544413093e17 5.518815544413093e17 0 0 0
26 37 8.260411095497733e17 8.260411095497733e17 0 0 0
27 37 9.515133645362815e17 9.515133645362815e17 0 0 0
28 37 8.49719354230211e17 8.49719354230211e17 0 0 0
29 37 6.046952239791589e17 6.046952239791589e17 0 0 0
20 38 9.775651994709317e17 9.775651994709317e17 0 0 0
21 38 8.879634257248722e17 8.879634257248722e17 0 0 0
22 38 8.115539144187524e17 8.115539144187524e17 0 0 0
23 38 7.495108383270738e17 7.495108383270738e17 0 0 0
24 38 6.358732095379654e17 6.358732095379654e17 0 0 0
25 38 6.195832470778307e17 6.195832470778307e17 0 0 0
26 38 5.0200074500371866e17 5.0200074500371866e17 0 0 0
27 38 4.002328929728911e17 4.002328929728911e17 0 0 0
28 38 3.276456421248577e17 3.276456421248577e17 0 0 0
29 38 3.1825048542989146e17 3.1825048542989146e17 0 0 0
20 39 6.868452344395057e17 6.868452344395057e17 0 0 0
21 39 7.039056091656687e17 7.039056091656687e17 0 0 0
22 39 7.90137388792934e17 7.90137388792934e17 0 0 0
23 39 7.35708430681952e17 7.35708430681952e17 0 0 0
24 39 6.258956771218857e17 6.258956771218857e17 0 0 0
25 39 4.756302770161927e17 4.756302770161927e17 0 0 0
26 39 3.489136912467863e17 3.489136912467863e17 0 0 0
27 39 3.739558829989733e17 3.739558829989733e17 0 0 0
28 39 3.188151979305138e17 3.188151979305138e17 0 0 0
29 39 1.9910409297124915e17 1.9910409297124915e17 0 0 0
30 30 6.192913865659103e17 6.192913865659103e17 0 0 0
31 30 8.069946803410926e17 8.069946803410926e17 0 0 0
32 30 9.560751433286927e17 9.560751433286927e17 0 0 0
33 30 1.1209743877679584e18 1.1209743877679584e18 0 0 0
34 30 5.07846746257613e17 5.07846746257613e17 0 0 0
35 30 4.019372442679591e17 4.019372442679591e17 0 0 0
36 30 3.230541152326709e17 3.230541152326709e17 0 0 0
37 30 9.456345043013128e15 9.456345043013128e15 0 0 0
38 30 7.956431876503205e16 7.956431876503205e16 0 0 0
39 30 1.1154368078101024e17 1.1154368078101024e17 0 0 0
30 31 5.129028100487843e17 5.129028100487843e17 0 0 0
31 31 5.963602567802743e17 5.963602567802743e17 0 0 0
32 31 9.92416511779305e17 9.92416511779305e17 0 0 0
33 31 4.963377777121397e17 4.963377777121397e17 0 0 0
34 31 4.162460259823807e17 4.162460259823807e17 0 0 0
35 31 2.583870905138917e17 2.583870905138917e17 0 0 0
36 31 2.3991415787040915e17 2.3991415787040915e17 0 0 0
37 31 6.166367122580516e16 6.166367122580516e16 0 0 0
38 31 1.0752065652147752e17 1.0752065652147752e17 0 0 0
39 31 1.885553060341971e17 1.885553060341971e17 0 0 0
30 32 7.922964472987314e17 7.922964472987314e17 0 0 0
31 32 7.054682114349934e17 7.054682114349934e17 0 0 0
32 32 4.824095882582679e17 4.824095882582679e17 0 0 0
33 32 3.2725819907930195e17 3.2725819907930195e17 0 0 0
34 32 6.89908124958704e17 6.89908124958704e17 0 0 0
35 32 2.441682515950577e17 2.441682515950577e17 0 0 0
36 32 7.79657390504732e16 7.79657390504732e16 0 0 0
37 32 1.1699464278535835e17 1.1699464278535835e17 0 0 0
38 32 3.178878975498629e17 3.178878975498629e17 0 0 0
39 32 1.2424042627919922e17 1.2424042627919922e17 0 0 0
30 33 6.379622207144134e17 6.379622207144134e17 0 0 0
31 33 4.1408563938974746e17 4.1408563938974746e17 0 0 0
32 33 4.899774262287522e17 4.899774262287522e17 0 0 0
33 33 3.846377347380581e17 3.846377347380581e17 0 0 0
34 33 2.501574208042445e17 2.501574208042445e17 0 0 0
35 33 3.648398361256424e17 3.648398361256424e17 0 0 0
36 33 1.2198649284977811e17 1.2198649284977811e17 0 0 0
37 33 1.9477741825665392e17 1.9477741825665392e17 0 0 0
38 33 1.9926864703495114e17 1.9926864703495114e17 0 0 0
39 33 9.757577728511752e16 9.757577728511752e16 0 0 0
30 34 5.6559258690808915e17 5.6559258690808915e17 0 0 0
31 34 3.916114373437745e17 3.916114373437745e17 0 0 0
32 34 3.872962270632421e17 3.872962270632421e17 0 0 0
33 34 4.213141920012171e17 4.213141920012171e17 0 0 0
34 34 2.9532917707084064e17 2.9532917707084064e17 0 0 0
35 34 4.333244604958224e17 4.333244604958224e17 0 0 0
36 34 2.184436878281548e17 2.184436878281548e17 0 0 0
37 34 2.52282685299825e17 2.52282685299825e17 0 0 0
38 34 4.5773414162541384e16 4.5773414162541384e16 0 0 0
39 34 2.7976380598845884e16 2.7976380598845884e16 0 0 0
30 35 4.4816268389879936e17 4.4816268389879936e17 0 0 0
31 35 6.754038803819922e17 6.754038803819922e17 0 0 0
32 35 8.316173043122646e17 8.316173043122646e17 0 0 0
33 35 6.9276528081547e17 6.9276528081547e17 0 0 0
34 35 7.63713725277891e17 7.63713725277891e17 0 0 0
35 35 3.1879239917171757e17 3.1879239917171757e17 0 0 0
36 35 1.9916376556601574e17 1.9916376556601574e17 0 0 0
37 35 5.197186611543487e16 5.197186611543487e16 0 0 0
38 35 2.4393267680802595e15 2.4393267680802595e15 0 0 0
39 35 5.449625373622528e15 5.449625373622528e15 0 0 0
30 36 7.276315657282176e17 7.276315657282176e17 0 0 0
31 36 8.537787547875112e17 8.537787547875112e17 0 0 0
32 36 9.329374342603244e17 9.329374342603244e17 0 0 0
33 36 7.476883393692454e17 7.476883393692454e17 0 0 0
34 36 3.88555028727199e17 3.88555028727199e17 0 0 0
35 36 1.5095341319301744e17 1.5095341319301744e17 0 0 0
36 36 3.5619632168835376e16 3.5619632168835376e16 0 0 0
37 36 4.921428054964791e15 4.921428054964791e15 0 0 0
38 36 1.5860345454895268e16 1.5860345454895268e16 0 0 0
39 36 1.0305601747650542e16 1.0305601747650542e16 0 0 0
30 37 6.623576685640306e17 6.623576685640306e17 0 0 0
31 37 7.420318784992173e17 7.420318784992173e17 0 0 0
32 37 3.539278546403224e17 3.539278546403224e17 0 0 0
33 37 2.284599629583173e17 2.284599629583173e17 0 0 0
34 37 7.466920199421528e16 7.466920199421528e16 0 0 0
35 37 3.7188949656120744e16 3.7188949656120744e16 0 0 0
36 37 3.363760855305616e15 3.363760855305616e15 0 0 0
37 37 2.417927253943151e16 2.417927253943151e16 0 0 0
38 37 1.1594395353510834e16 1.1594395353510834e16 0 0 0
39 37 4.691630375663441e15 4.691630375663441e15 0 0 0
30 38 2.5020654476237344e17 2.5020654476237344e17 0 0 0
31 38 1.6320796624690582e17 1.6320796624690582e17 0 0 0
32 38 2.0296864432901632e17 2.0296864432901632e17 0 0 0
33 38 5.9331289438933144e16 5.9331289438933144e16 0 0 0
34 38 2.010924098147142e16 2.010924098147142e16 0 0 0
35 38 2.373806795640306e15 2.373806795640306e15 0 0 0
36 38 1.0174487498171164e16 1.0174487498171164e16 0 0 0
37 38 2.3374262239209052e16 2.3374262239209052e16 0 0 0
38 38 1.7988453266879838e16 1.7988453266879838e16 0 0 0
39 38 1.1707639084725864e16 1.1707639084725864e16 0 0 0
30 39 1.3676563346725034e17 1.3676563346725034e17 0 0 0
31 39 2.2250910014890253e17 2.2250910014890253e17 0 0 0
32 39 6.085548626964425e16 6.085548626964425e16 0 0 0
33 39 5.365519861847574e15 5.365519861847574e15 0 0 0
34 39 1.393986210749234e16 1.393986210749234e16 0 0 0
35 39 2.826269378482432e16 2.826269378482432e16 0 0 0
36 39 4.144710854660985e16 4.144710854660985e16 0 0 0
37 39 3.2877644852278972e16 3.2877644852278972e16 0 0 0
38 39 1.8575892454423028e16 1.8575892454423028e16 0 0 0
39 39 1.5510765869430102e16 1.5510765869430102e16 0 0 0
40 30 1.778612598987797e17 1.778612598987797e17 0 0 0
41 30 3.20173005494685e16 3.20173005494685e16 0 0 0
42 30 4.839140665865688e16 4.839140665865688e16 0 0 0
43 30 2.1225052837980922e15 2.1225052837980922e15 0 0 0
44 30 3.1998657279585065e15 3.1998657279585065e15 0 0 0
45 30 6.455461672442055e15 6.455461672442055e15 0 0 0
46 30 3.141627270737549e15 3.141627270737549e15 0 0 0
47 30 6.081111830936842e14 6.081111830936842e14 0 0 0
48 30 5.289321167603981e14 5.289321167603981e14 0 0 0
49 30 1.3922290715979485e15 1.3922290715979485e15 0 0 0
40 31 1.5873335488113814e17 1.5873335488113814e17 0 0 0
41 31 2.9206133628746612e16 2.9206133628746612e16 0 0 0
42 31 1.6491585881167296e16 1.6491585881167296e16 0 0 0
43 31 5.469038494453321e15 5.469038494453321e15 0 0 0
44 31 8.618112982867824e14 8.618112982867824e14 0 0 0
45 31 3.699564833779452e15 3.699564833779452e15 0 0 0
46 31 1.489621252121145e15 1.489621252121145e15 0 0 0
47 31 6.151737583845704e14 6.151737583845704e14 0 0 0
48 31 8.254078592915071e14 8.254078592915071e14 0 0 0
49 31 2.0499155381542555e15 2.0499155381542555e15 0 0 0
40 32 6.093451554639486e16 6.093451554639486e16 0 0 0
41 32 3.007141029651952e15 3.007141029651952e15 0 0 0
42 32 3.878805383569361e15 3.878805383569361e15 0 0 0
43 32 1.1652471494599212e16 1.1652471494599212e16 0 0 0
44 32 4.905150466121259e15 4.905150466121259e15 0 0 0
45 32 2.899287879738212e15 2.899287879738212e15 0 0 0
46 32 1.3466095473095095e15 1.3466095473095095e15 0 0 0
47 32 1.050804657073421e15 1.050804657073421e15 0 0 0
48 32 1.5159947950647102e15 1.5159947950647102e15 0 0 0
49 32 1.8289054843009602e15 1.8289054843009602e15 0 0 0
40 33 8.788109302434762e15 8.788109302434762e15 0 0 0
41 33 8.101779200166337e15 8.101779200166337e15 0 0 0
42 33 3.3408360969058285e15 3.3408360969058285e15 0 0 0
43 33 4.291913937676928e15 4.291913937676928e15 0 0 0
44 33 4.67181044439186e15 4.67181044439186e15 0 0 0
45 33 2.1706126158664735e15 2.1706126158664735e15 0 0 0
46 33 1.3522643089587e15 1.3522643089587e15 0 0 0
47 33 1.3024464969227902e15 1.3024464969227902e15 0 0 0
48 33 2.4106392865688725e15 2.4106392865688725e15 0 0 0
49 33 1.6839288137187752e15 1.6839288137187752e15 0 0 0
40 34 8.128882645750048e14 8.128882645750048e14 0 0 0
41 34 2.4046602715186845e15 2.4046602715186845e15 0 0 0
42 34 8.201906596482246e14 8.201906596482246e14 0 0 0
43 34 3.1160501963872035e15 3.1160501963872035e15 0 0 0
44 34 2.7439260115753745e15 2.7439260115753745e15 0 0 0
45 34 1.611555941646325e15 1.611555941646325e15 0 0 0
46 34 1.6834215381017782e15 1.6834215381017782e15 0 0 0
47 34 1.906229253080092e15 1.906229253080092e15 0 0 0
48 34 1.8590033394045252e15 1.8590033394045252e15 0 0 0
49 34 1.4465063738010088e15 1.4465063738010088e15 0 0 0
40 35 2.1566583146459915e15 2.1566583146459915e15 0 0 0
41 35 4.3245746650840665e15 4.3245746650840665e15 0 0 0
42 35 1.382141020971536e15 1.382141020971536e15 0 0 0
43 35 3.9840282561900485e15 3.9840282561900485e15 0 0 0
44 35 2.41595618495145e15 2.41595618495145e15 0 0 0
45 35 1.8942261470302832e15 1.8942261470302832e15 0 0 0
46 35 2.4914079656747825e15 2.4914079656747825e15 0 0 0
47 35 3.449987789664066e15 3.449987789664066e15 0 0 0
48 35 1.196094539619572e15 1.196094539619572e15 0 0 0
49 35 1.576009710884642e14 1.576009710884642e14 0 0 0
40 36 1.3418329262217988e15 1.3418329262217988e15 0 0 0
41 36 3.4526463646465595e15 3.4526463646465595e15 0 0 0
42 36 8.650071496162792e15 8.650071496162792e15 0 0 0
43 36 5.889234058986981e15 5.889234058986981e15 0 0 0
44 36 2.7865174023470605e15 2.7865174023470605e15 0 0 0
45 36 2.7118458569277115e15 2.7118458569277115e15 0 0 0
46 36 3.543856882416421e15 3.543856882416421e15 0 0 0
47 36 1.6415920593570855e15 1.6415920593570855e15 0 0 0
48 36 1.8215379734960866e14 1.8215379734960866e14 0 0 0
49 36 5.3784338669199356e14 5.3784338669199356e14 0 0 0
40 37 8.15305660290919e15 8.15305660290919e15 0 0 0
41 37 8.508149075531814e15 8.508149075531814e15 0 0 0
42 37 7.665770704977936e15 7.665770704977936e15 0 0 0
43 37 3.8445864724509035e15 3.8445864724509035e15 0 0 0
44 37 3.5264968881257735e15 3.5264968881257735e15 0 0 0
45 37 4.1107357351039815e15 4.1107357351039815e15 0 0 0
46 37 1.6339829670615408e15 1.6339829670615408e15 0 0 0
47 37 3.0193401507251194e14 3.0193401507251194e14 0 0 0
48 37 4.269465646341678e14 4.269465646341678e14 0 0 0
49 37 1.0032024353200252e15 1.0032024353200252e15 0 0 0
40 38 1.3299505726426268e16 1.3299505726426268e16 0 0 0
41 38 1.0054798710349268e16 1.0054798710349268e16 0 0 0
42 38 4.4911856823038015e15 4.4911856823038015e15 0 0 0
43 38 4.4937658603429085e15 4.4937658603429085e15 0 0 0
44 38 3.4718041351432175e15 3.4718041351432175e15 0 0 0
45 38 3.6634869176192805e15 3.6634869176192805e15 0 0 0
46 38 2.3069902387171705e15 2.3069902387171705e15 0 0 0
47 38 4.4853362075623725e14 4.4853362075623725e14 0 0 0
48 38 1.5018754844907462e15 1.5018754844907462e15 0 0 0
49 38 1.359231780829647e15 1.359231780829647e15 0 0 0
40 39 1.317874649495828e16 1.317874649495828e16 0 0 0
41 39 6.509157268236953e15 6.509157268236953e15 0 0 0
42 39 8.621843177349844e15 8.621843177349844e15 0 0 0
43 39 3.6528499070724725e15 3.6528499070724725e15 0 0 0
44 39 3.270284257742904e15 3.270284257742904e15 0 0 0
45 39 1.5884426092305708e15 1.5884426092305708e15 0 0 0
46 39 4.191400835749545e14 4.191400835749545e14 0 0 0
47 39 1.0318796852956795e15 1.0318796852956795e15 0 0 0
48 39 1.4531198158120945e15 1.4531198158120945e15 0 0 0
49 39 8.245431578272738e14 8.245431578272738e14 0 0 0
0 40 8.228757218972965e15 8.228757218972965e15 0 0 0
1 40 6.759360589259241e15 6.759360589259241e15 0 0 0
2 40 3.877570075836541e15 3.877570075836541e15 0 0 0
3 40 1.944544959508655e16 1.944544959508655e16 0 0 0
4 40 1.5239601944634902e16 1.5239601944634902e16 0 0 0
5 40 1.929568225741879e16 1.929568225741879e16 0 0 0
6 40 2.006066552835958e16 2.006066552835958e16 0 0 0
7 40 3.1696389141896772e16 3.1696389141896772e16 0 0 0
8 40 8.455739902755478e16 8.455739902755478e16 0 0 0
9 40 2.471464260479184e17 2.471464260479184e17 0 0 0
0 41 1.8554707419832172e16 1.8554707419832172e16 0 0 0
1 41 8.942826976788056e15 8.942826976788056e15 0 0 0
2 41 6.341045713714113e15 6.341045713714113e15 0 0 0
3 41 5.092525850560315e15 5.092525850560315e15 0 0 0
4 41 2.087206401880574e16 2.087206401880574e16 0 0 0
5 41 1.9606618337626416e16 1.9606618337626416e16 0 0 0
6 41 1.932850270389821e16 1.932850270389821e16 0 0 0
7 41 2.15044968061332e16 2.15044968061332e16 0 0 0
8 41 4.654786111250137e16 4.654786111250137e16 0 0 0
9 41 8.517315160227374e16 8.517315160227374e16 0 0 0
0 42 1.7374887613449752e16 1.7374887613449752e16 0 0 0
1 42 6.04621407048468e15 6.04621407048468e15 0 0 0
2 42 1.86355261052804e16 1.86355261052804e16 0 0 0
3 42 1.344587728203481e16 1.344587728203481e16 0 0 0
4 42 1.512901513966659e16 1.512901513966659e16 0 0 0
5 42 1.2820476999959918e16 1.2820476999959918e16 0 0 0
6 42 1.0929894453379672e16 1.0929894453379672e16 0 0 0
7 42 1.4346648291633296e16 1.4346648291633296e16 0 0 0
8 42 1.5661314946656746e16 1.5661314946656746e16 0 0 0
9 42 3.270240741411462e16 3.270240741411462e16 0 0 0
0 43 7.639506591175664e15 7.639506591175664e15 0 0 0
1 43 9.489039187136284e15 9.489039187136284e15 0 0 0
2 43 1.854347859954795e16 1.854347859954795e16 0 0 0
3 43 1.1616745281922216e16 1.1616745281922216e16 0 0 0
4 43 9.340328045636276e15 9.340328045636276e15 0 0 0
5 43 1.0901800595740912e16 1.0901800595740912e16 0 0 0
6 43 1.608100302755055e16 1.608100302755055e16 0 0 0
7 43 1.6047110042794596e16 1.6047110042794596e16 0 0 0
8 43 1.824940316990974e16 1.824940316990974e16 0 0 0
9 43 1.8813227274239556e16 1.8813227274239556e16 0 0 0
0 44 9.519377982457234e15 9.519377982457234e15 0 0 0
1 44 1.6040967628523476e16 1.6040967628523476e16 0 0 0
2 44 1.041674339520676e16 1.041674339520676e16 0 0 0
3 44 5.840363256012418e15 5.840363256012418e15 0 0 0
4 44 1.3864574917570196e16 1.3864574917570196e16 0 0 0
5 44 1.6404626220033374e16 1.6404626220033374e16 0 0 0
6 44 1.5124360673660136e16 1.5124360673660136e16 0 0 0
7 44 3.0840514687082475e15 3.0840514687082475e15 0 0 0
8 44 5.236551046090502e15 5.236551046090502e15 0 0 0
9 44 5.929072799099722e15 5.929072799099722e15 0 0 0
0 45 1.3231942037180288e16 1.3231942037180288e16 0 0 0
1 45 9.885951479232602e15 9.885951479232602e15 0 0 0
2 45 1.0729536342604512e16 1.0729536342604512e16 0 0 0
3 45 9.238628930237062e15 9.238628930237062e15 0 0 0
4 45 1.2449310085695126e16 1.2449310085695126e16 0 0 0
5 45 8.943472020858712e15 8.943472020858712e15 0 0 0
6 45 7.416289537746484e15 7.416289537746484e15 0 0 0
7 45 5.012716566196435e15 5.012716566196435e15 0 0 0
8 45 6.893795043489644e15 6.893795043489644e15 0 0 0
9 45 6.568632090436641e15 6.568632090436641e15 0 0 0
0 46 5.161502989375404e15 5.161502989375404e15 0 0 0
1 46 1.6642916681847392e16 1.6642916681847392e16 0 0 0
2 46 2.347775627241979e16 2.347775627241979e16 0 0 0
3 46 1.3102394097096776e16 1.3102394097096776e16 0 0 0
4 46 1.1281539741679446e16 1.1281539741679446e16 0 0 0
5 46 7.094911190516987e15 7.094911190516987e15 0 0 0
6 46 1.517371083271689e16 1.517371083271689e16 0 0 0
7 46 7.404905625970429e15 7.404905625970429e15 0 0 0
8 46 2.0769634987099945e15 2.0769634987099945e15 0 0 0
9 46 8.100473749792805e14 8.100473749792805e14 0 0 0
0 47 1.3007895673871538e12 1.3007895673871538e12 0 0 0
1 47 2.1902167592363897e14 2.1902167592363897e14 0 0 0
2 47 6.6792532525883e15 6.6792532525883e15 0 0 0
3 47 2.6953938611155604e16 2.6953938611155604e16 0 0 0
4 47 1.87316950006607e16 1.87316950006607e16 0 0 0
5 47 1.7759025417722758e16 1.7759025417722758e16 0 0 0
6 47 8.77650006289225e15 8.77650006289225e15 0 0 0
7 47 4.369172469420742e15 4.369172469420742e15 0 0 0
8 47 1.5424619004800928e16 1.5424619004800928e16 0 0 0
9 47 6.12059375930759e15 6.12059375930759e15 0 0 0
0 48 8.237136865874062e7 8.237136865874062e7 0 0 0
1 48 5.151971639057945e9 5.151971639057945e9 0 0 0
2 48 9.091097904238107e12 9.091097904238107e12 0 0 0
3 48 2.1672067448838915e15 2.1672067448838915e15 0 0 0
4 48 1.6170890045807994e16 1.6170890045807994e16 0 0 0
5 48 3.850982906462184e16 3.850982906462184e16 0 0 0
6 48 2.3545319462951744e16 2.3545319462951744e16 0 0 0
7 48 1.820806825375837e16 1.820806825375837e16 0 0 0
8 48 1.0467293947029902e16 1.0467293947029902e16 0 0 0
9 48 6.419679893156487e15 6.419679893156487e15 0 0 0
0 49 2.0762887401793525e6 2.0762887401793525e6 0 0 0
1 49 47444.957399927545 47444.957399927545 0 0 0
2 49 1.1328385950014979e8 1.1328385950014979e8 0 0 0
3 49 5.792103351536133e11 5.792103351536133e11 0 0 0
4 49 2.88404971540895e14 2.88404971540895e14 0 0 0
5 49 2.6948188908362905e15 2.6948188908362905e15 0 0 0
6 49 1.4875177288143944e16 1.4875177288143944e16 0 0 0
7 49 3.19089076640679e16 3.19089076640679e16 0 0 0
8 49 2.747902796360709e16 2.747902796360709e16 0 0 0
9 49 2.444959153029816e16 2.444959153029816e16 0 0 0
10 40 2.445838134389103e17 2.445838134389103e17 0 0 0
11 40 2.605062970550956e17 2.605062970550956e17 0 0 0
12 40 4.9665496436590214e17 4.9665496436590214e17 0 0 0
13 40 3.184469902711987e17 3.184469902711987e17 0 0 0
14 40 4.206383651716305e17 4.206383651716305e17 0 0 0
15 40 4.054845136575131e17 4.054845136575131e17 0 0 0
16 40 4.040851820027304e17 4.040851820027304e17 0 0 0
17 40 4.901583089053934e17 4.901583089053934e17 0 0 0
18 40 5.7442405230853075e17 5.7442405230853075e17 0 0 0
19 40 5.4226390263104736e17 5.4226390263104736e17 0 0 0
10 41 2.0147045976813107e17 2.0147045976813107e17 0 0 0
11 41 2.2872025979475437e17 2.2872025979475437e17 0 0 0
12 41 2.5470930209979578e17 2.5470930209979578e17 0 0 0
13 41 4.216854694328767e17 4.216854694328767e17 0 0 0
14 41 4.505925668301047e17 4.505925668301047e17 0 0 0
15 41 3.194513569691205e17 3.194513569691205e17 0 0 0
16 41 3.2182367397183795e17 3.2182367397183795e17 0 0 0
17 41 2.513307007687877e17 2.513307007687877e17 0 0 0
18 41 2.4895459921273462e17 2.4895459921273462e17 0 0 0
19 41 2.410399584914403e17 2.410399584914403e17 0 0 0
10 42 5.481659063529609e16 5.481659063529609e16 0 0 0
11 42 1.5611896509574294e17 1.5611896509574294e17 0 0 0
12 42 1.998268444249045e17 1.998268444249045e17 0 0 0
13 42 2.2925671386315658e17 2.2925671386315658e17 0 0 0
14 42 3.26069980015106e17 3.26069980015106e17 0 0 0
15 42 4.889105573527873e17 4.889105573527873e17 0 0 0
16 42 5.987282431064877e17 5.987282431064877e17 0 0 0
17 42 4.282458338934708e17 4.282458338934708e17 0 0 0
18 42 3.8222500798341395e17 3.8222500798341395e17 0 0 0
19 42 2.5163177446248822e17 2.5163177446248822e17 0 0 0
10 43 2.8015551867181816e16 2.8015551867181816e16 0 0 0
11 43 3.3282631002072344e16 3.3282631002072344e16 0 0 0
12 43 6.947701881590262e16 6.947701881590262e16 0 0 0
13 43 1.2070404237322528e17 1.2070404237322528e17 0 0 0
14 43 1.4086872760256144e17 1.4086872760256144e17 0 0 0
15 43 1.677177148357475e17 1.677177148357475e17 0 0 0
16 43 2.3346687871910806e17 2.3346687871910806e17 0 0 0
17 43 3.329348163583179e17 3.329348163583179e17 0 0 0
18 43 4.3893963957308186e17 4.3893963957308186e17 0 0 0
19 43 4.872993298455265e17 4.872993298455265e17 0 0 0
10 44 4.778280927818229e15 4.778280927818229e15 0 0 0
11 44 2.687634508805909e16 2.687634508805909e16 0 0 0
12 44 3.192598184970305e16 3.192598184970305e16 0 0 0
13 44 5.7227631155927256e16 5.7227631155927256e16 0 0 0
14 44 2.943246180510877e16 2.943246180510877e16 0 0 0
15 44 6.93371580011858e16 6.93371580011858e16 0 0 0
16 44 6.9244404481653384e16 6.9244404481653384e16 0 0 0
17 44 6.353953732195238e16 6.353953732195238e16 0 0 0
18 44 7.763280281878611e16 7.763280281878611e16 0 0 0
19 44 7.933329543763853e16 7.933329543763853e16 0 0 0
10 45 7.135619461301557e15 7.135619461301557e15 0 0 0
11 45 6.667480295031526e15 6.667480295031526e15 0 0 0
12 45 2.1321773911422652e16 2.1321773911422652e16 0 0 0
13 45 2.1995292265386384e16 2.1995292265386384e16 0 0 0
14 45 3.5222835768557736e16 3.5222835768557736e16 0 0 0
15 45 2.1268757622606336e16 2.1268757622606336e16 0 0 0
16 45 3.129417814605307e16 3.129417814605307e16 0 0 0
17 45 4.435307141439295e16 4.435307141439295e16 0 0 0
18 45 4.015054129668543e16 4.015054129668543e16 0 0 0
19 45 1.940916732356466e16 1.940916732356466e16 0 0 0
10 46 6.293221387050969e15 6.293221387050969e15 0 0 0
11 46 3.825938932775254e15 3.825938932775254e15 0 0 0
12 46 2.839194969970404e15 2.839194969970404e15 0 0 0
13 46 1.0827723101478264e16 1.0827723101478264e16 0 0 0
14 46 1.040536147643471e16 1.040536147643471e16 0 0 0
15 46 8.426558208242194e15 8.426558208242194e15 0 0 0
16 46 1.082217651952205e16 1.082217651952205e16 0 0 0
17 46 1.4093694899547352e16 1.4093694899547352e16 0 0 0
18 46 1.743375841817767e16 1.743375841817767e16 0 0 0
19 46 1.4426401127777168e16 1.4426401127777168e16 0 0 0
10 47 1.4788767416993355e15 1.4788767416993355e15 0 0 0
11 47 8.328256471618085e15 8.328256471618085e15 0 0 0
12 47 1.6550834988845865e15 1.6550834988845865e15 0 0 0
13 47 9.162103826086716e15 9.162103826086716e15 0 0 0
14 47 3.8226316237358465e15 3.8226316237358465e15 0 0 0
15 47 9.451859891725854e15 9.451859891725854e15 0 0 0
16 47 6.614624848069632e15 6.614624848069632e15 0 0 0
17 47 4.595045539083521e15 4.595045539083521e15 0 0 0
18 47 6.290944070351646e15 6.290944070351646e15 0 0 0
19 47 9.316240468965924e15 9.316240468965924e15 0 0 0
10 48 1.1835847844528674e16 1.1835847844528674e16 0 0 0
11 48 5.920832015800341e15 5.920832015800341e15 0 0 0
12 48 1.213366029786692e16 1.213366029786692e16 0 0 0
13 48 6.363606628062637e15 6.363606628062637e15 0 0 0
14 48 2.1328912493898515e15 2.1328912493898515e15 0 0 0
15 48 7.182196742993375e15 7.182196742993375e15 0 0 0
16 48 1.4134836919763678e16 1.4134836919763678e16 0 0 0
17 48 8.691407846007547e15 8.691407846007547e15 0 0 0
18 48 9.99406042926772e15 9.99406042926772e15 0 0 0
19 48 1.5494847045992226e16 1.5494847045992226e16 0 0 0
10 49 1.6309720552189982e16 1.6309720552189982e16 0 0 0
11 49 9.277896852938218e15 9.277896852938218e15 0 0 0
12 49 1.4931082576731726e16 1.4931082576731726e16 0 0 0
13 49 1.085404294928409e16 1.085404294928409e16 0 0 0
14 49 1.6710120554532764e16 1.6710120554532764e16 0 0 0
15 49 1.0723698986440534e16 1.0723698986440534e16 0 0 0
16 49 1.7113232065036602e16 1.7113232065036602e16 0 0 0
17 49 1.0115574200571762e16 1.0115574200571762e16 0 0 0
18 49 2.407413500110698e16 2.407413500110698e16 0 0 0
19 49 1.7989585488882896e16 1.7989585488882896e16 0 0 0
20 40 4.5871648799645677e17 4.5871648799645677e17 0 0 0
21 40 4.2204142471406106e17 4.2204142471406106e17 0 0 0
22 40 3.973015387529452e17 3.973015387529452e17 0 0 0
23 40 3.540621340929161e17 3.540621340929161e17 0 0 0
24 40 3.559467528491189e17 3.559467528491189e17 0 0 0
25 40 4.031260247849259e17 4.031260247849259e17 0 0 0
26 40 3.7734961943910266e17 3.7734961943910266e17 0 0 0
27 40 3.144001287213669e17 3.144001287213669e17 0 0 0
28 40 3.258806461133449e17 3.258806461133449e17 0 0 0
29 40 3.0149306783174054e17 3.0149306783174054e17 0 0 0
20 41 2.1607007520069757e17 2.1607007520069757e17 0 0 0
21 41 2.2081348522629005e17 2.2081348522629005e17 0 0 0
22 41 2.671509688634896e17 2.671509688634896e17 0 0 0
23 41 3.0516495363312614e17 3.0516495363312614e17 0 0 0
24 41 3.216143890238946e17 3.216143890238946e17 0 0 0
25 41 3.245811636710488e17 3.245811636710488e17 0 0 0
26 41 2.7463081548662685e17 2.7463081548662685e17 0 0 0
27 41 4.7223051652169165e17 4.7223051652169165e17 0 0 0
28 41 5.2423114993586125e17 5.2423114993586125e17 0 0 0
29 41 2.042977893187929e16 2.042977893187929e16 0 0 0
20 42 1.969697600074411e17 1.969697600074411e17 0 0 0
21 42 2.3416878547550093e17 2.3416878547550093e17 0 0 0
22 42 2.904609797550624e17 2.904609797550624e17 0 0 0
23 42 2.8031495197977885e17 2.8031495197977885e17 0 0 0
24 42 4.91904869602977e17 4.91904869602977e17 0 0 0
25 42 5.490725496118126e17 5.490725496118126e17 0 0 0
26 42 3.1643116053693165e17 3.1643116053693165e17 0 0 0
27 42 3.805840487096629e16 3.805840487096629e16 0 0 0
28 42 1.216743869086468e16 1.216743869086468e16 0 0 0
29 42 6.528000590654375e15 6.528000590654375e15 0 0 0
20 43 4.566599449407279e17 4.566599449407279e17 0 0 0
21 43 3.752410455176035e17 3.752410455176035e17 0 0 0
22 43 2.8400715288605312e17 2.8400715288605312e17 0 0 0
23 43 2.1282368941693645e17 2.1282368941693645e17 0 0 0
24 43 1.2343100845242898e17 1.2343100845242898e17 0 0 0
25 43 3.6281164879917864e16 3.6281164879917864e16 0 0 0
26 43 1.3334996951573044e16 1.3334996951573044e16 0 0 0
27 43 5.238013372094911e15 5.238013372094911e15 0 0 0
28 43 1.323735961877151e15 1.323735961877151e15 0 0 0
29 43 2.034373558820238e15 2.034373558820238e15 0 0 0
20 44 8.776814447162344e16 8.776814447162344e16 0 0 0
21 44 7.341929890441491e16 7.341929890441491e16 0 0 0
22 44 5.4212160537898504e16 5.4212160537898504e16 0 0 0
23 44 3.1198497250277156e16 3.1198497250277156e16 0 0 0
24 44 1.995966295476544e16 1.995966295476544e16 0 0 0
25 44 9.029509495759512e15 9.029509495759512e15 0 0 0
26 44 8.314190636425622e14 8.314190636425622e14 0 0 0
27 44 1.0514024035334915e15 1.0514024035334915e15 0 0 0
28 44 1.088383506327565e16 1.088383506327565e16 0 0 0
29 44 1.002702143234522e16 1.002702143234522e16 0 0 0
20 45 1.4582265823894398e16 1.4582265823894398e16 0 0 0
21 45 2.602497123229382e16 2.602497123229382e16 0 0 0
22 45 1.8528697548028756e16 1.8528697548028756e16 0 0 0
23 45 7.583976597978114e15 7.583976597978114e15 0 0 0
24 45 7.581375814853931e15 7.581375814853931e15 0 0 0
25 45 1.025627598334362e16 1.025627598334362e16 0 0 0
26 45 3.8821741079543845e15 3.8821741079543845e15 0 0 0
27 45 3.2149894521553505e15 3.2149894521553505e15 0 0 0
28 45 5.709905858355669e15 5.709905858355669e15 0 0 0
29 45 1.9490917156760476e16 1.9490917156760476e16 0 0 0
20 46 1.1690428483650042e16 1.1690428483650042e16 0 0 0
21 46 6.305205579040964e15 6.305205579040964e15 0 0 0
22 46 1.1938325808242126e16 1.1938325808242126e16 0 0 0
23 46 6.817361059310324e15 6.817361059310324e15 0 0 0
24 46 7.381197029857556e15 7.381197029857556e15 0 0 0
25 46 6.03015938342964e15 6.03015938342964e15 0 0 0
26 46 7.801143597560341e15 7.801143597560341e15 0 0 0
27 46 1.3298003409052984e16 1.3298003409052984e16 0 0 0
28 46 1.4229799381307306e16 1.4229799381307306e16 0 0 0
29 46 1.932937442407547e16 1.932937442407547e16 0 0 0
20 47 1.4051039762084368e16 1.4051039762084368e16 0 0 0
21 47 1.5888481151171256e16 1.5888481151171256e16 0 0 0
22 47 4.1284636618032085e15 4.1284636618032085e15 0 0 0
23 47 6.249252584488004e15 6.249252584488004e15 0 0 0
24 47 9.980351400382468e15 9.980351400382468e15 0 0 0
25 47 2.011759457404477e16 2.011759457404477e16 0 0 0
26 47 2.552740213611103e16 2.552740213611103e16 0 0 0
27 47 2.6482099512187464e16 2.6482099512187464e16 0 0 0
28 47 3.294732011273699e16 3.294732011273699e16 0 0 0
29 47 1.304743781062046e16 1.304743781062046e16 0 0 0
20 48 2.154309093840215e16 2.154309093840215e16 0 0 0
21 48 1.1088559961619472e16 1.1088559961619472e16 0 0 0
22 48 2.211262948385824e16 2.211262948385824e16 0 0 0
23 48 1.241576941184892e16 1.241576941184892e16 0 0 0
24 48 2.341951053696529e16 2.341951053696529e16 0 0 0
25 48 1.3075599114785296e16 1.3075599114785296e16 0 0 0
26 48 1.6139838916808148e16 1.6139838916808148e16 0 0 0
27 48 2.9444599515998908e16 2.9444599515998908e16 0 0 0
28 48 1.594104118086287e15 1.594104118086287e15 0 0 0
29 48 1.1023017054081365e15 1.1023017054081365e15 0 0 0
20 49 2.6265315260024908e16 2.6265315260024908e16 0 0 0
21 49 2.1240690747314776e16 2.1240690747314776e16 0 0 0
22 49 3.0011631065989736e16 3.0011631065989736e16 0 0 0
23 49 1.9087880668525176e16 1.9087880668525176e16 0 0 0
24 49 2.415948934135222e16 2.415948934135222e16 0 0 0
25 49 2.5023363839449684e16 2.5023363839449684e16 0 0 0
26 49 6.295284353509028e15 6.295284353509028e15 0 0 0
27 49 1.303201398053847e15 1.303201398053847e15 0 0 0
28 49 1.4607232626599972e15 1.4607232626599972e15 0 0 0
29 49 8.581400167806685e14 8.581400167806685e14 0 0 0
30 40 5.063834677725414e17 5.063834677725414e17 0 0 0
31 40 2.924887586155463e16 2.924887586155463e16 0 0 0
32 40 2.471896930436009e16 2.471896930436009e16 0 0 0
33 40 3.9005669636300696e16 3.9005669636300696e16 0 0 0
34 40 5.913558731184705e16 5.913558731184705e16 0 0 0
35 40 3.669681425857264e16 3.669681425857264e16 0 0 0
36 40 1.7482490428448432e16 1.7482490428448432e16 0 0 0
37 40 1.572926563069948e16 1.572926563069948e16 0 0 0
38 40 5.643858937910688e15 5.643858937910688e15 0 0 0
39 40 5.248731976201864e15 5.248731976201864e15 0 0 0
30 41 1.1858743997417296e16 1.1858743997417296e16 0 0 0
31 41 1.8151983495814724e16 1.8151983495814724e16 0 0 0
32 41 3.053186419247944e16 3.053186419247944e16 0 0 0
33 41 2.436281049115483e16 2.436281049115483e16 0 0 0
34 41 1.1589608056219942e16 1.1589608056219942e16 0 0 0
35 41 9.144846665717178e15 9.144846665717178e15 0 0 0
36 41 5.064506641925799e15 5.064506641925799e15 0 0 0
37 41 8.300801163308168e15 8.300801163308168e15 0 0 0
38 41 2.92127102963365e15 2.92127102963365e15 0 0 0
39 41 3.7491423039208205e15 3.7491423039208205e15 0 0 0
30 42 5.367484312668851e15 5.367484312668851e15 0 0 0
31 42 4.591887259666543e15 4.591887259666543e15 0 0 0
32 42 1.3641628066088384e16 1.3641628066088384e16 0 0 0
33 42 1.147002399909956e16 1.147002399909956e16 0 0 0
34 42 1.0244810401207336e16 1.0244810401207336e16 0 0 0
35 42 5.008582372408316e15 5.008582372408316e15 0 0 0
36 42 5.528592020931851e15 5.528592020931851e15 0 0 0
37 42 3.336393077170304e15 3.336393077170304e15 0 0 0
38 42 4.0302717534894805e15 4.0302717534894805e15 0 0 0
39 42 3.6589619289989365e15 3.6589619289989365e15 0 0 0
30 43 1.1376599217449412e16 1.1376599217449412e16 0 0 0
31 43 1.7014705026818916e16 1.7014705026818916e16 0 0 0
32 43 1.6033070514166858e16 1.6033070514166858e16 0 0 0
33 43 9.193839070808492e15 9.193839070808492e15 0 0 0
34 43 4.4041812542109765e15 4.4041812542109765e15 0 0 0
35 43 3.811671662005864e15 3.811671662005864e15 0 0 0
36 43 2.1859009752918132e15 2.1859009752918132e15 0 0 0
37 43 1.1672800302410698e15 1.1672800302410698e15 0 0 0
38 43 1.1854804012578048e15 1.1854804012578048e15 0 0 0
39 43 1.6828966617110845e15 1.6828966617110845e15 0 0 0
30 44 2.364101122315484e16 2.364101122315484e16 0 0 0
31 44 1.5416590505560246e16 1.5416590505560246e16 0 0 0
32 44 1.0434945547387368e16 1.0434945547387368e16 0 0 0
33 44 3.322119949143758e15 3.322119949143758e15 0 0 0
34 44 1.1161752290675686e15 1.1161752290675686e15 0 0 0
35 44 2.7210825640317278e14 2.7210825640317278e14 0 0 0
36 44 1.0815875083721309e15 1.0815875083721309e15 0 0 0
37 44 1.6013461110783812e15 1.6013461110783812e15 0 0 0
38 44 3.626669882394074e14 3.626669882394074e14 0 0 0
39 44 2.728889973804709e14 2.728889973804709e14 0 0 0
30 45 1.9907337537277264e16 1.9907337537277264e16 0 0 0
31 45 1.0385766435970362e16 1.0385766435970362e16 0 0 0
32 45 2.840006713604468e15 2.840006713604468e15 0 0 0
33 45 3.0530963228097744e14 3.0530963228097744e14 0 0 0
34 45 1.3164581191520302e15 1.3164581191520302e15 0 0 0
35 45 3.4510773977740475e14 3.4510773977740475e14 0 0 0
36 45 3.596416915642189e14 3.596416915642189e14 0 0 0
37 45 1.110166300765122e15 1.110166300765122e15 0 0 0
38 45 4.8690372369637144e14 4.8690372369637144e14 0 0 0
39 45 9.35048081055807e14 9.35048081055807e14 0 0 0
30 46 2.0843198159955804e16 2.0843198159955804e16 0 0 0
31 46 2.4440249985614475e15 2.4440249985614475e15 0 0 0
32 46 8.889397456977075e14 8.889397456977075e14 0 0 0
33 46 5.043612958576279e14 5.043612958576279e14 0 0 0
34 46 5.702786638910596e14 5.702786638910596e14 0 0 0
35 46 7.316498032081388e14 7.316498032081388e14 0 0 0
36 46 2.7739587176752953e14 2.7739587176752953e14 0 0 0
37 46 2.143908009659136e14 2.143908009659136e14 0 0 0
38 46 5.265962751232802e14 5.265962751232802e14 0 0 0
39 46 4.0597451028132825e14 4.0597451028132825e14 0 0 0
30 47 7.41978819874539e14 7.41978819874539e14 0 0 0
31 47 5.1407464281202025e14 5.1407464281202025e14 0 0 0
32 47 3.971286624272348e14 3.971286624272348e14 0 0 0
33 47 4.1339229402727606e14 4.1339229402727606e14 0 0 0
34 47 9.045617343803334e13 9.045617343803334e13 0 0 0
35 47 1.0140906939288503e14 1.0140906939288503e14 0 0 0
36 47 1.5985412859929753e14 1.5985412859929753e14 0 0 0
37 47 2.0604336252917384e14 2.0604336252917384e14 0 0 0
38 47 2.2995640674554384e14 2.2995640674554384e14 0 0 0
39 47 3.077244163491489e14 3.077244163491489e14 0 0 0
30 48 1.2829660243723085e15 1.2829660243723085e15 0 0 0
31 48 2.7520121906407506e14 2.7520121906407506e14 0 0 0
32 48 3.3129145113135494e14 3.3129145113135494e14 0 0 0
33 48 3.1249020921317494e14 3.1249020921317494e14 0 0 0
34 48 3.511829493339447e14 3.511829493339447e14 0 0 0
35 48 2.9600706282699056e14 2.9600706282699056e14 0 0 0
36 48 4.936846287763e14 4.936846287763e14 0 0 0
37 48 7.095557670332394e14 7.095557670332394e14 0 0 0
38 48 2.125818385291517e13 2.125818385291517e13 0 0 0
39 48 3.349216803617881e13 3.349216803617881e13 0 0 0
30 49 4.1398783248487306e14 4.1398783248487306e14 0 0 0
31 49 2.0588247584992203e14 2.0588247584992203e14 0 0 0
32 49 2.1610813955275722e14 2.1610813955275722e14 0 0 0
33 49 1.822087006662142e14 1.822087006662142e14 0 0 0
34 49 2.0142882586653938e14 2.0142882586653938e14 0 0 0
35 49 2.8127113504343188e14 2.8127113504343188e14 0 0 0
36 49 3.230467134950525e14 3.230467134950525e14 0 0 0
37 49 4.740379025632198e14 4.740379025632198e14 0 0 0
38 49 4.931887824264859e14 4.931887824264859e14 0 0 0
39 49 6.04674117360103e14 6.04674117360103e14 0 0 0
40 40 5.572912314708194e15 5.572912314708194e15 0 0 0
41 40 9.338588545300192e15 9.338588545300192e15 0 0 0
42 40 7.043294296660451e15 7.043294296660451e15 0 0 0
43 40 2.572161797874406e15 2.572161797874406e15 0 0 0
44 40 9.682560975944871e14 9.682560975944871e14 0 0 0
45 40 4.1741134780986656e14 4.1741134780986656e14 0 0 0
46 40 8.832423030806975e14 8.832423030806975e14 0 0 0
47 40 1.2786050083724825e15 1.2786050083724825e15 0 0 0
48 40 9.643770164819096e14 9.643770164819096e14 0 0 0
49 40 7.047258791371334e14 7.047258791371334e14 0 0 0
40 41 3.0540102888609075e15 3.0540102888609075e15 0 0 0
41 41 2.1489488857557612e15 2.1489488857557612e15 0 0 0
42 41 2.0723194079054432e15 2.0723194079054432e15 0 0 0
43 41 8.661534635238738e14 8.661534635238738e14 0 0 0
44 41 2.2144777538564228e15 2.2144777538564228e15 0 0 0
45 41 8.242108206784376e14 8.242108206784376e14 0 0 0
46 41 1.1141791001527601e15 1.1141791001527601e15 0 0 0
47 41 5.607102468693472e14 5.607102468693472e14 0 0 0
48 41 4.74694733017468e14 4.74694733017468e14 0 0 0
49 41 3.718493337338463e14 3.718493337338463e14 0 0 0
40 42 7.197993474814436e14 7.197993474814436e14 0 0 0
41 42 3.7173923627687094e14 3.7173923627687094e14 0 0 0
42 42 2.5591792064707962e14 2.5591792064707962e14 0 0 0
43 42 1.0717975941518342e15 1.0717975941518342e15 0 0 0
44 42 1.436018407908488e15 1.436018407908488e15 0 0 0
45 42 1.381972450540417e15 1.381972450540417e15 0 0 0
46 42 2.8889257119513894e14 2.8889257119513894e14 0 0 0
47 42 2.2779280180475788e14 2.2779280180475788e14 0 0 0
48 42 3.4839480341652675e14 3.4839480341652675e14 0 0 0
49 42 3.66097575163617e14 3.66097575163617e14 0 0 0
40 43 1.873024228439141e15 1.873024228439141e15 0 0 0
41 43 1.0972556129290612e15 1.0972556129290612e15 0 0 0
42 43 1.1436431601056042e15 1.1436431601056042e15 0 0 0
43 43 4.977796239635228e14 4.977796239635228e14 0 0 0
44 43 4.657045192790928e14 4.657045192790928e14 0 0 0
45 43 5.3461295477038275e14 5.3461295477038275e14 0 0 0
46 43 8.115802176908092e13 8.115802176908092e13 0 0 0
47 43 1.379851221505039e14 1.379851221505039e14 0 0 0
48 43 1.6403334016152219e13 1.6403334016152219e13 0 0 0
49 43 6.1330912069486734e13 6.1330912069486734e13 0 0 0
40 44 6.010818302999004e14 6.010818302999004e14 0 0 0
41 44 8.671329120651236e14 8.671329120651236e14 0 0 0
42 44 3.298376693316085e14 3.298376693316085e14 0 0 0
43 44 5.797760271903886e14 5.797760271903886e14 0 0 0
44 44 1.6021115642717894e14 1.6021115642717894e14 0 0 0
45 44 3.878347038287011e14 3.878347038287011e14 0 0 0
46 44 1.523802088919968e14 1.523802088919968e14 0 0 0
47 44 1.3143599740256738e13 1.3143599740256738e13 0 0 0
48 44 9.428292010884562e13 9.428292010884562e13 0 0 0
49 44 6.000326465046622e13 6.000326465046622e13 0 0 0
40 45 5.433010021786178e14 5.433010021786178e14 0 0 0
41 45 1.8821198269562572e14 1.8821198269562572e14 0 0 0
42 45 1.247135190462866e14 1.247135190462866e14 0 0 0
43 45 3.3772224606391594e13 3.3772224606391594e13 0 0 0
44 45 3.501026394292899e14 3.501026394292899e14 0 0 0
45 45 1.2570520668010808e14 1.2570520668010808e14 0 0 0
46 45 1.7845965004403266e13 1.7845965004403266e13 0 0 0
47 45 2.0453493317498188e14 2.0453493317498188e14 0 0 0
48 45 2.060068914175139e14 2.060068914175139e14 0 0 0
49 45 4.1003095061137406e14 4.1003095061137406e14 0 0 0
40 46 4.0576584474851794e14 4.0576584474851794e14 0 0 0
41 46 3.5123367823694775e14 3.5123367823694775e14 0 0 0
42 46 1.6794768556296197e13 1.6794768556296197e13 0 0 0
43 46 2.789038606335196e14 2.789038606335196e14 0 0 0
44 46 7.174962020058322e13 7.174962020058322e13 0 0 0
45 46 2.273108243889114e13 2.273108243889114e13 0 0 0
46 46 3.165881068982102e13 3.165881068982102e13 0 0 0
47 46 6.483829746120409e14 6.483829746120409e14 0 0 0
48 46 8.367623496284645e14 8.367623496284645e14 0 0 0
49 46 1.2546514163115222e15 1.2546514163115222e15 0 0 0
40 47 1.8101714660080645e13 1.8101714660080645e13 0 0 0
41 47 3.90857091578052e14 3.90857091578052e14 0 0 0
42 47 3.097398302721107e14 3.097398302721107e14 0 0 0
43 47 2.599344420634815e14 2.599344420634815e14 0 0 0
44 47 1.4277534758227788e14 1.4277534758227788e14 0 0 0
45 47 2.0413036268323862e14 2.0413036268323862e14 0 0 0
46 47 3.596306034903544e14 3.596306034903544e14 0 0 0
47 47 8.683470634467442e14 8.683470634467442e14 0 0 0
48 47 3.6802615877664456e14 3.6802615877664456e14 0 0 0
49 47 1.9203632894225844e14 1.9203632894225844e14 0 0 0
40 48 6.550662526032396e14 6.550662526032396e14 0 0 0
41 48 7.529281790435992e14 7.529281790435992e14 0 0 0
42 48 1.1307281344475419e14 1.1307281344475419e14 0 0 0
43 48 2.6973068573874834e14 2.6973068573874834e14 0 0 0
44 48 3.978012565509826e14 3.978012565509826e14 0 0 0
45 48 7.984118695007829e14 7.984118695007829e14 0 0 0
46 48 9.121821434838576e14 9.121821434838576e14 0 0 0
47 48 5.766951231642104e14 5.766951231642104e14 0 0 0
48 48 2.7491922065499734e14 2.7491922065499734e14 0 0 0
49 48 8.60323098042935e14 8.60323098042935e14 0 0 0
40 49 1.1442500783412022e15 1.1442500783412022e15 0 0 0
41 49 3.8641660866539825e14 3.8641660866539825e14 0 0 0
42 49 5.134559556729744e14 5.134559556729744e14 0 0 0
43 49 5.970616315648248e14 5.970616315648248e14 0 0 0
44 49 4.4982059484480306e14 4.4982059484480306e14 0 0 0
45 49 1.9190784749503547e14 1.9190784749503547e14 0 0 0
46 49 9.073773643547991e14 9.073773643547991e14 0 0 0
47 49 3.719057237398305e14 3.719057237398305e14 0 0 0
48 49 8.967143007707606e14 8.967143007707606e14 0 0 0
49 49 2.714317369860276e14 2.714317369860276e14 0 0 0
