0 0 6.649006173043276e9 6.649006173043276e9 0 0 0
1 0 9.019998247481342e9 9.019998247481342e9 0 0 0
2 0 2.4510250705729687e10 2.4510250705729687e10 0 0 0
3 0 3.1513536416843243e10 3.1513536416843243e10 0 0 0
4 0 7.904340398939453e10 7.904340398939453e10 0 0 0
5 0 1.3174472924223857e11 1.3174472924223857e11 0 0 0
6 0 2.2544792452484637e11 2.2544792452484637e11 0 0 0
7 0 3.0105743424187585e11 3.0105743424187585e11 0 0 0
8 0 3.9271193884352325e11 3.9271193884352325e11 0 0 0
9 0 4.616765926118919e11 4.616765926118919e11 0 0 0
0 1 3.742109175030934e10 3.742109175030934e10 0 0 0
1 1 7.658249593981041e10 7.658249593981041e10 0 0 0
2 1 1.4874542982020743e11 1.4874542982020743e11 0 0 0
3 1 2.4820762629228442e11 2.4820762629228442e11 0 0 0
4 1 4.5827859295616095e11 4.5827859295616095e11 0 0 0
5 1 6.84124434714798e11 6.84124434714798e11 0 0 0
6 1 1.0429302892375525e12 1.0429302892375525e12 0 0 0
7 1 1.2085750725671763e12 1.2085750725671763e12 0 0 0
8 1 2.5253386491930063e12 2.5253386491930063e12 0 0 0
9 1 1.103987768522192e13 1.103987768522192e13 0 0 0
0 2 1.2380840408769894e11 1.2380840408769894e11 0 0 0
1 2 2.3655113769101755e11 2.3655113769101755e11 0 0 0
2 2 3.545479793098711e11 3.545479793098711e11 0 0 0
3 2 5.887839345017054e11 5.887839345017054e11 0 0 0
4 2 9.129423142333103e11 9.129423142333103e11 0 0 0
5 2 2.609543197904736e12 2.609543197904736e12 0 0 0
6 2 1.6542011959713314e13 1.6542011959713314e13 0 0 0
7 2 7.258682604476873e13 7.258682604476873e13 0 0 0
8 2 3.1225080250267242e13 3.1225080250267242e13 0 0 0
9 2 9.869047160176538e13 9.869047160176538e13 0 0 0
0 3 2.062170558672339e11 2.062170558672339e11 0 0 0
1 3 4.024015421271772e11 4.024015421271772e11 0 0 0
2 3 7.038615636715826e11 7.038615636715826e11 0 0 0
3 3 1.780548317139142e12 1.780548317139142e12 0 0 0
4 3 6.692395594810481e12 6.692395594810481e12 0 0 0
5 3 3.266625565880001e13 3.266625565880001e13 0 0 0
6 3 7.996041935850389e13 7.996041935850389e13 0 0 0
7 3 2.851105465740532e14 2.851105465740532e14 0 0 0
8 3 7.787284286130581e14 7.787284286130581e14 0 0 0
9 3 1.2178257982257095e15 1.2178257982257095e15 0 0 0
0 4 2.455022588245543e12 2.455022588245543e12 0 0 0
1 4 1.7211124970353025e13 1.7211124970353025e13 0 0 0
2 4 4.619529590555385e13 4.619529590555385e13 0 0 0
3 4 1.46038698195541e14 1.46038698195541e14 0 0 0
4 4 3.746053645184737e14 3.746053645184737e14 0 0 0
5 4 7.066677842672344e14 7.066677842672344e14 0 0 0
6 4 1.23147237246924e15 1.23147237246924e15 0 0 0
7 4 1.9098654014915745e15 1.9098654014915745e15 0 0 0
8 4 2.834871450714008e15 2.834871450714008e15 0 0 0
9 4 3.9798104924282385e15 3.9798104924282385e15 0 0 0
0 5 5.767037113397816e13 5.767037113397816e13 0 0 0
1 5 1.3826367001921217e14 1.3826367001921217e14 0 0 0
2 5 3.033439436455605e14 3.033439436455605e14 0 0 0
3 5 7.074872629581351e14 7.074872629581351e14 0 0 0
4 5 1.1317288817543068e15 1.1317288817543068e15 0 0 0
5 5 1.7586216834815295e15 1.7586216834815295e15 0 0 0
6 5 3.014535267986333e15 3.014535267986333e15 0 0 0
7 5 3.5827679746866555e15 3.5827679746866555e15 0 0 0
8 5 5.069392186553162e15 5.069392186553162e15 0 0 0
9 5 5.66625380463607e15 5.66625380463607e15 0 0 0
0 6 2.7672693009067072e14 2.7672693009067072e14 0 0 0
1 6 5.776019103375344e14 5.776019103375344e14 0 0 0
2 6 1.6099161363803692e15 1.6099161363803692e15 0 0 0
3 6 2.9453262772035005e15 2.9453262772035005e15 0 0 0
4 6 4.504954951810776e15 4.504954951810776e15 0 0 0
5 6 6.056341453351537e15 6.056341453351537e15 0 0 0
6 6 5.837391649772922e15 5.837391649772922e15 0 0 0
7 6 7.21233033939479e15 7.21233033939479e15 0 0 0
8 6 9.014793217667404e15 9.014793217667404e15 0 0 0
9 6 1.3709083889104594e16 1.3709083889104594e16 0 0 0
0 7 7.56533867768745e14 7.56533867768745e14 0 0 0
1 7 2.0191047206056765e15 2.0191047206056765e15 0 0 0
2 7 4.489663698448538e15 4.489663698448538e15 0 0 0
3 7 6.909950437601644e15 6.909950437601644e15 0 0 0
4 7 1.1242652101299082e16 1.1242652101299082e16 0 0 0
5 7 2.0226637899625096e16 2.0226637899625096e16 0 0 0
6 7 2.6631941090931932e16 2.6631941090931932e16 0 0 0
7 7 3.2658687396429456e16 3.2658687396429456e16 0 0 0
8 7 4.98609398533975e16 4.98609398533975e16 0 0 0
9 7 6.511864687987136e16 6.511864687987136e16 0 0 0
0 8 4.3914255855853735e15 4.3914255855853735e15 0 0 0
1 8 8.739476459597039e15 8.739476459597039e15 0 0 0
2 8 1.29482194007586e16 1.29482194007586e16 0 0 0
3 8 2.812070568161748e16 2.812070568161748e16 0 0 0
4 8 4.094408560390178e16 4.094408560390178e16 0 0 0
5 8 5.668048595987405e16 5.668048595987405e16 0 0 0
6 8 7.786853130683566e16 7.786853130683566e16 0 0 0
7 8 9.87333762578699e16 9.87333762578699e16 0 0 0
8 8 8.143058196854886e16 8.143058196854886e16 0 0 0
9 8 6.967127079605239e16 6.967127079605239e16 0 0 0
0 9 1.9515559837522216e16 1.9515559837522216e16 0 0 0
1 9 2.988930257097032e16 2.988930257097032e16 0 0 0
2 9 6.297669435854277e16 6.297669435854277e16 0 0 0
3 9 7.868635062517075e16 7.868635062517075e16 0 0 0
4 9 6.763583196846005e16 6.763583196846005e16 0 0 0
5 9 1.0082685333974317e17 1.0082685333974317e17 0 0 0
6 9 9.365234934669997e16 9.365234934669997e16 0 0 0
7 9 1.3425420307501749e17 1.3425420307501749e17 0 0 0
8 9 1.3610246684534918e17 1.3610246684534918e17 0 0 0
9 9 2.0104900692375024e17 2.0104900692375024e17 0 0 0
10 0 5.140034162604912e11 5.140034162604912e11 0 0 0
11 0 6.122581266653032e11 6.122581266653032e11 0 0 0
12 0 4.0032695635878433e12 4.0032695635878433e12 0 0 0
13 0 1.6017598199922963e13 1.6017598199922963e13 0 0 0
14 0 2.6216769658234985e12 2.6216769658234985e12 0 0 0
15 0 7.025862124838374e12 7.025862124838374e12 0 0 0
16 0 6.08341640877852e13 6.08341640877852e13 0 0 0
17 0 1.9251060824947122e14 1.9251060824947122e14 0 0 0
18 0 7.012816935291226e14 7.012816935291226e14 0 0 0
19 0 9.919851552785909e14 9.919851552785909e14 0 0 0
10 1 4.648700795405982e13 4.648700795405982e13 0 0 0
11 1 2.605727885564643e14 2.605727885564643e14 0 0 0
12 1 5.034968110925822e13 5.034968110925822e13 0 0 0
13 1 1.734870319801141e14 1.734870319801141e14 0 0 0
14 1 5.954587166192575e14 5.954587166192575e14 0 0 0
15 1 9.395709249630896e14 9.395709249630896e14 0 0 0
16 1 1.4833145446221098e15 1.4833145446221098e15 0 0 0
17 1 2.6301005321816475e15 2.6301005321816475e15 0 0 0
18 1 3.5687507000335345e15 3.5687507000335345e15 0 0 0
19 1 4.648337268037548e15 4.648337268037548e15 0 0 0
10 2 3.540042256637981e14 3.540042256637981e14 0 0 0
11 2 7.572967454967842e14 7.572967454967842e14 0 0 0
12 2 1.0544826734661582e15 1.0544826734661582e15 0 0 0
13 2 2.021639931376069e15 2.021639931376069e15 0 0 0
14 2 2.7449001697961975e15 2.7449001697961975e15 0 0 0
15 2 3.945763340408276e15 3.945763340408276e15 0 0 0
16 2 4.730318426462547e15 4.730318426462547e15 0 0 0
17 2 6.271883268883433e15 6.271883268883433e15 0 0 0
18 2 5.09074042333072e15 5.09074042333072e15 0 0 0
19 2 7.056516624463459e15 7.056516624463459e15 0 0 0
10 3 2.119603237350642e15 2.119603237350642e15 0 0 0
11 3 2.8661453685432195e15 2.8661453685432195e15 0 0 0
12 3 3.567880086183134e15 3.567880086183134e15 0 0 0
13 3 5.158523883522999e15 5.158523883522999e15 0 0 0
14 3 4.085937645005052e15 4.085937645005052e15 0 0 0
15 3 5.302077966406867e15 5.302077966406867e15 0 0 0
16 3 6.872554863197967e15 6.872554863197967e15 0 0 0
17 3 8.524523141066115e15 8.524523141066115e15 0 0 0
18 3 1.0784884530302182e16 1.0784884530302182e16 0 0 0
19 3 1.3946549352742658e16 1.3946549352742658e16 0 0 0
10 4 2.7211204021486655e15 2.7211204021486655e15 0 0 0
11 4 3.71464630880325e15 3.71464630880325e15 0 0 0
12 4 5.070640453575104e15 5.070640453575104e15 0 0 0
13 4 6.533740344704328e15 6.533740344704328e15 0 0 0
14 4 8.766619429451809e15 8.766619429451809e15 0 0 0
15 4 1.1136632512054034e16 1.1136632512054034e16 0 0 0
16 4 1.3820978104211544e16 1.3820978104211544e16 0 0 0
17 4 1.691583702868333e16 1.691583702868333e16 0 0 0
18 4 2.1255411604889532e16 2.1255411604889532e16 0 0 0
19 4 2.8475967891628296e16 2.8475967891628296e16 0 0 0
10 5 7.978192805653121e15 7.978192805653121e15 0 0 0
11 5 1.028519767027463e16 1.028519767027463e16 0 0 0
12 5 1.2059851609377974e16 1.2059851609377974e16 0 0 0
13 5 1.7742742232222592e16 1.7742742232222592e16 0 0 0
14 5 2.459999234652598e16 2.459999234652598e16 0 0 0
15 5 3.3031651587609172e16 3.3031651587609172e16 0 0 0
16 5 4.115818987829258e16 4.115818987829258e16 0 0 0
17 5 3.044745859100575e16 3.044745859100575e16 0 0 0
18 5 4.065508224889413e16 4.065508224889413e16 0 0 0
19 5 4.680852354593288e16 4.680852354593288e16 0 0 0
10 6 1.6552252395226296e16 1.6552252395226296e16 0 0 0
11 6 1.9634457719865228e16 1.9634457719865228e16 0 0 0
12 6 2.513042018312911e16 2.513042018312911e16 0 0 0
13 6 4.3141660130586776e16 4.3141660130586776e16 0 0 0
14 6 5.962376635767319e16 5.962376635767319e16 0 0 0
15 6 7.223747080374437e16 7.223747080374437e16 0 0 0
16 6 8.885661322946168e16 8.885661322946168e16 0 0 0
17 6 7.402349817062998e16 7.402349817062998e16 0 0 0
18 6 9.232656150845077e16 9.232656150845077e16 0 0 0
19 6 1.043077186305295e17 1.043077186305295e17 0 0 0
10 7 7.812608008460851e16 7.812608008460851e16 0 0 0
11 7 1.0264089260351541e17 1.0264089260351541e17 0 0 0
12 7 9.069962647759598e16 9.069962647759598e16 0 0 0
13 7 1.1718293220816434e17 1.1718293220816434e17 0 0 0
14 7 9.096825486945709e16 9.096825486945709e16 0 0 0
15 7 1.2170410422735557e17 1.2170410422735557e17 0 0 0
16 7 8.717284060080437e16 8.717284060080437e16 0 0 0
17 7 1.0536552494872808e17 1.0536552494872808e17 0 0 0
18 7 8.183002119193946e16 8.183002119193946e16 0 0 0
19 7 9.945886002319174e16 9.945886002319174e16 0 0 0
10 8 8.43388731752718e16 8.43388731752718e16 0 0 0
11 8 1.180063590763544e17 1.180063590763544e17 0 0 0
12 8 1.0221335701934691e17 1.0221335701934691e17 0 0 0
13 8 1.4608355062715677e17 1.4608355062715677e17 0 0 0
14 8 1.303014371917742e17 1.303014371917742e17 0 0 0
15 8 1.6453813583517302e17 1.6453813583517302e17 0 0 0
16 8 1.991389165122984e17 1.991389165122984e17 0 0 0
17 8 1.7979336326758816e17 1.7979336326758816e17 0 0 0
18 8 1.9936911098402518e17 1.9936911098402518e17 0 0 0
19 8 2.2917489895204726e17 2.2917489895204726e17 0 0 0
10 9 2.0468323731179728e17 2.0468323731179728e17 0 0 0
11 9 3.0164129820030515e17 3.0164129820030515e17 0 0 0
12 9 3.2888305223553e17 3.2888305223553e17 0 0 0
13 9 3.593441244764981e17 3.593441244764981e17 0 0 0
14 9 5.7079244330612115e17 5.7079244330612115e17 0 0 0
15 9 6.366745596606743e17 6.366745596606743e17 0 0 0
16 9 6.66961449037388e17 6.66961449037388e17 0 0 0
17 9 7.960988496354356e17 7.960988496354356e17 0 0 0
18 9 1.0455153706645427e18 1.0455153706645427e18 0 0 0
19 9 1.0182289352002228e18 1.0182289352002228e18 0 0 0
20 0 1.414019863361528e15 1.414019863361528e15 0 0 0
21 0 5.949537289674999e14 5.949537289674999e14 0 0 0
22 0 1.2849016135844765e15 1.2849016135844765e15 0 0 0
23 0 1.8325462081815618e15 1.8325462081815618e15 0 0 0
24 0 2.577261731370263e15 2.577261731370263e15 0 0 0
25 0 3.856281706838324e15 3.856281706838324e15 0 0 0
26 0 2.0056909281593068e15 2.0056909281593068e15 0 0 0
27 0 3.07306939814028e15 3.07306939814028e15 0 0 0
28 0 3.895092576813962e15 3.895092576813962e15 0 0 0
29 0 4.811230159320809e15 4.811230159320809e15 0 0 0
20 1 3.4386592749321305e15 3.4386592749321305e15 0 0 0
21 1 5.147150159495147e15 5.147150159495147e15 0 0 0
22 1 6.182290644044567e15 6.182290644044567e15 0 0 0
23 1 7.488086508577564e15 7.488086508577564e15 0 0 0
24 1 9.009988526293974e15 9.009988526293974e15 0 0 0
25 1 1.0607249623755162e16 1.0607249623755162e16 0 0 0
26 1 8.360642726827394e15 8.360642726827394e15 0 0 0
27 1 9.361621924362794e15 9.361621924362794e15 0 0 0
28 1 1.070836346463899e16 1.070836346463899e16 0 0 0
29 1 1.1949517174457998e16 1.1949517174457998e16 0 0 0
20 2 8.615986766654208e15 8.615986766654208e15 0 0 0
21 2 1.0806156785490554e16 1.0806156785490554e16 0 0 0
22 2 1.304278380158672e16 1.304278380158672e16 0 0 0
23 2 1.5012566074962424e16 1.5012566074962424e16 0 0 0
24 2 1.2788540499594358e16 1.2788540499594358e16 0 0 0
25 2 1.401091127064529e16 1.401091127064529e16 0 0 0
26 2 1.7043581596083726e16 1.7043581596083726e16 0 0 0
27 2 1.7922504672051442e16 1.7922504672051442e16 0 0 0
28 2 1.959802774165753e16 1.959802774165753e16 0 0 0
29 2 2.183666434756169e16 2.183666434756169e16 0 0 0
20 3 1.649321071449554e16 1.649321071449554e16 0 0 0
21 3 1.8369734304683412e16 1.8369734304683412e16 0 0 0
22 3 1.636595387521556e16 1.636595387521556e16 0 0 0
23 3 1.9370148782346156e16 1.9370148782346156e16 0 0 0
24 3 2.3471937764404468e16 2.3471937764404468e16 0 0 0
25 3 2.6519249787593416e16 2.6519249787593416e16 0 0 0
26 3 2.9805911820247536e16 2.9805911820247536e16 0 0 0
27 3 3.2155512943079092e16 3.2155512943079092e16 0 0 0
28 3 3.5729024656702044e16 3.5729024656702044e16 0 0 0
29 3 3.5981410851472776e16 3.5981410851472776e16 0 0 0
20 4 2.0328382250873652e16 2.0328382250873652e16 0 0 0
21 4 2.398819464839971e16 2.398819464839971e16 0 0 0
22 4 2.764195597153376e16 2.764195597153376e16 0 0 0
23 4 3.5036438049225228e16 3.5036438049225228e16 0 0 0
24 4 3.655579127833594e16 3.655579127833594e16 0 0 0
25 4 4.397387239142443e16 4.397387239142443e16 0 0 0
26 4 5.1250105297540296e16 5.1250105297540296e16 0 0 0
27 4 5.585668011001745e16 5.585668011001745e16 0 0 0
28 4 4.194843005578484e16 4.194843005578484e16 0 0 0
29 4 4.508974595979289e16 4.508974595979289e16 0 0 0
20 5 5.31870783531548e16 5.31870783531548e16 0 0 0
21 5 6.3298081711446584e16 6.3298081711446584e16 0 0 0
22 5 7.1642880499695096e16 7.1642880499695096e16 0 0 0
23 5 7.538906395587888e16 7.538906395587888e16 0 0 0
24 5 8.685109518601931e16 8.685109518601931e16 0 0 0
25 5 9.126676128974506e16 9.126676128974506e16 0 0 0
26 5 7.032337218909539e16 7.032337218909539e16 0 0 0
27 5 7.583220274498048e16 7.583220274498048e16 0 0 0
28 5 8.098921908681453e16 8.098921908681453e16 0 0 0
29 5 8.07017229278544e16 8.07017229278544e16 0 0 0
20 6 1.1662677314949064e17 1.1662677314949064e17 0 0 0
21 6 8.352187685003338e16 8.352187685003338e16 0 0 0
22 6 9.695854369989189e16 9.695854369989189e16 0 0 0
23 6 1.0477268820404155e17 1.0477268820404155e17 0 0 0
24 6 1.1032414507804024e17 1.1032414507804024e17 0 0 0
25 6 1.151716076055206e17 1.151716076055206e17 0 0 0
26 6 1.2186655536142022e17 1.2186655536142022e17 0 0 0
27 6 1.2531948135205411e17 1.2531948135205411e17 0 0 0
28 6 1.2866324618422448e17 1.2866324618422448e17 0 0 0
29 6 1.2484277700855906e17 1.2484277700855906e17 0 0 0
20 7 1.1134261907096198e17 1.1134261907096198e17 0 0 0
21 7 1.2720869521810203e17 1.2720869521810203e17 0 0 0
22 7 1.362679369860737e17 1.362679369860737e17 0 0 0
23 7 1.4533048955413366e17 1.4533048955413366e17 0 0 0
24 7 1.4233172346487357e17 1.4233172346487357e17 0 0 0
25 7 1.4548560775851466e17 1.4548560775851466e17 0 0 0
26 7 1.5345613480460272e17 1.5345613480460272e17 0 0 0
27 7 2.045622155172469e17 2.045622155172469e17 0 0 0
28 7 1.4521415483610925e17 1.4521415483610925e17 0 0 0
29 7 1.953887000697006e17 1.953887000697006e17 0 0 0
20 8 1.8201717755993136e17 1.8201717755993136e17 0 0 0
21 8 2.006314745542156e17 2.006314745542156e17 0 0 0
22 8 2.0117020139474915e17 2.0117020139474915e17 0 0 0
23 8 1.954239560225944e17 1.954239560225944e17 0 0 0
24 8 1.7944902800197488e17 1.7944902800197488e17 0 0 0
25 8 1.665195757903046e17 1.665195757903046e17 0 0 0
26 8 1.5141281902423584e17 1.5141281902423584e17 0 0 0
27 8 2.062899436670793e17 2.062899436670793e17 0 0 0
28 8 1.9338939385539226e17 1.9338939385539226e17 0 0 0
29 8 1.8571520087964608e17 1.8571520087964608e17 0 0 0
20 9 9.81385887457571e17 9.81385887457571e17 0 0 0
21 9 1.1330288131561371e18 1.1330288131561371e18 0 0 0
22 9 1.1205712024509559e18 1.1205712024509559e18 0 0 0
23 9 1.0611518265210111e18 1.0611518265210111e18 0 0 0
24 9 1.0678771649578776e18 1.0678771649578776e18 0 0 0
25 9 9.345933216496266e17 9.345933216496266e17 0 0 0
26 9 7.911614132509915e17 7.911614132509915e17 0 0 0
27 9 6.012728584429946e17 6.012728584429946e17 0 0 0
28 9 4.6664087206689574e17 4.6664087206689574e17 0 0 0
29 9 4.048366539873007e17 4.048366539873007e17 0 0 0
30 0 2.6923470758855915e15 2.6923470758855915e15 0 0 0
31 0 3.0390525144738245e15 3.0390525144738245e15 0 0 0
32 0 5.109005995708286e15 5.109005995708286e15 0 0 0
33 0 6.926570539009434e15 6.926570539009434e15 0 0 0
34 0 3.553156979949359e15 3.553156979949359e15 0 0 0
35 0 4.753532062951695e15 4.753532062951695e15 0 0 0
36 0 7.180970272401288e15 7.180970272401288e15 0 0 0
37 0 2.7990387259878625e15 2.7990387259878625e15 0 0 0
38 0 4.951393605034613e15 4.951393605034613e15 0 0 0
39 0 7.387124959835937e15 7.387124959835937e15 0 0 0
30 1 8.231429511906784e15 8.231429511906784e15 0 0 0
31 1 1.0360796517931778e16 1.0360796517931778e16 0 0 0
32 1 1.1669445419322418e16 1.1669445419322418e16 0 0 0
33 1 1.424238272916172e16 1.424238272916172e16 0 0 0
34 1 9.854870934462836e15 9.854870934462836e15 0 0 0
35 1 1.2563762411005274e16 1.2563762411005274e16 0 0 0
36 1 7.586826381731467e15 7.586826381731467e15 0 0 0
37 1 9.757515618677424e15 9.757515618677424e15 0 0 0
38 1 1.3172509519178834e16 1.3172509519178834e16 0 0 0
39 1 7.63847504287311e15 7.63847504287311e15 0 0 0
30 2 1.7080559312315628e16 1.7080559312315628e16 0 0 0
31 2 1.897647663283021e16 1.897647663283021e16 0 0 0
32 2 2.1035088299319732e16 2.1035088299319732e16 0 0 0
33 2 2.390622278296004e16 2.390622278296004e16 0 0 0
34 2 1.7984832175325024e16 1.7984832175325024e16 0 0 0
35 2 2.0301768249356904e16 2.0301768249356904e16 0 0 0
36 2 1.5139375032647984e16 1.5139375032647984e16 0 0 0
37 2 1.6964395568065848e16 1.6964395568065848e16 0 0 0
38 2 1.3412609137596248e16 1.3412609137596248e16 0 0 0
39 2 1.538927627332264e16 1.538927627332264e16 0 0 0
30 3 3.036156591010106e16 3.036156591010106e16 0 0 0
31 3 3.1752973007775656e16 3.1752973007775656e16 0 0 0
32 3 3.2830754835680452e16 3.2830754835680452e16 0 0 0
33 3 3.467138989182271e16 3.467138989182271e16 0 0 0
34 3 2.6881541117443224e16 2.6881541117443224e16 0 0 0
35 3 2.160581134988506e16 2.160581134988506e16 0 0 0
36 3 2.252393308299397e16 2.252393308299397e16 0 0 0
37 3 2.5234279560903676e16 2.5234279560903676e16 0 0 0
38 3 1.8952428917360224e16 1.8952428917360224e16 0 0 0
39 3 1.4690107733933182e16 1.4690107733933182e16 0 0 0
30 4 4.504543143880309e16 4.504543143880309e16 0 0 0
31 4 4.885019398904445e16 4.885019398904445e16 0 0 0
32 4 5.163358313574166e16 5.163358313574166e16 0 0 0
33 4 4.0469572405733736e16 4.0469572405733736e16 0 0 0
34 4 4.1161012324412216e16 4.1161012324412216e16 0 0 0
35 4 3.3052052392344652e16 3.3052052392344652e16 0 0 0
36 4 3.4065533095552764e16 3.4065533095552764e16 0 0 0
37 4 3.65641007209034e16 3.65641007209034e16 0 0 0
38 4 2.914554038898027e16 2.914554038898027e16 0 0 0
39 4 2.4367512188533988e16 2.4367512188533988e16 0 0 0
30 5 8.617117616545749e16 8.617117616545749e16 0 0 0
31 5 5.936588114979139e16 5.936588114979139e16 0 0 0
32 5 6.044169319266078e16 6.044169319266078e16 0 0 0
33 5 6.1155821395896456e16 6.1155821395896456e16 0 0 0
34 5 4.7398810703548184e16 4.7398810703548184e16 0 0 0
35 5 5.1971843216930104e16 5.1971843216930104e16 0 0 0
36 5 5.231013170351937e16 5.231013170351937e16 0 0 0
37 5 5.266810443183645e16 5.266810443183645e16 0 0 0
38 5 4.236738361410848e16 4.236738361410848e16 0 0 0
39 5 3.41005962719189e16 3.41005962719189e16 0 0 0
30 6 1.2446969278238397e17 1.2446969278238397e17 0 0 0
31 6 1.1999901693859171e17 1.1999901693859171e17 0 0 0
32 6 8.286977584165285e16 8.286977584165285e16 0 0 0
33 6 7.928834815058346e16 7.928834815058346e16 0 0 0
34 6 7.73435079815703e16 7.73435079815703e16 0 0 0
35 6 5.800098999419064e16 5.800098999419064e16 0 0 0
36 6 5.880666587476737e16 5.880666587476737e16 0 0 0
37 6 5.986301936464018e16 5.986301936464018e16 0 0 0
38 6 6.039756325811937e16 6.039756325811937e16 0 0 0
39 6 6.153256934338728e16 6.153256934338728e16 0 0 0
30 7 1.381297005576603e17 1.381297005576603e17 0 0 0
31 7 1.853945237830453e17 1.853945237830453e17 0 0 0
32 7 1.7109626152553453e17 1.7109626152553453e17 0 0 0
33 7 1.603930887732182e17 1.603930887732182e17 0 0 0
34 7 1.065879088367102e17 1.065879088367102e17 0 0 0
35 7 9.677037816904142e16 9.677037816904142e16 0 0 0
36 7 8.912408988848904e16 8.912408988848904e16 0 0 0
37 7 8.639824154554384e16 8.639824154554384e16 0 0 0
38 7 8.62440238224678e16 8.62440238224678e16 0 0 0
39 7 8.523085424346477e16 8.523085424346477e16 0 0 0
30 8 2.4604760626412205e17 2.4604760626412205e17 0 0 0
31 8 2.3099455820022874e17 2.3099455820022874e17 0 0 0
32 8 2.0524986316781526e17 2.0524986316781526e17 0 0 0
33 8 1.9700311724682554e17 1.9700311724682554e17 0 0 0
34 8 2.336218982535423e17 2.336218982535423e17 0 0 0
35 8 2.0605749784068016e17 2.0605749784068016e17 0 0 0
36 8 1.7834726732584854e17 1.7834726732584854e17 0 0 0
37 8 1.525764937690021e17 1.525764937690021e17 0 0 0
38 8 1.366401834429179e17 1.366401834429179e17 0 0 0
39 8 9.096115678989099e16 9.096115678989099e16 0 0 0
30 9 2.9515870516273555e17 2.9515870516273555e17 0 0 0
31 9 2.3469372118385898e17 2.3469372118385898e17 0 0 0
32 9 2.895880785392583e17 2.895880785392583e17 0 0 0
33 9 3.3714647688229126e17 3.3714647688229126e17 0 0 0
34 9 3.00951543978751e17 3.00951543978751e17 0 0 0
35 9 3.3747491055065683e17 3.3747491055065683e17 0 0 0
36 9 2.8702499308251082e17 2.8702499308251082e17 0 0 0
37 9 3.2356806112147955e17 3.2356806112147955e17 0 0 0
38 9 2.7851103302428688e17 2.7851103302428688e17 0 0 0
39 9 1.735170990637263e17 1.735170990637263e17 0 0 0
40 0 2.6317762416840615e15 2.6317762416840615e15 0 0 0
41 0 3.798154730873681e15 3.798154730873681e15 0 0 0
42 0 1.3660676319903625e15 1.3660676319903625e15 0 0 0
43 0 1.9194104712740508e15 1.9194104712740508e15 0 0 0
44 0 3.7280451456311856e14 3.7280451456311856e14 0 0 0
45 0 3.9597460909257744e14 3.9597460909257744e14 0 0 0
46 0 7.903782641131417e12 7.903782641131417e12 0 0 0
47 0 2.045830318086267e13 2.045830318086267e13 0 0 0
48 0 6.12968317733608e11 6.12968317733608e11 0 0 0
49 0 3.343176272012918e12 3.343176272012918e12 0 0 0
40 1 1.102668300766799e16 1.102668300766799e16 0 0 0
41 1 1.1294036805990974e16 1.1294036805990974e16 0 0 0
42 1 5.903207987854815e15 5.903207987854815e15 0 0 0
43 1 6.545716920881002e15 6.545716920881002e15 0 0 0
44 1 7.858780249509947e15 7.858780249509947e15 0 0 0
45 1 3.703194967663286e15 3.703194967663286e15 0 0 0
46 1 4.384421634370783e15 4.384421634370783e15 0 0 0
47 1 8.764858640590591e14 8.764858640590591e14 0 0 0
48 1 1.0215528379973365e15 1.0215528379973365e15 0 0 0
49 1 1.2500828593019858e14 1.2500828593019858e14 0 0 0
40 2 1.060217232727457e16 1.060217232727457e16 0 0 0
41 2 1.2564863926653784e16 1.2564863926653784e16 0 0 0
42 2 1.4050356132664522e16 1.4050356132664522e16 0 0 0
43 2 9.172589184480354e15 9.172589184480354e15 0 0 0
44 2 1.0683403054116922e16 1.0683403054116922e16 0 0 0
45 2 1.1167662922261908e16 1.1167662922261908e16 0 0 0
46 2 5.331315959292126e15 5.331315959292126e15 0 0 0
47 2 5.794088132383716e15 5.794088132383716e15 0 0 0
48 2 7.233124310792819e15 7.233124310792819e15 0 0 0
49 2 2.0973145660893512e15 2.0973145660893512e15 0 0 0
40 3 1.740797341345221e16 1.740797341345221e16 0 0 0
41 3 1.381204915301842e16 1.381204915301842e16 0 0 0
42 3 1.5975820755188814e16 1.5975820755188814e16 0 0 0
43 3 1.800659993832265e16 1.800659993832265e16 0 0 0
44 3 1.2945249528098618e16 1.2945249528098618e16 0 0 0
45 3 1.3638660561540622e16 1.3638660561540622e16 0 0 0
46 3 1.5631566554051822e16 1.5631566554051822e16 0 0 0
47 3 8.800361655620273e15 8.800361655620273e15 0 0 0
48 3 9.659613329012286e15 9.659613329012286e15 0 0 0
49 3 4.835643766996823e15 4.835643766996823e15 0 0 0
40 4 2.5588471948450764e16 2.5588471948450764e16 0 0 0
41 4 2.0793048371295252e16 2.0793048371295252e16 0 0 0
42 4 2.423964983357869e16 2.423964983357869e16 0 0 0
43 4 1.8864083163559612e16 1.8864083163559612e16 0 0 0
44 4 2.083319801887774e16 2.083319801887774e16 0 0 0
45 4 2.3047578812371956e16 2.3047578812371956e16 0 0 0
46 4 2.51290896360445e16 2.51290896360445e16 0 0 0
47 4 1.85395236715911e16 1.85395236715911e16 0 0 0
48 4 1.332244378011916e16 1.332244378011916e16 0 0 0
49 4 1.434307041574309e16 1.434307041574309e16 0 0 0
40 5 3.7153412000597144e16 3.7153412000597144e16 0 0 0
41 5 2.9753777493477748e16 2.9753777493477748e16 0 0 0
42 5 3.1172488267702224e16 3.1172488267702224e16 0 0 0
43 5 2.6038802750561624e16 2.6038802750561624e16 0 0 0
44 5 2.8035674791443456e16 2.8035674791443456e16 0 0 0
45 5 3.201367668359013e16 3.201367668359013e16 0 0 0
46 5 2.614378808279836e16 2.614378808279836e16 0 0 0
47 5 3.008948546858708e16 3.008948546858708e16 0 0 0
48 5 2.270903891115055e16 2.270903891115055e16 0 0 0
49 5 2.4534648064898228e16 2.4534648064898228e16 0 0 0
40 6 4.966618125655995e16 4.966618125655995e16 0 0 0
41 6 5.1973828000410504e16 5.1973828000410504e16 0 0 0
42 6 4.246745397995551e16 4.246745397995551e16 0 0 0
43 6 4.467053571408647e16 4.467053571408647e16 0 0 0
44 6 3.631651146968941e16 3.631651146968941e16 0 0 0
45 6 4.074769375254902e16 4.074769375254902e16 0 0 0
46 6 3.43014905197566e16 3.43014905197566e16 0 0 0
47 6 3.864089136274293e16 3.864089136274293e16 0 0 0
48 6 3.198001270960489e16 3.198001270960489e16 0 0 0
49 6 3.632445678832784e16 3.632445678832784e16 0 0 0
40 7 6.714551658464453e16 6.714551658464453e16 0 0 0
41 7 6.898351857899681e16 6.898351857899681e16 0 0 0
42 7 6.729493753682279e16 6.729493753682279e16 0 0 0
43 7 5.875928619340706e16 5.875928619340706e16 0 0 0
44 7 6.152642895655226e16 6.152642895655226e16 0 0 0
45 7 4.804570649666315e16 4.804570649666315e16 0 0 0
46 7 5.204340826152781e16 5.204340826152781e16 0 0 0
47 7 4.6660199019775064e16 4.6660199019775064e16 0 0 0
48 7 4.1441603867931656e16 4.1441603867931656e16 0 0 0
49 7 4.6311466045443576e16 4.6311466045443576e16 0 0 0
40 8 8.75867208004597e16 8.75867208004597e16 0 0 0
41 8 8.190786458718478e16 8.190786458718478e16 0 0 0
42 8 6.9620670989117496e16 6.9620670989117496e16 0 0 0
43 8 7.160804818153007e16 7.160804818153007e16 0 0 0
44 8 7.38065590262026e16 7.38065590262026e16 0 0 0
45 8 6.1912623165296136e16 6.1912623165296136e16 0 0 0
46 8 6.544279638296963e16 6.544279638296963e16 0 0 0
47 8 5.503506039433283e16 5.503506039433283e16 0 0 0
48 8 5.816420027332946e16 5.816420027332946e16 0 0 0
49 8 5.131771721815293e16 5.131771721815293e16 0 0 0
40 9 1.4310749296234202e17 1.4310749296234202e17 0 0 0
41 9 1.1610871185249682e17 1.1610871185249682e17 0 0 0
42 9 1.0886893620014338e17 1.0886893620014338e17 0 0 0
43 9 8.42561150755516e16 8.42561150755516e16 0 0 0
44 9 8.614445012336344e16 8.614445012336344e16 0 0 0
45 9 6.852280687004837e16 6.852280687004837e16 0 0 0
46 9 7.462024558939146e16 7.462024558939146e16 0 0 0
47 9 7.598096752120254e16 7.598096752120254e16 0 0 0
48 9 6.636765121451608e16 6.636765121451608e16 0 0 0
49 9 7.3629633780609e16 7.3629633780609e16 0 0 0
50 0 3.7257019070570225e8 3.7257019070570225e8 0 0 0
51 0 1.4725778351191902e10 1.4725778351191902e10 0 0 0
52 0 1.0863246414805872e7 1.0863246414805872e7 0 0 0
53 0 8.411895182500144e6 8.411895182500144e6 0 0 0
54 0 2.0573899393976347e6 2.0573899393976347e6 0 0 0
55 0 823381.195768368 823381.195768368 0 0 0
56 0 302737.3818679772 302737.3818679772 0 0 0
57 0 125140.9369337645 125140.9369337645 0 0 0
58 0 80158.50128210975 80158.50128210975 0 0 0
59 0 28348.910046209025 28348.910046209025 0 0 0
50 1 1.8546506668499203e14 1.8546506668499203e14 0 0 0
51 1 3.192712377902653e12 3.192712377902653e12 0 0 0
52 1 1.9821673116642336e13 1.9821673116642336e13 0 0 0
53 1 8.17937104102279e10 8.17937104102279e10 0 0 0
54 1 5.2020002580766815e10 5.2020002580766815e10 0 0 0
55 1 1.4689421192835165e7 1.4689421192835165e7 0 0 0
56 1 3.5054895986693786e6 3.5054895986693786e6 0 0 0
57 1 1.8367205885550263e6 1.8367205885550263e6 0 0 0
58 1 1.38648351465e6 1.38648351465e6 0 0 0
59 1 688191.1517191725 688191.1517191725 0 0 0
50 2 2.232235455150408e15 2.232235455150408e15 0 0 0
51 2 4.143620653143064e14 4.143620653143064e14 0 0 0
52 2 4.038630825341268e14 4.038630825341268e14 0 0 0
53 2 8.039693867210308e12 8.039693867210308e12 0 0 0
54 2 6.047563819587735e12 6.047563819587735e12 0 0 0
55 2 7.799510445891327e10 7.799510445891327e10 0 0 0
56 2 2.3187015158706127e10 2.3187015158706127e10 0 0 0
57 2 2.6487054021607074e6 2.6487054021607074e6 0 0 0
58 2 1.0294315841633588e6 1.0294315841633588e6 0 0 0
59 2 507337.32817782933 507337.32817782933 0 0 0
50 3 3.513889608249013e15 3.513889608249013e15 0 0 0
51 3 3.886040446636986e15 3.886040446636986e15 0 0 0
52 3 4.1504173695518235e15 4.1504173695518235e15 0 0 0
53 3 6.991413494782145e14 6.991413494782145e14 0 0 0
54 3 5.931726327691845e14 5.931726327691845e14 0 0 0
55 3 1.0237393264593729e13 1.0237393264593729e13 0 0 0
56 3 5.881691609748739e12 5.881691609748739e12 0 0 0
57 3 2.8515780770905147e9 2.8515780770905147e9 0 0 0
58 3 5.447136188597883e8 5.447136188597883e8 0 0 0
59 3 58123.04377669708 58123.04377669708 0 0 0
50 4 6.577869857871507e15 6.577869857871507e15 0 0 0
51 4 6.67242108137488e15 6.67242108137488e15 0 0 0
52 4 5.222300747717229e15 5.222300747717229e15 0 0 0
53 4 4.676349877814346e15 4.676349877814346e15 0 0 0
54 4 4.7656545565922e15 4.7656545565922e15 0 0 0
55 4 3.164475491129847e15 3.164475491129847e15 0 0 0
56 4 3.401762832277866e14 3.401762832277866e14 0 0 0
57 4 7.99203156655314e13 7.99203156655314e13 0 0 0
58 4 1.3839887148724033e12 1.3839887148724033e12 0 0 0
59 4 9.746502189257847e7 9.746502189257847e7 0 0 0
50 5 1.6936305104610648e16 1.6936305104610648e16 0 0 0
51 5 8.4674695518724e15 8.4674695518724e15 0 0 0
52 5 8.608912576057575e15 8.608912576057575e15 0 0 0
53 5 7.876795871551624e15 7.876795871551624e15 0 0 0
54 5 6.601255598794515e15 6.601255598794515e15 0 0 0
55 5 6.491971159750708e15 6.491971159750708e15 0 0 0
56 5 5.090508876690455e15 5.090508876690455e15 0 0 0
57 5 2.0133286936763378e15 2.0133286936763378e15 0 0 0
58 5 6.9462423809269305e13 6.9462423809269305e13 0 0 0
59 5 8.318260789026221e12 8.318260789026221e12 0 0 0
50 6 2.920348204543819e16 2.920348204543819e16 0 0 0
51 6 2.0153955559752588e16 2.0153955559752588e16 0 0 0
52 6 2.4891868184272908e16 2.4891868184272908e16 0 0 0
53 6 1.2004255805242174e16 1.2004255805242174e16 0 0 0
54 6 1.0748944091701638e16 1.0748944091701638e16 0 0 0
55 6 9.187265231682844e15 9.187265231682844e15 0 0 0
56 6 6.457515589290064e15 6.457515589290064e15 0 0 0
57 6 4.639513215673867e15 4.639513215673867e15 0 0 0
58 6 4.025388450881957e15 4.025388450881957e15 0 0 0
59 6 2.4532460283120472e14 2.4532460283120472e14 0 0 0
50 7 3.884689115902249e16 3.884689115902249e16 0 0 0
51 7 3.3067876650173428e16 3.3067876650173428e16 0 0 0
52 7 2.465131829389424e16 2.465131829389424e16 0 0 0
53 7 2.668598918672952e16 2.668598918672952e16 0 0 0
54 7 2.7291514470230252e16 2.7291514470230252e16 0 0 0
55 7 1.4107429871535064e16 1.4107429871535064e16 0 0 0
56 7 1.2017080361091306e16 1.2017080361091306e16 0 0 0
57 7 6.212040803377893e15 6.212040803377893e15 0 0 0
58 7 4.759006857633127e15 4.759006857633127e15 0 0 0
59 7 4.821134481768928e15 4.821134481768928e15 0 0 0
50 8 4.489196290301735e16 4.489196290301735e16 0 0 0
51 8 3.865239186857375e16 3.865239186857375e16 0 0 0
52 8 3.5597156820599876e16 3.5597156820599876e16 0 0 0
53 8 4.1981420713591704e16 4.1981420713591704e16 0 0 0
54 8 3.4710222432322092e16 3.4710222432322092e16 0 0 0
55 8 3.507523196326602e16 3.507523196326602e16 0 0 0
56 8 2.150180613475091e16 2.150180613475091e16 0 0 0
57 8 1.7582809807099008e16 1.7582809807099008e16 0 0 0
58 8 1.245959244679638e16 1.245959244679638e16 0 0 0
59 8 1.6460669953592346e16 1.6460669953592346e16 0 0 0
50 9 6.9524490742080344e16 6.9524490742080344e16 0 0 0
51 9 6.8063342463369896e16 6.8063342463369896e16 0 0 0
52 9 6.0741361494894184e16 6.0741361494894184e16 0 0 0
53 9 5.860439721364903e16 5.860439721364903e16 0 0 0
54 9 5.253983435525153e16 5.253983435525153e16 0 0 0
55 9 6.653662524867482e16 6.653662524867482e16 0 0 0
56 9 5.670746321205937e16 5.670746321205937e16 0 0 0
57 9 5.774408790608619e16 5.774408790608619e16 0 0 0
58 9 5.879829322050351e16 5.879829322050351e16 0 0 0
59 9 4.043352411565765e16 4.043352411565765e16 0 0 0
60 0 8817.539357211786 8817.539357211786 0 0 0
61 0 35317.08779404495 35317.08779404495 0 0 0
62 0 1.1944367216828484e7 1.1944367216828484e7 0 0 0
63 0 1.6803145846244588e8 1.6803145846244588e8 0 0 0
64 0 5.238006080116403e8 5.238006080116403e8 0 0 0
65 0 2.783109254628178e9 2.783109254628178e9 0 0 0
66 0 1.3151303857885721e10 1.3151303857885721e10 0 0 0
67 0 2.4384271050715992e10 2.4384271050715992e10 0 0 0
68 0 2.292445382793222e10 2.292445382793222e10 0 0 0
69 0 4.979779707229894e9 4.979779707229894e9 0 0 0
60 1 337559.448789754 337559.448789754 0 0 0
61 1 142316.96447016016 142316.96447016016 0 0 0
62 1 58064.0330729187 58064.0330729187 0 0 0
63 1 1.3890510854588817e6 1.3890510854588817e6 0 0 0
64 1 4.467667089303339e7 4.467667089303339e7 0 0 0
65 1 4.2030919804935503e8 4.2030919804935503e8 0 0 0
66 1 3.0420293619090204e9 3.0420293619090204e9 0 0 0
67 1 1.9392401342905197e10 1.9392401342905197e10 0 0 0
68 1 3.811608987117861e10 3.811608987117861e10 0 0 0
69 1 2.6764502830382835e10 2.6764502830382835e10 0 0 0
60 2 353259.72565593844 353259.72565593844 0 0 0
61 2 260285.28713529452 260285.28713529452 0 0 0
62 2 150361.66017056318 150361.66017056318 0 0 0
63 2 107241.16410976552 107241.16410976552 0 0 0
64 2 77747.62194153163 77747.62194153163 0 0 0
65 2 8.268757698091792e6 8.268757698091792e6 0 0 0
66 2 3.1161681330336714e8 3.1161681330336714e8 0 0 0
67 2 3.0855527392505074e9 3.0855527392505074e9 0 0 0
68 2 1.6280912471903395e10 1.6280912471903395e10 0 0 0
69 2 2.9655035469240475e10 2.9655035469240475e10 0 0 0
60 3 20608.19316557168 20608.19316557168 0 0 0
61 3 11799.319127682065 11799.319127682065 0 0 0
62 3 12067.064759131807 12067.064759131807 0 0 0
63 3 12274.964156668295 12274.964156668295 0 0 0
64 3 12279.98490190393 12279.98490190393 0 0 0
65 3 9049.161215140191 9049.161215140191 0 0 0
66 3 208264.59292904485 208264.59292904485 0 0 0
67 3 1.3773903533907196e8 1.3773903533907196e8 0 0 0
68 3 2.3024623605345078e9 2.3024623605345078e9 0 0 0
69 3 8.411177594329354e9 8.411177594329354e9 0 0 0
60 4 1.6557547134128248e6 1.6557547134128248e6 0 0 0
61 4 771.5729090872726 771.5729090872726 0 0 0
62 4 369.4499317989058 369.4499317989058 0 0 0
63 4 441.2920713806467 441.2920713806467 0 0 0
64 4 1164.060940628589 1164.060940628589 0 0 0
65 4 6422.105517064509 6422.105517064509 0 0 0
66 4 16986.7772772498 16986.7772772498 0 0 0
67 4 30311.07578134399 30311.07578134399 0 0 0
68 4 3.3349257799574874e7 3.3349257799574874e7 0 0 0
69 4 1.0402077637597911e9 1.0402077637597911e9 0 0 0
60 5 5.250592459243416e9 5.250592459243416e9 0 0 0
61 5 3.917406241527056e7 3.917406241527056e7 0 0 0
62 5 9.24705093955874e6 9.24705093955874e6 0 0 0
63 5 4.833993405956673e6 4.833993405956673e6 0 0 0
64 5 2.407295774842697e6 2.407295774842697e6 0 0 0
65 5 540083.8175682772 540083.8175682772 0 0 0
66 5 71429.28455601593 71429.28455601593 0 0 0
67 5 14851.226850934003 14851.226850934003 0 0 0
68 5 14149.943519588634 14149.943519588634 0 0 0
69 5 220988.29692597035 220988.29692597035 0 0 0
60 6 1.0629547033189629e13 1.0629547033189629e13 0 0 0
61 6 1.7193860717506066e13 1.7193860717506066e13 0 0 0
62 6 2.3782302301987797e13 2.3782302301987797e13 0 0 0
63 6 2.0121093646033367e13 2.0121093646033367e13 0 0 0
64 6 1.1011997247049068e13 1.1011997247049068e13 0 0 0
65 6 6.143939095610868e12 6.143939095610868e12 0 0 0
66 6 4.0779458861492285e12 4.0779458861492285e12 0 0 0
67 6 6.401526924597333e11 6.401526924597333e11 0 0 0
68 6 5.0843900062433685e10 5.0843900062433685e10 0 0 0
69 6 5.739488745018156e9 5.739488745018156e9 0 0 0
60 7 2.1994004511223122e15 2.1994004511223122e15 0 0 0
61 7 2.278982522119206e15 2.278982522119206e15 0 0 0
62 7 3.135026131318274e15 3.135026131318274e15 0 0 0
63 7 2.8648925950967515e15 2.8648925950967515e15 0 0 0
64 7 1.9474967712965722e15 1.9474967712965722e15 0 0 0
65 7 4.799790167095259e15 4.799790167095259e15 0 0 0
66 7 4.272388552335531e15 4.272388552335531e15 0 0 0
67 7 3.908953185797556e15 3.908953185797556e15 0 0 0
68 7 1.7201599599332565e15 1.7201599599332565e15 0 0 0
69 7 1.1756853415901955e15 1.1756853415901955e15 0 0 0
60 8 1.3339815066755712e16 1.3339815066755712e16 0 0 0
61 8 5.722105133137363e15 5.722105133137363e15 0 0 0
62 8 3.8905920605094825e15 3.8905920605094825e15 0 0 0
63 8 3.6754466379928765e15 3.6754466379928765e15 0 0 0
64 8 1.911850453046744e15 1.911850453046744e15 0 0 0
65 8 1.3366164669725472e15 1.3366164669725472e15 0 0 0
66 8 6.111861187957298e14 6.111861187957298e14 0 0 0
67 8 6.586871393611959e14 6.586871393611959e14 0 0 0
68 8 1.2234653855451498e15 1.2234653855451498e15 0 0 0
69 8 7.940310518268566e14 7.940310518268566e14 0 0 0
60 9 4.046296703734503e16 4.046296703734503e16 0 0 0
61 9 4.316723969647079e16 4.316723969647079e16 0 0 0
62 9 2.871111947299519e16 2.871111947299519e16 0 0 0
63 9 2.6007513344818572e16 2.6007513344818572e16 0 0 0
64 9 2.1386694217316856e16 2.1386694217316856e16 0 0 0
65 9 1.8439644832966764e16 1.8439644832966764e16 0 0 0
66 9 1.4580088291836242e16 1.4580088291836242e16 0 0 0
67 9 1.048978867396184e16 1.048978867396184e16 0 0 0
68 9 6.038833767818665e15 6.038833767818665e15 0 0 0
69 9 1.4444889514892298e15 1.4444889514892298e15 0 0 0
70 0 1.5356322161968777e8 1.5356322161968777e8 0 0 0
71 0 238201.99463567056 238201.99463567056 0 0 0
72 0 3519.733216869191 3519.733216869191 0 0 0
73 0 74.17647136586756 74.17647136586756 0 0 0
74 0 1.0415324396520163 1.0415324396520163 0 0 0
75 0 0.2331424473096178 0.2331424473096178 0 0 0
76 0 0.14373630695026499 0.14373630695026499 0 0 0
77 0 0.2533799260077259 0.2533799260077259 0 0 0
78 0 0.9784378140956084 0.9784378140956084 0 0 0
79 0 15.325521723568627 15.325521723568627 0 0 0
70 1 4.1564085995709715e9 4.1564085995709715e9 0 0 0
71 1 6.06629626513801e7 6.06629626513801e7 0 0 0
72 1 419642.1647130895 419642.1647130895 0 0 0
73 1 8283.517273900134 8283.517273900134 0 0 0
74 1 111.31583564179766 111.31583564179766 0 0 0
75 1 8.90072717741136 8.90072717741136 0 0 0
76 1 5.10215855098795 5.10215855098795 0 0 0
77 1 4.9524005707810295 4.9524005707810295 0 0 0
78 1 6.9663240963122455 6.9663240963122455 0 0 0
79 1 7.727062229440147 7.727062229440147 0 0 0
70 2 1.4712395710573135e10 1.4712395710573135e10 0 0 0
71 2 2.3441878558141246e9 2.3441878558141246e9 0 0 0
72 2 7.248330298738189e7 7.248330298738189e7 0 0 0
73 2 872538.921323147 872538.921323147 0 0 0
74 2 16615.6817220133 16615.6817220133 0 0 0
75 2 777.3290453843834 777.3290453843834 0 0 0
76 2 162.20251255661705 162.20251255661705 0 0 0
77 2 60.18031713747529 60.18031713747529 0 0 0
78 2 27.56942839553486 27.56942839553486 0 0 0
79 2 17.610043724953627 17.610043724953627 0 0 0
70 3 1.3224352109201633e10 1.3224352109201633e10 0 0 0
71 3 7.049950393854372e9 7.049950393854372e9 0 0 0
72 3 1.0945148061281826e9 1.0945148061281826e9 0 0 0
73 3 6.767057865683186e7 6.767057865683186e7 0 0 0
74 3 2.473345743253979e6 2.473345743253979e6 0 0 0
75 3 29983.626164969883 29983.626164969883 0 0 0
76 3 897.3951027837993 897.3951027837993 0 0 0
77 3 139.26936680338034 139.26936680338034 0 0 0
78 3 19.70462972961654 19.70462972961654 0 0 0
79 3 4.629285048531868 4.629285048531868 0 0 0
70 4 3.2832291182054234e9 3.2832291182054234e9 0 0 0
71 4 4.482039875500202e9 4.482039875500202e9 0 0 0
72 4 2.842845678819543e9 2.842845678819543e9 0 0 0
73 4 8.330251268568674e8 8.330251268568674e8 0 0 0
74 4 6.472588206932444e7 6.472588206932444e7 0 0 0
75 4 2.1004779102284443e6 2.1004779102284443e6 0 0 0
76 4 64191.77869483168 64191.77869483168 0 0 0
77 4 2370.946904374601 2370.946904374601 0 0 0
78 4 731.9566631642911 731.9566631642911 0 0 0
79 4 26.389880460773703 26.389880460773703 0 0 0
70 5 3.881118366475924e7 3.881118366475924e7 0 0 0
71 5 2.752785723808748e8 2.752785723808748e8 0 0 0
72 5 5.930715887276546e8 5.930715887276546e8 0 0 0
73 5 6.4670295715235e8 6.4670295715235e8 0 0 0
74 5 3.38744341054392e8 3.38744341054392e8 0 0 0
75 5 8.689344246376768e7 8.689344246376768e7 0 0 0
76 5 5.187440295005556e6 5.187440295005556e6 0 0 0
77 5 265259.0200724578 265259.0200724578 0 0 0
78 5 9346.694699950604 9346.694699950604 0 0 0
79 5 1107.0755982914502 1107.0755982914502 0 0 0
70 6 2.3734908231510195e8 2.3734908231510195e8 0 0 0
71 6 7.643331766168503e6 7.643331766168503e6 0 0 0
72 6 9.566506513657307e6 9.566506513657307e6 0 0 0
73 6 4.2142688110677674e7 4.2142688110677674e7 0 0 0
74 6 6.465234342101885e7 6.465234342101885e7 0 0 0
75 6 5.71969468522934e7 5.71969468522934e7 0 0 0
76 6 2.2901294080672756e7 2.2901294080672756e7 0 0 0
77 6 8.723070234763978e6 8.723070234763978e6 0 0 0
78 6 806898.435603328 806898.435603328 0 0 0
79 6 47049.33321875073 47049.33321875073 0 0 0
70 7 2.854913086414371e14 2.854913086414371e14 0 0 0
71 7 1.7175179039859284e14 1.7175179039859284e14 0 0 0
72 7 5.677549204799778e12 5.677549204799778e12 0 0 0
73 7 4.614287206336987e11 4.614287206336987e11 0 0 0
74 7 4.110780358069037e9 4.110780358069037e9 0 0 0
75 7 5.5929853096215695e7 5.5929853096215695e7 0 0 0
76 7 1.1089549802375313e7 1.1089549802375313e7 0 0 0
77 7 7.39447177214077e6 7.39447177214077e6 0 0 0
78 7 4.1516140168084702e6 4.1516140168084702e6 0 0 0
79 7 1.1719443927211016e6 1.1719443927211016e6 0 0 0
70 8 1.1438338946049575e15 1.1438338946049575e15 0 0 0
71 8 2.6066001838995155e15 2.6066001838995155e15 0 0 0
72 8 6.632168083122611e15 6.632168083122611e15 0 0 0
73 8 3.3111294011801615e15 3.3111294011801615e15 0 0 0
74 8 8.088268282016972e14 8.088268282016972e14 0 0 0
75 8 8.550304410834517e13 8.550304410834517e13 0 0 0
76 8 5.741206706914205e12 5.741206706914205e12 0 0 0
77 8 3.924606329519647e10 3.924606329519647e10 0 0 0
78 8 1.7300821158940986e8 1.7300821158940986e8 0 0 0
79 8 1.969915144863064e7 1.969915144863064e7 0 0 0
70 9 5.3267490881053875e14 5.3267490881053875e14 0 0 0
71 9 1.2273484323867495e15 1.2273484323867495e15 0 0 0
72 9 6.491856779326235e14 6.491856779326235e14 0 0 0
73 9 1.1318204267353212e15 1.1318204267353212e15 0 0 0
74 9 1.3165579782728235e15 1.3165579782728235e15 0 0 0
75 9 2.4290955191017295e15 2.4290955191017295e15 0 0 0
76 9 3.784262175049423e15 3.784262175049423e15 0 0 0
77 9 1.4111632953896568e15 1.4111632953896568e15 0 0 0
78 9 1.0900658067340812e14 1.0900658067340812e14 0 0 0
79 9 1.6588038904867805e12 1.6588038904867805e12 0 0 0
80 0 660.5322086610582 660.5322086610582 0 0 0
81 0 18193.359135428876 18193.359135428876 0 0 0
82 0 329910.3003593027 329910.3003593027 0 0 0
83 0 1.1888411021220194e7 1.1888411021220194e7 0 0 0
84 0 6.862914736602968e7 6.862914736602968e7 0 0 0
85 0 3.595524407704942e7 3.595524407704942e7 0 0 0
86 0 4.918611856669949e7 4.918611856669949e7 0 0 0
87 0 6.814345123668264e7 6.814345123668264e7 0 0 0
88 0 4.7698777760043725e7 4.7698777760043725e7 0 0 0
89 0 3.6104908812355556e7 3.6104908812355556e7 0 0 0
80 1 10.079726595177005 10.079726595177005 0 0 0
81 1 9.136251081959147 9.136251081959147 0 0 0
82 1 15.365204732599903 15.365204732599903 0 0 0
83 1 1571.7096430983304 1571.7096430983304 0 0 0
84 1 73787.49665012193 73787.49665012193 0 0 0
85 1 1.1967537056906645e6 1.1967537056906645e6 0 0 0
86 1 2.523348365720063e6 2.523348365720063e6 0 0 0
87 1 940520.8084950512 940520.8084950512 0 0 0
88 1 111548.90298003756 111548.90298003756 0 0 0
89 1 24724.68905358247 24724.68905358247 0 0 0
80 2 13.321632808134957 13.321632808134957 0 0 0
81 2 10.425812754421754 10.425812754421754 0 0 0
82 2 6.725272723781308 6.725272723781308 0 0 0
83 2 4.743715199043289 4.743715199043289 0 0 0
84 2 5.934442212614695 5.934442212614695 0 0 0
85 2 639.9169107195494 639.9169107195494 0 0 0
86 2 107366.22227196238 107366.22227196238 0 0 0
87 2 1.7130283152706046e6 1.7130283152706046e6 0 0 0
88 2 5.132230961090896e6 5.132230961090896e6 0 0 0
89 2 1.1423270464189115e6 1.1423270464189115e6 0 0 0
80 3 2.193871173982968 2.193871173982968 0 0 0
81 3 1.0591307918367014 1.0591307918367014 0 0 0
82 3 0.6146612698701264 0.6146612698701264 0 0 0
83 3 0.3046653192525171 0.3046653192525171 0 0 0
84 3 0.1831275389283692 0.1831275389283692 0 0 0
85 3 0.130787317404075 0.130787317404075 0 0 0
86 3 3.8086840973086327 3.8086840973086327 0 0 0
87 3 2205.260179324037 2205.260179324037 0 0 0
88 3 568606.861305401 568606.861305401 0 0 0
89 3 4.217985951272166e6 4.217985951272166e6 0 0 0
80 4 0.36348592173583766 0.36348592173583766 0 0 0
81 4 0.012133083914287055 0.012133083914287055 0 0 0
82 4 0.010323216284630118 0.010323216284630118 0 0 0
83 4 0.005486490925735549 0.005486490925735549 0 0 0
84 4 0.003687543532233416 0.003687543532233416 0 0 0
85 4 0.0018272868744171659 0.0018272868744171659 0 0 0
86 4 0.0026156958535642053 0.0026156958535642053 0 0 0
87 4 0.06441843960629733 0.06441843960629733 0 0 0
88 4 33.14910795147592 33.14910795147592 0 0 0
89 4 20497.059404548574 20497.059404548574 0 0 0
80 5 56.246564227964015 56.246564227964015 0 0 0
81 5 0.14851980240853838 0.14851980240853838 0 0 0
82 5 0.00018680738000023296 0.00018680738000023296 0 0 0
83 5 5.6993909717192745e-5 5.6993909717192745e-5 0 0 0
84 5 7.18127609192929e-5 7.18127609192929e-5 0 0 0
85 5 6.66275013750756e-5 6.66275013750756e-5 0 0 0
86 5 7.504638270660921e-5 7.504638270660921e-5 0 0 0
87 5 0.0002673366511892296 0.0002673366511892296 0 0 0
88 5 0.005297142478704258 0.005297142478704258 0 0 0
89 5 0.8502255013693301 0.8502255013693301 0 0 0
80 6 4406.439086675213 4406.439086675213 0 0 0
81 6 45.59299837381037 45.59299837381037 0 0 0
82 6 0.040059342163623834 0.040059342163623834 0 0 0
83 6 0.0007540404670408245 0.0007540404670408245 0 0 0
84 6 0.00126481279309877 0.00126481279309877 0 0 0
85 6 0.0010136247657067594 0.0010136247657067594 0 0 0
86 6 0.0004251837011827205 0.0004251837011827205 0 0 0
87 6 0.00022394980141597057 0.00022394980141597057 0 0 0
88 6 0.00034409201845746635 0.00034409201845746635 0 0 0
89 6 0.001659723203567851 0.001659723203567851 0 0 0
80 7 187668.84759692333 187668.84759692333 0 0 0
81 7 5251.684947612434 5251.684947612434 0 0 0
82 7 19.976794954597185 19.976794954597185 0 0 0
83 7 0.06423029658845926 0.06423029658845926 0 0 0
84 7 0.007315650842183221 0.007315650842183221 0 0 0
85 7 0.007913131658916132 0.007913131658916132 0 0 0
86 7 0.009746064905079463 0.009746064905079463 0 0 0
87 7 0.006450706419775145 0.006450706419775145 0 0 0
88 7 0.001857569412172615 0.001857569412172615 0 0 0
89 7 0.0006224359346337841 0.0006224359346337841 0 0 0
80 8 4.016571026216626e6 4.016571026216626e6 0 0 0
81 8 619539.2978729716 619539.2978729716 0 0 0
82 8 3853.1984411463154 3853.1984411463154 0 0 0
83 8 14.726066925713909 14.726066925713909 0 0 0
84 8 0.31834137368484827 0.31834137368484827 0 0 0
85 8 0.024970447863057483 0.024970447863057483 0 0 0
86 8 0.03359724427913834 0.03359724427913834 0 0 0
87 8 0.0588604546799572 0.0588604546799572 0 0 0
88 8 0.07067190168059516 0.07067190168059516 0 0 0
89 8 0.011372502680636675 0.011372502680636675 0 0 0
80 9 5.329827816867325e9 5.329827816867325e9 0 0 0
81 9 1.992229013873844e7 1.992229013873844e7 0 0 0
82 9 1.2659601892022165e6 1.2659601892022165e6 0 0 0
83 9 84826.16051624781 84826.16051624781 0 0 0
84 9 236.3187744471513 236.3187744471513 0 0 0
85 9 1.4644258568855888 1.4644258568855888 0 0 0
86 9 0.06423176466912543 0.06423176466912543 0 0 0
87 9 0.07966665734279248 0.07966665734279248 0 0 0
88 9 0.4747287674873544 0.4747287674873544 0 0 0
89 9 0.2929321751665459 0.2929321751665459 0 0 0
90 0 1.9388625043078367e7 1.9388625043078367e7 0 0 0
91 0 7.92478231783799e6 7.92478231783799e6 0 0 0
92 0 3.6231417906142497e6 3.6231417906142497e6 0 0 0
93 0 1.021428601172915e6 1.021428601172915e6 0 0 0
94 0 191323.27952344835 191323.27952344835 0 0 0
95 0 29824.56400300572 29824.56400300572 0 0 0
96 0 10250.927186684501 10250.927186684501 0 0 0
97 0 19913.765837628987 19913.765837628987 0 0 0
98 0 20209.62035510853 20209.62035510853 0 0 0
99 0 3666.11533546856 3666.11533546856 0 0 0
90 1 8922.667268458114 8922.667268458114 0 0 0
91 1 7468.086661336358 7468.086661336358 0 0 0
92 1 9235.249183647627 9235.249183647627 0 0 0
93 1 4708.40732069509 4708.40732069509 0 0 0
94 1 3313.5809272335655 3313.5809272335655 0 0 0
95 1 3335.6733688023214 3335.6733688023214 0 0 0
96 1 4819.618102457996 4819.618102457996 0 0 0
97 1 6383.224919344399 6383.224919344399 0 0 0
98 1 16932.634566488294 16932.634566488294 0 0 0
99 1 7301.330002866603 7301.330002866603 0 0 0
90 2 15890.293026833198 15890.293026833198 0 0 0
91 2 1426.9254955026877 1426.9254955026877 0 0 0
92 2 2742.6221946654705 2742.6221946654705 0 0 0
93 2 3474.115546892028 3474.115546892028 0 0 0
94 2 3438.072249087373 3438.072249087373 0 0 0
95 2 3054.1398971559083 3054.1398971559083 0 0 0
96 2 3314.6390048979324 3314.6390048979324 0 0 0
97 2 4089.0127623999447 4089.0127623999447 0 0 0
98 2 5937.025834428265 5937.025834428265 0 0 0
99 2 8316.136740178776 8316.136740178776 0 0 0
90 3 3.3960785444771554e6 3.3960785444771554e6 0 0 0
91 3 459619.6525613094 459619.6525613094 0 0 0
92 3 3646.8417625577094 3646.8417625577094 0 0 0
93 3 8822.897401411512 8822.897401411512 0 0 0
94 3 8142.193373158132 8142.193373158132 0 0 0
95 3 6036.296562782691 6036.296562782691 0 0 0
96 3 3838.9269535757603 3838.9269535757603 0 0 0
97 3 3676.2261190713525 3676.2261190713525 0 0 0
98 3 3578.4302528506673 3578.4302528506673 0 0 0
99 3 3460.2094319084767 3460.2094319084767 0 0 0
90 4 1.0975034908506004e6 1.0975034908506004e6 0 0 0
91 4 2.8627816262074253e6 2.8627816262074253e6 0 0 0
92 4 669196.2311044607 669196.2311044607 0 0 0
93 4 11248.868138682492 11248.868138682492 0 0 0
94 4 3243.4264848748853 3243.4264848748853 0 0 0
95 4 8061.115565353837 8061.115565353837 0 0 0
96 4 7301.677432922199 7301.677432922199 0 0 0
97 4 4572.46339312063 4572.46339312063 0 0 0
98 4 3752.3173179533605 3752.3173179533605 0 0 0
99 4 3413.5706559757664 3413.5706559757664 0 0 0
90 5 550.2554700009418 550.2554700009418 0 0 0
91 5 133594.9016980708 133594.9016980708 0 0 0
92 5 793193.3579965094 793193.3579965094 0 0 0
93 5 315618.5462713429 315618.5462713429 0 0 0
94 5 15852.08024175803 15852.08024175803 0 0 0
95 5 445.3799183307304 445.3799183307304 0 0 0
96 5 3029.845392165375 3029.845392165375 0 0 0
97 5 8112.702339808008 8112.702339808008 0 0 0
98 5 7345.471879466926 7345.471879466926 0 0 0
99 5 6553.683560305544 6553.683560305544 0 0 0
90 6 0.053250697729489524 0.053250697729489524 0 0 0
91 6 34.49461129055458 34.49461129055458 0 0 0
92 6 14557.963385232122 14557.963385232122 0 0 0
93 6 103719.7214278795 103719.7214278795 0 0 0
94 6 100680.97413498479 100680.97413498479 0 0 0
95 6 10238.379990125564 10238.379990125564 0 0 0
96 6 95.447362085611 95.447362085611 0 0 0
97 6 408.1164580568554 408.1164580568554 0 0 0
98 6 3424.144086225722 3424.144086225722 0 0 0
99 6 8926.59178706349 8926.59178706349 0 0 0
90 7 0.0005306925854568062 0.0005306925854568062 0 0 0
91 7 0.00739887335603613 0.00739887335603613 0 0 0
92 7 2.7475363964888895 2.7475363964888895 0 0 0
93 7 1024.6964809230005 1024.6964809230005 0 0 0
94 7 24066.524584288345 24066.524584288345 0 0 0
95 7 33428.66963260255 33428.66963260255 0 0 0
96 7 4200.161774627444 4200.161774627444 0 0 0
97 7 106.77465024870088 106.77465024870088 0 0 0
98 7 23.55870815307289 23.55870815307289 0 0 0
99 7 694.5336669851931 694.5336669851931 0 0 0
90 8 0.0009699465975832464 0.0009699465975832464 0 0 0
91 8 0.00015859918116392608 0.00015859918116392608 0 0 0
92 8 0.0020538831592389244 0.0020538831592389244 0 0 0
93 8 0.6227142941470456 0.6227142941470456 0 0 0
94 8 233.40326738648025 233.40326738648025 0 0 0
95 8 6197.939251117044 6197.939251117044 0 0 0
96 8 5875.197505683507 5875.197505683507 0 0 0
97 8 1699.1993882013242 1699.1993882013242 0 0 0
98 8 123.96987274128732 123.96987274128732 0 0 0
99 8 4.648704226419354 4.648704226419354 0 0 0
90 9 0.018557135406463404 0.018557135406463404 0 0 0
91 9 0.00039885774034842305 0.00039885774034842305 0 0 0
92 9 5.956804913327001e-5 5.956804913327001e-5 0 0 0
93 9 0.001144935449833817 0.001144935449833817 0 0 0
94 9 0.7179663502990167 0.7179663502990167 0 0 0
95 9 153.1906831201575 153.1906831201575 0 0 0
96 9 1402.5096878387455 1402.5096878387455 0 0 0
97 9 3178.7336287775875 3178.7336287775875 0 0 0
98 9 954.828628210683 954.828628210683 0 0 0
99 9 20.493999723261858 20.493999723261858 0 0 0
0 10 5.197277303073012e16 5.197277303073012e16 0 0 0
1 10 7.904182806304787e16 7.904182806304787e16 0 0 0
2 10 7.483342801674749e16 7.483342801674749e16 0 0 0
3 10 1.2002866740136182e17 1.2002866740136182e17 0 0 0
4 10 1.225826394182322e17 1.225826394182322e17 0 0 0
5 10 1.989573292267725e17 1.989573292267725e17 0 0 0
6 10 2.1653233701924525e17 2.1653233701924525e17 0 0 0
7 10 3.5752546073966464e17 3.5752546073966464e17 0 0 0
8 10 3.024283258950208e17 3.024283258950208e17 0 0 0
9 10 3.905142636280798e17 3.905142636280798e17 0 0 0
0 11 1.2252102725046459e17 1.2252102725046459e17 0 0 0
1 11 1.4553935386719066e17 1.4553935386719066e17 0 0 0
2 11 1.6562686465197037e17 1.6562686465197037e17 0 0 0
3 11 2.875817973308949e17 2.875817973308949e17 0 0 0
4 11 2.7081689116911526e17 2.7081689116911526e17 0 0 0
5 11 2.398706769079253e17 2.398706769079253e17 0 0 0
6 11 4.423652325872142e17 4.423652325872142e17 0 0 0
7 11 5.674548362003451e17 5.674548362003451e17 0 0 0
8 11 5.906565239764942e17 5.906565239764942e17 0 0 0
9 11 1.5680294333618256e17 1.5680294333618256e17 0 0 0
0 12 2.0596663948710413e17 2.0596663948710413e17 0 0 0
1 12 2.5717369209542163e17 2.5717369209542163e17 0 0 0
2 12 2.43533748970049e17 2.43533748970049e17 0 0 0
3 12 3.545651226151063e17 3.545651226151063e17 0 0 0
4 12 4.7465550967248736e17 4.7465550967248736e17 0 0 0
5 12 5.608026213728541e17 5.608026213728541e17 0 0 0
6 12 1.4342905604134523e17 1.4342905604134523e17 0 0 0
7 12 9.572559349154309e16 9.572559349154309e16 0 0 0
8 12 6.629664934074204e16 6.629664934074204e16 0 0 0
9 12 8.556685354994131e16 8.556685354994131e16 0 0 0
0 13 2.7447613814491123e17 2.7447613814491123e17 0 0 0
1 13 3.6463545449717606e17 3.6463545449717606e17 0 0 0
2 13 3.788633988014736e17 3.788633988014736e17 0 0 0
3 13 1.1597342929163437e17 1.1597342929163437e17 0 0 0
4 13 8.372693586813192e16 8.372693586813192e16 0 0 0
5 13 5.5917654189997e16 5.5917654189997e16 0 0 0
6 13 8.30837400976231e16 8.30837400976231e16 0 0 0
7 13 4.838897633766449e16 4.838897633766449e16 0 0 0
8 13 8.20002076151191e16 8.20002076151191e16 0 0 0
9 13 5.405435366081986e16 5.405435366081986e16 0 0 0
0 14 2.4237722541234154e17 2.4237722541234154e17 0 0 0
1 14 7.922420785901416e16 7.922420785901416e16 0 0 0
2 14 4.9435818552388856e16 4.9435818552388856e16 0 0 0
3 14 8.104461144275574e16 8.104461144275574e16 0 0 0
4 14 4.426282781126507e16 4.426282781126507e16 0 0 0
5 14 6.1856175107369704e16 6.1856175107369704e16 0 0 0
6 14 4.848976710801217e16 4.848976710801217e16 0 0 0
7 14 2.1251829825621868e16 2.1251829825621868e16 0 0 0
8 14 5.348208820619873e16 5.348208820619873e16 0 0 0
9 14 3.797719765979771e16 3.797719765979771e16 0 0 0
0 15 6.656870200405238e16 6.656870200405238e16 0 0 0
1 15 4.129087698902776e16 4.129087698902776e16 0 0 0
2 15 6.768545073923715e16 6.768545073923715e16 0 0 0
3 15 4.114374930597473e16 4.114374930597473e16 0 0 0
4 15 6.301714435155602e16 6.301714435155602e16 0 0 0
5 15 4.409335060588388e16 4.409335060588388e16 0 0 0
6 15 2.695461031776451e16 2.695461031776451e16 0 0 0
7 15 4.52350987372608e16 4.52350987372608e16 0 0 0
8 15 4.1417401477270904e16 4.1417401477270904e16 0 0 0
9 15 2.875898135632201e16 2.875898135632201e16 0 0 0
0 16 3.978059810198524e16 3.978059810198524e16 0 0 0
1 16 6.4531824721365736e16 6.4531824721365736e16 0 0 0
2 16 3.797276926381949e16 3.797276926381949e16 0 0 0
3 16 1.8868439146654336e16 1.8868439146654336e16 0 0 0
4 16 9.16208843174326e15 9.16208843174326e15 0 0 0
5 16 2.928123578467419e16 2.928123578467419e16 0 0 0
6 16 1.539188211646073e16 1.539188211646073e16 0 0 0
7 16 5.624487967982619e15 5.624487967982619e15 0 0 0
8 16 2.9512201248674536e16 2.9512201248674536e16 0 0 0
9 16 2.0988464790002056e16 2.0988464790002056e16 0 0 0
0 17 1.7440526891763252e16 1.7440526891763252e16 0 0 0
1 17 4.335232433526295e16 4.335232433526295e16 0 0 0
2 17 2.156067448389792e16 2.156067448389792e16 0 0 0
3 17 1.408293045027676e16 1.408293045027676e16 0 0 0
4 17 5.941200676968266e15 5.941200676968266e15 0 0 0
5 17 2.121762945086842e16 2.121762945086842e16 0 0 0
6 17 1.1268145432076066e16 1.1268145432076066e16 0 0 0
7 17 3.371340616986809e16 3.371340616986809e16 0 0 0
8 17 1.890575785487127e16 1.890575785487127e16 0 0 0
9 17 3.042674550564767e16 3.042674550564767e16 0 0 0
0 18 1.1041455029670002e16 1.1041455029670002e16 0 0 0
1 18 2.5601176251456164e16 2.5601176251456164e16 0 0 0
2 18 1.6596994308627074e16 1.6596994308627074e16 0 0 0
3 18 1.0526766990207826e16 1.0526766990207826e16 0 0 0
4 18 5.289416428075092e15 5.289416428075092e15 0 0 0
5 18 1.997293323913544e16 1.997293323913544e16 0 0 0
6 18 1.4644450227235982e16 1.4644450227235982e16 0 0 0
7 18 2.9136098514473176e16 2.9136098514473176e16 0 0 0
8 18 1.3765596630220952e16 1.3765596630220952e16 0 0 0
9 18 2.3684201040277044e16 2.3684201040277044e16 0 0 0
0 19 2.6185138604714236e16 2.6185138604714236e16 0 0 0
1 19 2.0297572323302724e16 2.0297572323302724e16 0 0 0
2 19 1.7013941001042038e16 1.7013941001042038e16 0 0 0
3 19 1.2072038972490484e16 1.2072038972490484e16 0 0 0
4 19 1.0669713789542586e16 1.0669713789542586e16 0 0 0
5 19 2.412910549809152e16 2.412910549809152e16 0 0 0
6 19 1.34461591472565e16 1.34461591472565e16 0 0 0
7 19 2.1511488812258172e16 2.1511488812258172e16 0 0 0
8 19 1.0680088520738886e17 1.0680088520738886e17 0 0 0
9 19 1.1491929084308382e17 1.1491929084308382e17 0 0 0
10 10 5.830317746469344e17 5.830317746469344e17 0 0 0
11 10 6.670013171284776e17 6.670013171284776e17 0 0 0
12 10 8.717579889035871e17 8.717579889035871e17 0 0 0
13 10 2.642469346065004e17 2.642469346065004e17 0 0 0
14 10 1.688626185567864e17 1.688626185567864e17 0 0 0
15 10 1.1396467181659362e17 1.1396467181659362e17 0 0 0
16 10 1.5406425185290176e17 1.5406425185290176e17 0 0 0
17 10 1.852756167324474e17 1.852756167324474e17 0 0 0
18 10 2.1323608882763206e17 2.1323608882763206e17 0 0 0
19 10 1.524948923609019e17 1.524948923609019e17 0 0 0
10 11 1.162522638147229e17 1.162522638147229e17 0 0 0
11 11 7.45182049012958e16 7.45182049012958e16 0 0 0
12 11 1.136417132016415e17 1.136417132016415e17 0 0 0
13 11 1.5474973100313267e17 1.5474973100313267e17 0 0 0
14 11 9.21528898350248e16 9.21528898350248e16 0 0 0
15 11 1.533053232359727e17 1.533053232359727e17 0 0 0
16 11 9.962204817906149e16 9.962204817906149e16 0 0 0
17 11 1.478146618655292e17 1.478146618655292e17 0 0 0
18 11 1.2277257629171e17 1.2277257629171e17 0 0 0
19 11 1.619169764356378e17 1.619169764356378e17 0 0 0
10 12 4.9927407545827464e16 4.9927407545827464e16 0 0 0
11 12 1.0036567966313034e17 1.0036567966313034e17 0 0 0
12 12 6.548213899756689e16 6.548213899756689e16 0 0 0
13 12 4.286035343931034e16 4.286035343931034e16 0 0 0
14 12 7.659759203607965e16 7.659759203607965e16 0 0 0
15 12 5.92999512068801e16 5.92999512068801e16 0 0 0
16 12 1.1387903004709408e17 1.1387903004709408e17 0 0 0
17 12 8.512203271457106e16 8.512203271457106e16 0 0 0
18 12 6.0045647612026584e16 6.0045647612026584e16 0 0 0
19 12 1.0161638012316934e17 1.0161638012316934e17 0 0 0
10 13 3.08859826902903e16 3.08859826902903e16 0 0 0
11 13 7.564528320138811e16 7.564528320138811e16 0 0 0
12 13 4.42853758517898e16 4.42853758517898e16 0 0 0
13 13 3.4694651019123176e16 3.4694651019123176e16 0 0 0
14 13 7.388278783417886e16 7.388278783417886e16 0 0 0
15 13 4.5025104078176616e16 4.5025104078176616e16 0 0 0
16 13 1.990107375356421e16 1.990107375356421e16 0 0 0
17 13 4.919483262432725e16 4.919483262432725e16 0 0 0
18 13 1.849421669478307e16 1.849421669478307e16 0 0 0
19 13 3.662405975167811e16 3.662405975167811e16 0 0 0
10 14 2.5284693968165596e16 2.5284693968165596e16 0 0 0
11 14 1.1284789536472558e16 1.1284789536472558e16 0 0 0
12 14 3.730037893004758e16 3.730037893004758e16 0 0 0
13 14 1.5163147197849052e16 1.5163147197849052e16 0 0 0
14 14 3.966524111825576e16 3.966524111825576e16 0 0 0
15 14 1.3901829673704268e16 1.3901829673704268e16 0 0 0
16 14 2.8164562753672024e16 2.8164562753672024e16 0 0 0
17 14 6.451827143536842e15 6.451827143536842e15 0 0 0
18 14 1.6548498749192442e16 1.6548498749192442e16 0 0 0
19 14 3.3102861081546172e16 3.3102861081546172e16 0 0 0
10 15 9.601958913013982e15 9.601958913013982e15 0 0 0
11 15 2.5822206085642428e16 2.5822206085642428e16 0 0 0
12 15 9.728752520952906e15 9.728752520952906e15 0 0 0
13 15 2.8018156861309644e16 2.8018156861309644e16 0 0 0
14 15 6.559546422379506e15 6.559546422379506e15 0 0 0
15 15 1.596804896060167e16 1.596804896060167e16 0 0 0
16 15 2.9384518551611104e16 2.9384518551611104e16 0 0 0
17 15 3.886442351423536e16 3.886442351423536e16 0 0 0
18 15 5.82679606792169e16 5.82679606792169e16 0 0 0
19 15 3.5431381591902572e16 3.5431381591902572e16 0 0 0
10 16 2.974883437126462e16 2.974883437126462e16 0 0 0
11 16 1.1916715267235526e16 1.1916715267235526e16 0 0 0
12 16 2.522189581265938e16 2.522189581265938e16 0 0 0
13 16 4.207056353379529e16 4.207056353379529e16 0 0 0
14 16 5.340932725639686e16 5.340932725639686e16 0 0 0
15 16 6.304012345506444e16 6.304012345506444e16 0 0 0
16 16 6.642491732717418e16 6.642491732717418e16 0 0 0
17 16 7.555757358025526e16 7.555757358025526e16 0 0 0
18 16 4.1946842318729336e16 4.1946842318729336e16 0 0 0
19 16 6.0617279756835784e16 6.0617279756835784e16 0 0 0
10 17 1.7420701305497598e16 1.7420701305497598e16 0 0 0
11 17 3.224248087830218e16 3.224248087830218e16 0 0 0
12 17 7.682481429191088e16 7.682481429191088e16 0 0 0
13 17 1.1746893682952043e17 1.1746893682952043e17 0 0 0
14 17 1.024098730490213e17 1.024098730490213e17 0 0 0
15 17 8.482228917433035e16 8.482228917433035e16 0 0 0
16 17 4.163163861219895e16 4.163163861219895e16 0 0 0
17 17 5.569280364881935e16 5.569280364881935e16 0 0 0
18 17 3.4880823902481716e16 3.4880823902481716e16 0 0 0
19 17 2.489692162623338e16 2.489692162623338e16 0 0 0
10 18 1.3758567691573864e17 1.3758567691573864e17 0 0 0
11 18 1.0744696674757104e17 1.0744696674757104e17 0 0 0
12 18 6.725801154824486e16 6.725801154824486e16 0 0 0
13 18 4.6491294794795656e16 4.6491294794795656e16 0 0 0
14 18 4.931972712516908e16 4.931972712516908e16 0 0 0
15 18 1.8991949988833776e16 1.8991949988833776e16 0 0 0
16 18 3.415547518339088e16 3.415547518339088e16 0 0 0
17 18 1.7763255516854302e16 1.7763255516854302e16 0 0 0
18 18 1.195686832151534e16 1.195686832151534e16 0 0 0
19 18 7.203720883099755e15 7.203720883099755e15 0 0 0
10 19 6.8005800758174744e16 6.8005800758174744e16 0 0 0
11 19 3.797711790337735e16 3.797711790337735e16 0 0 0
12 19 4.509039112682534e16 4.509039112682534e16 0 0 0
13 19 1.1017382843325908e16 1.1017382843325908e16 0 0 0
14 19 2.2338547247934904e16 2.2338547247934904e16 0 0 0
15 19 7.458032905758628e15 7.458032905758628e15 0 0 0
16 19 4.1528968297587535e15 4.1528968297587535e15 0 0 0
17 19 9.696706567299108e15 9.696706567299108e15 0 0 0
18 19 5.220813402385681e15 5.220813402385681e15 0 0 0
19 19 1.832421284935069e16 1.832421284935069e16 0 0 0
20 10 1.8288479397182643e17 1.8288479397182643e17 0 0 0
21 10 1.854541035075505e17 1.854541035075505e17 0 0 0
22 10 3.199670268443912e17 3.199670268443912e17 0 0 0
23 10 3.209433960742529e17 3.209433960742529e17 0 0 0
24 10 3.227930733565117e17 3.227930733565117e17 0 0 0
25 10 2.8814602722355514e17 2.8814602722355514e17 0 0 0
26 10 3.6455719438444774e17 3.6455719438444774e17 0 0 0
27 10 4.2692645338195834e17 4.2692645338195834e17 0 0 0
28 10 4.391052568084857e17 4.391052568084857e17 0 0 0
29 10 9.471100241825733e17 9.471100241825733e17 0 0 0
20 11 2.0169648283352598e17 2.0169648283352598e17 0 0 0
21 11 1.601194793743258e17 1.601194793743258e17 0 0 0
22 11 2.313378589095589e17 2.313378589095589e17 0 0 0
23 11 2.779791382636157e17 2.779791382636157e17 0 0 0
24 11 2.0232703442742646e17 2.0232703442742646e17 0 0 0
25 11 1.508597955941376e17 1.508597955941376e17 0 0 0
26 11 2.017881860716591e17 2.017881860716591e17 0 0 0
27 11 3.281130985087534e17 3.281130985087534e17 0 0 0
28 11 7.139864229573011e17 7.139864229573011e17 0 0 0
29 11 8.593929448306988e17 8.593929448306988e17 0 0 0
20 12 4.881424145246658e16 4.881424145246658e16 0 0 0
21 12 3.294483184250832e16 3.294483184250832e16 0 0 0
22 12 4.7206710184754696e16 4.7206710184754696e16 0 0 0
23 12 7.120382457485146e16 7.120382457485146e16 0 0 0
24 12 2.800164712969088e16 2.800164712969088e16 0 0 0
25 12 6.429413545291663e16 6.429413545291663e16 0 0 0
26 12 2.6165365733017796e16 2.6165365733017796e16 0 0 0
27 12 4.672438116184515e16 4.672438116184515e16 0 0 0
28 12 5.962059829636465e16 5.962059829636465e16 0 0 0
29 12 7.786991133180736e16 7.786991133180736e16 0 0 0
20 13 1.0847459652046688e16 1.0847459652046688e16 0 0 0
21 13 2.489100365117289e16 2.489100365117289e16 0 0 0
22 13 1.122022667227699e16 1.122022667227699e16 0 0 0
23 13 3.236587265200101e16 3.236587265200101e16 0 0 0
24 13 5.269395704788609e16 5.269395704788609e16 0 0 0
25 13 4.136238821036074e16 4.136238821036074e16 0 0 0
26 13 2.451696943327744e16 2.451696943327744e16 0 0 0
27 13 1.3603600263003788e16 1.3603600263003788e16 0 0 0
28 13 1.658315961626173e16 1.658315961626173e16 0 0 0
29 13 1.7612910260085802e16 1.7612910260085802e16 0 0 0
20 14 1.6516139747259016e16 1.6516139747259016e16 0 0 0
21 14 3.918903993469496e16 3.918903993469496e16 0 0 0
22 14 3.233370302378668e16 3.233370302378668e16 0 0 0
23 14 3.3820916078054204e16 3.3820916078054204e16 0 0 0
24 14 2.8961062162366388e16 2.8961062162366388e16 0 0 0
25 14 2.1060422438315976e16 2.1060422438315976e16 0 0 0
26 14 1.1706170423833702e16 1.1706170423833702e16 0 0 0
27 14 1.7761100915031522e16 1.7761100915031522e16 0 0 0
28 14 7.649290640740132e15 7.649290640740132e15 0 0 0
29 14 7.641571288269389e15 7.641571288269389e15 0 0 0
20 15 5.883103032141044e16 5.883103032141044e16 0 0 0
21 15 4.652861637290072e16 4.652861637290072e16 0 0 0
22 15 3.945583968614047e16 3.945583968614047e16 0 0 0
23 15 3.044640698314398e16 3.044640698314398e16 0 0 0
24 15 2.39547945826281e16 2.39547945826281e16 0 0 0
25 15 3.0435627659312176e16 3.0435627659312176e16 0 0 0
26 15 2.0039379082375788e16 2.0039379082375788e16 0 0 0
27 15 9.959586216089996e15 9.959586216089996e15 0 0 0
28 15 1.1972691484230088e16 1.1972691484230088e16 0 0 0
29 15 1.3813900236074938e16 1.3813900236074938e16 0 0 0
20 16 4.120734925564834e16 4.120734925564834e16 0 0 0
21 16 2.7223465315087516e16 2.7223465315087516e16 0 0 0
22 16 4.543451147065703e16 4.543451147065703e16 0 0 0
23 16 3.4786303177661956e16 3.4786303177661956e16 0 0 0
24 16 2.3358280987143736e16 2.3358280987143736e16 0 0 0
25 16 1.5037736279688982e16 1.5037736279688982e16 0 0 0
26 16 2.3507106131247884e16 2.3507106131247884e16 0 0 0
27 16 1.5302414007181174e16 1.5302414007181174e16 0 0 0
28 16 2.1815929968582064e16 2.1815929968582064e16 0 0 0
29 16 9.694434095976258e15 9.694434095976258e15 0 0 0
20 17 1.5468166345509796e16 1.5468166345509796e16 0 0 0
21 17 1.0306672947687198e16 1.0306672947687198e16 0 0 0
22 17 1.7509030777679464e16 1.7509030777679464e16 0 0 0
23 17 1.2793268457773642e16 1.2793268457773642e16 0 0 0
24 17 9.701135926980834e15 9.701135926980834e15 0 0 0
25 17 1.5508687524360328e16 1.5508687524360328e16 0 0 0
26 17 1.1232309894090384e16 1.1232309894090384e16 0 0 0
27 17 1.957873333158089e16 1.957873333158089e16 0 0 0
28 17 1.502714310491966e16 1.502714310491966e16 0 0 0
29 17 2.479233721684197e16 2.479233721684197e16 0 0 0
20 18 1.3740727522799744e16 1.3740727522799744e16 0 0 0
21 18 8.968980608364562e15 8.968980608364562e15 0 0 0
22 18 1.6251757955633412e16 1.6251757955633412e16 0 0 0
23 18 1.094376279072593e16 1.094376279072593e16 0 0 0
24 18 2.2373908301494536e16 2.2373908301494536e16 0 0 0
25 18 1.533073030108881e16 1.533073030108881e16 0 0 0
26 18 2.431534503528909e16 2.431534503528909e16 0 0 0
27 18 4.086525163508787e16 4.086525163508787e16 0 0 0
28 18 3.078826857035194e16 3.078826857035194e16 0 0 0
29 18 4.617788271918816e16 4.617788271918816e16 0 0 0
20 19 9.841817661777996e15 9.841817661777996e15 0 0 0
21 19 2.227527452477572e16 2.227527452477572e16 0 0 0
22 19 1.3357475975879492e16 1.3357475975879492e16 0 0 0
23 19 2.978889335452632e16 2.978889335452632e16 0 0 0
24 19 2.591319397788677e16 2.591319397788677e16 0 0 0
25 19 4.858670265289401e16 4.858670265289401e16 0 0 0
26 19 4.6481210119753464e16 4.6481210119753464e16 0 0 0
27 19 5.941195978730313e16 5.941195978730313e16 0 0 0
28 19 9.043528102304046e16 9.043528102304046e16 0 0 0
29 19 1.2089518378013931e17 1.2089518378013931e17 0 0 0
30 10 8.638857962140052e17 8.638857962140052e17 0 0 0
31 10 8.350608338961964e17 8.350608338961964e17 0 0 0
32 10 5.6533625258092416e17 5.6533625258092416e17 0 0 0
33 10 3.862232294180825e17 3.862232294180825e17 0 0 0
34 10 3.3596342132843936e17 3.3596342132843936e17 0 0 0
35 10 3.6952621141438214e17 3.6952621141438214e17 0 0 0
36 10 3.898813336352282e17 3.898813336352282e17 0 0 0
37 10 4.2152644288831277e17 4.2152644288831277e17 0 0 0
38 10 3.495653345591343e17 3.495653345591343e17 0 0 0
39 10 3.6941213383595034e17 3.6941213383595034e17 0 0 0
30 11 7.552175664947688e17 7.552175664947688e17 0 0 0
31 11 6.210266767565352e17 6.210266767565352e17 0 0 0
32 11 7.88506360845741e17 7.88506360845741e17 0 0 0
33 11 8.575574681029987e17 8.575574681029987e17 0 0 0
34 11 6.429630766784033e17 6.429630766784033e17 0 0 0
35 11 5.869412526174988e17 5.869412526174988e17 0 0 0
36 11 3.853553240988308e17 3.853553240988308e17 0 0 0
37 11 3.5145553280921235e17 3.5145553280921235e17 0 0 0
38 11 3.824838682069112e17 3.824838682069112e17 0 0 0
39 11 5.252492652954557e17 5.252492652954557e17 0 0 0
30 12 8.359808106872731e16 8.359808106872731e16 0 0 0
31 12 9.884074161301526e16 9.884074161301526e16 0 0 0
32 12 5.801330350229073e17 5.801330350229073e17 0 0 0
33 12 6.6369833141847e17 6.6369833141847e17 0 0 0
34 12 1.1030555966960856e18 1.1030555966960856e18 0 0 0
35 12 1.594829931587948e18 1.594829931587948e18 0 0 0
36 12 1.0119201123284589e18 1.0119201123284589e18 0 0 0
37 12 6.401897884788878e17 6.401897884788878e17 0 0 0
38 12 4.750260556590332e17 4.750260556590332e17 0 0 0
39 12 3.034005316578334e17 3.034005316578334e17 0 0 0
30 13 1.856977661343471e16 1.856977661343471e16 0 0 0
31 13 1.7020691260801944e16 1.7020691260801944e16 0 0 0
32 13 1.6306727221479694e16 1.6306727221479694e16 0 0 0
33 13 1.4928747774023724e16 1.4928747774023724e16 0 0 0
34 13 2.3790139668272868e16 2.3790139668272868e16 0 0 0
35 13 2.5974436313891594e17 2.5974436313891594e17 0 0 0
36 13 8.137398743107258e17 8.137398743107258e17 0 0 0
37 13 1.4143128191084498e18 1.4143128191084498e18 0 0 0
38 13 1.6283498392043983e18 1.6283498392043983e18 0 0 0
39 13 9.612481254845101e17 9.612481254845101e17 0 0 0
30 14 7.749157422515692e15 7.749157422515692e15 0 0 0
31 14 8.168823748124736e15 8.168823748124736e15 0 0 0
32 14 7.292940888626513e15 7.292940888626513e15 0 0 0
33 14 1.0013153333697286e16 1.0013153333697286e16 0 0 0
34 14 9.279212793992314e15 9.279212793992314e15 0 0 0
35 14 1.247734231867301e16 1.247734231867301e16 0 0 0
36 14 2.183692341219128e16 2.183692341219128e16 0 0 0
37 14 2.5339269530335076e16 2.5339269530335076e16 0 0 0
38 14 7.364660916463768e17 7.364660916463768e17 0 0 0
39 14 1.5384135556430364e18 1.5384135556430364e18 0 0 0
30 15 1.726211286350804e16 1.726211286350804e16 0 0 0
31 15 1.8712903265271344e16 1.8712903265271344e16 0 0 0
32 15 2.1527053535809532e16 2.1527053535809532e16 0 0 0
33 15 2.244328315106728e16 2.244328315106728e16 0 0 0
34 15 1.4062370422557012e16 1.4062370422557012e16 0 0 0
35 15 1.9018177740226684e16 1.9018177740226684e16 0 0 0
36 15 2.2154694764546188e16 2.2154694764546188e16 0 0 0
37 15 2.2240400254784964e16 2.2240400254784964e16 0 0 0
38 15 1.0425001147197514e16 1.0425001147197514e16 0 0 0
39 15 8.24888122774752e15 8.24888122774752e15 0 0 0
30 16 1.70677587923637e16 1.70677587923637e16 0 0 0
31 16 9.530828506405926e15 9.530828506405926e15 0 0 0
32 16 1.5952158212165328e16 1.5952158212165328e16 0 0 0
33 16 2.5411769983408816e16 2.5411769983408816e16 0 0 0
34 16 3.0199958891097452e16 3.0199958891097452e16 0 0 0
35 16 1.3737010027222244e16 1.3737010027222244e16 0 0 0
36 16 9.858069064099382e15 9.858069064099382e15 0 0 0
37 16 6.654576872455229e15 6.654576872455229e15 0 0 0
38 16 4.074980268892434e15 4.074980268892434e15 0 0 0
39 16 5.770199404097591e15 5.770199404097591e15 0 0 0
30 17 4.1509546267218984e16 4.1509546267218984e16 0 0 0
31 17 4.19728730509816e16 4.19728730509816e16 0 0 0
32 17 4.057135733224736e16 4.057135733224736e16 0 0 0
33 17 3.098623562314624e16 3.098623562314624e16 0 0 0
34 17 3.108249591661826e16 3.108249591661826e16 0 0 0
35 17 2.800152644313748e16 2.800152644313748e16 0 0 0
36 17 1.1151717536068038e16 1.1151717536068038e16 0 0 0
37 17 7.699856116766431e15 7.699856116766431e15 0 0 0
38 17 6.69355434238366e15 6.69355434238366e15 0 0 0
39 17 7.981870324070896e15 7.981870324070896e15 0 0 0
30 18 6.582904658556481e16 6.582904658556481e16 0 0 0
31 18 6.170675120465627e16 6.170675120465627e16 0 0 0
32 18 8.433211601925803e16 8.433211601925803e16 0 0 0
33 18 8.230048006631722e16 8.230048006631722e16 0 0 0
34 18 7.554239191186349e16 7.554239191186349e16 0 0 0
35 18 6.397871630841819e16 6.397871630841819e16 0 0 0
36 18 4.680773485037951e16 4.680773485037951e16 0 0 0
37 18 5.401817975211309e16 5.401817975211309e16 0 0 0
38 18 3.802533970399556e16 3.802533970399556e16 0 0 0
39 18 3.952792749352254e16 3.952792749352254e16 0 0 0
30 19 9.392455453595046e16 9.392455453595046e16 0 0 0
31 19 1.0612612964000533e17 1.0612612964000533e17 0 0 0
32 19 1.1475997754053318e17 1.1475997754053318e17 0 0 0
33 19 1.3996143672149438e17 1.3996143672149438e17 0 0 0
34 19 1.710823034619066e17 1.710823034619066e17 0 0 0
35 19 1.7108815841382877e17 1.7108815841382877e17 0 0 0
36 19 1.703775087826115e17 1.703775087826115e17 0 0 0
37 19 9.348740895949451e16 9.348740895949451e16 0 0 0
38 19 1.2394421071427307e17 1.2394421071427307e17 0 0 0
39 19 1.0494152135227806e17 1.0494152135227806e17 0 0 0
40 10 2.955053022568341e17 2.955053022568341e17 0 0 0
41 10 2.3264888889208064e17 2.3264888889208064e17 0 0 0
42 10 1.3611356404188088e17 1.3611356404188088e17 0 0 0
43 10 1.1749484377356002e17 1.1749484377356002e17 0 0 0
44 10 1.058054018591574e17 1.058054018591574e17 0 0 0
45 10 1.0391314299105002e17 1.0391314299105002e17 0 0 0
46 10 8.367906993714765e16 8.367906993714765e16 0 0 0
47 10 9.239758050632158e16 9.239758050632158e16 0 0 0
48 10 8.415295577631637e16 8.415295577631637e16 0 0 0
49 10 8.874625558591925e16 8.874625558591925e16 0 0 0
40 11 4.2403219795970035e17 4.2403219795970035e17 0 0 0
41 11 4.1505890187736806e17 4.1505890187736806e17 0 0 0
42 11 3.078265687232835e17 3.078265687232835e17 0 0 0
43 11 2.3066695449965962e17 2.3066695449965962e17 0 0 0
44 11 1.9471654899490915e17 1.9471654899490915e17 0 0 0
45 11 1.5125563418070573e17 1.5125563418070573e17 0 0 0
46 11 1.1311578684800754e17 1.1311578684800754e17 0 0 0
47 11 1.1093706722115438e17 1.1093706722115438e17 0 0 0
48 11 1.0235069217741474e17 1.0235069217741474e17 0 0 0
49 11 8.325148144332045e16 8.325148144332045e16 0 0 0
40 12 3.2783394633943155e17 3.2783394633943155e17 0 0 0
41 12 5.816670769893875e17 5.816670769893875e17 0 0 0
42 12 4.763641374411857e17 4.763641374411857e17 0 0 0
43 12 4.445856346415468e17 4.445856346415468e17 0 0 0
44 12 3.1042546632112435e17 3.1042546632112435e17 0 0 0
45 12 2.2551690330671066e17 2.2551690330671066e17 0 0 0
46 12 1.571022804295344e17 1.571022804295344e17 0 0 0
47 12 1.3255209765703736e17 1.3255209765703736e17 0 0 0
48 12 1.0709435185875094e17 1.0709435185875094e17 0 0 0
49 12 7.975615862281275e16 7.975615862281275e16 0 0 0
40 13 5.6611789785889786e17 5.6611789785889786e17 0 0 0
41 13 3.45761303803749e17 3.45761303803749e17 0 0 0
42 13 3.391063222644518e17 3.391063222644518e17 0 0 0
43 13 4.376771596954151e17 4.376771596954151e17 0 0 0
44 13 5.534013148730133e17 5.534013148730133e17 0 0 0
45 13 4.019148277091804e17 4.019148277091804e17 0 0 0
46 13 2.6804897041892736e17 2.6804897041892736e17 0 0 0
47 13 1.8871903589589498e17 1.8871903589589498e17 0 0 0
48 13 1.747565338968913e17 1.747565338968913e17 0 0 0
49 13 9.8811844878788e16 9.8811844878788e16 0 0 0
40 14 1.2200021358867791e18 1.2200021358867791e18 0 0 0
41 14 1.425445148235106e18 1.425445148235106e18 0 0 0
42 14 6.529856771572947e17 6.529856771572947e17 0 0 0
43 14 4.421779873066191e17 4.421779873066191e17 0 0 0
44 14 4.132197516836435e17 4.132197516836435e17 0 0 0
45 14 6.624904188497764e17 6.624904188497764e17 0 0 0
46 14 4.98350960551511e17 4.98350960551511e17 0 0 0
47 14 4.350706902936599e17 4.350706902936599e17 0 0 0
48 14 3.011606159918135e17 3.011606159918135e17 0 0 0
49 14 1.9599002555648742e17 1.9599002555648742e17 0 0 0
40 15 8.220293180837198e17 8.220293180837198e17 0 0 0
41 15 1.5127908395336827e18 1.5127908395336827e18 0 0 0
42 15 9.29562704891397e17 9.29562704891397e17 0 0 0
43 15 1.2353132127273198e18 1.2353132127273198e18 0 0 0
44 15 9.039882938408279e17 9.039882938408279e17 0 0 0
45 15 5.4904739967141696e17 5.4904739967141696e17 0 0 0
46 15 6.103434672506828e17 6.103434672506828e17 0 0 0
47 15 6.147033365367995e17 6.147033365367995e17 0 0 0
48 15 5.5533963990183296e17 5.5533963990183296e17 0 0 0
49 15 3.636730951723577e17 3.636730951723577e17 0 0 0
40 16 7.421900300166265e15 7.421900300166265e15 0 0 0
41 16 8.647632508539537e15 8.647632508539537e15 0 0 0
42 16 1.80792490735306e18 1.80792490735306e18 0 0 0
43 16 1.5004933064959212e18 1.5004933064959212e18 0 0 0
44 16 9.289746998116671e17 9.289746998116671e17 0 0 0
45 16 1.2547290929703562e18 1.2547290929703562e18 0 0 0
46 16 1.0110294612840872e18 1.0110294612840872e18 0 0 0
47 16 5.270077139293567e17 5.270077139293567e17 0 0 0
48 16 4.480243578955547e17 4.480243578955547e17 0 0 0
49 16 6.55718977992597e17 6.55718977992597e17 0 0 0
40 17 1.285104458459301e16 1.285104458459301e16 0 0 0
41 17 2.087052704955864e16 2.087052704955864e16 0 0 0
42 17 1.9917813313096004e16 1.9917813313096004e16 0 0 0
43 17 2.450664319775695e16 2.450664319775695e16 0 0 0
44 17 1.8859709608141146e18 1.8859709608141146e18 0 0 0
45 17 1.2891717913878822e18 1.2891717913878822e18 0 0 0
46 17 8.771612175876554e17 8.771612175876554e17 0 0 0
47 17 1.606731543966683e18 1.606731543966683e18 0 0 0
48 17 9.274747900149603e17 9.274747900149603e17 0 0 0
49 17 5.683881462361508e17 5.683881462361508e17 0 0 0
40 18 4.759763631708111e16 4.759763631708111e16 0 0 0
41 18 2.9008435961415668e16 2.9008435961415668e16 0 0 0
42 18 2.4507271865433124e16 2.4507271865433124e16 0 0 0
43 18 4.225853266734769e16 4.225853266734769e16 0 0 0
44 18 3.191559940840291e16 3.191559940840291e16 0 0 0
45 18 1.9224938683665871e18 1.9224938683665871e18 0 0 0
46 18 1.4687020476241684e18 1.4687020476241684e18 0 0 0
47 18 1.1419013865334511e18 1.1419013865334511e18 0 0 0
48 18 1.0003816750276262e18 1.0003816750276262e18 0 0 0
49 18 2.0555916406571328e18 2.0555916406571328e18 0 0 0
40 19 8.848362365102011e16 8.848362365102011e16 0 0 0
41 19 8.650343213622056e16 8.650343213622056e16 0 0 0
42 19 7.883346624077171e16 7.883346624077171e16 0 0 0
43 19 5.776845512234222e16 5.776845512234222e16 0 0 0
44 19 5.469415654640455e16 5.469415654640455e16 0 0 0
45 19 7.431397939031701e16 7.431397939031701e16 0 0 0
46 19 6.678872234036618e17 6.678872234036618e17 0 0 0
47 19 1.5747658904689923e18 1.5747658904689923e18 0 0 0
48 19 1.0326379494026253e18 1.0326379494026253e18 0 0 0
49 19 9.04409791618169e17 9.04409791618169e17 0 0 0
50 10 8.269014039410387e16 8.269014039410387e16 0 0 0
51 10 7.876383450391259e16 7.876383450391259e16 0 0 0
52 10 6.914967056854664e16 6.914967056854664e16 0 0 0
53 10 6.3555136395184536e16 6.3555136395184536e16 0 0 0
54 10 5.8164892157552536e16 5.8164892157552536e16 0 0 0
55 10 6.2268267022219784e16 6.2268267022219784e16 0 0 0
56 10 5.513911451006195e16 5.513911451006195e16 0 0 0
57 10 6.50904638151618e16 6.50904638151618e16 0 0 0
58 10 4.200765370890774e16 4.200765370890774e16 0 0 0
59 10 4.033764929500074e16 4.033764929500074e16 0 0 0
50 11 7.469137015439269e16 7.469137015439269e16 0 0 0
51 11 8.048446781815094e16 8.048446781815094e16 0 0 0
52 11 7.099740585246778e16 7.099740585246778e16 0 0 0
53 11 6.543341800728458e16 6.543341800728458e16 0 0 0
54 11 6.08378596003308e16 6.08378596003308e16 0 0 0
55 11 5.275489814591915e16 5.275489814591915e16 0 0 0
56 11 4.746106343040602e16 4.746106343040602e16 0 0 0
57 11 5.750974968346676e16 5.750974968346676e16 0 0 0
58 11 4.823149889258087e16 4.823149889258087e16 0 0 0
59 11 5.459651993161836e16 5.459651993161836e16 0 0 0
50 12 8.276809669034998e16 8.276809669034998e16 0 0 0
51 12 6.987128194844046e16 6.987128194844046e16 0 0 0
52 12 6.527063458352619e16 6.527063458352619e16 0 0 0
53 12 5.423089593282932e16 5.423089593282932e16 0 0 0
54 12 5.080806562543041e16 5.080806562543041e16 0 0 0
55 12 4.749734062595944e16 4.749734062595944e16 0 0 0
56 12 4.568501494467848e16 4.568501494467848e16 0 0 0
57 12 5.861731000976402e16 5.861731000976402e16 0 0 0
58 12 5.1406860275761256e16 5.1406860275761256e16 0 0 0
59 12 6.491998406846693e16 6.491998406846693e16 0 0 0
50 13 8.63156911358992e16 8.63156911358992e16 0 0 0
51 13 6.461443305582213e16 6.461443305582213e16 0 0 0
52 13 7.088485337909967e16 7.088485337909967e16 0 0 0
53 13 6.49659654723436e16 6.49659654723436e16 0 0 0
54 13 6.098394686708513e16 6.098394686708513e16 0 0 0
55 13 5.340484203299914e16 5.340484203299914e16 0 0 0
56 13 5.1212887925665496e16 5.1212887925665496e16 0 0 0
57 13 5.01081111414816e16 5.01081111414816e16 0 0 0
58 13 4.820787278454848e16 4.820787278454848e16 0 0 0
59 13 6.470845407672722e16 6.470845407672722e16 0 0 0
50 14 1.4057309500287621e17 1.4057309500287621e17 0 0 0
51 14 7.369287546181555e16 7.369287546181555e16 0 0 0
52 14 7.584319983011893e16 7.584319983011893e16 0 0 0
53 14 5.376479941468662e16 5.376479941468662e16 0 0 0
54 14 4.776011610610389e16 4.776011610610389e16 0 0 0
55 14 4.279722144110199e16 4.279722144110199e16 0 0 0
56 14 4.167030190307546e16 4.167030190307546e16 0 0 0
57 14 5.586446989087843e16 5.586446989087843e16 0 0 0
58 14 5.939127609944452e16 5.939127609944452e16 0 0 0
59 14 5.5787105614212376e16 5.5787105614212376e16 0 0 0
50 15 2.3074543411238413e17 2.3074543411238413e17 0 0 0
51 15 1.461156021931747e17 1.461156021931747e17 0 0 0
52 15 1.048326664769722e17 1.048326664769722e17 0 0 0
53 15 6.353876027129676e16 6.353876027129676e16 0 0 0
54 15 6.352345382285032e16 6.352345382285032e16 0 0 0
55 15 5.566183207406394e16 5.566183207406394e16 0 0 0
56 15 4.868634257517953e16 4.868634257517953e16 0 0 0
57 15 4.708236692729651e16 4.708236692729651e16 0 0 0
58 15 4.778117646395881e16 4.778117646395881e16 0 0 0
59 15 4.74118729628819e16 4.74118729628819e16 0 0 0
50 16 5.475930535709036e17 5.475930535709036e17 0 0 0
51 16 3.602440348180923e17 3.602440348180923e17 0 0 0
52 16 2.351704243835096e17 2.351704243835096e17 0 0 0
53 16 1.480068637553955e17 1.480068637553955e17 0 0 0
54 16 7.638649140479805e16 7.638649140479805e16 0 0 0
55 16 5.0449892404069304e16 5.0449892404069304e16 0 0 0
56 16 4.131341806021519e16 4.131341806021519e16 0 0 0
57 16 3.708500344486985e16 3.708500344486985e16 0 0 0
58 16 3.54456006223156e16 3.54456006223156e16 0 0 0
59 16 5.2553033303953704e16 5.2553033303953704e16 0 0 0
50 17 6.095052346376046e17 6.095052346376046e17 0 0 0
51 17 6.517205573242981e17 6.517205573242981e17 0 0 0
52 17 5.2221388782658586e17 5.2221388782658586e17 0 0 0
53 17 3.3578625634634624e17 3.3578625634634624e17 0 0 0
54 17 1.4840573337935843e17 1.4840573337935843e17 0 0 0
55 17 1.087424717529337e17 1.087424717529337e17 0 0 0
56 17 6.651519321086131e16 6.651519321086131e16 0 0 0
57 17 5.57678784460123e16 5.57678784460123e16 0 0 0
58 17 4.5235939293022296e16 4.5235939293022296e16 0 0 0
59 17 3.816345625055396e16 3.816345625055396e16 0 0 0
50 18 8.472072291312065e17 8.472072291312065e17 0 0 0
51 18 5.4890637919328666e17 5.4890637919328666e17 0 0 0
52 18 7.455069080901395e17 7.455069080901395e17 0 0 0
53 18 5.863445961635217e17 5.863445961635217e17 0 0 0
54 18 3.399637225445364e17 3.399637225445364e17 0 0 0
55 18 2.2141561544544317e17 2.2141561544544317e17 0 0 0
56 18 1.0872088928101502e17 1.0872088928101502e17 0 0 0
57 18 6.313986960138766e16 6.313986960138766e16 0 0 0
58 18 4.629950849307638e16 4.629950849307638e16 0 0 0
59 18 3.604612392798746e16 3.604612392798746e16 0 0 0
50 19 1.0832136801979137e18 1.0832136801979137e18 0 0 0
51 19 1.522902835855151e18 1.522902835855151e18 0 0 0
52 19 6.45813120146205e17 6.45813120146205e17 0 0 0
53 19 5.0461479575924077e17 5.0461479575924077e17 0 0 0
54 19 6.192347288382216e17 6.192347288382216e17 0 0 0
55 19 3.883686892557016e17 3.883686892557016e17 0 0 0
56 19 2.1923727120614906e17 2.1923727120614906e17 0 0 0
57 19 1.346993154481232e17 1.346993154481232e17 0 0 0
58 19 8.075987755546459e16 8.075987755546459e16 0 0 0
59 19 7.942530622729408e16 7.942530622729408e16 0 0 0
60 10 3.2527505089844564e16 3.2527505089844564e16 0 0 0
61 10 3.4455416083239556e16 3.4455416083239556e16 0 0 0
62 10 2.761728800375862e16 2.761728800375862e16 0 0 0
63 10 1.5864614496110484e16 1.5864614496110484e16 0 0 0
64 10 1.7448088113239326e16 1.7448088113239326e16 0 0 0
65 10 2.0903418221512788e16 2.0903418221512788e16 0 0 0
66 10 2.3539040105390676e16 2.3539040105390676e16 0 0 0
67 10 2.7920273407195424e16 2.7920273407195424e16 0 0 0
68 10 3.4267795000347548e16 3.4267795000347548e16 0 0 0
69 10 3.5437406069619644e16 3.5437406069619644e16 0 0 0
60 11 2.7903393085679132e16 2.7903393085679132e16 0 0 0
61 11 1.821390376813872e16 1.821390376813872e16 0 0 0
62 11 1.984420522688943e16 1.984420522688943e16 0 0 0
63 11 1.7658370325773188e16 1.7658370325773188e16 0 0 0
64 11 7.688399810310923e15 7.688399810310923e15 0 0 0
65 11 5.446629394100483e15 5.446629394100483e15 0 0 0
66 11 9.168353414240944e15 9.168353414240944e15 0 0 0
67 11 1.3909706201068512e16 1.3909706201068512e16 0 0 0
68 11 1.9487752123048024e16 1.9487752123048024e16 0 0 0
69 11 2.6418971715947292e16 2.6418971715947292e16 0 0 0
60 12 4.121452962082015e16 4.121452962082015e16 0 0 0
61 12 4.235760336216705e16 4.235760336216705e16 0 0 0
62 12 2.3192779911492892e16 2.3192779911492892e16 0 0 0
63 12 2.0532609139394828e16 2.0532609139394828e16 0 0 0
64 12 1.3057375236141928e16 1.3057375236141928e16 0 0 0
65 12 1.866306866789205e15 1.866306866789205e15 0 0 0
66 12 2.993342797544081e15 2.993342797544081e15 0 0 0
67 12 2.626558865748797e15 2.626558865748797e15 0 0 0
68 12 6.098763321467772e15 6.098763321467772e15 0 0 0
69 12 8.801634651460104e15 8.801634651460104e15 0 0 0
60 13 5.248099088630307e16 5.248099088630307e16 0 0 0
61 13 5.808686418434623e16 5.808686418434623e16 0 0 0
62 13 4.96170372971399e16 4.96170372971399e16 0 0 0
63 13 3.065431369614835e16 3.065431369614835e16 0 0 0
64 13 2.351530743996722e16 2.351530743996722e16 0 0 0
65 13 6.884854401038792e15 6.884854401038792e15 0 0 0
66 13 2.8239919734399395e15 2.8239919734399395e15 0 0 0
67 13 1.9619437973914325e15 1.9619437973914325e15 0 0 0
68 13 3.79150676926143e15 3.79150676926143e15 0 0 0
69 13 4.698298032038223e15 4.698298032038223e15 0 0 0
60 14 7.502140638219758e16 7.502140638219758e16 0 0 0
61 14 7.062042269858924e16 7.062042269858924e16 0 0 0
62 14 7.258874918184528e16 7.258874918184528e16 0 0 0
63 14 3.4601046065237416e16 3.4601046065237416e16 0 0 0
64 14 3.84615563109417e16 3.84615563109417e16 0 0 0
65 14 4.0028907048912504e16 4.0028907048912504e16 0 0 0
66 14 3.862432190715075e15 3.862432190715075e15 0 0 0
67 14 2.7922433884008725e15 2.7922433884008725e15 0 0 0
68 14 2.404723809300556e15 2.404723809300556e15 0 0 0
69 14 3.7250093938474465e15 3.7250093938474465e15 0 0 0
60 15 6.328580587927534e16 6.328580587927534e16 0 0 0
61 15 5.989997959589241e16 5.989997959589241e16 0 0 0
62 15 8.118708128466346e16 8.118708128466346e16 0 0 0
63 15 5.708205077472399e16 5.708205077472399e16 0 0 0
64 15 4.012562466235812e16 4.012562466235812e16 0 0 0
65 15 3.9752812948844504e16 3.9752812948844504e16 0 0 0
66 15 2.3245666756582704e16 2.3245666756582704e16 0 0 0
67 15 5.970372437410096e15 5.970372437410096e15 0 0 0
68 15 4.769074691091504e15 4.769074691091504e15 0 0 0
69 15 4.3481445047515515e15 4.3481445047515515e15 0 0 0
60 16 5.346017856631937e16 5.346017856631937e16 0 0 0
61 16 5.3267430819261736e16 5.3267430819261736e16 0 0 0
62 16 7.648377112099085e16 7.648377112099085e16 0 0 0
63 16 9.183995590710982e16 9.183995590710982e16 0 0 0
64 16 6.466731816142385e16 6.466731816142385e16 0 0 0
65 16 4.225451161479118e16 4.225451161479118e16 0 0 0
66 16 5.611037368015153e16 5.611037368015153e16 0 0 0
67 16 1.038498453555563e16 1.038498453555563e16 0 0 0
68 16 6.368418293568508e15 6.368418293568508e15 0 0 0
69 16 7.425207256380133e15 7.425207256380133e15 0 0 0
60 17 4.262313714989901e16 4.262313714989901e16 0 0 0
61 17 6.513851044512162e16 6.513851044512162e16 0 0 0
62 17 6.1436456919582296e16 6.1436456919582296e16 0 0 0
63 17 5.699274302851821e16 5.699274302851821e16 0 0 0
64 17 7.426851189872973e16 7.426851189872973e16 0 0 0
65 17 6.781006748000264e16 6.781006748000264e16 0 0 0
66 17 3.630464034295757e16 3.630464034295757e16 0 0 0
67 17 4.347162917416301e16 4.347162917416301e16 0 0 0
68 17 3.6633808926161875e15 3.6633808926161875e15 0 0 0
69 17 6.441319981547594e15 6.441319981547594e15 0 0 0
60 18 3.895691270288262e16 3.895691270288262e16 0 0 0
61 18 5.169048003778828e16 5.169048003778828e16 0 0 0
62 18 4.899346079328123e16 4.899346079328123e16 0 0 0
63 18 7.397919249407091e16 7.397919249407091e16 0 0 0
64 18 6.626273063841477e16 6.626273063841477e16 0 0 0
65 18 7.63497909075981e16 7.63497909075981e16 0 0 0
66 18 6.029945419738624e16 6.029945419738624e16 0 0 0
67 18 4.820047626200723e16 4.820047626200723e16 0 0 0
68 18 1.3169788600584886e16 1.3169788600584886e16 0 0 0
69 18 2.515436930598747e15 2.515436930598747e15 0 0 0
60 19 5.708626000608123e16 5.708626000608123e16 0 0 0
61 19 4.66340186411862e16 4.66340186411862e16 0 0 0
62 19 4.828253685226589e16 4.828253685226589e16 0 0 0
63 19 6.261005130412503e16 6.261005130412503e16 0 0 0
64 19 6.054250369501936e16 6.054250369501936e16 0 0 0
65 19 7.970959953466904e16 7.970959953466904e16 0 0 0
66 19 7.474749442824706e16 7.474749442824706e16 0 0 0
67 19 5.173926499527927e16 5.173926499527927e16 0 0 0
68 19 6.529105852267046e16 6.529105852267046e16 0 0 0
69 19 2.633247145959129e15 2.633247145959129e15 0 0 0
70 10 2.8028881806811364e16 2.8028881806811364e16 0 0 0
71 10 1.667654829208104e16 1.667654829208104e16 0 0 0
72 10 6.806382615006259e15 6.806382615006259e15 0 0 0
73 10 2.2537262706571945e15 2.2537262706571945e15 0 0 0
74 10 8.51013612981193e14 8.51013612981193e14 0 0 0
75 10 9.663901226885726e14 9.663901226885726e14 0 0 0
76 10 1.396630622319872e15 1.396630622319872e15 0 0 0
77 10 1.6618021132330045e15 1.6618021132330045e15 0 0 0
78 10 2.1225529545661028e15 2.1225529545661028e15 0 0 0
79 10 4.597046697424333e15 4.597046697424333e15 0 0 0
70 11 2.830688639692168e16 2.830688639692168e16 0 0 0
71 11 3.2703451959089228e16 3.2703451959089228e16 0 0 0
72 11 3.5708138638820652e16 3.5708138638820652e16 0 0 0
73 11 3.1913640769000668e16 3.1913640769000668e16 0 0 0
74 11 1.9830197620607868e16 1.9830197620607868e16 0 0 0
75 11 1.0461521969931678e16 1.0461521969931678e16 0 0 0
76 11 4.132910960314449e15 4.132910960314449e15 0 0 0
77 11 2.3735229820749705e15 2.3735229820749705e15 0 0 0
78 11 1.564916997940724e15 1.564916997940724e15 0 0 0
79 11 1.0443133186625284e15 1.0443133186625284e15 0 0 0
70 12 1.473881635866578e16 1.473881635866578e16 0 0 0
71 12 2.33118918308701e16 2.33118918308701e16 0 0 0
72 12 3.142321169310148e16 3.142321169310148e16 0 0 0
73 12 3.346231651011132e16 3.346231651011132e16 0 0 0
74 12 3.7066861188764824e16 3.7066861188764824e16 0 0 0
75 12 3.2377555418393452e16 3.2377555418393452e16 0 0 0
76 12 2.297858378199244e16 2.297858378199244e16 0 0 0
77 12 1.338482667303469e16 1.338482667303469e16 0 0 0
78 12 7.462907216061931e15 7.462907216061931e15 0 0 0
79 12 4.0960314012998435e15 4.0960314012998435e15 0 0 0
70 13 8.328133387745243e15 8.328133387745243e15 0 0 0
71 13 1.1828553514878328e16 1.1828553514878328e16 0 0 0
72 13 1.6623600937044886e16 1.6623600937044886e16 0 0 0
73 13 2.4295643723021536e16 2.4295643723021536e16 0 0 0
74 13 3.325025724702291e16 3.325025724702291e16 0 0 0
75 13 3.591127636070459e16 3.591127636070459e16 0 0 0
76 13 3.5261938032037268e16 3.5261938032037268e16 0 0 0
77 13 3.010790142586696e16 3.010790142586696e16 0 0 0
78 13 2.277328390171377e16 2.277328390171377e16 0 0 0
79 13 1.7219364765480638e16 1.7219364765480638e16 0 0 0
70 14 4.700847567388506e15 4.700847567388506e15 0 0 0
71 14 6.684357912440885e15 6.684357912440885e15 0 0 0
72 14 1.1791272644323814e16 1.1791272644323814e16 0 0 0
73 14 1.5350376443420782e16 1.5350376443420782e16 0 0 0
74 14 2.190621926470007e16 2.190621926470007e16 0 0 0
75 14 2.7658180319516116e16 2.7658180319516116e16 0 0 0
76 14 3.446244898121683e16 3.446244898121683e16 0 0 0
77 14 3.1860448327411436e16 3.1860448327411436e16 0 0 0
78 14 3.2594224207795956e16 3.2594224207795956e16 0 0 0
79 14 2.6019038790687916e16 2.6019038790687916e16 0 0 0
70 15 3.8458474463073015e15 3.8458474463073015e15 0 0 0
71 15 5.236476450570583e15 5.236476450570583e15 0 0 0
72 15 7.219944083086989e15 7.219944083086989e15 0 0 0
73 15 1.0411685967473826e16 1.0411685967473826e16 0 0 0
74 15 1.4156980593064748e16 1.4156980593064748e16 0 0 0
75 15 1.7688542474772238e16 1.7688542474772238e16 0 0 0
76 15 2.486209320012166e16 2.486209320012166e16 0 0 0
77 15 2.740213124755171e16 2.740213124755171e16 0 0 0
78 15 2.5480545053320228e16 2.5480545053320228e16 0 0 0
79 15 2.719617439445456e16 2.719617439445456e16 0 0 0
70 16 6.379765637665781e15 6.379765637665781e15 0 0 0
71 16 5.892409017483166e15 5.892409017483166e15 0 0 0
72 16 5.693558134257517e15 5.693558134257517e15 0 0 0
73 16 7.699233218459529e15 7.699233218459529e15 0 0 0
74 16 9.494362551397124e15 9.494362551397124e15 0 0 0
75 16 1.1653864485773244e16 1.1653864485773244e16 0 0 0
76 16 1.5749825922412176e16 1.5749825922412176e16 0 0 0
77 16 1.79041400037103e16 1.79041400037103e16 0 0 0
78 16 2.044363019825146e16 2.044363019825146e16 0 0 0
79 16 2.6527388735380948e16 2.6527388735380948e16 0 0 0
70 17 6.979141645420779e15 6.979141645420779e15 0 0 0
71 17 7.224049825554845e15 7.224049825554845e15 0 0 0
72 17 6.266398570148209e15 6.266398570148209e15 0 0 0
73 17 6.415958487549744e15 6.415958487549744e15 0 0 0
74 17 6.911137214880534e15 6.911137214880534e15 0 0 0
75 17 8.687689059387964e15 8.687689059387964e15 0 0 0
76 17 1.022661839600455e16 1.022661839600455e16 0 0 0
77 17 1.2024780881607742e16 1.2024780881607742e16 0 0 0
78 17 1.3354706732553484e16 1.3354706732553484e16 0 0 0
79 17 1.597472670563187e16 1.597472670563187e16 0 0 0
70 18 6.078679205610897e15 6.078679205610897e15 0 0 0
71 18 6.383844228769604e15 6.383844228769604e15 0 0 0
72 18 6.533278008453292e15 6.533278008453292e15 0 0 0
73 18 6.796507033143867e15 6.796507033143867e15 0 0 0
74 18 6.350623338291869e15 6.350623338291869e15 0 0 0
75 18 7.058888629998004e15 7.058888629998004e15 0 0 0
76 18 7.274422337590175e15 7.274422337590175e15 0 0 0
77 18 8.182128513182421e15 8.182128513182421e15 0 0 0
78 18 9.625986716875012e15 9.625986716875012e15 0 0 0
79 18 1.4033459824291656e16 1.4033459824291656e16 0 0 0
70 19 2.309943770861975e15 2.309943770861975e15 0 0 0
71 19 5.61768192745641e15 5.61768192745641e15 0 0 0
72 19 5.794017812552427e15 5.794017812552427e15 0 0 0
73 19 6.584460263380871e15 6.584460263380871e15 0 0 0
74 19 6.839170150618516e15 6.839170150618516e15 0 0 0
75 19 7.086914546616301e15 7.086914546616301e15 0 0 0
76 19 6.711355316257117e15 6.711355316257117e15 0 0 0
77 19 6.036864570335553e15 6.036864570335553e15 0 0 0
78 19 7.517793002993985e15 7.517793002993985e15 0 0 0
79 19 9.495531668815622e15 9.495531668815622e15 0 0 0
80 10 7.386494455613661e14 7.386494455613661e14 0 0 0
81 10 1.191217527464003e13 1.191217527464003e13 0 0 0
82 10 2.048801982933487e10 2.048801982933487e10 0 0 0
83 10 1.0239225741618995e7 1.0239225741618995e7 0 0 0
84 10 870231.0875340146 870231.0875340146 0 0 0
85 10 13767.321314759605 13767.321314759605 0 0 0
86 10 24.95828807933346 24.95828807933346 0 0 0
87 10 0.14530320570643535 0.14530320570643535 0 0 0
88 10 0.5896058954319577 0.5896058954319577 0 0 0
89 10 1.7581835380158448 1.7581835380158448 0 0 0
80 11 1.9276583680645858e15 1.9276583680645858e15 0 0 0
81 11 4.037458405846928e15 4.037458405846928e15 0 0 0
82 11 1.167388123909773e15 1.167388123909773e15 0 0 0
83 11 3.452271393477976e13 3.452271393477976e13 0 0 0
84 11 8.76157066301394e10 8.76157066301394e10 0 0 0
85 11 6.618870624325318e7 6.618870624325318e7 0 0 0
86 11 793545.767190618 793545.767190618 0 0 0
87 11 2150.045959976465 2150.045959976465 0 0 0
88 11 11.584945975179915 11.584945975179915 0 0 0
89 11 3.1681745857132015 3.1681745857132015 0 0 0
80 12 2.7566874850812335e15 2.7566874850812335e15 0 0 0
81 12 2.823924751039908e15 2.823924751039908e15 0 0 0
82 12 2.354646168250039e15 2.354646168250039e15 0 0 0
83 12 3.7498114133681265e15 3.7498114133681265e15 0 0 0
84 12 1.2480840731776198e15 1.2480840731776198e15 0 0 0
85 12 4.324220074676863e13 4.324220074676863e13 0 0 0
86 12 2.6646380248559833e11 2.6646380248559833e11 0 0 0
87 12 3.961911476677046e8 3.961911476677046e8 0 0 0
88 12 1.0367142636210112e7 1.0367142636210112e7 0 0 0
89 12 68918.97881031076 68918.97881031076 0 0 0
80 13 6.41531106485901e15 6.41531106485901e15 0 0 0
81 13 3.2382611991591105e15 3.2382611991591105e15 0 0 0
82 13 3.6532803351248335e15 3.6532803351248335e15 0 0 0
83 13 4.366014040619394e15 4.366014040619394e15 0 0 0
84 13 2.8244906694174525e15 2.8244906694174525e15 0 0 0
85 13 2.663682293438007e15 2.663682293438007e15 0 0 0
86 13 8.51326104593238e14 8.51326104593238e14 0 0 0
87 13 4.926412940011453e13 4.926412940011453e13 0 0 0
88 13 5.585227265904874e11 5.585227265904874e11 0 0 0
89 13 1.7155544052832308e10 1.7155544052832308e10 0 0 0
80 14 1.6006210336017738e16 1.6006210336017738e16 0 0 0
81 14 1.240881290646726e16 1.240881290646726e16 0 0 0
82 14 7.87886679940186e15 7.87886679940186e15 0 0 0
83 14 3.3179626485767585e15 3.3179626485767585e15 0 0 0
84 14 1.742792595788535e15 1.742792595788535e15 0 0 0
85 14 2.958870557464935e15 2.958870557464935e15 0 0 0
86 14 2.3028840516022255e15 2.3028840516022255e15 0 0 0
87 14 1.7870282673638668e15 1.7870282673638668e15 0 0 0
88 14 4.5426468752894806e14 4.5426468752894806e14 0 0 0
89 14 3.3609566806985414e13 3.3609566806985414e13 0 0 0
80 15 2.2984987862112056e16 2.2984987862112056e16 0 0 0
81 15 2.172270900786309e16 2.172270900786309e16 0 0 0
82 15 1.4602703610322106e16 1.4602703610322106e16 0 0 0
83 15 9.915234881717666e15 9.915234881717666e15 0 0 0
84 15 5.815472608797349e15 5.815472608797349e15 0 0 0
85 15 3.7954835397233675e15 3.7954835397233675e15 0 0 0
86 15 2.9827943092932045e15 2.9827943092932045e15 0 0 0
87 15 2.9571567657386625e15 2.9571567657386625e15 0 0 0
88 15 2.273628827194587e15 2.273628827194587e15 0 0 0
89 15 8.618917025009941e14 8.618917025009941e14 0 0 0
80 16 2.1134722071836532e16 2.1134722071836532e16 0 0 0
81 16 2.550235349680173e16 2.550235349680173e16 0 0 0
82 16 2.195564948587075e16 2.195564948587075e16 0 0 0
83 16 1.80513660463072e16 1.80513660463072e16 0 0 0
84 16 1.1675024926983822e16 1.1675024926983822e16 0 0 0
85 16 5.238989258414085e15 5.238989258414085e15 0 0 0
86 16 4.310946204347248e15 4.310946204347248e15 0 0 0
87 16 1.9931148824062255e15 1.9931148824062255e15 0 0 0
88 16 1.953579546734301e15 1.953579546734301e15 0 0 0
89 16 3.9756237530859785e15 3.9756237530859785e15 0 0 0
80 17 1.932821447322815e16 1.932821447322815e16 0 0 0
81 17 2.261224666195584e16 2.261224666195584e16 0 0 0
82 17 2.201583030206625e16 2.201583030206625e16 0 0 0
83 17 2.2976503074207044e16 2.2976503074207044e16 0 0 0
84 17 1.5444058603493136e16 1.5444058603493136e16 0 0 0
85 17 1.254773331428108e16 1.254773331428108e16 0 0 0
86 17 7.601324957028e15 7.601324957028e15 0 0 0
87 17 6.142764727726964e15 6.142764727726964e15 0 0 0
88 17 4.2602568863329405e15 4.2602568863329405e15 0 0 0
89 17 2.9372065443061325e15 2.9372065443061325e15 0 0 0
80 18 1.5245647173216292e16 1.5245647173216292e16 0 0 0
81 18 1.4855334030521324e16 1.4855334030521324e16 0 0 0
82 18 1.774832249339205e16 1.774832249339205e16 0 0 0
83 18 1.7358555128206366e16 1.7358555128206366e16 0 0 0
84 18 1.925247692723839e16 1.925247692723839e16 0 0 0
85 18 1.6450976101189626e16 1.6450976101189626e16 0 0 0
86 18 1.238060169703646e16 1.238060169703646e16 0 0 0
87 18 8.508863971729766e15 8.508863971729766e15 0 0 0
88 18 6.417010294858214e15 6.417010294858214e15 0 0 0
89 18 3.1341344652026795e15 3.1341344652026795e15 0 0 0
80 19 1.1153414547144516e16 1.1153414547144516e16 0 0 0
81 19 1.2177754498168684e16 1.2177754498168684e16 0 0 0
82 19 1.7861158435959328e16 1.7861158435959328e16 0 0 0
83 19 1.328498532376656e16 1.328498532376656e16 0 0 0
84 19 1.8650530031948096e16 1.8650530031948096e16 0 0 0
85 19 1.4901135542666012e16 1.4901135542666012e16 0 0 0
86 19 1.7624244387157874e16 1.7624244387157874e16 0 0 0
87 19 1.2105850607204152e16 1.2105850607204152e16 0 0 0
88 19 8.472781949074877e15 8.472781949074877e15 0 0 0
89 19 6.395784302973311e15 6.395784302973311e15 0 0 0
90 10 0.5873968215986498 0.5873968215986498 0 0 0
91 10 0.013298943511753388 0.013298943511753388 0 0 0
92 10 0.00012394616427595094 0.00012394616427595094 0 0 0
93 10 3.0569411207614026e-5 3.0569411207614026e-5 0 0 0
94 10 0.0016488054017079771 0.0016488054017079771 0 0 0
95 10 1.2220342964225424 1.2220342964225424 0 0 0
96 10 202.6045816838451 202.6045816838451 0 0 0
97 10 1689.117446661844 1689.117446661844 0 0 0
98 10 957.4456420494932 957.4456420494932 0 0 0
99 10 145.62582895750828 145.62582895750828 0 0 0
90 11 5.62750010659501 5.62750010659501 0 0 0
91 11 0.8191947603150247 0.8191947603150247 0 0 0
92 11 0.004740172564393747 0.004740172564393747 0 0 0
93 11 2.78252770919166e-5 2.78252770919166e-5 0 0 0
94 11 3.727777209123697e-5 3.727777209123697e-5 0 0 0
95 11 0.014130342938079467 0.014130342938079467 0 0 0
96 11 21.63228862385535 21.63228862385535 0 0 0
97 11 556.8478884623128 556.8478884623128 0 0 0
98 11 886.9703492066039 886.9703492066039 0 0 0
99 11 582.880777369563 582.880777369563 0 0 0
90 12 63.19359214651996 63.19359214651996 0 0 0
91 12 14.338690590465204 14.338690590465204 0 0 0
92 12 0.392359912058987 0.392359912058987 0 0 0
93 12 0.0008399899744540679 0.0008399899744540679 0 0 0
94 12 2.483682417474343e-5 2.483682417474343e-5 0 0 0
95 12 0.0005415822239369675 0.0005415822239369675 0 0 0
96 12 0.37980385268367445 0.37980385268367445 0 0 0
97 12 110.73994302245261 110.73994302245261 0 0 0
98 12 1171.3675008755001 1171.3675008755001 0 0 0
99 12 1286.7656616622498 1286.7656616622498 0 0 0
90 13 1.0075824556643008e9 1.0075824556643008e9 0 0 0
91 13 6.656871239269881e6 6.656871239269881e6 0 0 0
92 13 24410.147007927433 24410.147007927433 0 0 0
93 13 1077.286011021923 1077.286011021923 0 0 0
94 13 29.530078235211654 29.530078235211654 0 0 0
95 13 0.03174464573634019 0.03174464573634019 0 0 0
96 13 0.014708821112746498 0.014708821112746498 0 0 0
97 13 11.848094525799088 11.848094525799088 0 0 0
98 13 1179.49212764563 1179.49212764563 0 0 0
99 13 2363.402636146594 2363.402636146594 0 0 0
90 14 6.897297251636226e11 6.897297251636226e11 0 0 0
91 14 9.595871986401935e10 9.595871986401935e10 0 0 0
92 14 1.0073633498622469e10 1.0073633498622469e10 0 0 0
93 14 2.0489348695625584e9 2.0489348695625584e9 0 0 0
94 14 8.384341481917347e8 8.384341481917347e8 0 0 0
95 14 1.0658735624899967e7 1.0658735624899967e7 0 0 0
96 14 4.919611949565138 4.919611949565138 0 0 0
97 14 1.0488204907065135 1.0488204907065135 0 0 0
98 14 820.2571095520631 820.2571095520631 0 0 0
99 14 6769.899813635887 6769.899813635887 0 0 0
90 15 2.4773565143609525e14 2.4773565143609525e14 0 0 0
91 15 3.070906891805155e13 3.070906891805155e13 0 0 0
92 15 1.9636967930584136e12 1.9636967930584136e12 0 0 0
93 15 4.028532376120728e11 4.028532376120728e11 0 0 0
94 15 1.0467672642936913e11 1.0467672642936913e11 0 0 0
95 15 2.4052465186011497e10 2.4052465186011497e10 0 0 0
96 15 1.6430715859452778e8 1.6430715859452778e8 0 0 0
97 15 567540.656593826 567540.656593826 0 0 0
98 15 1119.959297106583 1119.959297106583 0 0 0
99 15 6154.924900952987 6154.924900952987 0 0 0
90 16 1.8456876933507458e15 1.8456876933507458e15 0 0 0
91 16 1.6684817850911428e14 1.6684817850911428e14 0 0 0
92 16 1.6906980994668356e14 1.6906980994668356e14 0 0 0
93 16 2.069160663443042e13 2.069160663443042e13 0 0 0
94 16 1.3860529765156602e12 1.3860529765156602e12 0 0 0
95 16 1.3951820860185693e11 1.3951820860185693e11 0 0 0
96 16 1.0925026374161337e11 1.0925026374161337e11 0 0 0
97 16 1.0851765513398025e9 1.0851765513398025e9 0 0 0
98 16 5.391442586624963e9 5.391442586624963e9 0 0 0
99 16 2.3285456473296204e8 2.3285456473296204e8 0 0 0
90 17 2.99374529166998e15 2.99374529166998e15 0 0 0
91 17 1.791471658288405e15 1.791471658288405e15 0 0 0
92 17 4.762089341787637e14 4.762089341787637e14 0 0 0
93 17 7.12428547118022e13 7.12428547118022e13 0 0 0
94 17 7.22226086470861e13 7.22226086470861e13 0 0 0
95 17 1.7098175460800607e13 1.7098175460800607e13 0 0 0
96 17 1.1181018489114316e12 1.1181018489114316e12 0 0 0
97 17 5.077612522417855e10 5.077612522417855e10 0 0 0
98 17 3.041191148850831e10 3.041191148850831e10 0 0 0
99 17 3.661488661678119e10 3.661488661678119e10 0 0 0
90 18 1.9090077531944172e15 1.9090077531944172e15 0 0 0
91 18 3.2941081333086055e15 3.2941081333086055e15 0 0 0
92 18 2.4755769319312765e15 2.4755769319312765e15 0 0 0
93 18 4.101847190338736e14 4.101847190338736e14 0 0 0
94 18 3.375487408652299e13 3.375487408652299e13 0 0 0
95 18 1.3914543932481881e14 1.3914543932481881e14 0 0 0
96 18 6.031367825470841e13 6.031367825470841e13 0 0 0
97 18 7.797879805031324e12 7.797879805031324e12 0 0 0
98 18 5.947012669453035e11 5.947012669453035e11 0 0 0
99 18 5.499219232552229e11 5.499219232552229e11 0 0 0
90 19 3.3937553368544275e15 3.3937553368544275e15 0 0 0
91 19 3.2635373366043745e15 3.2635373366043745e15 0 0 0
92 19 2.1759591749497625e15 2.1759591749497625e15 0 0 0
93 19 3.805719075068745e15 3.805719075068745e15 0 0 0
94 19 9.339457732805188e14 9.339457732805188e14 0 0 0
95 19 1.0762638908789738e14 1.0762638908789738e14 0 0 0
96 19 3.765257580452939e13 3.765257580452939e13 0 0 0
97 19 1.3626470072400694e14 1.3626470072400694e14 0 0 0
98 19 2.2326670854176133e13 2.2326670854176133e13 0 0 0
99 19 3.4241802540106514e12 3.4241802540106514e12 0 0 0
0 20 2.6151324746533404e16 2.6151324746533404e16 0 0 0
1 20 2.39563191645879e16 2.39563191645879e16 0 0 0
2 20 2.6582849234125735e15 2.6582849234125735e15 0 0 0
3 20 1.2542468292314982e16 1.2542468292314982e16 0 0 0
4 20 6.657646884997527e15 6.657646884997527e15 0 0 0
5 20 2.1040073382262605e15 2.1040073382262605e15 0 0 0
6 20 4.3523379141618616e16 4.3523379141618616e16 0 0 0
7 20 1.0050212428631816e17 1.0050212428631816e17 0 0 0
8 20 5.959855905837549e16 5.959855905837549e16 0 0 0
9 20 3.0919300322223756e16 3.0919300322223756e16 0 0 0
0 21 9.592275649777326e15 9.592275649777326e15 0 0 0
1 21 6.749780779841157e15 6.749780779841157e15 0 0 0
2 21 1.6721127094433502e16 1.6721127094433502e16 0 0 0
3 21 1.0343664557178884e16 1.0343664557178884e16 0 0 0
4 21 3.7192123710576765e15 3.7192123710576765e15 0 0 0
5 21 1.130122109690916e17 1.130122109690916e17 0 0 0
6 21 6.419839001990359e16 6.419839001990359e16 0 0 0
7 21 6.8565205177557624e16 6.8565205177557624e16 0 0 0
8 21 1.4771735533054076e16 1.4771735533054076e16 0 0 0
9 21 7.593209830747758e15 7.593209830747758e15 0 0 0
0 22 1.1428062982754124e16 1.1428062982754124e16 0 0 0
1 22 6.94194039474945e15 6.94194039474945e15 0 0 0
2 22 1.4628387066829434e16 1.4628387066829434e16 0 0 0
3 22 7.460981425680534e15 7.460981425680534e15 0 0 0
4 22 9.554815130711381e16 9.554815130711381e16 0 0 0
5 22 1.074093073284035e17 1.074093073284035e17 0 0 0
6 22 2.9174581275643196e16 2.9174581275643196e16 0 0 0
7 22 1.0848070884667516e16 1.0848070884667516e16 0 0 0
8 22 1.94269523810482e16 1.94269523810482e16 0 0 0
9 22 2.1234969983724338e15 2.1234969983724338e15 0 0 0
0 23 9.00456477613815e15 9.00456477613815e15 0 0 0
1 23 4.4460663245211095e15 4.4460663245211095e15 0 0 0
2 23 4.517968862345577e16 4.517968862345577e16 0 0 0
3 23 8.561379811028843e16 8.561379811028843e16 0 0 0
4 23 4.7172758516502904e16 4.7172758516502904e16 0 0 0
5 23 2.7596913443999068e16 2.7596913443999068e16 0 0 0
6 23 1.6480771585539474e16 1.6480771585539474e16 0 0 0
7 23 2.7227966529822396e16 2.7227966529822396e16 0 0 0
8 23 3.2907535227063815e15 3.2907535227063815e15 0 0 0
9 23 1.3765123611089995e15 1.3765123611089995e15 0 0 0
0 24 8.044914933377852e15 8.044914933377852e15 0 0 0
1 24 3.653778569528886e16 3.653778569528886e16 0 0 0
2 24 8.829035569868712e16 8.829035569868712e16 0 0 0
3 24 6.427846600226494e16 6.427846600226494e16 0 0 0
4 24 3.5184300153798588e16 3.5184300153798588e16 0 0 0
5 24 3.0435814771188988e16 3.0435814771188988e16 0 0 0
6 24 5.776068085761741e15 5.776068085761741e15 0 0 0
7 24 1.0275893053126312e15 1.0275893053126312e15 0 0 0
8 24 7.487267383452825e15 7.487267383452825e15 0 0 0
9 24 4.823694983599285e15 4.823694983599285e15 0 0 0
0 25 6.520192517338863e16 6.520192517338863e16 0 0 0
1 25 8.881298958260907e16 8.881298958260907e16 0 0 0
2 25 8.019692076093776e16 8.019692076093776e16 0 0 0
3 25 5.267336088364017e16 5.267336088364017e16 0 0 0
4 25 8.049123533186158e15 8.049123533186158e15 0 0 0
5 25 1.0233548220239998e16 1.0233548220239998e16 0 0 0
6 25 5.205116634478855e15 5.205116634478855e15 0 0 0
7 25 1.8084819293577315e15 1.8084819293577315e15 0 0 0
8 25 1.7041242435439462e15 1.7041242435439462e15 0 0 0
9 25 7.434028842844298e15 7.434028842844298e15 0 0 0
0 26 7.812873671429813e16 7.812873671429813e16 0 0 0
1 26 4.5519400100617144e16 4.5519400100617144e16 0 0 0
2 26 2.918870593525946e16 2.918870593525946e16 0 0 0
3 26 2.1444872201030372e16 2.1444872201030372e16 0 0 0
4 26 2.6026224505902635e15 2.6026224505902635e15 0 0 0
5 26 1.3952273691450638e16 1.3952273691450638e16 0 0 0
6 26 4.695775652705011e15 4.695775652705011e15 0 0 0
7 26 4.002816975746117e15 4.002816975746117e15 0 0 0
8 26 1.6229809782830678e15 1.6229809782830678e15 0 0 0
9 26 7.653767633832149e14 7.653767633832149e14 0 0 0
0 27 6.235227578510662e16 6.235227578510662e16 0 0 0
1 27 4.959006980091116e16 4.959006980091116e16 0 0 0
2 27 9.251573212666118e15 9.251573212666118e15 0 0 0
3 27 1.0469451126724746e15 1.0469451126724746e15 0 0 0
4 27 1.347148153988322e15 1.347148153988322e15 0 0 0
5 27 1.7908328484478212e15 1.7908328484478212e15 0 0 0
6 27 6.902056669609521e14 6.902056669609521e14 0 0 0
7 27 7.253555646100392e15 7.253555646100392e15 0 0 0
8 27 2.50493984175633e15 2.50493984175633e15 0 0 0
9 27 5.8151670819215734e13 5.8151670819215734e13 0 0 0
0 28 2.1166860355837296e16 2.1166860355837296e16 0 0 0
1 28 3.2010178728621645e15 3.2010178728621645e15 0 0 0
2 28 2.962661511701575e15 2.962661511701575e15 0 0 0
3 28 3.230491623187107e14 3.230491623187107e14 0 0 0
4 28 7.640805821737484e15 7.640805821737484e15 0 0 0
5 28 2.3521881273067185e15 2.3521881273067185e15 0 0 0
6 28 4.318550963520288e14 4.318550963520288e14 0 0 0
7 28 3.04063735457931e15 3.04063735457931e15 0 0 0
8 28 3.8428316861486394e14 3.8428316861486394e14 0 0 0
9 28 1.0682268440615905e15 1.0682268440615905e15 0 0 0
0 29 7.646066938595593e15 7.646066938595593e15 0 0 0
1 29 4.172035648116637e14 4.172035648116637e14 0 0 0
2 29 1.017227870189359e16 1.017227870189359e16 0 0 0
3 29 1.0236368440042359e15 1.0236368440042359e15 0 0 0
4 29 1.2984946933419584e14 1.2984946933419584e14 0 0 0
5 29 2.131392369887508e15 2.131392369887508e15 0 0 0
6 29 1.3358255353158017e14 1.3358255353158017e14 0 0 0
7 29 2.427847178788793e15 2.427847178788793e15 0 0 0
8 29 1.5034007579491215e13 1.5034007579491215e13 0 0 0
9 29 1.9515020599343294e14 1.9515020599343294e14 0 0 0
10 20 1.3729771744875428e16 1.3729771744875428e16 0 0 0
11 20 1.7285203051799152e16 1.7285203051799152e16 0 0 0
12 20 3.229558420351905e15 3.229558420351905e15 0 0 0
13 20 1.7432445173616898e16 1.7432445173616898e16 0 0 0
14 20 4.802179286664619e15 4.802179286664619e15 0 0 0
15 20 2.3284924840627695e15 2.3284924840627695e15 0 0 0
16 20 8.081385367978238e15 8.081385367978238e15 0 0 0
17 20 4.908911233726995e15 4.908911233726995e15 0 0 0
18 20 1.254281978834396e16 1.254281978834396e16 0 0 0
19 20 1.3087613853749788e16 1.3087613853749788e16 0 0 0
10 21 1.803251937704511e16 1.803251937704511e16 0 0 0
11 21 4.290936071958867e15 4.290936071958867e15 0 0 0
12 21 1.1341709879942138e15 1.1341709879942138e15 0 0 0
13 21 7.300461447273594e15 7.300461447273594e15 0 0 0
14 21 3.773035300868604e15 3.773035300868604e15 0 0 0
15 21 1.5130107190645256e16 1.5130107190645256e16 0 0 0
16 21 1.2159918282293504e16 1.2159918282293504e16 0 0 0
17 21 2.7130200729453416e16 2.7130200729453416e16 0 0 0
18 21 2.7385011109075e16 2.7385011109075e16 0 0 0
19 21 1.9994246504003892e16 1.9994246504003892e16 0 0 0
10 22 9.402017887991404e15 9.402017887991404e15 0 0 0
11 22 3.8278959348022055e15 3.8278959348022055e15 0 0 0
12 22 2.9775803787901495e15 2.9775803787901495e15 0 0 0
13 22 1.0556447098501688e16 1.0556447098501688e16 0 0 0
14 22 8.915393669532555e15 8.915393669532555e15 0 0 0
15 22 8.423273048194071e15 8.423273048194071e15 0 0 0
16 22 1.652468259101065e16 1.652468259101065e16 0 0 0
17 22 5.463106632259457e15 5.463106632259457e15 0 0 0
18 22 1.0501309758755724e16 1.0501309758755724e16 0 0 0
19 22 8.954228396663974e14 8.954228396663974e14 0 0 0
10 23 9.627925662766256e15 9.627925662766256e15 0 0 0
11 23 7.97310827426486e15 7.97310827426486e15 0 0 0
12 23 7.031817432942633e15 7.031817432942633e15 0 0 0
13 23 1.4571147966356908e16 1.4571147966356908e16 0 0 0
14 23 8.920680354756149e15 8.920680354756149e15 0 0 0
15 23 1.4533548308815352e15 1.4533548308815352e15 0 0 0
16 23 2.0712194242345705e15 2.0712194242345705e15 0 0 0
17 23 2.879776648977311e15 2.879776648977311e15 0 0 0
18 23 5.319431005896391e15 5.319431005896391e15 0 0 0
19 23 1.5663260611707134e16 1.5663260611707134e16 0 0 0
10 24 3.229211401011584e15 3.229211401011584e15 0 0 0
11 24 1.2558962337421286e16 1.2558962337421286e16 0 0 0
12 24 4.712305880866089e15 4.712305880866089e15 0 0 0
13 24 9.867513166134012e14 9.867513166134012e14 0 0 0
14 24 8.030849958036835e14 8.030849958036835e14 0 0 0
15 24 9.204637376189414e14 9.204637376189414e14 0 0 0
16 24 1.2854757811741495e15 1.2854757811741495e15 0 0 0
17 24 1.5478079223800582e15 1.5478079223800582e15 0 0 0
18 24 4.1942361467647065e15 4.1942361467647065e15 0 0 0
19 24 1.5546439125736072e16 1.5546439125736072e16 0 0 0
10 25 3.3754784457218825e15 3.3754784457218825e15 0 0 0
11 25 8.898901487713243e15 8.898901487713243e15 0 0 0
12 25 9.111860032732259e14 9.111860032732259e14 0 0 0
13 25 1.3847303651406862e15 1.3847303651406862e15 0 0 0
14 25 2.62930082542929e15 2.62930082542929e15 0 0 0
15 25 6.788679638869616e14 6.788679638869616e14 0 0 0
16 25 2.7490971549763775e15 2.7490971549763775e15 0 0 0
17 25 9.456113371522624e15 9.456113371522624e15 0 0 0
18 25 1.3164694123915378e16 1.3164694123915378e16 0 0 0
19 25 2.0494093013661836e16 2.0494093013661836e16 0 0 0
10 26 1.4988408933408058e15 1.4988408933408058e15 0 0 0
11 26 4.0243005163083125e15 4.0243005163083125e15 0 0 0
12 26 5.234089423335897e13 5.234089423335897e13 0 0 0
13 26 6.731909964677611e15 6.731909964677611e15 0 0 0
14 26 2.664725310702289e15 2.664725310702289e15 0 0 0
15 26 9.039392719825677e11 9.039392719825677e11 0 0 0
16 26 4.246888243900676e11 4.246888243900676e11 0 0 0
17 26 1.3824784857916614e12 1.3824784857916614e12 0 0 0
18 26 4.998286370024685e13 4.998286370024685e13 0 0 0
19 26 8.877339137577212e13 8.877339137577212e13 0 0 0
10 27 6.20473394456101e13 6.20473394456101e13 0 0 0
11 27 5.3442548788329984e13 5.3442548788329984e13 0 0 0
12 27 8.414725534902444e13 8.414725534902444e13 0 0 0
13 27 6.914831393280957e13 6.914831393280957e13 0 0 0
14 27 2.481106014083613e15 2.481106014083613e15 0 0 0
15 27 1.6468497687266265e15 1.6468497687266265e15 0 0 0
16 27 2.8386676070176145e15 2.8386676070176145e15 0 0 0
17 27 8.702884931494786e15 8.702884931494786e15 0 0 0
18 27 2.2478871889746364e16 2.2478871889746364e16 0 0 0
19 27 1.018597575808663e15 1.018597575808663e15 0 0 0
10 28 3.045668395850959e15 3.045668395850959e15 0 0 0
11 28 5.643686875945547e15 5.643686875945547e15 0 0 0
12 28 1.089374084810426e16 1.089374084810426e16 0 0 0
13 28 3.6246219890757886e12 3.6246219890757886e12 0 0 0
14 28 3.3754679627769856e14 3.3754679627769856e14 0 0 0
15 28 1.1548454922166872e15 1.1548454922166872e15 0 0 0
16 28 1.3137985074022488e16 1.3137985074022488e16 0 0 0
17 28 1.950014337941276e16 1.950014337941276e16 0 0 0
18 28 4.374190889878836e14 4.374190889878836e14 0 0 0
19 28 7.772888250392015e15 7.772888250392015e15 0 0 0
10 29 9.023409153421934e14 9.023409153421934e14 0 0 0
11 29 2.242558013917476e15 2.242558013917476e15 0 0 0
12 29 4.00117720588558e11 4.00117720588558e11 0 0 0
13 29 5.688429755248118e14 5.688429755248118e14 0 0 0
14 29 4.872493522745194e15 4.872493522745194e15 0 0 0
15 29 1.7677080631538768e16 1.7677080631538768e16 0 0 0
16 29 2.0072039171868775e14 2.0072039171868775e14 0 0 0
17 29 4.889141266546423e15 4.889141266546423e15 0 0 0
18 29 2.341347060719268e16 2.341347060719268e16 0 0 0
19 29 1.0564612472761868e16 1.0564612472761868e16 0 0 0
20 20 3.0401787764572228e16 3.0401787764572228e16 0 0 0
21 20 2.9190068773190588e16 2.9190068773190588e16 0 0 0
22 20 5.4752353847569704e16 5.4752353847569704e16 0 0 0
23 20 4.7292653224906664e16 4.7292653224906664e16 0 0 0
24 20 3.609903888818029e16 3.609903888818029e16 0 0 0
25 20 2.0764079138832844e16 2.0764079138832844e16 0 0 0
26 20 4.066535397406558e16 4.066535397406558e16 0 0 0
27 20 2.5669089180491236e16 2.5669089180491236e16 0 0 0
28 20 4.626417941103906e16 4.626417941103906e16 0 0 0
29 20 2.805635854028686e16 2.805635854028686e16 0 0 0
20 21 7.595873848085634e15 7.595873848085634e15 0 0 0
21 21 1.6283899915922336e16 1.6283899915922336e16 0 0 0
22 21 3.2399175824193355e15 3.2399175824193355e15 0 0 0
23 21 1.164226841063993e16 1.164226841063993e16 0 0 0
24 21 1.9976552773232056e16 1.9976552773232056e16 0 0 0
25 21 6.826987200457142e15 6.826987200457142e15 0 0 0
26 21 2.454234121181964e16 2.454234121181964e16 0 0 0
27 21 1.115281655155003e16 1.115281655155003e16 0 0 0
28 21 1.394635612477677e16 1.394635612477677e16 0 0 0
29 21 2.2207009141841984e16 2.2207009141841984e16 0 0 0
20 22 2.912243630305687e15 2.912243630305687e15 0 0 0
21 22 9.526490647088252e15 9.526490647088252e15 0 0 0
22 22 1.429404499679914e16 1.429404499679914e16 0 0 0
23 22 9.676549842808369e14 9.676549842808369e14 0 0 0
24 22 7.280504786428021e15 7.280504786428021e15 0 0 0
25 22 1.9345052239986596e16 1.9345052239986596e16 0 0 0
26 22 1.2395420293274702e16 1.2395420293274702e16 0 0 0
27 22 1.481446148504647e16 1.481446148504647e16 0 0 0
28 22 1.5321477557411824e16 1.5321477557411824e16 0 0 0
29 22 3.842493492118046e16 3.842493492118046e16 0 0 0
20 23 3.9963052787261156e14 3.9963052787261156e14 0 0 0
21 23 6.182878834400956e14 6.182878834400956e14 0 0 0
22 23 2.052637192086748e15 2.052637192086748e15 0 0 0
23 23 8.020628035809108e15 8.020628035809108e15 0 0 0
24 23 2.8146120982621212e16 2.8146120982621212e16 0 0 0
25 23 1.1836877766276956e16 1.1836877766276956e16 0 0 0
26 23 1.3610067933827918e16 1.3610067933827918e16 0 0 0
27 23 1.604194045093515e16 1.604194045093515e16 0 0 0
28 23 3.310776996488145e16 3.310776996488145e16 0 0 0
29 23 6.092272076300913e15 6.092272076300913e15 0 0 0
20 24 1.771049733008284e16 1.771049733008284e16 0 0 0
21 24 2.9021848917406544e14 2.9021848917406544e14 0 0 0
22 24 5.091635223379455e15 5.091635223379455e15 0 0 0
23 24 9.304117744754638e15 9.304117744754638e15 0 0 0
24 24 1.5132329159155172e16 1.5132329159155172e16 0 0 0
25 24 2.156962323964202e16 2.156962323964202e16 0 0 0
26 24 4.86996888747457e16 4.86996888747457e16 0 0 0
27 24 6.667144656187278e15 6.667144656187278e15 0 0 0
28 24 1.4872696388145274e16 1.4872696388145274e16 0 0 0
29 24 4.231335204951976e16 4.231335204951976e16 0 0 0
20 25 1.961626331910101e16 1.961626331910101e16 0 0 0
21 25 3.1046676918213988e16 3.1046676918213988e16 0 0 0
22 25 7.84901876098927e15 7.84901876098927e15 0 0 0
23 25 1.1424253695798302e16 1.1424253695798302e16 0 0 0
24 25 1.7840055747508986e16 1.7840055747508986e16 0 0 0
25 25 1.8799316379110464e16 1.8799316379110464e16 0 0 0
26 25 1.660924980969603e16 1.660924980969603e16 0 0 0
27 25 9.250011910238138e15 9.250011910238138e15 0 0 0
28 25 2.969903690685378e16 2.969903690685378e16 0 0 0
29 25 5.451543687074399e16 5.451543687074399e16 0 0 0
20 26 2.483367256093006e15 2.483367256093006e15 0 0 0
21 26 9.110290261609328e15 9.110290261609328e15 0 0 0
22 26 1.7541951635749686e16 1.7541951635749686e16 0 0 0
23 26 2.65018273305119e16 2.65018273305119e16 0 0 0
24 26 4.47503484096184e16 4.47503484096184e16 0 0 0
25 26 5.16938396397961e15 5.16938396397961e15 0 0 0
26 26 1.3519641520709026e16 1.3519641520709026e16 0 0 0
27 26 4.077294735358271e16 4.077294735358271e16 0 0 0
28 26 9.250291898288155e16 9.250291898288155e16 0 0 0
29 26 4.5389853908967944e16 4.5389853908967944e16 0 0 0
20 27 8.49656991670346e15 8.49656991670346e15 0 0 0
21 27 1.1642181604641862e16 1.1642181604641862e16 0 0 0
22 27 1.8025319884440996e16 1.8025319884440996e16 0 0 0
23 27 2.5569216588041948e16 2.5569216588041948e16 0 0 0
24 27 3.386099091315946e16 3.386099091315946e16 0 0 0
25 27 1.646340887935007e16 1.646340887935007e16 0 0 0
26 27 5.87524726305019e16 5.87524726305019e16 0 0 0
27 27 1.2542206588064502e17 1.2542206588064502e17 0 0 0
28 27 1.1010106032765866e17 1.1010106032765866e17 0 0 0
29 27 1.9014413224807328e17 1.9014413224807328e17 0 0 0
20 28 1.813094310750423e16 1.813094310750423e16 0 0 0
21 28 4.389381494757416e16 4.389381494757416e16 0 0 0
22 28 1.3476773747480886e16 1.3476773747480886e16 0 0 0
23 28 1.265708929273547e16 1.265708929273547e16 0 0 0
24 28 8.120780419095349e16 8.120780419095349e16 0 0 0
25 28 1.1842205046883517e17 1.1842205046883517e17 0 0 0
26 28 1.4190797041667442e17 1.4190797041667442e17 0 0 0
27 28 1.9245289603737514e17 1.9245289603737514e17 0 0 0
28 28 1.8164450616084566e17 1.8164450616084566e17 0 0 0
29 28 3.5746219548813805e17 3.5746219548813805e17 0 0 0
20 29 2.6786590777201256e16 2.6786590777201256e16 0 0 0
21 29 2.1005974482577708e16 2.1005974482577708e16 0 0 0
22 29 6.271153003339021e16 6.271153003339021e16 0 0 0
23 29 5.218087886367993e16 5.218087886367993e16 0 0 0
24 29 1.6014356780462394e17 1.6014356780462394e17 0 0 0
25 29 1.5138478099433446e17 1.5138478099433446e17 0 0 0
26 29 1.739705774314408e17 1.739705774314408e17 0 0 0
27 29 1.2230989382414714e17 1.2230989382414714e17 0 0 0
28 29 3.07917413912182e17 3.07917413912182e17 0 0 0
29 29 2.7214468692119626e17 2.7214468692119626e17 0 0 0
30 20 4.25430042285922e16 4.25430042285922e16 0 0 0
31 20 5.501559539169802e16 5.501559539169802e16 0 0 0
32 20 8.923074028989587e16 8.923074028989587e16 0 0 0
33 20 1.924019458895653e17 1.924019458895653e17 0 0 0
34 20 2.170643204121225e17 2.170643204121225e17 0 0 0
35 20 2.7606243129501405e17 2.7606243129501405e17 0 0 0
36 20 3.331360760717883e17 3.331360760717883e17 0 0 0
37 20 3.71207815972861e17 3.71207815972861e17 0 0 0
38 20 2.8537959691034723e17 2.8537959691034723e17 0 0 0
39 20 2.1767742378289645e17 2.1767742378289645e17 0 0 0
30 21 5.908501984683544e15 5.908501984683544e15 0 0 0
31 21 1.0882342453253024e16 1.0882342453253024e16 0 0 0
32 21 2.7110660826110364e16 2.7110660826110364e16 0 0 0
33 21 6.269910246890162e16 6.269910246890162e16 0 0 0
34 21 3.5218714507086508e16 3.5218714507086508e16 0 0 0
35 21 6.594550284656321e16 6.594550284656321e16 0 0 0
36 21 1.0582595342079202e17 1.0582595342079202e17 0 0 0
37 21 1.585084296291828e17 1.585084296291828e17 0 0 0
38 21 3.6388703736883955e17 3.6388703736883955e17 0 0 0
39 21 4.404601943459394e17 4.404601943459394e17 0 0 0
30 22 5.509851657630287e15 5.509851657630287e15 0 0 0
31 22 1.7721530453318998e16 1.7721530453318998e16 0 0 0
32 22 4.616518553499523e16 4.616518553499523e16 0 0 0
33 22 8.130548002811115e16 8.130548002811115e16 0 0 0
34 22 5.128360900951823e16 5.128360900951823e16 0 0 0
35 22 6.523363203523709e16 6.523363203523709e16 0 0 0
36 22 1.3480966234705754e17 1.3480966234705754e17 0 0 0
37 22 1.0966002203371256e17 1.0966002203371256e17 0 0 0
38 22 1.7681553521359734e17 1.7681553521359734e17 0 0 0
39 22 2.4352568611772074e17 2.4352568611772074e17 0 0 0
30 23 1.7540499280892754e16 1.7540499280892754e16 0 0 0
31 23 5.200568118464608e16 5.200568118464608e16 0 0 0
32 23 7.14300654538125e16 7.14300654538125e16 0 0 0
33 23 1.3170919359566102e17 1.3170919359566102e17 0 0 0
34 23 7.63596917018493e16 7.63596917018493e16 0 0 0
35 23 9.90355749366786e16 9.90355749366786e16 0 0 0
36 23 1.553979825653093e17 1.553979825653093e17 0 0 0
37 23 7.174163860077462e16 7.174163860077462e16 0 0 0
38 23 6.71574511472209e16 6.71574511472209e16 0 0 0
39 23 6.2412148364229464e16 6.2412148364229464e16 0 0 0
30 24 5.979977768165091e16 5.979977768165091e16 0 0 0
31 24 9.634154475963451e16 9.634154475963451e16 0 0 0
32 24 7.762024185542883e16 7.762024185542883e16 0 0 0
33 24 5.311435162632974e16 5.311435162632974e16 0 0 0
34 24 1.0683264904229083e17 1.0683264904229083e17 0 0 0
35 24 1.1143758084960806e17 1.1143758084960806e17 0 0 0
36 24 2.4967899270890732e16 2.4967899270890732e16 0 0 0
37 24 6.1521250964377624e16 6.1521250964377624e16 0 0 0
38 24 4.08153549172343e17 4.08153549172343e17 0 0 0
39 24 2.7503915185952186e17 2.7503915185952186e17 0 0 0
30 25 9.563822032856317e16 9.563822032856317e16 0 0 0
31 25 9.111052229516806e16 9.111052229516806e16 0 0 0
32 25 4.183423102843563e16 4.183423102843563e16 0 0 0
33 25 9.60938849117667e16 9.60938849117667e16 0 0 0
34 25 6.561037607359203e16 6.561037607359203e16 0 0 0
35 25 2.957126107213351e17 2.957126107213351e17 0 0 0
36 25 3.9094748013475456e17 3.9094748013475456e17 0 0 0
37 25 2.3115439211642675e17 2.3115439211642675e17 0 0 0
38 25 2.3475337247089773e17 2.3475337247089773e17 0 0 0
39 25 2.937172820410237e17 2.937172820410237e17 0 0 0
30 26 6.012045633787706e16 6.012045633787706e16 0 0 0
31 26 8.065088340366722e16 8.065088340366722e16 0 0 0
32 26 1.9209628925397114e17 1.9209628925397114e17 0 0 0
33 26 4.495848686744125e17 4.495848686744125e17 0 0 0
34 26 3.855613582201122e17 3.855613582201122e17 0 0 0
35 26 3.619999212605177e17 3.619999212605177e17 0 0 0
36 26 3.176417010592801e17 3.176417010592801e17 0 0 0
37 26 2.643419311208283e17 2.643419311208283e17 0 0 0
38 26 2.8136775335238502e17 2.8136775335238502e17 0 0 0
39 26 3.648449791497681e17 3.648449791497681e17 0 0 0
30 27 2.3798942860213002e17 2.3798942860213002e17 0 0 0
31 27 4.708303489655071e17 4.708303489655071e17 0 0 0
32 27 5.1072166612712e17 5.1072166612712e17 0 0 0
33 27 3.636881325531618e17 3.636881325531618e17 0 0 0
34 27 3.3266549915566125e17 3.3266549915566125e17 0 0 0
35 27 3.545602577869091e17 3.545602577869091e17 0 0 0
36 27 3.637752647163393e17 3.637752647163393e17 0 0 0
37 27 4.1650078512512774e17 4.1650078512512774e17 0 0 0
38 27 4.428811330722598e17 4.428811330722598e17 0 0 0
39 27 4.291811530589393e17 4.291811530589393e17 0 0 0
30 28 3.704800192500357e17 3.704800192500357e17 0 0 0
31 28 4.6411111300349165e17 4.6411111300349165e17 0 0 0
32 28 4.285751014753132e17 4.285751014753132e17 0 0 0
33 28 2.7776731793177955e17 2.7776731793177955e17 0 0 0
34 28 2.7347413886752794e17 2.7347413886752794e17 0 0 0
35 28 3.339777668641938e17 3.339777668641938e17 0 0 0
36 28 3.96719977062647e17 3.96719977062647e17 0 0 0
37 28 4.16930881831997e17 4.16930881831997e17 0 0 0
38 28 4.309711651989238e17 4.309711651989238e17 0 0 0
39 28 5.280884138310001e17 5.280884138310001e17 0 0 0
30 29 3.8048049208776954e17 3.8048049208776954e17 0 0 0
31 29 3.673633497103826e17 3.673633497103826e17 0 0 0
32 29 3.378377236001439e17 3.378377236001439e17 0 0 0
33 29 2.2058046227862624e17 2.2058046227862624e17 0 0 0
34 29 3.0487942609467206e17 3.0487942609467206e17 0 0 0
35 29 4.3297697298241197e17 4.3297697298241197e17 0 0 0
36 29 4.108983224576454e17 4.108983224576454e17 0 0 0
37 29 5.409120081710999e17 5.409120081710999e17 0 0 0
38 29 3.819186694246466e17 3.819186694246466e17 0 0 0
39 29 3.347473660072866e17 3.347473660072866e17 0 0 0
40 20 2.4170778541775325e17 2.4170778541775325e17 0 0 0
41 20 2.4641950464913517e17 2.4641950464913517e17 0 0 0
42 20 2.163958500924243e17 2.163958500924243e17 0 0 0
43 20 1.637452892049114e17 1.637452892049114e17 0 0 0
44 20 1.3704816533509272e17 1.3704816533509272e17 0 0 0
45 20 1.5164116129431632e17 1.5164116129431632e17 0 0 0
46 20 1.3919972070872237e17 1.3919972070872237e17 0 0 0
47 20 7.871344835109061e16 7.871344835109061e16 0 0 0
48 20 1.4618431157215232e18 1.4618431157215232e18 0 0 0
49 20 1.1020836017319009e18 1.1020836017319009e18 0 0 0
40 21 5.1536844088776685e17 5.1536844088776685e17 0 0 0
41 21 5.236555059265652e17 5.236555059265652e17 0 0 0
42 21 4.4185789442760806e17 4.4185789442760806e17 0 0 0
43 21 4.113497189102844e17 4.113497189102844e17 0 0 0
44 21 2.7478778450305043e17 2.7478778450305043e17 0 0 0
45 21 2.4554554168559613e17 2.4554554168559613e17 0 0 0
46 21 7.565846626779232e16 7.565846626779232e16 0 0 0
47 21 6.618891399710566e16 6.618891399710566e16 0 0 0
48 21 1.4708482080730576e17 1.4708482080730576e17 0 0 0
49 21 1.4048674182623153e18 1.4048674182623153e18 0 0 0
40 22 3.38776662344453e17 3.38776662344453e17 0 0 0
41 22 5.699757758684224e17 5.699757758684224e17 0 0 0
42 22 7.384946158626949e17 7.384946158626949e17 0 0 0
43 22 6.893504946805743e17 6.893504946805743e17 0 0 0
44 22 5.0531031474663635e17 5.0531031474663635e17 0 0 0
45 22 5.853777768580863e17 5.853777768580863e17 0 0 0
46 22 5.494593103289657e17 5.494593103289657e17 0 0 0
47 22 4.493053553609548e17 4.493053553609548e17 0 0 0
48 22 4.1858467073438816e17 4.1858467073438816e17 0 0 0
49 22 3.887807984727847e17 3.887807984727847e17 0 0 0
40 23 2.3093363098338698e17 2.3093363098338698e17 0 0 0
41 23 5.322764913865576e17 5.322764913865576e17 0 0 0
42 23 7.031543640039416e17 7.031543640039416e17 0 0 0
43 23 1.2366715050910874e18 1.2366715050910874e18 0 0 0
44 23 1.19123399861228e18 1.19123399861228e18 0 0 0
45 23 8.616503161971194e17 8.616503161971194e17 0 0 0
46 23 8.306914857471496e17 8.306914857471496e17 0 0 0
47 23 8.117062499893553e17 8.117062499893553e17 0 0 0
48 23 6.618569718430243e17 6.618569718430243e17 0 0 0
49 23 4.901381337203248e17 4.901381337203248e17 0 0 0
40 24 2.598180107339544e17 2.598180107339544e17 0 0 0
41 24 3.685055538737274e17 3.685055538737274e17 0 0 0
42 24 3.6444415791973024e17 3.6444415791973024e17 0 0 0
43 24 5.20238157212057e17 5.20238157212057e17 0 0 0
44 24 9.498547960130433e17 9.498547960130433e17 0 0 0
45 24 1.651856016430346e18 1.651856016430346e18 0 0 0
46 24 1.01313757022093e18 1.01313757022093e18 0 0 0
47 24 8.762699427415164e17 8.762699427415164e17 0 0 0
48 24 1.1228738083686015e18 1.1228738083686015e18 0 0 0
49 24 7.488422930073487e17 7.488422930073487e17 0 0 0
40 25 2.737264114068269e17 2.737264114068269e17 0 0 0
41 25 3.2558738830888704e17 3.2558738830888704e17 0 0 0
42 25 4.5600917539628026e17 4.5600917539628026e17 0 0 0
43 25 4.5026285011504045e17 4.5026285011504045e17 0 0 0
44 25 6.789622147037281e17 6.789622147037281e17 0 0 0
45 25 1.0648049886967948e18 1.0648049886967948e18 0 0 0
46 25 1.6692765079432507e18 1.6692765079432507e18 0 0 0
47 25 9.945526375596028e17 9.945526375596028e17 0 0 0
48 25 1.0346775226271653e18 1.0346775226271653e18 0 0 0
49 25 1.4918423621960878e18 1.4918423621960878e18 0 0 0
40 26 4.174361168319219e17 4.174361168319219e17 0 0 0
41 26 4.290486258651394e17 4.290486258651394e17 0 0 0
42 26 5.530049427271673e17 5.530049427271673e17 0 0 0
43 26 4.1785519614420685e17 4.1785519614420685e17 0 0 0
44 26 5.517598928638918e17 5.517598928638918e17 0 0 0
45 26 6.306606963842116e17 6.306606963842116e17 0 0 0
46 26 1.060001844977851e18 1.060001844977851e18 0 0 0
47 26 1.639064426111065e18 1.639064426111065e18 0 0 0
48 26 1.0698869249865868e18 1.0698869249865868e18 0 0 0
49 26 1.0742282594216083e18 1.0742282594216083e18 0 0 0
40 27 4.252607233164397e17 4.252607233164397e17 0 0 0
41 27 4.179429233427474e17 4.179429233427474e17 0 0 0
42 27 5.2336092047696384e17 5.2336092047696384e17 0 0 0
43 27 6.203380511400698e17 6.203380511400698e17 0 0 0
44 27 3.967873884790959e17 3.967873884790959e17 0 0 0
45 27 4.6254693275244595e17 4.6254693275244595e17 0 0 0
46 27 5.2526432338586426e17 5.2526432338586426e17 0 0 0
47 27 1.6070160539744369e18 1.6070160539744369e18 0 0 0
48 27 1.2823853730426345e18 1.2823853730426345e18 0 0 0
49 27 1.361708746815674e18 1.361708746815674e18 0 0 0
40 28 4.1184964999222144e17 4.1184964999222144e17 0 0 0
41 28 5.081390034313257e17 5.081390034313257e17 0 0 0
42 28 5.37691895017787e17 5.37691895017787e17 0 0 0
43 28 4.8554386532209434e17 4.8554386532209434e17 0 0 0
44 28 3.9111823825505165e17 3.9111823825505165e17 0 0 0
45 28 3.726244162095424e17 3.726244162095424e17 0 0 0
46 28 3.8324482941359814e17 3.8324482941359814e17 0 0 0
47 28 5.802231165376883e17 5.802231165376883e17 0 0 0
48 28 2.303437550523675e18 2.303437550523675e18 0 0 0
49 28 1.1917306973126144e18 1.1917306973126144e18 0 0 0
40 29 4.046681401859426e17 4.046681401859426e17 0 0 0
41 29 3.111910050301172e17 3.111910050301172e17 0 0 0
42 29 4.997163784306868e17 4.997163784306868e17 0 0 0
43 29 6.427630088474931e17 6.427630088474931e17 0 0 0
44 29 4.604278573722266e17 4.604278573722266e17 0 0 0
45 29 5.7543241747717805e17 5.7543241747717805e17 0 0 0
46 29 4.509373112217398e17 4.509373112217398e17 0 0 0
47 29 3.621071769050681e17 3.621071769050681e17 0 0 0
48 29 7.039708175656253e17 7.039708175656253e17 0 0 0
49 29 2.836699320076773e18 2.836699320076773e18 0 0 0
50 20 1.155905284786757e18 1.155905284786757e18 0 0 0
51 20 1.0434429309802043e18 1.0434429309802043e18 0 0 0
52 20 2.5827571736221875e18 2.5827571736221875e18 0 0 0
53 20 7.866418549246769e17 7.866418549246769e17 0 0 0
54 20 4.6965974937566995e17 4.6965974937566995e17 0 0 0
55 20 7.256188258954196e17 7.256188258954196e17 0 0 0
56 20 4.486849466482242e17 4.486849466482242e17 0 0 0
57 20 2.4615312550962675e17 2.4615312550962675e17 0 0 0
58 20 1.4462944337708688e17 1.4462944337708688e17 0 0 0
59 20 1.1695930017012853e17 1.1695930017012853e17 0 0 0
50 21 1.1626709904617467e18 1.1626709904617467e18 0 0 0
51 21 9.458585519974149e17 9.458585519974149e17 0 0 0
52 21 1.0054400919851532e18 1.0054400919851532e18 0 0 0
53 21 2.2443914094355208e18 2.2443914094355208e18 0 0 0
54 21 1.1143776999312516e18 1.1143776999312516e18 0 0 0
55 21 4.121426139066981e17 4.121426139066981e17 0 0 0
56 21 5.6963592924415104e17 5.6963592924415104e17 0 0 0
57 21 4.8732170608496845e17 4.8732170608496845e17 0 0 0
58 21 2.7466861757750982e17 2.7466861757750982e17 0 0 0
59 21 1.2174773641218907e17 1.2174773641218907e17 0 0 0
50 22 1.7528098679904182e18 1.7528098679904182e18 0 0 0
51 22 1.3865463843442993e18 1.3865463843442993e18 0 0 0
52 22 1.28182111677987e18 1.28182111677987e18 0 0 0
53 22 1.302328069184147e18 1.302328069184147e18 0 0 0
54 22 1.8024365320084593e18 1.8024365320084593e18 0 0 0
55 22 1.7049385820001155e18 1.7049385820001155e18 0 0 0
56 22 5.676215797701173e17 5.676215797701173e17 0 0 0
57 22 4.416605175399982e17 4.416605175399982e17 0 0 0
58 22 5.005994864539767e17 5.005994864539767e17 0 0 0
59 22 2.0555779043496506e17 2.0555779043496506e17 0 0 0
50 23 5.333863823400289e17 5.333863823400289e17 0 0 0
51 23 2.131652951262244e18 2.131652951262244e18 0 0 0
52 23 1.5244117741477248e18 1.5244117741477248e18 0 0 0
53 23 1.5667948042342973e18 1.5667948042342973e18 0 0 0
54 23 1.5722418251109885e18 1.5722418251109885e18 0 0 0
55 23 1.903814719234051e18 1.903814719234051e18 0 0 0
56 23 2.0403342073319201e18 2.0403342073319201e18 0 0 0
57 23 6.816450326734853e17 6.816450326734853e17 0 0 0
58 23 5.3049857904162854e17 5.3049857904162854e17 0 0 0
59 23 4.9855946142411795e17 4.9855946142411795e17 0 0 0
50 24 6.395443722558665e17 6.395443722558665e17 0 0 0
51 24 5.026700215725372e17 5.026700215725372e17 0 0 0
52 24 1.1344470356840436e18 1.1344470356840436e18 0 0 0
53 24 1.8249719657859105e18 1.8249719657859105e18 0 0 0
54 24 1.5198790142591063e18 1.5198790142591063e18 0 0 0
55 24 1.4844508630057618e18 1.4844508630057618e18 0 0 0
56 24 1.8172704927266685e18 1.8172704927266685e18 0 0 0
57 24 2.1070290116550653e18 2.1070290116550653e18 0 0 0
58 24 8.470916052250872e17 8.470916052250872e17 0 0 0
59 24 5.809730195961315e17 5.809730195961315e17 0 0 0
50 25 8.649229297677038e17 8.649229297677038e17 0 0 0
51 25 9.057554627832695e17 9.057554627832695e17 0 0 0
52 25 7.752629927336867e17 7.752629927336867e17 0 0 0
53 25 5.95878497676409e17 5.95878497676409e17 0 0 0
54 25 1.9143203070149624e18 1.9143203070149624e18 0 0 0
55 25 1.777916795698336e18 1.777916795698336e18 0 0 0
56 25 1.3798278814030484e18 1.3798278814030484e18 0 0 0
57 25 2.715267257344194e18 2.715267257344194e18 0 0 0
58 25 1.8070488636391168e18 1.8070488636391168e18 0 0 0
59 25 7.353558822095255e17 7.353558822095255e17 0 0 0
50 26 1.617697518404448e18 1.617697518404448e18 0 0 0
51 26 9.688328861406394e17 9.688328861406394e17 0 0 0
52 26 9.884430250839306e17 9.884430250839306e17 0 0 0
53 26 1.0716552499317659e18 1.0716552499317659e18 0 0 0
54 26 8.780800668371589e17 8.780800668371589e17 0 0 0
55 26 2.408365835081238e18 2.408365835081238e18 0 0 0
56 26 1.7346533857841388e18 1.7346533857841388e18 0 0 0
57 26 1.6005005282005693e18 1.6005005282005693e18 0 0 0
58 26 3.9491350885864325e18 3.9491350885864325e18 0 0 0
59 26 1.3594959372822825e18 1.3594959372822825e18 0 0 0
50 27 1.4317208328987876e18 1.4317208328987876e18 0 0 0
51 27 2.2605022244117105e18 2.2605022244117105e18 0 0 0
52 27 1.2706406273823155e18 1.2706406273823155e18 0 0 0
53 27 1.2585347313340014e18 1.2585347313340014e18 0 0 0
54 27 1.2680680175896865e18 1.2680680175896865e18 0 0 0
55 27 1.045271715263074e18 1.045271715263074e18 0 0 0
56 27 2.6114602809110175e18 2.6114602809110175e18 0 0 0
57 27 1.5505633690293253e18 1.5505633690293253e18 0 0 0
58 27 1.6957005933375135e18 1.6957005933375135e18 0 0 0
59 27 4.5068685202116024e18 4.5068685202116024e18 0 0 0
50 28 8.258990683800883e17 8.258990683800883e17 0 0 0
51 28 1.2356653531811958e18 1.2356653531811958e18 0 0 0
52 28 2.310641703326389e18 2.310641703326389e18 0 0 0
53 28 1.6428752221354742e18 1.6428752221354742e18 0 0 0
54 28 1.5891201714138296e18 1.5891201714138296e18 0 0 0
55 28 1.4242448905346033e18 1.4242448905346033e18 0 0 0
56 28 1.2406943048261704e18 1.2406943048261704e18 0 0 0
57 28 2.487745684384616e18 2.487745684384616e18 0 0 0
58 28 2.1419395578101778e18 2.1419395578101778e18 0 0 0
59 28 2.651340689923821e18 2.651340689923821e18 0 0 0
50 29 1.0504966361478162e18 1.0504966361478162e18 0 0 0
51 29 1.0559167473218026e18 1.0559167473218026e18 0 0 0
52 29 1.487890214633556e18 1.487890214633556e18 0 0 0
53 29 1.9254436479232479e18 1.9254436479232479e18 0 0 0
54 29 1.768892863721263e18 1.768892863721263e18 0 0 0
55 29 2.0184991182897372e18 2.0184991182897372e18 0 0 0
56 29 1.7016023736460966e18 1.7016023736460966e18 0 0 0
57 29 1.4441018291383421e18 1.4441018291383421e18 0 0 0
58 29 2.48374874309845e18 2.48374874309845e18 0 0 0
59 29 2.0757428425020772e18 2.0757428425020772e18 0 0 0
60 20 8.375339567632136e16 8.375339567632136e16 0 0 0
61 20 6.608352379822979e16 6.608352379822979e16 0 0 0
62 20 7.1758692453170936e16 7.1758692453170936e16 0 0 0
63 20 5.547302149314453e16 5.547302149314453e16 0 0 0
64 20 7.553980465527053e16 7.553980465527053e16 0 0 0
65 20 6.599335273496154e16 6.599335273496154e16 0 0 0
66 20 8.08736345576346e16 8.08736345576346e16 0 0 0
67 20 7.062942501237031e16 7.062942501237031e16 0 0 0
68 20 6.748784651006227e16 6.748784651006227e16 0 0 0
69 20 1.6107741439549324e16 1.6107741439549324e16 0 0 0
60 21 6.757558347498543e16 6.757558347498543e16 0 0 0
61 21 7.429712941813771e16 7.429712941813771e16 0 0 0
62 21 5.568884893583876e16 5.568884893583876e16 0 0 0
63 21 4.647631988409932e16 4.647631988409932e16 0 0 0
64 21 7.801058689282709e16 7.801058689282709e16 0 0 0
65 21 6.555276536828166e16 6.555276536828166e16 0 0 0
66 21 8.252546665172784e16 8.252546665172784e16 0 0 0
67 21 8.411990375026232e16 8.411990375026232e16 0 0 0
68 21 5.656898838572493e16 5.656898838572493e16 0 0 0
69 21 7.487044381523278e16 7.487044381523278e16 0 0 0
60 22 1.2322776963703664e17 1.2322776963703664e17 0 0 0
61 22 7.475006211052194e16 7.475006211052194e16 0 0 0
62 22 9.273461631214923e16 9.273461631214923e16 0 0 0
63 22 6.703644960783736e16 6.703644960783736e16 0 0 0
64 22 5.5665694237942824e16 5.5665694237942824e16 0 0 0
65 22 9.936092829024029e16 9.936092829024029e16 0 0 0
66 22 8.173458087620091e16 8.173458087620091e16 0 0 0
67 22 9.40590947593964e16 9.40590947593964e16 0 0 0
68 22 7.833477404440296e16 7.833477404440296e16 0 0 0
69 22 9.412857641463806e16 9.412857641463806e16 0 0 0
60 23 2.003377361676397e17 2.003377361676397e17 0 0 0
61 23 1.2392739581021182e17 1.2392739581021182e17 0 0 0
62 23 4.971611524676363e16 4.971611524676363e16 0 0 0
63 23 7.613762741722784e16 7.613762741722784e16 0 0 0
64 23 7.743779038650296e16 7.743779038650296e16 0 0 0
65 23 6.3622415787032136e16 6.3622415787032136e16 0 0 0
66 23 1.1396856047499827e17 1.1396856047499827e17 0 0 0
67 23 9.830783325882888e16 9.830783325882888e16 0 0 0
68 23 9.08126491720179e16 9.08126491720179e16 0 0 0
69 23 6.750308461626878e16 6.750308461626878e16 0 0 0
60 24 6.230414110534012e17 6.230414110534012e17 0 0 0
61 24 3.1881144650489965e17 3.1881144650489965e17 0 0 0
62 24 1.2872205349414962e17 1.2872205349414962e17 0 0 0
63 24 9.092342735468598e16 9.092342735468598e16 0 0 0
64 24 7.081617945773839e16 7.081617945773839e16 0 0 0
65 24 5.791270577411992e16 5.791270577411992e16 0 0 0
66 24 7.413133275867635e16 7.413133275867635e16 0 0 0
67 24 1.025075285807105e17 1.025075285807105e17 0 0 0
68 24 9.643881854495314e16 9.643881854495314e16 0 0 0
69 24 6.943985789158178e16 6.943985789158178e16 0 0 0
60 25 7.199565827899461e17 7.199565827899461e17 0 0 0
61 25 6.063471394241161e17 6.063471394241161e17 0 0 0
62 25 3.8698022508736634e17 3.8698022508736634e17 0 0 0
63 25 1.0740133418928525e17 1.0740133418928525e17 0 0 0
64 25 7.994808921663998e16 7.994808921663998e16 0 0 0
65 25 6.624103881481473e16 6.624103881481473e16 0 0 0
66 25 6.040298047132649e16 6.040298047132649e16 0 0 0
67 25 1.1820463763189186e17 1.1820463763189186e17 0 0 0
68 25 9.83500206217897e16 9.83500206217897e16 0 0 0
69 25 7.752078689947632e16 7.752078689947632e16 0 0 0
60 26 7.174581643290193e17 7.174581643290193e17 0 0 0
61 26 7.331955388723345e17 7.331955388723345e17 0 0 0
62 26 6.157427142229293e17 6.157427142229293e17 0 0 0
63 26 4.2839252879825146e17 4.2839252879825146e17 0 0 0
64 26 1.4349768745857792e17 1.4349768745857792e17 0 0 0
65 26 7.013374749005132e16 7.013374749005132e16 0 0 0
66 26 1.152030031444422e17 1.152030031444422e17 0 0 0
67 26 6.4538451892877064e16 6.4538451892877064e16 0 0 0
68 26 1.291071451637734e17 1.291071451637734e17 0 0 0
69 26 1.3178442551611264e17 1.3178442551611264e17 0 0 0
60 27 1.1582206832870236e18 1.1582206832870236e18 0 0 0
61 27 8.25859873766831e17 8.25859873766831e17 0 0 0
62 27 6.996044122589144e17 6.996044122589144e17 0 0 0
63 27 5.538958734123494e17 5.538958734123494e17 0 0 0
64 27 3.9561779816613274e17 3.9561779816613274e17 0 0 0
65 27 1.4405453047654949e17 1.4405453047654949e17 0 0 0
66 27 9.269517236219723e16 9.269517236219723e16 0 0 0
67 27 1.2156356184517931e17 1.2156356184517931e17 0 0 0
68 27 1.0804658956720216e17 1.0804658956720216e17 0 0 0
69 27 1.1859618654835003e17 1.1859618654835003e17 0 0 0
60 28 4.312304639821859e18 4.312304639821859e18 0 0 0
61 28 1.0641328863710124e18 1.0641328863710124e18 0 0 0
62 28 8.2867280108868e17 8.2867280108868e17 0 0 0
63 28 8.357777303004532e17 8.357777303004532e17 0 0 0
64 28 5.3074722350948915e17 5.3074722350948915e17 0 0 0
65 28 4.0976973572180525e17 4.0976973572180525e17 0 0 0
66 28 1.2353984124558038e17 1.2353984124558038e17 0 0 0
67 28 6.862101726797401e16 6.862101726797401e16 0 0 0
68 28 1.1105713926004733e17 1.1105713926004733e17 0 0 0
69 28 1.0494677628517085e17 1.0494677628517085e17 0 0 0
60 29 3.828962353587934e18 3.828962353587934e18 0 0 0
61 29 2.6526472910062556e18 2.6526472910062556e18 0 0 0
62 29 1.0306865827205737e18 1.0306865827205737e18 0 0 0
63 29 6.860828448147414e17 6.860828448147414e17 0 0 0
64 29 8.263909562194218e17 8.263909562194218e17 0 0 0
65 29 4.7603590170615366e17 4.7603590170615366e17 0 0 0
66 29 3.1441443065042125e17 3.1441443065042125e17 0 0 0
67 29 1.1565557828409029e17 1.1565557828409029e17 0 0 0
68 29 7.149160393347432e16 7.149160393347432e16 0 0 0
69 29 1.1810199631145774e17 1.1810199631145774e17 0 0 0
70 20 1.6779695573771972e15 1.6779695573771972e15 0 0 0
71 20 2.4828688554383305e15 2.4828688554383305e15 0 0 0
72 20 5.765461899915613e15 5.765461899915613e15 0 0 0
73 20 6.417029140002497e15 6.417029140002497e15 0 0 0
74 20 6.244078381688068e15 6.244078381688068e15 0 0 0
75 20 6.535178784848102e15 6.535178784848102e15 0 0 0
76 20 5.801793161907081e15 5.801793161907081e15 0 0 0
77 20 5.494809386356908e15 5.494809386356908e15 0 0 0
78 20 4.750067772280619e15 4.750067772280619e15 0 0 0
79 20 6.590898510227542e15 6.590898510227542e15 0 0 0
70 21 3.9588162968735935e15 3.9588162968735935e15 0 0 0
71 21 6.167429780629883e15 6.167429780629883e15 0 0 0
72 21 1.7014385662465322e15 1.7014385662465322e15 0 0 0
73 21 2.5193486590777215e15 2.5193486590777215e15 0 0 0
74 21 6.076469124426086e15 6.076469124426086e15 0 0 0
75 21 5.909838555680405e15 5.909838555680405e15 0 0 0
76 21 5.308676584863879e15 5.308676584863879e15 0 0 0
77 21 4.690142902509783e15 4.690142902509783e15 0 0 0
78 21 4.441428634629549e15 4.441428634629549e15 0 0 0
79 21 4.4608737830577075e15 4.4608737830577075e15 0 0 0
70 22 1.7676925728744148e16 1.7676925728744148e16 0 0 0
71 22 2.4709148232184435e15 2.4709148232184435e15 0 0 0
72 22 3.234671687503306e15 3.234671687503306e15 0 0 0
73 22 5.035458458162679e15 5.035458458162679e15 0 0 0
74 22 6.408096492792394e15 6.408096492792394e15 0 0 0
75 22 6.402891812769462e15 6.402891812769462e15 0 0 0
76 22 5.525532418595386e15 5.525532418595386e15 0 0 0
77 22 5.764624873862555e15 5.764624873862555e15 0 0 0
78 22 5.149776360045186e15 5.149776360045186e15 0 0 0
79 22 3.955748184675928e15 3.955748184675928e15 0 0 0
70 23 7.142606967114044e16 7.142606967114044e16 0 0 0
71 23 7.099793245837947e15 7.099793245837947e15 0 0 0
72 23 3.3582864766558105e15 3.3582864766558105e15 0 0 0
73 23 8.662722546325455e15 8.662722546325455e15 0 0 0
74 23 7.25178866003899e15 7.25178866003899e15 0 0 0
75 23 5.252288594503348e15 5.252288594503348e15 0 0 0
76 23 5.979407631075089e15 5.979407631075089e15 0 0 0
77 23 6.958912682037636e15 6.958912682037636e15 0 0 0
78 23 5.261130544362411e15 5.261130544362411e15 0 0 0
79 23 3.827647750086093e15 3.827647750086093e15 0 0 0
70 24 1.0479105079822088e17 1.0479105079822088e17 0 0 0
71 24 1.695801888838113e16 1.695801888838113e16 0 0 0
72 24 6.052256194070208e15 6.052256194070208e15 0 0 0
73 24 5.287982456452112e15 5.287982456452112e15 0 0 0
74 24 2.63539423381293e15 2.63539423381293e15 0 0 0
75 24 5.468939044597606e15 5.468939044597606e15 0 0 0
76 24 4.375239968886081e15 4.375239968886081e15 0 0 0
77 24 4.686387970062213e15 4.686387970062213e15 0 0 0
78 24 6.033979255906261e15 6.033979255906261e15 0 0 0
79 24 3.828767598462533e15 3.828767598462533e15 0 0 0
70 25 1.11539294679022e17 1.11539294679022e17 0 0 0
71 25 4.695562689728202e16 4.695562689728202e16 0 0 0
72 25 9.89755397916755e15 9.89755397916755e15 0 0 0
73 25 1.0009770022998936e16 1.0009770022998936e16 0 0 0
74 25 4.524535726447063e15 4.524535726447063e15 0 0 0
75 25 8.937873982687787e15 8.937873982687787e15 0 0 0
76 25 5.789970955240492e15 5.789970955240492e15 0 0 0
77 25 4.95070355236473e15 4.95070355236473e15 0 0 0
78 25 7.016101115356379e15 7.016101115356379e15 0 0 0
79 25 3.8982702228933165e15 3.8982702228933165e15 0 0 0
70 26 8.587216163178482e16 8.587216163178482e16 0 0 0
71 26 1.1187845117136754e17 1.1187845117136754e17 0 0 0
72 26 1.2930847312683768e16 1.2930847312683768e16 0 0 0
73 26 8.747543277748545e15 8.747543277748545e15 0 0 0
74 26 6.919956662424324e15 6.919956662424324e15 0 0 0
75 26 1.450865872231967e16 1.450865872231967e16 0 0 0
76 26 9.318821885900722e15 9.318821885900722e15 0 0 0
77 26 5.2276784498413e15 5.2276784498413e15 0 0 0
78 26 8.491805873963829e15 8.491805873963829e15 0 0 0
79 26 5.46337869264514e15 5.46337869264514e15 0 0 0
70 27 1.042278006854994e17 1.042278006854994e17 0 0 0
71 27 1.66996149433504e17 1.66996149433504e17 0 0 0
72 27 2.452208003809914e16 2.452208003809914e16 0 0 0
73 27 6.627967404817258e15 6.627967404817258e15 0 0 0
74 27 6.470361239608122e15 6.470361239608122e15 0 0 0
75 27 7.750777238671061e15 7.750777238671061e15 0 0 0
76 27 1.6080803915005968e16 1.6080803915005968e16 0 0 0
77 27 8.460922798986729e15 8.460922798986729e15 0 0 0
78 27 1.0123232398052976e16 1.0123232398052976e16 0 0 0
79 27 6.516109447689858e15 6.516109447689858e15 0 0 0
70 28 9.003445676938901e16 9.003445676938901e16 0 0 0
71 28 1.1685945904990578e17 1.1685945904990578e17 0 0 0
72 28 5.5813376389556744e16 5.5813376389556744e16 0 0 0
73 28 7.87655892512305e15 7.87655892512305e15 0 0 0
74 28 7.619866428863272e15 7.619866428863272e15 0 0 0
75 28 1.9327548535145204e16 1.9327548535145204e16 0 0 0
76 28 1.946893214238737e16 1.946893214238737e16 0 0 0
77 28 1.5271104765312404e16 1.5271104765312404e16 0 0 0
78 28 7.66249944398267e15 7.66249944398267e15 0 0 0
79 28 9.087259989649022e15 9.087259989649022e15 0 0 0
70 29 8.669392370662998e16 8.669392370662998e16 0 0 0
71 29 7.688910171290104e16 7.688910171290104e16 0 0 0
72 29 1.1532488193963899e17 1.1532488193963899e17 0 0 0
73 29 1.0228564170900144e16 1.0228564170900144e16 0 0 0
74 29 4.619184639632502e15 4.619184639632502e15 0 0 0
75 29 6.284434837291605e15 6.284434837291605e15 0 0 0
76 29 1.885058441584335e16 1.885058441584335e16 0 0 0
77 29 1.9431437473572884e16 1.9431437473572884e16 0 0 0
78 29 1.2125950587062434e16 1.2125950587062434e16 0 0 0
79 29 1.2750896089045648e16 1.2750896089045648e16 0 0 0
80 20 8.380790943498757e15 8.380790943498757e15 0 0 0
81 20 1.0550161367695684e16 1.0550161367695684e16 0 0 0
82 20 1.1470141516661542e16 1.1470141516661542e16 0 0 0
83 20 1.4435124346453654e16 1.4435124346453654e16 0 0 0
84 20 1.522339528041891e16 1.522339528041891e16 0 0 0
85 20 1.3757805572131686e16 1.3757805572131686e16 0 0 0
86 20 1.658608856926761e16 1.658608856926761e16 0 0 0
87 20 1.42908634054306e16 1.42908634054306e16 0 0 0
88 20 9.642575967912554e15 9.642575967912554e15 0 0 0
89 20 8.099033730749041e15 8.099033730749041e15 0 0 0
80 21 6.622089014356436e15 6.622089014356436e15 0 0 0
81 21 8.483396203133189e15 8.483396203133189e15 0 0 0
82 21 1.1020117366975816e16 1.1020117366975816e16 0 0 0
83 21 9.05812482505741e15 9.05812482505741e15 0 0 0
84 21 1.1365569408169526e16 1.1365569408169526e16 0 0 0
85 21 1.2450488399962818e16 1.2450488399962818e16 0 0 0
86 21 1.6543064077251576e16 1.6543064077251576e16 0 0 0
87 21 1.2932444673087616e16 1.2932444673087616e16 0 0 0
88 21 1.095347728946423e16 1.095347728946423e16 0 0 0
89 21 9.642446072987844e15 9.642446072987844e15 0 0 0
80 22 5.29043459903912e15 5.29043459903912e15 0 0 0
81 22 7.046715064662465e15 7.046715064662465e15 0 0 0
82 22 1.0585628849442704e16 1.0585628849442704e16 0 0 0
83 22 1.0713793932253332e16 1.0713793932253332e16 0 0 0
84 22 1.2769744242247808e16 1.2769744242247808e16 0 0 0
85 22 9.392291063325368e15 9.392291063325368e15 0 0 0
86 22 1.4707493180231698e16 1.4707493180231698e16 0 0 0
87 22 1.238304617757641e16 1.238304617757641e16 0 0 0
88 22 1.3376824818600446e16 1.3376824818600446e16 0 0 0
89 22 1.1660206520257096e16 1.1660206520257096e16 0 0 0
80 23 3.5815124149007675e15 3.5815124149007675e15 0 0 0
81 23 5.300708960051991e15 5.300708960051991e15 0 0 0
82 23 8.306970708979074e15 8.306970708979074e15 0 0 0
83 23 1.0022698688457562e16 1.0022698688457562e16 0 0 0
84 23 1.0914173159205674e16 1.0914173159205674e16 0 0 0
85 23 1.2112672965901946e16 1.2112672965901946e16 0 0 0
86 23 1.3927760516086706e16 1.3927760516086706e16 0 0 0
87 23 1.1582006641584144e16 1.1582006641584144e16 0 0 0
88 23 1.357113660726339e16 1.357113660726339e16 0 0 0
89 23 1.304739977066881e16 1.304739977066881e16 0 0 0
80 24 3.4258383281929165e15 3.4258383281929165e15 0 0 0
81 24 3.447004383104978e15 3.447004383104978e15 0 0 0
82 24 6.618492918977925e15 6.618492918977925e15 0 0 0
83 24 8.661075990087743e15 8.661075990087743e15 0 0 0
84 24 1.1974912897117262e16 1.1974912897117262e16 0 0 0
85 24 9.244431895676922e15 9.244431895676922e15 0 0 0
86 24 1.0767312461810124e16 1.0767312461810124e16 0 0 0
87 24 9.518873709565732e15 9.518873709565732e15 0 0 0
88 24 1.372078816897338e16 1.372078816897338e16 0 0 0
89 24 1.4343017105508544e16 1.4343017105508544e16 0 0 0
80 25 4.139546165246937e15 4.139546165246937e15 0 0 0
81 25 3.511784405486289e15 3.511784405486289e15 0 0 0
82 25 4.750294299740343e15 4.750294299740343e15 0 0 0
83 25 7.745084773622737e15 7.745084773622737e15 0 0 0
84 25 1.1764050563263516e16 1.1764050563263516e16 0 0 0
85 25 1.1555775521716516e16 1.1555775521716516e16 0 0 0
86 25 8.35782466762657e15 8.35782466762657e15 0 0 0
87 25 8.130116551974057e15 8.130116551974057e15 0 0 0
88 25 1.2678005143985752e16 1.2678005143985752e16 0 0 0
89 25 1.050505899899213e16 1.050505899899213e16 0 0 0
80 26 4.867180226248722e15 4.867180226248722e15 0 0 0
81 26 4.2406128389863565e15 4.2406128389863565e15 0 0 0
82 26 4.888602353293365e15 4.888602353293365e15 0 0 0
83 26 5.814579209513022e15 5.814579209513022e15 0 0 0
84 26 8.505668394620208e15 8.505668394620208e15 0 0 0
85 26 1.0659167869960016e16 1.0659167869960016e16 0 0 0
86 26 6.38554359368059e15 6.38554359368059e15 0 0 0
87 26 6.712451001673381e15 6.712451001673381e15 0 0 0
88 26 1.1846313829798798e16 1.1846313829798798e16 0 0 0
89 26 9.32653811629826e15 9.32653811629826e15 0 0 0
80 27 6.696315150902396e15 6.696315150902396e15 0 0 0
81 27 4.57386232259247e15 4.57386232259247e15 0 0 0
82 27 5.83923604290547e15 5.83923604290547e15 0 0 0
83 27 6.897703583461089e15 6.897703583461089e15 0 0 0
84 27 9.05658855615728e15 9.05658855615728e15 0 0 0
85 27 1.0616530635311886e16 1.0616530635311886e16 0 0 0
86 27 1.185311894189805e16 1.185311894189805e16 0 0 0
87 27 1.170021704912294e16 1.170021704912294e16 0 0 0
88 27 1.1515155825033044e16 1.1515155825033044e16 0 0 0
89 27 8.760313135510672e15 8.760313135510672e15 0 0 0
80 28 9.281055684167028e15 9.281055684167028e15 0 0 0
81 28 4.959259415675787e15 4.959259415675787e15 0 0 0
82 28 5.080589005021767e15 5.080589005021767e15 0 0 0
83 28 7.932823404610591e15 7.932823404610591e15 0 0 0
84 28 9.8553221329397e15 9.8553221329397e15 0 0 0
85 28 1.2538504067023992e16 1.2538504067023992e16 0 0 0
86 28 9.072192225709822e15 9.072192225709822e15 0 0 0
87 28 1.2143687355842898e16 1.2143687355842898e16 0 0 0
88 28 1.132553802773322e16 1.132553802773322e16 0 0 0
89 28 6.940518479719265e15 6.940518479719265e15 0 0 0
80 29 7.04926443467011e15 7.04926443467011e15 0 0 0
81 29 7.046037057872549e15 7.046037057872549e15 0 0 0
82 29 4.851585902001092e15 4.851585902001092e15 0 0 0
83 29 6.796049157015456e15 6.796049157015456e15 0 0 0
84 29 1.0537399832645574e16 1.0537399832645574e16 0 0 0
85 29 1.4809106366282578e16 1.4809106366282578e16 0 0 0
86 29 1.2242397295015516e16 1.2242397295015516e16 0 0 0
87 29 8.955661429080124e15 8.955661429080124e15 0 0 0
88 29 8.957538575636719e15 8.957538575636719e15 0 0 0
89 29 6.439125398543512e15 6.439125398543512e15 0 0 0
90 20 5.034067551390312e15 5.034067551390312e15 0 0 0
91 20 4.691416452981775e15 4.691416452981775e15 0 0 0
92 20 2.1313681802301548e15 2.1313681802301548e15 0 0 0
93 20 2.869428323307155e15 2.869428323307155e15 0 0 0
94 20 4.1273688207117675e15 4.1273688207117675e15 0 0 0
95 20 1.1014117415738619e15 1.1014117415738619e15 0 0 0
96 20 1.2726111581151553e14 1.2726111581151553e14 0 0 0
97 20 1.6537559556052664e13 1.6537559556052664e13 0 0 0
98 20 3.1027142215638855e13 3.1027142215638855e13 0 0 0
99 20 4.8148733856768555e13 4.8148733856768555e13 0 0 0
90 21 6.675617517218676e15 6.675617517218676e15 0 0 0
91 21 5.456254315613916e15 5.456254315613916e15 0 0 0
92 21 3.165920603726142e15 3.165920603726142e15 0 0 0
93 21 2.648050661369531e15 2.648050661369531e15 0 0 0
94 21 1.8998147860846365e15 1.8998147860846365e15 0 0 0
95 21 1.7413968677161062e15 1.7413968677161062e15 0 0 0
96 21 8.23807774286637e14 8.23807774286637e14 0 0 0
97 21 1.000685546901673e14 1.000685546901673e14 0 0 0
98 21 3.771153596576546e13 3.771153596576546e13 0 0 0
99 21 1.341502033437621e13 1.341502033437621e13 0 0 0
90 22 8.644920268450107e15 8.644920268450107e15 0 0 0
91 22 6.026476933363907e15 6.026476933363907e15 0 0 0
92 22 3.665609109349143e15 3.665609109349143e15 0 0 0
93 22 3.636692673956906e15 3.636692673956906e15 0 0 0
94 22 3.086995879929237e15 3.086995879929237e15 0 0 0
95 22 2.3229578278796295e15 2.3229578278796295e15 0 0 0
96 22 3.9118691904250745e15 3.9118691904250745e15 0 0 0
97 22 1.1583186554357118e15 1.1583186554357118e15 0 0 0
98 22 1.1265832425925608e14 1.1265832425925608e14 0 0 0
99 22 2.3763493038186695e13 2.3763493038186695e13 0 0 0
90 23 1.0119432335787736e16 1.0119432335787736e16 0 0 0
91 23 6.973474928673494e15 6.973474928673494e15 0 0 0
92 23 4.523210779829781e15 4.523210779829781e15 0 0 0
93 23 3.8666894518429045e15 3.8666894518429045e15 0 0 0
94 23 4.0366204747687635e15 4.0366204747687635e15 0 0 0
95 23 3.437367626169188e15 3.437367626169188e15 0 0 0
96 23 3.2290613236782445e15 3.2290613236782445e15 0 0 0
97 23 2.2930435894753165e15 2.2930435894753165e15 0 0 0
98 23 1.209634350606887e15 1.209634350606887e15 0 0 0
99 23 5.08336848355421e13 5.08336848355421e13 0 0 0
90 24 9.003344261936389e15 9.003344261936389e15 0 0 0
91 24 7.276922673051686e15 7.276922673051686e15 0 0 0
92 24 6.281175911916367e15 6.281175911916367e15 0 0 0
93 24 5.136220095296481e15 5.136220095296481e15 0 0 0
94 24 4.849785513246869e15 4.849785513246869e15 0 0 0
95 24 3.20725168992625e15 3.20725168992625e15 0 0 0
96 24 2.592244124873363e15 2.592244124873363e15 0 0 0
97 24 1.9512069602597638e15 1.9512069602597638e15 0 0 0
98 24 2.3154878231561445e15 2.3154878231561445e15 0 0 0
99 24 1.1094939693718158e15 1.1094939693718158e15 0 0 0
90 25 1.0010256313236276e16 1.0010256313236276e16 0 0 0
91 25 8.158181469641775e15 8.158181469641775e15 0 0 0
92 25 7.490823509423625e15 7.490823509423625e15 0 0 0
93 25 5.961994785202744e15 5.961994785202744e15 0 0 0
94 25 5.129140789425678e15 5.129140789425678e15 0 0 0
95 25 3.860193168640231e15 3.860193168640231e15 0 0 0
96 25 3.305885172270383e15 3.305885172270383e15 0 0 0
97 25 2.722436634347467e15 2.722436634347467e15 0 0 0
98 25 2.0541238393738412e15 2.0541238393738412e15 0 0 0
99 25 2.9944589786776695e15 2.9944589786776695e15 0 0 0
90 26 1.0144899703336226e16 1.0144899703336226e16 0 0 0
91 26 1.082783891758796e16 1.082783891758796e16 0 0 0
92 26 8.094660997388842e15 8.094660997388842e15 0 0 0
93 26 6.52219519215637e15 6.52219519215637e15 0 0 0
94 26 4.839753971908495e15 4.839753971908495e15 0 0 0
95 26 4.533059455454543e15 4.533059455454543e15 0 0 0
96 26 4.1625418466163315e15 4.1625418466163315e15 0 0 0
97 26 2.0754284219328495e15 2.0754284219328495e15 0 0 0
98 26 2.709121290092188e15 2.709121290092188e15 0 0 0
99 26 2.398996221953572e15 2.398996221953572e15 0 0 0
90 27 1.0596387327058868e16 1.0596387327058868e16 0 0 0
91 27 1.0509649369935256e16 1.0509649369935256e16 0 0 0
92 27 8.964241080842673e15 8.964241080842673e15 0 0 0
93 27 7.146123654595266e15 7.146123654595266e15 0 0 0
94 27 5.798644842314741e15 5.798644842314741e15 0 0 0
95 27 5.079948918782236e15 5.079948918782236e15 0 0 0
96 27 4.985264225687441e15 4.985264225687441e15 0 0 0
97 27 3.1390900363277445e15 3.1390900363277445e15 0 0 0
98 27 2.393364209645034e15 2.393364209645034e15 0 0 0
99 27 2.0500051989077455e15 2.0500051989077455e15 0 0 0
90 28 9.661490246147704e15 9.661490246147704e15 0 0 0
91 28 1.0894524774067706e16 1.0894524774067706e16 0 0 0
92 28 1.0730918287557622e16 1.0730918287557622e16 0 0 0
93 28 7.480483721275143e15 7.480483721275143e15 0 0 0
94 28 5.328164479478882e15 5.328164479478882e15 0 0 0
95 28 5.008621585666922e15 5.008621585666922e15 0 0 0
96 28 4.819818910332312e15 4.819818910332312e15 0 0 0
97 28 4.2180664608504855e15 4.2180664608504855e15 0 0 0
98 28 3.13224624329908e15 3.13224624329908e15 0 0 0
99 28 2.4982200240815675e15 2.4982200240815675e15 0 0 0
90 29 9.208235771843586e15 9.208235771843586e15 0 0 0
91 29 6.329875964977904e15 6.329875964977904e15 0 0 0
92 29 1.0858493587399718e16 1.0858493587399718e16 0 0 0
93 29 8.641244141509719e15 8.641244141509719e15 0 0 0
94 29 4.95896388130805e15 4.95896388130805e15 0 0 0
95 29 4.766270897658159e15 4.766270897658159e15 0 0 0
96 29 5.071439671950729e15 5.071439671950729e15 0 0 0
97 29 3.818981832501435e15 3.818981832501435e15 0 0 0
98 29 2.741987834872932e15 2.741987834872932e15 0 0 0
99 29 1.8223864921909518e15 1.8223864921909518e15 0 0 0
0 30 1.1189528314573831e14 1.1189528314573831e14 0 0 0
1 30 8.162161253924798e14 8.162161253924798e14 0 0 0
2 30 4.865589722672564e13 4.865589722672564e13 0 0 0
3 30 2.0795293175072238e15 2.0795293175072238e15 0 0 0
4 30 5.741667121222784e13 5.741667121222784e13 0 0 0
5 30 3.233163741135193e15 3.233163741135193e15 0 0 0
6 30 2.8826752334701883e13 2.8826752334701883e13 0 0 0
7 30 5.04598400613829e14 5.04598400613829e14 0 0 0
8 30 1.029094180832169e16 1.029094180832169e16 0 0 0
9 30 1.3963766168861964e14 1.3963766168861964e14 0 0 0
0 31 6.372079909048366e14 6.372079909048366e14 0 0 0
1 31 8.667632703793984e12 8.667632703793984e12 0 0 0
2 31 5.511699744277097e14 5.511699744277097e14 0 0 0
3 31 1.1279407278950188e13 1.1279407278950188e13 0 0 0
4 31 1.0766100400647039e14 1.0766100400647039e14 0 0 0
5 31 5.075178854874053e15 5.075178854874053e15 0 0 0
6 31 9.652255247169803e13 9.652255247169803e13 0 0 0
7 31 1.685106073906547e15 1.685106073906547e15 0 0 0
8 31 1.5942689807751088e13 1.5942689807751088e13 0 0 0
9 31 2.7457762347760345e15 2.7457762347760345e15 0 0 0
0 32 8.692515927610267e12 8.692515927610267e12 0 0 0
1 32 7.565242119681654e14 7.565242119681654e14 0 0 0
2 32 1.8304607376244905e12 1.8304607376244905e12 0 0 0
3 32 1.47208320913095e14 1.47208320913095e14 0 0 0
4 32 2.3767391514997735e15 2.3767391514997735e15 0 0 0
5 32 1.636009646707892e12 1.636009646707892e12 0 0 0
6 32 2.375569193460117e15 2.375569193460117e15 0 0 0
7 32 7.206394813611697e13 7.206394813611697e13 0 0 0
8 32 3.5506703276217925e15 3.5506703276217925e15 0 0 0
9 32 3.861029191815326e13 3.861029191815326e13 0 0 0
0 33 1.3463904684752874e16 1.3463904684752874e16 0 0 0
1 33 3.3543165275751867e13 3.3543165275751867e13 0 0 0
2 33 5.029048956666956e14 5.029048956666956e14 0 0 0
3 33 7.833459709933242e11 7.833459709933242e11 0 0 0
4 33 5.667780663557032e13 5.667780663557032e13 0 0 0
5 33 8.232937110376875e15 8.232937110376875e15 0 0 0
6 33 6.96398824413855e14 6.96398824413855e14 0 0 0
7 33 1.7580437259004383e13 1.7580437259004383e13 0 0 0
8 33 2.120478091890197e15 2.120478091890197e15 0 0 0
9 33 6.9468741865083734e13 6.9468741865083734e13 0 0 0
0 34 1.5931215483408924e13 1.5931215483408924e13 0 0 0
1 34 6.848989807760653e13 6.848989807760653e13 0 0 0
2 34 4.531222159683605e15 4.531222159683605e15 0 0 0
3 34 2.595331482135709e12 2.595331482135709e12 0 0 0
4 34 2.339325085320233e15 2.339325085320233e15 0 0 0
5 34 2.245002426777913e13 2.245002426777913e13 0 0 0
6 34 2.2371920861314125e15 2.2371920861314125e15 0 0 0
7 34 4.100157177591106e14 4.100157177591106e14 0 0 0
8 34 1.4815204262183834e14 1.4815204262183834e14 0 0 0
9 34 2.691653477625761e15 2.691653477625761e15 0 0 0
0 35 6.434746591642108e10 6.434746591642108e10 0 0 0
1 35 2.7417299983244116e11 2.7417299983244116e11 0 0 0
2 35 2.3342884432053306e14 2.3342884432053306e14 0 0 0
3 35 4.46509711031791e15 4.46509711031791e15 0 0 0
4 35 3.970836027564334e14 3.970836027564334e14 0 0 0
5 35 3.3775448118011027e13 3.3775448118011027e13 0 0 0
6 35 1.9867453858880935e15 1.9867453858880935e15 0 0 0
7 35 6.467490084845222e14 6.467490084845222e14 0 0 0
8 35 7.601608607464081e15 7.601608607464081e15 0 0 0
9 35 5.120005363265383e15 5.120005363265383e15 0 0 0
0 36 7.832245116567838e13 7.832245116567838e13 0 0 0
1 36 1.0103320160100038e15 1.0103320160100038e15 0 0 0
2 36 8.478646825282613e15 8.478646825282613e15 0 0 0
3 36 1.625569240194356e14 1.625569240194356e14 0 0 0
4 36 3.4430905191555965e15 3.4430905191555965e15 0 0 0
5 36 8.390963428586141e14 8.390963428586141e14 0 0 0
6 36 7.634691204123169e14 7.634691204123169e14 0 0 0
7 36 7.141542795127748e15 7.141542795127748e15 0 0 0
8 36 6.140240966127769e15 6.140240966127769e15 0 0 0
9 36 2.8375573513482108e16 2.8375573513482108e16 0 0 0
0 37 3.1958938734441156e13 3.1958938734441156e13 0 0 0
1 37 2.1513726824497468e15 2.1513726824497468e15 0 0 0
2 37 6.349185852015678e12 6.349185852015678e12 0 0 0
3 37 1.2752975055457542e15 1.2752975055457542e15 0 0 0
4 37 5.868597934643108e13 5.868597934643108e13 0 0 0
5 37 2.4032944521704485e15 2.4032944521704485e15 0 0 0
6 37 1.6418377888899285e15 1.6418377888899285e15 0 0 0
7 37 1.0844596058536526e16 1.0844596058536526e16 0 0 0
8 37 9.149166111556802e15 9.149166111556802e15 0 0 0
9 37 1.1261463893095086e16 1.1261463893095086e16 0 0 0
0 38 1.9118094814126184e12 1.9118094814126184e12 0 0 0
1 38 2.5103687528187156e14 2.5103687528187156e14 0 0 0
2 38 3.5782021234969845e15 3.5782021234969845e15 0 0 0
3 38 6.856075585395306e13 6.856075585395306e13 0 0 0
4 38 1.6132037456742382e15 1.6132037456742382e15 0 0 0
5 38 3.1873266985365075e14 3.1873266985365075e14 0 0 0
6 38 5.440788799303337e15 5.440788799303337e15 0 0 0
7 38 3.760668368422307e15 3.760668368422307e15 0 0 0
8 38 2.493800672554087e15 2.493800672554087e15 0 0 0
9 38 1.747140693318804e16 1.747140693318804e16 0 0 0
0 39 1.469824681199612e15 1.469824681199612e15 0 0 0
1 39 4.687587140299354e12 4.687587140299354e12 0 0 0
2 39 3.22558036652571e13 3.22558036652571e13 0 0 0
3 39 1.0637117779932341e15 1.0637117779932341e15 0 0 0
4 39 3.601836994298394e13 3.601836994298394e13 0 0 0
5 39 5.2370175382422556e14 5.2370175382422556e14 0 0 0
6 39 1.576217853076887e14 1.576217853076887e14 0 0 0
7 39 3.7111478731792625e15 3.7111478731792625e15 0 0 0
8 39 1.4854748397070388e15 1.4854748397070388e15 0 0 0
9 39 1.2754398272484442e16 1.2754398272484442e16 0 0 0
10 30 3.761869385835776e15 3.761869385835776e15 0 0 0
11 30 1.5290484739432948e16 1.5290484739432948e16 0 0 0
12 30 5.884091547988531e13 5.884091547988531e13 0 0 0
13 30 8.809594738347632e15 8.809594738347632e15 0 0 0
14 30 8.476704131449667e13 8.476704131449667e13 0 0 0
15 30 2.8145094620448645e15 2.8145094620448645e15 0 0 0
16 30 3.352082815623541e14 3.352082815623541e14 0 0 0
17 30 3.2954613748038925e15 3.2954613748038925e15 0 0 0
18 30 4.328791423362655e16 4.328791423362655e16 0 0 0
19 30 2.9416589573289424e16 2.9416589573289424e16 0 0 0
10 31 6.130778308578918e12 6.130778308578918e12 0 0 0
11 31 1.1353157190684818e15 1.1353157190684818e15 0 0 0
12 31 4.764620026603671e13 4.764620026603671e13 0 0 0
13 31 1.226214065615671e15 1.226214065615671e15 0 0 0
14 31 9.941703625170602e15 9.941703625170602e15 0 0 0
15 31 5.42885829901735e15 5.42885829901735e15 0 0 0
16 31 2.4392155583041276e16 2.4392155583041276e16 0 0 0
17 31 1.6697674236993254e16 1.6697674236993254e16 0 0 0
18 31 1.803498016973687e16 1.803498016973687e16 0 0 0
19 31 7.58468537300447e16 7.58468537300447e16 0 0 0
10 32 1.6963900505630345e15 1.6963900505630345e15 0 0 0
11 32 2.7656556398829638e14 2.7656556398829638e14 0 0 0
12 32 1.0208153434534072e16 1.0208153434534072e16 0 0 0
13 32 7.246919986515449e14 7.246919986515449e14 0 0 0
14 32 2.1160142220828412e16 2.1160142220828412e16 0 0 0
15 32 6.234496766848791e15 6.234496766848791e15 0 0 0
16 32 4.475110511397416e16 4.475110511397416e16 0 0 0
17 32 4.602201102044093e16 4.602201102044093e16 0 0 0
18 32 3.2754088784606332e16 3.2754088784606332e16 0 0 0
19 32 7.989552996195771e16 7.989552996195771e16 0 0 0
10 33 7.674397317253563e15 7.674397317253563e15 0 0 0
11 33 1.4566284856442328e15 1.4566284856442328e15 0 0 0
12 33 2.2155445778865436e16 2.2155445778865436e16 0 0 0
13 33 8.418373262226442e15 8.418373262226442e15 0 0 0
14 33 5.340687383642246e15 5.340687383642246e15 0 0 0
15 33 3.397746235972914e16 3.397746235972914e16 0 0 0
16 33 4.166694622702783e16 4.166694622702783e16 0 0 0
17 33 3.320230322597633e16 3.320230322597633e16 0 0 0
18 33 8.956226054278682e16 8.956226054278682e16 0 0 0
19 33 7.18956020096048e16 7.18956020096048e16 0 0 0
10 34 1.5680855197926288e15 1.5680855197926288e15 0 0 0
11 34 1.7768177423349584e16 1.7768177423349584e16 0 0 0
12 34 1.0771677960274782e16 1.0771677960274782e16 0 0 0
13 34 4.22152650146679e16 4.22152650146679e16 0 0 0
14 34 4.2942823008692e16 4.2942823008692e16 0 0 0
15 34 4.186934560013705e16 4.186934560013705e16 0 0 0
16 34 5.023609887263658e16 5.023609887263658e16 0 0 0
17 34 3.7701330525674536e16 3.7701330525674536e16 0 0 0
18 34 3.695657178750258e16 3.695657178750258e16 0 0 0
19 34 8.59004153571548e16 8.59004153571548e16 0 0 0
10 35 8.020074956760555e15 8.020074956760555e15 0 0 0
11 35 3.2001990669272892e16 3.2001990669272892e16 0 0 0
12 35 3.803759443750941e16 3.803759443750941e16 0 0 0
13 35 4.6070906652025144e16 4.6070906652025144e16 0 0 0
14 35 1.0585926146086157e17 1.0585926146086157e17 0 0 0
15 35 1.1455212702930512e17 1.1455212702930512e17 0 0 0
16 35 1.1030881310521027e17 1.1030881310521027e17 0 0 0
17 35 1.0312111458506067e17 1.0312111458506067e17 0 0 0
18 35 9.064988112975752e16 9.064988112975752e16 0 0 0
19 35 1.6971228421416688e17 1.6971228421416688e17 0 0 0
10 36 3.4894669731240492e16 3.4894669731240492e16 0 0 0
11 36 4.6163721761767464e16 4.6163721761767464e16 0 0 0
12 36 6.978744763105377e16 6.978744763105377e16 0 0 0
13 36 1.3038172821294373e17 1.3038172821294373e17 0 0 0
14 36 1.3635064499697173e17 1.3635064499697173e17 0 0 0
15 36 8.79777832430607e16 8.79777832430607e16 0 0 0
16 36 9.64616592588666e16 9.64616592588666e16 0 0 0
17 36 1.9904292910937664e17 1.9904292910937664e17 0 0 0
18 36 1.4823694633542794e17 1.4823694633542794e17 0 0 0
19 36 1.8343573012119366e17 1.8343573012119366e17 0 0 0
10 37 3.7643805062319864e16 3.7643805062319864e16 0 0 0
11 37 5.2243666000772824e16 5.2243666000772824e16 0 0 0
12 37 6.803888808156556e16 6.803888808156556e16 0 0 0
13 37 6.9674043060322376e16 6.9674043060322376e16 0 0 0
14 37 8.188626350769368e16 8.188626350769368e16 0 0 0
15 37 1.0184563931794298e17 1.0184563931794298e17 0 0 0
16 37 1.1011271214306829e17 1.1011271214306829e17 0 0 0
17 37 8.708729850467126e16 8.708729850467126e16 0 0 0
18 37 1.2246101019243746e17 1.2246101019243746e17 0 0 0
19 37 8.880419981133002e16 8.880419981133002e16 0 0 0
10 38 2.2486107447956652e16 2.2486107447956652e16 0 0 0
11 38 1.7585217620456938e16 1.7585217620456938e16 0 0 0
12 38 1.296177515710418e16 1.296177515710418e16 0 0 0
13 38 6.054363422120734e16 6.054363422120734e16 0 0 0
14 38 1.0156628304476443e17 1.0156628304476443e17 0 0 0
15 38 1.0234271229664198e17 1.0234271229664198e17 0 0 0
16 38 7.671034488168235e16 7.671034488168235e16 0 0 0
17 38 2.866354585340237e16 2.866354585340237e16 0 0 0
18 38 6.3797783851441304e16 6.3797783851441304e16 0 0 0
19 38 3.864689166901624e16 3.864689166901624e16 0 0 0
10 39 8.131489630221331e15 8.131489630221331e15 0 0 0
11 39 3.4316027458196852e16 3.4316027458196852e16 0 0 0
12 39 6.853728801693271e16 6.853728801693271e16 0 0 0
13 39 1.2080559039917835e17 1.2080559039917835e17 0 0 0
14 39 1.1718100122457952e17 1.1718100122457952e17 0 0 0
15 39 1.4788134111139824e17 1.4788134111139824e17 0 0 0
16 39 9.977918130670253e16 9.977918130670253e16 0 0 0
17 39 4.72359441070396e16 4.72359441070396e16 0 0 0
18 39 9.431811919287645e16 9.431811919287645e16 0 0 0
19 39 5.399434610745693e16 5.399434610745693e16 0 0 0
20 30 9.585770718746874e16 9.585770718746874e16 0 0 0
21 30 5.818021620469243e16 5.818021620469243e16 0 0 0
22 30 1.3107636107836035e17 1.3107636107836035e17 0 0 0
23 30 1.1353141630970166e17 1.1353141630970166e17 0 0 0
24 30 1.8745498129263418e17 1.8745498129263418e17 0 0 0
25 30 1.1846864931127333e17 1.1846864931127333e17 0 0 0
26 30 1.5855366426946854e17 1.5855366426946854e17 0 0 0
27 30 2.2407313641030858e17 2.2407313641030858e17 0 0 0
28 30 3.3020237855444736e17 3.3020237855444736e17 0 0 0
29 30 3.9521184260194886e17 3.9521184260194886e17 0 0 0
20 31 3.889568993958818e16 3.889568993958818e16 0 0 0
21 31 9.742463299991994e16 9.742463299991994e16 0 0 0
22 31 8.183871380290872e16 8.183871380290872e16 0 0 0
23 31 1.5565998106168454e17 1.5565998106168454e17 0 0 0
24 31 1.0397570134714498e17 1.0397570134714498e17 0 0 0
25 31 1.5144798105014294e17 1.5144798105014294e17 0 0 0
26 31 2.7287383193684506e17 2.7287383193684506e17 0 0 0
27 31 1.923173820854737e17 1.923173820854737e17 0 0 0
28 31 3.204686306296173e17 3.204686306296173e17 0 0 0
29 31 2.7691019491969565e17 2.7691019491969565e17 0 0 0
20 32 6.4481574345147e16 6.4481574345147e16 0 0 0
21 32 4.147733811668242e16 4.147733811668242e16 0 0 0
22 32 1.1043801495011659e17 1.1043801495011659e17 0 0 0
23 32 1.9416946437223814e17 1.9416946437223814e17 0 0 0
24 32 1.1832752223415819e17 1.1832752223415819e17 0 0 0
25 32 2.7120859700619187e17 2.7120859700619187e17 0 0 0
26 32 3.176714534899073e17 3.176714534899073e17 0 0 0
27 32 2.539480771117197e17 2.539480771117197e17 0 0 0
28 32 2.3038402508901274e17 2.3038402508901274e17 0 0 0
29 32 2.1139751195216218e17 2.1139751195216218e17 0 0 0
20 33 3.3246689737971804e16 3.3246689737971804e16 0 0 0
21 33 1.1081580388764728e17 1.1081580388764728e17 0 0 0
22 33 8.601746953382768e16 8.601746953382768e16 0 0 0
23 33 1.4119651891676229e17 1.4119651891676229e17 0 0 0
24 33 2.3505763524356163e17 2.3505763524356163e17 0 0 0
25 33 1.6505881859484006e17 1.6505881859484006e17 0 0 0
26 33 2.8155327708020448e17 2.8155327708020448e17 0 0 0
27 33 3.5510704885108896e17 3.5510704885108896e17 0 0 0
28 33 3.3833806617765696e17 3.3833806617765696e17 0 0 0
29 33 4.5134170465190125e17 4.5134170465190125e17 0 0 0
20 34 7.364517162467523e16 7.364517162467523e16 0 0 0
21 34 1.196032218260013e17 1.196032218260013e17 0 0 0
22 34 1.984922165647843e17 1.984922165647843e17 0 0 0
23 34 1.4522048395900387e17 1.4522048395900387e17 0 0 0
24 34 2.2889710822006195e17 2.2889710822006195e17 0 0 0
25 34 3.444651920313611e17 3.444651920313611e17 0 0 0
26 34 4.671793892160086e17 4.671793892160086e17 0 0 0
27 34 5.855286424700804e17 5.855286424700804e17 0 0 0
28 34 6.139807789231293e17 6.139807789231293e17 0 0 0
29 34 9.720901215279433e17 9.720901215279433e17 0 0 0
20 35 1.0872084299827016e17 1.0872084299827016e17 0 0 0
21 35 1.5711857221891456e17 1.5711857221891456e17 0 0 0
22 35 8.164135571579282e16 8.164135571579282e16 0 0 0
23 35 1.5467070077369626e17 1.5467070077369626e17 0 0 0
24 35 2.225055069765471e17 2.225055069765471e17 0 0 0
25 35 3.361939986172908e17 3.361939986172908e17 0 0 0
26 35 5.218174342706366e17 5.218174342706366e17 0 0 0
27 35 9.768052683472049e17 9.768052683472049e17 0 0 0
28 35 1.6613714246320387e18 1.6613714246320387e18 0 0 0
29 35 2.567776428337528e18 2.567776428337528e18 0 0 0
20 36 1.4684397970515034e17 1.4684397970515034e17 0 0 0
21 36 2.0096205918484214e17 2.0096205918484214e17 0 0 0
22 36 2.6580301249990954e17 2.6580301249990954e17 0 0 0
23 36 3.564919046300335e17 3.564919046300335e17 0 0 0
24 36 4.396622070736263e17 4.396622070736263e17 0 0 0
25 36 5.6194904432561043e17 5.6194904432561043e17 0 0 0
26 36 1.0979276539555685e18 1.0979276539555685e18 0 0 0
27 36 1.85037346904931e18 1.85037346904931e18 0 0 0
28 36 2.505669285867363e18 2.505669285867363e18 0 0 0
29 36 2.3166467668149484e18 2.3166467668149484e18 0 0 0
20 37 2.1158724995885354e17 2.1158724995885354e17 0 0 0
21 37 3.369317939545123e17 3.369317939545123e17 0 0 0
22 37 4.0396905343633075e17 4.0396905343633075e17 0 0 0
23 37 3.916708822763501e17 3.916708822763501e17 0 0 0
24 37 4.344936695072653e17 4.344936695072653e17 0 0 0
25 37 6.205803593730474e17 6.205803593730474e17 0 0 0
26 37 9.73520869277214e17 9.73520869277214e17 0 0 0
27 37 1.2100050030518426e18 1.2100050030518426e18 0 0 0
28 37 8.477420824449467e17 8.477420824449467e17 0 0 0
29 37 2.7869096692021648e17 2.7869096692021648e17 0 0 0
20 38 1.3202578670013958e17 1.3202578670013958e17 0 0 0
21 38 1.4113569584363704e17 1.4113569584363704e17 0 0 0
22 38 1.9006941822914483e17 1.9006941822914483e17 0 0 0
23 38 2.0603957542047834e17 2.0603957542047834e17 0 0 0
24 38 2.43388534701626e17 2.43388534701626e17 0 0 0
25 38 3.320394237947195e17 3.320394237947195e17 0 0 0
26 38 5.770864320412568e17 5.770864320412568e17 0 0 0
27 38 7.927996303672819e17 7.927996303672819e17 0 0 0
28 38 4.984600635383573e17 4.984600635383573e17 0 0 0
29 38 3.0166707793051757e17 3.0166707793051757e17 0 0 0
20 39 5.152008848298534e16 5.152008848298534e16 0 0 0
21 39 9.874563374333819e16 9.874563374333819e16 0 0 0
22 39 1.3683973261474059e17 1.3683973261474059e17 0 0 0
23 39 1.984027202988318e17 1.984027202988318e17 0 0 0
24 39 2.7622130130416534e17 2.7622130130416534e17 0 0 0
25 39 4.4264641171277184e17 4.4264641171277184e17 0 0 0
26 39 7.217001400067081e17 7.217001400067081e17 0 0 0
27 39 9.167443253103223e17 9.167443253103223e17 0 0 0
28 39 5.568280789531235e17 5.568280789531235e17 0 0 0
29 39 3.9686975720997715e17 3.9686975720997715e17 0 0 0
30 30 2.102532445721187e17 2.102532445721187e17 0 0 0
31 30 2.076345842149281e17 2.076345842149281e17 0 0 0
32 30 2.4519929825075648e17 2.4519929825075648e17 0 0 0
33 30 3.5497833568188845e17 3.5497833568188845e17 0 0 0
34 30 2.4502298500875562e17 2.4502298500875562e17 0 0 0
35 30 3.7515842832928083e17 3.7515842832928083e17 0 0 0
36 30 3.5683426876417056e17 3.5683426876417056e17 0 0 0
37 30 4.414279685566857e17 4.414279685566857e17 0 0 0
38 30 6.22462820566882e17 6.22462820566882e17 0 0 0
39 30 3.77007529652117e17 3.77007529652117e17 0 0 0
30 31 2.7684207054056317e17 2.7684207054056317e17 0 0 0
31 31 2.6908719745892566e17 2.6908719745892566e17 0 0 0
32 31 2.1240741035419594e17 2.1240741035419594e17 0 0 0
33 31 1.9443999342766086e17 1.9443999342766086e17 0 0 0
34 31 3.0988913532766784e17 3.0988913532766784e17 0 0 0
35 31 2.3941514573730147e17 2.3941514573730147e17 0 0 0
36 31 4.4609371614206317e17 4.4609371614206317e17 0 0 0
37 31 3.5880432847852397e17 3.5880432847852397e17 0 0 0
38 31 2.7218592100631277e17 2.7218592100631277e17 0 0 0
39 31 2.8217067949787533e17 2.8217067949787533e17 0 0 0
30 32 2.428931972812598e17 2.428931972812598e17 0 0 0
31 32 3.646632067364036e17 3.646632067364036e17 0 0 0
32 32 3.438469438806991e17 3.438469438806991e17 0 0 0
33 32 2.4588485104682736e17 2.4588485104682736e17 0 0 0
34 32 5.325201152469657e17 5.325201152469657e17 0 0 0
35 32 4.452747653605101e17 4.452747653605101e17 0 0 0
36 32 4.3483961649039443e17 4.3483961649039443e17 0 0 0
37 32 3.585266237215318e17 3.585266237215318e17 0 0 0
38 32 2.4248158042533306e17 2.4248158042533306e17 0 0 0
39 32 3.95496323287191e17 3.95496323287191e17 0 0 0
30 33 6.474885074806386e17 6.474885074806386e17 0 0 0
31 33 6.304756411626355e17 6.304756411626355e17 0 0 0
32 33 5.318851560956441e17 5.318851560956441e17 0 0 0
33 33 7.259379898584096e17 7.259379898584096e17 0 0 0
34 33 4.691350289032765e17 4.691350289032765e17 0 0 0
35 33 3.1413329098528614e17 3.1413329098528614e17 0 0 0
36 33 4.467053170546069e17 4.467053170546069e17 0 0 0
37 33 6.216303966898537e17 6.216303966898537e17 0 0 0
38 33 6.058205373582798e17 6.058205373582798e17 0 0 0
39 33 4.805454505495509e17 4.805454505495509e17 0 0 0
30 34 1.425492190801791e18 1.425492190801791e18 0 0 0
31 34 1.3840418372094582e18 1.3840418372094582e18 0 0 0
32 34 1.2876853668119434e18 1.2876853668119434e18 0 0 0
33 34 1.0026099065441564e18 1.0026099065441564e18 0 0 0
34 34 7.342457335823288e17 7.342457335823288e17 0 0 0
35 34 6.17197807533509e17 6.17197807533509e17 0 0 0
36 34 6.163220219701037e17 6.163220219701037e17 0 0 0
37 34 8.330121176232008e17 8.330121176232008e17 0 0 0
38 34 8.412401338146774e17 8.412401338146774e17 0 0 0
39 34 8.841100397442258e17 8.841100397442258e17 0 0 0
30 35 2.7478183048817403e18 2.7478183048817403e18 0 0 0
31 35 1.9399151781539005e18 1.9399151781539005e18 0 0 0
32 35 1.0897622948427356e18 1.0897622948427356e18 0 0 0
33 35 5.946409830615334e17 5.946409830615334e17 0 0 0
34 35 5.945899496289516e17 5.945899496289516e17 0 0 0
35 35 6.092984576470289e17 6.092984576470289e17 0 0 0
36 35 9.079206041695775e17 9.079206041695775e17 0 0 0
37 35 7.587254579845298e17 7.587254579845298e17 0 0 0
38 35 1.302567116636852e18 1.302567116636852e18 0 0 0
39 35 1.597908829958357e18 1.597908829958357e18 0 0 0
30 36 1.2723197261007521e18 1.2723197261007521e18 0 0 0
31 36 7.085474572344353e17 7.085474572344353e17 0 0 0
32 36 5.816490777178712e17 5.816490777178712e17 0 0 0
33 36 6.55467149070904e17 6.55467149070904e17 0 0 0
34 36 7.289670290714031e17 7.289670290714031e17 0 0 0
35 36 7.824365325022214e17 7.824365325022214e17 0 0 0
36 36 1.0022101045060728e18 1.0022101045060728e18 0 0 0
37 36 2.2141134378925957e18 2.2141134378925957e18 0 0 0
38 36 2.964037093667641e18 2.964037093667641e18 0 0 0
39 36 4.0825471741270323e18 4.0825471741270323e18 0 0 0
30 37 2.785371392316159e17 2.785371392316159e17 0 0 0
31 37 4.567577463368345e17 4.567577463368345e17 0 0 0
32 37 5.482587691548727e17 5.482587691548727e17 0 0 0
33 37 8.716856414496164e17 8.716856414496164e17 0 0 0
34 37 9.870419967617609e17 9.870419967617609e17 0 0 0
35 37 1.1449522661158115e18 1.1449522661158115e18 0 0 0
36 37 2.827866491761959e18 2.827866491761959e18 0 0 0
37 37 4.847037339362565e18 4.847037339362565e18 0 0 0
38 37 5.686872536431999e18 5.686872536431999e18 0 0 0
39 37 5.918440504962395e18 5.918440504962395e18 0 0 0
30 38 3.9706882017695194e17 3.9706882017695194e17 0 0 0
31 38 6.551832119788859e17 6.551832119788859e17 0 0 0
32 38 6.648889471865184e17 6.648889471865184e17 0 0 0
33 38 6.703289662020297e17 6.703289662020297e17 0 0 0
34 38 8.176553398600383e17 8.176553398600383e17 0 0 0
35 38 2.443068655674359e18 2.443068655674359e18 0 0 0
36 38 5.303149850794563e18 5.303149850794563e18 0 0 0
37 38 5.469681382787069e18 5.469681382787069e18 0 0 0
38 38 6.303113851218347e18 6.303113851218347e18 0 0 0
39 38 8.12568626536965e18 8.12568626536965e18 0 0 0
30 39 7.158255464685976e17 7.158255464685976e17 0 0 0
31 39 8.058273275768204e17 8.058273275768204e17 0 0 0
32 39 6.358015877545089e17 6.358015877545089e17 0 0 0
33 39 6.569017574964068e17 6.569017574964068e17 0 0 0
34 39 1.6763703935325832e18 1.6763703935325832e18 0 0 0
35 39 4.3369701130337736e18 4.3369701130337736e18 0 0 0
36 39 4.0618481936602793e18 4.0618481936602793e18 0 0 0
37 39 5.218844825100579e18 5.218844825100579e18 0 0 0
38 39 8.329838337900836e18 8.329838337900836e18 0 0 0
39 39 9.336464808477501e18 9.336464808477501e18 0 0 0
40 30 6.496987522423722e17 6.496987522423722e17 0 0 0
41 30 6.046788779707748e17 6.046788779707748e17 0 0 0
42 30 4.8565448163823674e17 4.8565448163823674e17 0 0 0
43 30 7.748574430404966e17 7.748574430404966e17 0 0 0
44 30 5.759525280574184e17 5.759525280574184e17 0 0 0
45 30 6.673513684947373e17 6.673513684947373e17 0 0 0
46 30 6.775965813220796e17 6.775965813220796e17 0 0 0
47 30 4.4953035050609734e17 4.4953035050609734e17 0 0 0
48 30 4.6093091494792685e17 4.6093091494792685e17 0 0 0
49 30 5.43038472086402e17 5.43038472086402e17 0 0 0
40 31 4.827502870555062e17 4.827502870555062e17 0 0 0
41 31 5.912177425927814e17 5.912177425927814e17 0 0 0
42 31 5.488841355867864e17 5.488841355867864e17 0 0 0
43 31 1.2609884339971174e18 1.2609884339971174e18 0 0 0
44 31 7.843590728111039e17 7.843590728111039e17 0 0 0
45 31 4.631440109849352e17 4.631440109849352e17 0 0 0
46 31 5.954814166414487e17 5.954814166414487e17 0 0 0
47 31 5.106266811163215e17 5.106266811163215e17 0 0 0
48 31 7.148268742108531e17 7.148268742108531e17 0 0 0
49 31 8.54352782520802e17 8.54352782520802e17 0 0 0
40 32 2.3514590358956176e17 2.3514590358956176e17 0 0 0
41 32 3.530014583830987e17 3.530014583830987e17 0 0 0
42 32 4.348292959601841e17 4.348292959601841e17 0 0 0
43 32 2.477435807940564e17 2.477435807940564e17 0 0 0
44 32 6.58026141276933e17 6.58026141276933e17 0 0 0
45 32 8.375493230990657e17 8.375493230990657e17 0 0 0
46 32 7.287813406615415e17 7.287813406615415e17 0 0 0
47 32 4.636426269295973e17 4.636426269295973e17 0 0 0
48 32 3.726724671755141e17 3.726724671755141e17 0 0 0
49 32 6.938675982062528e17 6.938675982062528e17 0 0 0
40 33 3.689039242917484e17 3.689039242917484e17 0 0 0
41 33 5.496549570294517e17 5.496549570294517e17 0 0 0
42 33 7.514759361593164e17 7.514759361593164e17 0 0 0
43 33 2.989472078398996e17 2.989472078398996e17 0 0 0
44 33 3.349158997713708e17 3.349158997713708e17 0 0 0
45 33 7.06693071889809e17 7.06693071889809e17 0 0 0
46 33 6.492774472583446e17 6.492774472583446e17 0 0 0
47 33 6.069061761586458e17 6.069061761586458e17 0 0 0
48 33 4.218947802409337e17 4.218947802409337e17 0 0 0
49 33 4.3667634774271334e17 4.3667634774271334e17 0 0 0
40 34 1.0152701509382516e18 1.0152701509382516e18 0 0 0
41 34 1.2268533912401505e18 1.2268533912401505e18 0 0 0
42 34 9.511783010246248e17 9.511783010246248e17 0 0 0
43 34 7.311014484407299e17 7.311014484407299e17 0 0 0
44 34 3.795898774083908e17 3.795898774083908e17 0 0 0
45 34 1.5870474814914626e16 1.5870474814914626e16 0 0 0
46 34 5.44105536279742e16 5.44105536279742e16 0 0 0
47 34 6.661895971043703e17 6.661895971043703e17 0 0 0
48 34 5.177320619603325e17 5.177320619603325e17 0 0 0
49 34 2.058876971628869e17 2.058876971628869e17 0 0 0
40 35 2.021997508379097e18 2.021997508379097e18 0 0 0
41 35 1.8091076420293338e18 1.8091076420293338e18 0 0 0
42 35 1.1422373850262906e18 1.1422373850262906e18 0 0 0
43 35 6.650312965913592e17 6.650312965913592e17 0 0 0
44 35 7.144899129823103e17 7.144899129823103e17 0 0 0
45 35 8.171600010448818e15 8.171600010448818e15 0 0 0
46 35 1.775625547626788e17 1.775625547626788e17 0 0 0
47 35 2.215449960621426e17 2.215449960621426e17 0 0 0
48 35 9.883060175203201e17 9.883060175203201e17 0 0 0
49 35 2.7738416592120774e17 2.7738416592120774e17 0 0 0
40 36 3.459659649880165e18 3.459659649880165e18 0 0 0
41 36 2.8089251714740326e18 2.8089251714740326e18 0 0 0
42 36 1.7025464631880868e18 1.7025464631880868e18 0 0 0
43 36 2.9318803124367626e18 2.9318803124367626e18 0 0 0
44 36 3.20057422707187e18 3.20057422707187e18 0 0 0
45 36 1.7884739985051336e18 1.7884739985051336e18 0 0 0
46 36 9.576469670359203e17 9.576469670359203e17 0 0 0
47 36 3.532547304008741e17 3.532547304008741e17 0 0 0
48 36 6.099553568322583e17 6.099553568322583e17 0 0 0
49 36 8.594696539147695e17 8.594696539147695e17 0 0 0
40 37 6.707290095100911e18 6.707290095100911e18 0 0 0
41 37 6.954886726792426e18 6.954886726792426e18 0 0 0
42 37 7.448183988021327e18 7.448183988021327e18 0 0 0
43 37 8.913446632115634e18 8.913446632115634e18 0 0 0
44 37 8.293686614651097e18 8.293686614651097e18 0 0 0
45 37 6.452272223496533e18 6.452272223496533e18 0 0 0
46 37 4.190713937644262e18 4.190713937644262e18 0 0 0
47 37 4.655126769185944e18 4.655126769185944e18 0 0 0
48 37 2.0885268567469604e18 2.0885268567469604e18 0 0 0
49 37 1.0829647192309687e18 1.0829647192309687e18 0 0 0
40 38 8.737279239992964e18 8.737279239992964e18 0 0 0
41 38 8.731344526320885e18 8.731344526320885e18 0 0 0
42 38 9.168499279929559e18 9.168499279929559e18 0 0 0
43 38 7.714716535906883e18 7.714716535906883e18 0 0 0
44 38 7.269708991601663e18 7.269708991601663e18 0 0 0
45 38 5.506095369649624e18 5.506095369649624e18 0 0 0
46 38 4.300379190846613e18 4.300379190846613e18 0 0 0
47 38 3.734796643503907e18 3.734796643503907e18 0 0 0
48 38 5.412956865292513e18 5.412956865292513e18 0 0 0
49 38 2.8251035381589243e18 2.8251035381589243e18 0 0 0
40 39 9.103373286333178e18 9.103373286333178e18 0 0 0
41 39 6.628018984597336e18 6.628018984597336e18 0 0 0
42 39 7.174809978339578e18 7.174809978339578e18 0 0 0
43 39 9.946187931192566e18 9.946187931192566e18 0 0 0
44 39 1.3631574741448458e19 1.3631574741448458e19 0 0 0
45 39 8.562199020479234e18 8.562199020479234e18 0 0 0
46 39 6.284381677871247e18 6.284381677871247e18 0 0 0
47 39 5.671882447849907e18 5.671882447849907e18 0 0 0
48 39 8.594101248106867e18 8.594101248106867e18 0 0 0
49 39 6.255093472324068e18 6.255093472324068e18 0 0 0
50 30 2.3438420337289713e18 2.3438420337289713e18 0 0 0
51 30 1.2190487673515087e18 1.2190487673515087e18 0 0 0
52 30 1.3350218385126633e18 1.3350218385126633e18 0 0 0
53 30 2.359103874373093e18 2.359103874373093e18 0 0 0
54 30 2.419523089137021e18 2.419523089137021e18 0 0 0
55 30 2.3015663161927055e18 2.3015663161927055e18 0 0 0
56 30 2.106544485250327e18 2.106544485250327e18 0 0 0
57 30 1.6344051172867533e18 1.6344051172867533e18 0 0 0
58 30 2.4820453571014333e18 2.4820453571014333e18 0 0 0
59 30 2.6452252353345777e18 2.6452252353345777e18 0 0 0
50 31 1.0807821315507316e18 1.0807821315507316e18 0 0 0
51 31 1.9586383339342254e18 1.9586383339342254e18 0 0 0
52 31 1.5089812852778778e18 1.5089812852778778e18 0 0 0
53 31 1.4017001516046456e18 1.4017001516046456e18 0 0 0
54 31 3.3155310067411185e18 3.3155310067411185e18 0 0 0
55 31 2.2850424481583124e18 2.2850424481583124e18 0 0 0
56 31 2.877810426104266e18 2.877810426104266e18 0 0 0
57 31 2.1731910526404703e18 2.1731910526404703e18 0 0 0
58 31 1.8438052373557565e18 1.8438052373557565e18 0 0 0
59 31 2.6142188725372974e18 2.6142188725372974e18 0 0 0
50 32 1.0366100555723625e18 1.0366100555723625e18 0 0 0
51 32 3.4589959038754033e18 3.4589959038754033e18 0 0 0
52 32 1.0623655446083786e18 1.0623655446083786e18 0 0 0
53 32 1.1927816893935816e18 1.1927816893935816e18 0 0 0
54 32 1.8927891323566758e18 1.8927891323566758e18 0 0 0
55 32 3.7330518510683187e18 3.7330518510683187e18 0 0 0
56 32 2.1176683535575096e18 2.1176683535575096e18 0 0 0
57 32 3.2314919467976033e18 3.2314919467976033e18 0 0 0
58 32 2.398786902156879e18 2.398786902156879e18 0 0 0
59 32 2.8493977718537e18 2.8493977718537e18 0 0 0
50 33 4.2475711922905024e17 4.2475711922905024e17 0 0 0
51 33 6.376255954524489e17 6.376255954524489e17 0 0 0
52 33 1.9986894160385275e18 1.9986894160385275e18 0 0 0
53 33 1.3105632575738079e18 1.3105632575738079e18 0 0 0
54 33 1.3316093863800476e18 1.3316093863800476e18 0 0 0
55 33 2.938379616440669e18 2.938379616440669e18 0 0 0
56 33 3.154511050140643e18 3.154511050140643e18 0 0 0
57 33 2.2852284144803082e18 2.2852284144803082e18 0 0 0
58 33 3.0165284596777984e18 3.0165284596777984e18 0 0 0
59 33 2.720614653096441e18 2.720614653096441e18 0 0 0
50 34 2.2427376517092448e17 2.2427376517092448e17 0 0 0
51 34 2.519221421300378e17 2.519221421300378e17 0 0 0
52 34 5.104716491837594e18 5.104716491837594e18 0 0 0
53 34 1.9000941059701212e18 1.9000941059701212e18 0 0 0
54 34 1.7349867976095916e18 1.7349867976095916e18 0 0 0
55 34 1.6062039456216701e18 1.6062039456216701e18 0 0 0
56 34 5.032665090059831e18 5.032665090059831e18 0 0 0
57 34 3.2075213211759084e18 3.2075213211759084e18 0 0 0
58 34 2.7518200439319916e18 2.7518200439319916e18 0 0 0
59 34 2.744451463133934e18 2.744451463133934e18 0 0 0
50 35 1.1582783283125522e18 1.1582783283125522e18 0 0 0
51 35 4.786174704005911e17 4.786174704005911e17 0 0 0
52 35 1.487087929363194e18 1.487087929363194e18 0 0 0
53 35 3.960255510965876e18 3.960255510965876e18 0 0 0
54 35 2.1504713072532867e18 2.1504713072532867e18 0 0 0
55 35 2.084459701419641e18 2.084459701419641e18 0 0 0
56 35 2.924245049155001e18 2.924245049155001e18 0 0 0
57 35 6.09646655261189e18 6.09646655261189e18 0 0 0
58 35 2.683291388992955e18 2.683291388992955e18 0 0 0
59 35 3.0455252794503956e18 3.0455252794503956e18 0 0 0
50 36 1.5361179502662472e18 1.5361179502662472e18 0 0 0
51 36 2.0681161723976625e18 2.0681161723976625e18 0 0 0
52 36 2.397618197773469e18 2.397618197773469e18 0 0 0
53 36 3.0041889512638316e18 3.0041889512638316e18 0 0 0
54 36 4.938664819181729e18 4.938664819181729e18 0 0 0
55 36 1.857618512842742e18 1.857618512842742e18 0 0 0
56 36 1.5787598479952177e18 1.5787598479952177e18 0 0 0
57 36 6.519709779638593e18 6.519709779638593e18 0 0 0
58 36 5.053064041002502e18 5.053064041002502e18 0 0 0
59 36 2.941015048078908e18 2.941015048078908e18 0 0 0
50 37 1.6979713164054572e18 1.6979713164054572e18 0 0 0
51 37 2.4872105628734746e18 2.4872105628734746e18 0 0 0
52 37 2.632026926764e18 2.632026926764e18 0 0 0
53 37 2.2479043575574374e18 2.2479043575574374e18 0 0 0
54 37 7.261929361727276e18 7.261929361727276e18 0 0 0
55 37 2.233514073715253e18 2.233514073715253e18 0 0 0
56 37 2.2538980184347474e18 2.2538980184347474e18 0 0 0
57 37 3.7777141864586266e18 3.7777141864586266e18 0 0 0
58 37 8.749859194405134e18 8.749859194405134e18 0 0 0
59 37 4.747315758584576e18 4.747315758584576e18 0 0 0
50 38 6.376120389512201e17 6.376120389512201e17 0 0 0
51 38 1.9043115875859392e18 1.9043115875859392e18 0 0 0
52 38 2.2894740152867942e18 2.2894740152867942e18 0 0 0
53 38 1.6918859467332436e18 1.6918859467332436e18 0 0 0
54 38 6.63812443116298e18 6.63812443116298e18 0 0 0
55 38 2.828292299804658e18 2.828292299804658e18 0 0 0
56 38 3.993113948791447e18 3.993113948791447e18 0 0 0
57 38 3.8794025055329654e18 3.8794025055329654e18 0 0 0
58 38 1.0179199634742266e19 1.0179199634742266e19 0 0 0
59 38 8.893493212599095e18 8.893493212599095e18 0 0 0
50 39 5.54235935871293e18 5.54235935871293e18 0 0 0
51 39 8.834458452044443e17 8.834458452044443e17 0 0 0
52 39 1.6802152757400735e18 1.6802152757400735e18 0 0 0
53 39 1.5690279010942802e18 1.5690279010942802e18 0 0 0
54 39 8.543825136075474e17 8.543825136075474e17 0 0 0
55 39 7.650876351817799e18 7.650876351817799e18 0 0 0
56 39 2.313752275614858e18 2.313752275614858e18 0 0 0
57 39 1.249521847116297e18 1.249521847116297e18 0 0 0
58 39 6.644394992846729e18 6.644394992846729e18 0 0 0
59 39 9.665968508168675e18 9.665968508168675e18 0 0 0
60 30 2.064425841656711e18 2.064425841656711e18 0 0 0
61 30 4.0378117095067366e18 4.0378117095067366e18 0 0 0
62 30 1.746735677216071e18 1.746735677216071e18 0 0 0
63 30 9.360709440714781e17 9.360709440714781e17 0 0 0
64 30 6.589882276871076e17 6.589882276871076e17 0 0 0
65 30 7.228275140752781e17 7.228275140752781e17 0 0 0
66 30 4.2439771913866784e17 4.2439771913866784e17 0 0 0
67 30 2.1921917968937866e17 2.1921917968937866e17 0 0 0
68 30 1.0121451285676266e17 1.0121451285676266e17 0 0 0
69 30 7.933761451610333e16 7.933761451610333e16 0 0 0
60 31 2.525274435823964e18 2.525274435823964e18 0 0 0
61 31 5.01300814148428e18 5.01300814148428e18 0 0 0
62 31 3.5305741174195333e18 3.5305741174195333e18 0 0 0
63 31 1.3345684628427377e18 1.3345684628427377e18 0 0 0
64 31 8.549128036689888e17 8.549128036689888e17 0 0 0
65 31 7.467020356536332e17 7.467020356536332e17 0 0 0
66 31 6.891031136835942e17 6.891031136835942e17 0 0 0
67 31 3.5733433432011194e17 3.5733433432011194e17 0 0 0
68 31 2.2157224832237322e17 2.2157224832237322e17 0 0 0
69 31 1.0045799659910858e17 1.0045799659910858e17 0 0 0
60 32 3.655983077115673e18 3.655983077115673e18 0 0 0
61 32 2.628656398509944e18 2.628656398509944e18 0 0 0
62 32 4.088630612650465e18 4.088630612650465e18 0 0 0
63 32 2.3860871967444035e18 2.3860871967444035e18 0 0 0
64 32 1.0414575406757157e18 1.0414575406757157e18 0 0 0
65 32 7.123215241366636e17 7.123215241366636e17 0 0 0
66 32 7.439578449353213e17 7.439578449353213e17 0 0 0
67 32 5.695982405418332e17 5.695982405418332e17 0 0 0
68 32 3.116663456637603e17 3.116663456637603e17 0 0 0
69 32 1.5133020900283267e17 1.5133020900283267e17 0 0 0
60 33 2.532792034143091e18 2.532792034143091e18 0 0 0
61 33 4.702637077878224e18 4.702637077878224e18 0 0 0
62 33 5.123485981406985e18 5.123485981406985e18 0 0 0
63 33 3.9077644023887565e18 3.9077644023887565e18 0 0 0
64 33 1.6747919239731635e18 1.6747919239731635e18 0 0 0
65 33 8.907615202890894e17 8.907615202890894e17 0 0 0
66 33 5.832548070442086e17 5.832548070442086e17 0 0 0
67 33 6.125497047266063e17 6.125497047266063e17 0 0 0
68 33 5.0830489653216083e17 5.0830489653216083e17 0 0 0
69 33 1.506663836348538e17 1.506663836348538e17 0 0 0
60 34 3.8058501662960993e18 3.8058501662960993e18 0 0 0
61 34 3.147885382643358e18 3.147885382643358e18 0 0 0
62 34 3.5360192965155707e18 3.5360192965155707e18 0 0 0
63 34 4.560404314091996e18 4.560404314091996e18 0 0 0
64 34 2.7241514793272156e18 2.7241514793272156e18 0 0 0
65 34 1.072530863179902e18 1.072530863179902e18 0 0 0
66 34 7.546333090770203e17 7.546333090770203e17 0 0 0
67 34 5.957837869668344e17 5.957837869668344e17 0 0 0
68 34 4.185156716368167e17 4.185156716368167e17 0 0 0
69 34 2.0332592911727478e17 2.0332592911727478e17 0 0 0
60 35 4.03324025379344e18 4.03324025379344e18 0 0 0
61 35 3.2524748641045837e18 3.2524748641045837e18 0 0 0
62 35 6.444462421325335e18 6.444462421325335e18 0 0 0
63 35 6.158138209479732e18 6.158138209479732e18 0 0 0
64 35 3.954437081070439e18 3.954437081070439e18 0 0 0
65 35 1.345718575029886e18 1.345718575029886e18 0 0 0
66 35 6.979107884473098e17 6.979107884473098e17 0 0 0
67 35 4.49316716187264e17 4.49316716187264e17 0 0 0
68 35 3.9940849036666515e17 3.9940849036666515e17 0 0 0
69 35 1.8873621004813238e17 1.8873621004813238e17 0 0 0
60 36 2.6091119387983063e18 2.6091119387983063e18 0 0 0
61 36 4.4620666217590733e18 4.4620666217590733e18 0 0 0
62 36 2.929095214662879e18 2.929095214662879e18 0 0 0
63 36 3.5764543479208965e18 3.5764543479208965e18 0 0 0
64 36 3.963968923459372e18 3.963968923459372e18 0 0 0
65 36 1.9447369036468718e18 1.9447369036468718e18 0 0 0
66 36 4.8592133243308224e17 4.8592133243308224e17 0 0 0
67 36 3.763282363711606e17 3.763282363711606e17 0 0 0
68 36 2.8165249336384858e17 2.8165249336384858e17 0 0 0
69 36 2.42718945186924e17 2.42718945186924e17 0 0 0
60 37 4.1424101905129646e18 4.1424101905129646e18 0 0 0
61 37 7.80050950257777e18 7.80050950257777e18 0 0 0
62 37 3.360012983230329e18 3.360012983230329e18 0 0 0
63 37 6.710160760395607e18 6.710160760395607e18 0 0 0
64 37 3.66141872506227e18 3.66141872506227e18 0 0 0
65 37 2.833711700521973e18 2.833711700521973e18 0 0 0
66 37 8.04204865054784e17 8.04204865054784e17 0 0 0
67 37 4.1114474103411245e17 4.1114474103411245e17 0 0 0
68 37 3.055848328598936e17 3.055848328598936e17 0 0 0
69 37 2.7278614036856803e17 2.7278614036856803e17 0 0 0
60 38 5.582778021028883e18 5.582778021028883e18 0 0 0
61 38 6.3558882282644e18 6.3558882282644e18 0 0 0
62 38 3.219663427168954e18 3.219663427168954e18 0 0 0
63 38 4.586911357420854e18 4.586911357420854e18 0 0 0
64 38 5.612632261171345e18 5.612632261171345e18 0 0 0
65 38 3.661564138798553e18 3.661564138798553e18 0 0 0
66 38 1.3092505230317092e18 1.3092505230317092e18 0 0 0
67 38 3.325404815413955e17 3.325404815413955e17 0 0 0
68 38 1.9190891353790013e17 1.9190891353790013e17 0 0 0
69 38 2.246482446610661e17 2.246482446610661e17 0 0 0
60 39 7.191607227527873e18 7.191607227527873e18 0 0 0
61 39 8.099605820988351e18 8.099605820988351e18 0 0 0
62 39 3.3877900839023493e18 3.3877900839023493e18 0 0 0
63 39 3.8063160740743357e18 3.8063160740743357e18 0 0 0
64 39 5.446619282387757e18 5.446619282387757e18 0 0 0
65 39 3.495188616204018e18 3.495188616204018e18 0 0 0
66 39 1.4825650365761546e18 1.4825650365761546e18 0 0 0
67 39 4.4433461848372666e17 4.4433461848372666e17 0 0 0
68 39 2.5499732880804496e17 2.5499732880804496e17 0 0 0
69 39 3.0290255678674995e17 3.0290255678674995e17 0 0 0
70 30 1.64657430138069e17 1.64657430138069e17 0 0 0
71 30 1.2634472892604014e17 1.2634472892604014e17 0 0 0
72 30 1.7720430007568906e17 1.7720430007568906e17 0 0 0
73 30 1.488855554544389e16 1.488855554544389e16 0 0 0
74 30 7.822229395449828e15 7.822229395449828e15 0 0 0
75 30 5.686196125727835e15 5.686196125727835e15 0 0 0
76 30 2.3881347818233548e16 2.3881347818233548e16 0 0 0
77 30 2.0865400126311944e16 2.0865400126311944e16 0 0 0
78 30 1.6282391615140266e16 1.6282391615140266e16 0 0 0
79 30 1.936081244851059e16 1.936081244851059e16 0 0 0
70 31 1.196044630973182e17 1.196044630973182e17 0 0 0
71 31 1.4578172640126563e17 1.4578172640126563e17 0 0 0
72 31 1.9492298205221802e17 1.9492298205221802e17 0 0 0
73 31 2.7043782490189756e16 2.7043782490189756e16 0 0 0
74 31 1.967506706163527e15 1.967506706163527e15 0 0 0
75 31 4.820972347845282e15 4.820972347845282e15 0 0 0
76 31 2.3038913095565044e16 2.3038913095565044e16 0 0 0
77 31 2.559658211250352e16 2.559658211250352e16 0 0 0
78 31 2.1318892927262e16 2.1318892927262e16 0 0 0
79 31 1.1494316766234598e16 1.1494316766234598e16 0 0 0
70 32 1.6062381111559498e17 1.6062381111559498e17 0 0 0
71 32 9.567882559030286e16 9.567882559030286e16 0 0 0
72 32 1.6588815446468704e17 1.6588815446468704e17 0 0 0
73 32 8.695837271899971e16 8.695837271899971e16 0 0 0
74 32 3.052014833986201e16 3.052014833986201e16 0 0 0
75 32 2.0108080140967005e15 2.0108080140967005e15 0 0 0
76 32 3.404184544653472e15 3.404184544653472e15 0 0 0
77 32 2.7040577833085652e16 2.7040577833085652e16 0 0 0
78 32 1.921404177120415e16 1.921404177120415e16 0 0 0
79 32 1.4710488585561038e16 1.4710488585561038e16 0 0 0
70 33 1.0444985479275222e17 1.0444985479275222e17 0 0 0
71 33 1.5281148121868483e17 1.5281148121868483e17 0 0 0
72 33 1.045807377885231e17 1.045807377885231e17 0 0 0
73 33 1.0388581131767408e17 1.0388581131767408e17 0 0 0
74 33 3.4133991134934836e16 3.4133991134934836e16 0 0 0
75 33 2.8870456543625052e16 2.8870456543625052e16 0 0 0
76 33 2.3808014286470524e16 2.3808014286470524e16 0 0 0
77 33 2.4761066692347588e16 2.4761066692347588e16 0 0 0
78 33 2.136300805611474e16 2.136300805611474e16 0 0 0
79 33 1.393518673009225e16 1.393518673009225e16 0 0 0
70 34 1.531894455918932e17 1.531894455918932e17 0 0 0
71 34 1.457137755910153e17 1.457137755910153e17 0 0 0
72 34 1.4572624461249392e17 1.4572624461249392e17 0 0 0
73 34 1.4679636607448954e17 1.4679636607448954e17 0 0 0
74 34 1.1237118088421814e16 1.1237118088421814e16 0 0 0
75 34 2.1868881110999384e16 2.1868881110999384e16 0 0 0
76 34 2.7497225367500812e16 2.7497225367500812e16 0 0 0
77 34 2.551861183467059e16 2.551861183467059e16 0 0 0
78 34 1.845913802572363e16 1.845913802572363e16 0 0 0
79 34 1.3828858666027424e16 1.3828858666027424e16 0 0 0
70 35 1.2065135584181998e17 1.2065135584181998e17 0 0 0
71 35 1.6413184330717363e17 1.6413184330717363e17 0 0 0
72 35 9.013397832247293e16 9.013397832247293e16 0 0 0
73 35 2.483279936682368e17 2.483279936682368e17 0 0 0
74 35 1.341133954420131e16 1.341133954420131e16 0 0 0
75 35 5.940837268710301e15 5.940837268710301e15 0 0 0
76 35 9.355014024714386e15 9.355014024714386e15 0 0 0
77 35 1.4294533420937818e16 1.4294533420937818e16 0 0 0
78 35 1.744196402154201e16 1.744196402154201e16 0 0 0
79 35 1.3555238368455104e16 1.3555238368455104e16 0 0 0
70 36 1.347766710378648e17 1.347766710378648e17 0 0 0
71 36 1.3703681313283907e17 1.3703681313283907e17 0 0 0
72 36 1.6292424355222566e17 1.6292424355222566e17 0 0 0
73 36 3.117160143529716e17 3.117160143529716e17 0 0 0
74 36 6.2594336958792104e16 6.2594336958792104e16 0 0 0
75 36 2.0240302006572092e15 2.0240302006572092e15 0 0 0
76 36 2.1328179623358655e15 2.1328179623358655e15 0 0 0
77 36 1.5269894666225098e16 1.5269894666225098e16 0 0 0
78 36 1.2382930623674784e16 1.2382930623674784e16 0 0 0
79 36 1.0948354033751756e16 1.0948354033751756e16 0 0 0
70 37 2.0564047365646355e17 2.0564047365646355e17 0 0 0
71 37 2.0505757187826026e17 2.0505757187826026e17 0 0 0
72 37 1.539534848446856e17 1.539534848446856e17 0 0 0
73 37 2.9791968072672794e17 2.9791968072672794e17 0 0 0
74 37 6.4949508315292776e16 6.4949508315292776e16 0 0 0
75 37 2.75805721085054e16 2.75805721085054e16 0 0 0
76 37 1.492920355444414e15 1.492920355444414e15 0 0 0
77 37 4.1938393983597615e15 4.1938393983597615e15 0 0 0
78 37 4.113915321502879e15 4.113915321502879e15 0 0 0
79 37 6.98690570402073e15 6.98690570402073e15 0 0 0
70 38 1.577604513568738e17 1.577604513568738e17 0 0 0
71 38 1.348845604818613e17 1.348845604818613e17 0 0 0
72 38 1.1616569163692155e17 1.1616569163692155e17 0 0 0
73 38 1.5922220461877606e17 1.5922220461877606e17 0 0 0
74 38 8.406155529958566e16 8.406155529958566e16 0 0 0
75 38 3.700278726931481e16 3.700278726931481e16 0 0 0
76 38 5.653801289061206e14 5.653801289061206e14 0 0 0
77 38 9.400507948540312e14 9.400507948540312e14 0 0 0
78 38 2.175351732636835e15 2.175351732636835e15 0 0 0
79 38 2.778728097923766e16 2.778728097923766e16 0 0 0
70 39 2.5806299011598573e17 2.5806299011598573e17 0 0 0
71 39 2.4123288552059347e17 2.4123288552059347e17 0 0 0
72 39 2.1273112082957037e17 2.1273112082957037e17 0 0 0
73 39 1.2106487343949042e17 1.2106487343949042e17 0 0 0
74 39 2.2231180325952374e17 2.2231180325952374e17 0 0 0
75 39 1.1744888950833782e16 1.1744888950833782e16 0 0 0
76 39 1.9422698260220424e16 1.9422698260220424e16 0 0 0
77 39 3.4310017349801416e16 3.4310017349801416e16 0 0 0
78 39 3.205799067450412e16 3.205799067450412e16 0 0 0
79 39 2.2159453500893668e16 2.2159453500893668e16 0 0 0
80 30 9.4358281643178e15 9.4358281643178e15 0 0 0
81 30 1.0132979917085718e16 1.0132979917085718e16 0 0 0
82 30 6.157704504867005e15 6.157704504867005e15 0 0 0
83 30 6.061250464359452e15 6.061250464359452e15 0 0 0
84 30 1.0900948892509912e16 1.0900948892509912e16 0 0 0
85 30 1.3570515049305374e16 1.3570515049305374e16 0 0 0
86 30 1.5768960219048008e16 1.5768960219048008e16 0 0 0
87 30 7.025716213430853e15 7.025716213430853e15 0 0 0
88 30 5.86531189501505e15 5.86531189501505e15 0 0 0
89 30 3.7189084590975425e15 3.7189084590975425e15 0 0 0
80 31 1.5249118051176382e16 1.5249118051176382e16 0 0 0
81 31 1.4362607931985512e16 1.4362607931985512e16 0 0 0
82 31 1.1379795172856852e16 1.1379795172856852e16 0 0 0
83 31 7.805645981661313e15 7.805645981661313e15 0 0 0
84 31 1.112390241489522e16 1.112390241489522e16 0 0 0
85 31 1.4891629499236196e16 1.4891629499236196e16 0 0 0
86 31 1.9050393303481692e16 1.9050393303481692e16 0 0 0
87 31 1.2161478325479224e16 1.2161478325479224e16 0 0 0
88 31 5.03455115488468e15 5.03455115488468e15 0 0 0
89 31 3.667014530763622e15 3.667014530763622e15 0 0 0
80 32 1.7081959045714628e16 1.7081959045714628e16 0 0 0
81 32 1.920802599799199e16 1.920802599799199e16 0 0 0
82 32 1.4839577725424294e16 1.4839577725424294e16 0 0 0
83 32 8.353815648211998e15 8.353815648211998e15 0 0 0
84 32 9.736760762592074e15 9.736760762592074e15 0 0 0
85 32 1.3847523117184794e16 1.3847523117184794e16 0 0 0
86 32 2.189399160472878e16 2.189399160472878e16 0 0 0
87 32 1.7226400593478974e16 1.7226400593478974e16 0 0 0
88 32 1.0500916625374292e16 1.0500916625374292e16 0 0 0
89 32 2.4601328647198645e15 2.4601328647198645e15 0 0 0
80 33 2.1048542761126308e16 2.1048542761126308e16 0 0 0
81 33 2.0667581290768916e16 2.0667581290768916e16 0 0 0
82 33 1.695764249485123e16 1.695764249485123e16 0 0 0
83 33 9.357874104518644e15 9.357874104518644e15 0 0 0
84 33 8.979749082010362e15 8.979749082010362e15 0 0 0
85 33 1.5431274211539242e16 1.5431274211539242e16 0 0 0
86 33 2.008829406088401e16 2.008829406088401e16 0 0 0
87 33 2.2651492771209824e16 2.2651492771209824e16 0 0 0
88 33 1.0581603628384654e16 1.0581603628384654e16 0 0 0
89 33 8.151817811191329e15 8.151817811191329e15 0 0 0
80 34 1.0412311631857564e16 1.0412311631857564e16 0 0 0
81 34 1.1559759477098206e16 1.1559759477098206e16 0 0 0
82 34 1.3067775995490412e16 1.3067775995490412e16 0 0 0
83 34 1.1273069872731428e16 1.1273069872731428e16 0 0 0
84 34 8.694916004780843e15 8.694916004780843e15 0 0 0
85 34 1.3655263435156346e16 1.3655263435156346e16 0 0 0
86 34 2.3250157386288496e16 2.3250157386288496e16 0 0 0
87 34 2.7503198721525828e16 2.7503198721525828e16 0 0 0
88 34 6.730165490078151e15 6.730165490078151e15 0 0 0
89 34 5.745282958134054e15 5.745282958134054e15 0 0 0
80 35 2.6069837255896836e16 2.6069837255896836e16 0 0 0
81 35 1.4557919546394752e16 1.4557919546394752e16 0 0 0
82 35 1.3206793923579976e16 1.3206793923579976e16 0 0 0
83 35 1.2417034735367526e16 1.2417034735367526e16 0 0 0
84 35 1.1382455874185382e16 1.1382455874185382e16 0 0 0
85 35 1.5071645296640716e16 1.5071645296640716e16 0 0 0
86 35 2.232591890199546e16 2.232591890199546e16 0 0 0
87 35 2.7058892577356564e16 2.7058892577356564e16 0 0 0
88 35 1.4111397720940072e16 1.4111397720940072e16 0 0 0
89 35 4.529079863589591e15 4.529079863589591e15 0 0 0
80 36 3.0915591432128376e16 3.0915591432128376e16 0 0 0
81 36 1.6627222738265558e16 1.6627222738265558e16 0 0 0
82 36 1.682986216763083e16 1.682986216763083e16 0 0 0
83 36 1.1231174370212966e16 1.1231174370212966e16 0 0 0
84 36 1.2364223832530704e16 1.2364223832530704e16 0 0 0
85 36 1.4054976419251524e16 1.4054976419251524e16 0 0 0
86 36 2.115569906173124e16 2.115569906173124e16 0 0 0
87 36 3.143177936532633e16 3.143177936532633e16 0 0 0
88 36 1.2429240971166498e16 1.2429240971166498e16 0 0 0
89 36 2.3125392973974775e15 2.3125392973974775e15 0 0 0
80 37 2.910525164896921e16 2.910525164896921e16 0 0 0
81 37 1.693118342330852e16 1.693118342330852e16 0 0 0
82 37 1.5539730007532266e16 1.5539730007532266e16 0 0 0
83 37 1.3374538238128168e16 1.3374538238128168e16 0 0 0
84 37 1.1273222402571454e16 1.1273222402571454e16 0 0 0
85 37 1.3373619841130744e16 1.3373619841130744e16 0 0 0
86 37 2.2037252578513652e16 2.2037252578513652e16 0 0 0
87 37 3.150243670798895e16 3.150243670798895e16 0 0 0
88 37 1.1534703954886996e16 1.1534703954886996e16 0 0 0
89 37 9.574639563769372e15 9.574639563769372e15 0 0 0
80 38 2.6742980155221668e16 2.6742980155221668e16 0 0 0
81 38 1.4315409286790848e16 1.4315409286790848e16 0 0 0
82 38 1.4720406691453518e16 1.4720406691453518e16 0 0 0
83 38 2.230128616318989e16 2.230128616318989e16 0 0 0
84 38 1.1106151012243226e16 1.1106151012243226e16 0 0 0
85 38 1.2465575785185492e16 1.2465575785185492e16 0 0 0
86 38 2.3346002489215452e16 2.3346002489215452e16 0 0 0
87 38 3.6398691584095016e16 3.6398691584095016e16 0 0 0
88 38 1.951859116945882e16 1.951859116945882e16 0 0 0
89 38 8.086740306917156e15 8.086740306917156e15 0 0 0
80 39 2.0923509652458252e16 2.0923509652458252e16 0 0 0
81 39 2.9841630898372676e16 2.9841630898372676e16 0 0 0
82 39 2.549742950169934e16 2.549742950169934e16 0 0 0
83 39 2.1280496483143484e16 2.1280496483143484e16 0 0 0
84 39 1.0891916921161902e16 1.0891916921161902e16 0 0 0
85 39 1.6074796142551336e16 1.6074796142551336e16 0 0 0
86 39 2.260496387848796e16 2.260496387848796e16 0 0 0
87 39 3.612042125907289e16 3.612042125907289e16 0 0 0
88 39 1.830314799215047e16 1.830314799215047e16 0 0 0
89 39 7.610700604265295e15 7.610700604265295e15 0 0 0
90 30 9.20491767049343e15 9.20491767049343e15 0 0 0
91 30 5.711296246158461e15 5.711296246158461e15 0 0 0
92 30 6.806035345915773e15 6.806035345915773e15 0 0 0
93 30 6.778446589772605e15 6.778446589772605e15 0 0 0
94 30 5.020684255051617e15 5.020684255051617e15 0 0 0
95 30 4.790447198689116e15 4.790447198689116e15 0 0 0
96 30 4.633504072510822e15 4.633504072510822e15 0 0 0
97 30 4.326527838096601e15 4.326527838096601e15 0 0 0
98 30 3.402220899426722e15 3.402220899426722e15 0 0 0
99 30 2.3180506704262635e15 2.3180506704262635e15 0 0 0
90 31 8.234395388795841e15 8.234395388795841e15 0 0 0
91 31 5.152763705821156e15 5.152763705821156e15 0 0 0
92 31 6.681006392815794e15 6.681006392815794e15 0 0 0
93 31 6.118452667658971e15 6.118452667658971e15 0 0 0
94 31 5.182620251152675e15 5.182620251152675e15 0 0 0
95 31 4.636362399027815e15 4.636362399027815e15 0 0 0
96 31 4.209265985183128e15 4.209265985183128e15 0 0 0
97 31 4.584393088808861e15 4.584393088808861e15 0 0 0
98 31 4.0165748375632105e15 4.0165748375632105e15 0 0 0
99 31 2.233296062916323e15 2.233296062916323e15 0 0 0
90 32 6.734221342272061e15 6.734221342272061e15 0 0 0
91 32 3.909932360608986e15 3.909932360608986e15 0 0 0
92 32 5.941499719962139e15 5.941499719962139e15 0 0 0
93 32 5.686315006172196e15 5.686315006172196e15 0 0 0
94 32 5.626441251761229e15 5.626441251761229e15 0 0 0
95 32 4.674502831824116e15 4.674502831824116e15 0 0 0
96 32 3.9112131882239095e15 3.9112131882239095e15 0 0 0
97 32 3.8563007200970535e15 3.8563007200970535e15 0 0 0
98 32 3.2859570023544125e15 3.2859570023544125e15 0 0 0
99 32 2.6592979093440655e15 2.6592979093440655e15 0 0 0
90 33 4.514633664707353e15 4.514633664707353e15 0 0 0
91 33 2.946315123030474e15 2.946315123030474e15 0 0 0
92 33 5.452369722616867e15 5.452369722616867e15 0 0 0
93 33 6.176075836216961e15 6.176075836216961e15 0 0 0
94 33 5.646262105909894e15 5.646262105909894e15 0 0 0
95 33 4.3127759567175705e15 4.3127759567175705e15 0 0 0
96 33 4.144592918436428e15 4.144592918436428e15 0 0 0
97 33 3.537045949186063e15 3.537045949186063e15 0 0 0
98 33 3.609388161754188e15 3.609388161754188e15 0 0 0
99 33 3.090706802421166e15 3.090706802421166e15 0 0 0
90 34 6.200712108739674e15 6.200712108739674e15 0 0 0
91 34 9.177920047740074e15 9.177920047740074e15 0 0 0
92 34 4.811217531109857e15 4.811217531109857e15 0 0 0
93 34 6.012962732318135e15 6.012962732318135e15 0 0 0
94 34 5.020314653599109e15 5.020314653599109e15 0 0 0
95 34 4.175536848784119e15 4.175536848784119e15 0 0 0
96 34 3.696542011661329e15 3.696542011661329e15 0 0 0
97 34 3.3559159698219815e15 3.3559159698219815e15 0 0 0
98 34 3.427113967338416e15 3.427113967338416e15 0 0 0
99 34 2.68847592228444e15 2.68847592228444e15 0 0 0
90 35 2.815032899161626e15 2.815032899161626e15 0 0 0
91 35 8.250341388702564e15 8.250341388702564e15 0 0 0
92 35 3.8104828108444525e15 3.8104828108444525e15 0 0 0
93 35 5.798149188568653e15 5.798149188568653e15 0 0 0
94 35 4.772463801711629e15 4.772463801711629e15 0 0 0
95 35 3.9028140782398745e15 3.9028140782398745e15 0 0 0
96 35 3.338464485072502e15 3.338464485072502e15 0 0 0
97 35 3.0659262197772815e15 3.0659262197772815e15 0 0 0
98 35 3.268249193507965e15 3.268249193507965e15 0 0 0
99 35 2.9124662115053065e15 2.9124662115053065e15 0 0 0
90 36 1.003165052543312e16 1.003165052543312e16 0 0 0
91 36 6.284208425551434e15 6.284208425551434e15 0 0 0
92 36 3.048712579447543e15 3.048712579447543e15 0 0 0
93 36 4.120305069255458e15 4.120305069255458e15 0 0 0
94 36 4.098234939158748e15 4.098234939158748e15 0 0 0
95 36 3.8830127925552655e15 3.8830127925552655e15 0 0 0
96 36 3.085016930825435e15 3.085016930825435e15 0 0 0
97 36 2.581927669776702e15 2.581927669776702e15 0 0 0
98 36 3.819363587364102e15 3.819363587364102e15 0 0 0
99 36 2.5856546759299915e15 2.5856546759299915e15 0 0 0
90 37 6.940401590140983e15 6.940401590140983e15 0 0 0
91 37 6.303629333573324e15 6.303629333573324e15 0 0 0
92 37 1.9812334171570912e15 1.9812334171570912e15 0 0 0
93 37 3.5752874318372975e15 3.5752874318372975e15 0 0 0
94 37 3.1154775795707435e15 3.1154775795707435e15 0 0 0
95 37 2.850901209520874e15 2.850901209520874e15 0 0 0
96 37 5.15353681534155e15 5.15353681534155e15 0 0 0
97 37 3.890596719015355e15 3.890596719015355e15 0 0 0
98 37 3.4600290220987135e15 3.4600290220987135e15 0 0 0
99 37 3.213460576967557e15 3.213460576967557e15 0 0 0
90 38 5.021590767745402e15 5.021590767745402e15 0 0 0
91 38 2.515594245318465e15 2.515594245318465e15 0 0 0
92 38 7.214129845046701e15 7.214129845046701e15 0 0 0
93 38 2.600681976718593e15 2.600681976718593e15 0 0 0
94 38 2.4972556056910125e15 2.4972556056910125e15 0 0 0
95 38 5.824160508931075e15 5.824160508931075e15 0 0 0
96 38 4.601894102376123e15 4.601894102376123e15 0 0 0
97 38 3.616607901509187e15 3.616607901509187e15 0 0 0
98 38 3.052636566937055e15 3.052636566937055e15 0 0 0
99 38 2.8356790644641415e15 2.8356790644641415e15 0 0 0
90 39 2.5408732440916345e15 2.5408732440916345e15 0 0 0
91 39 1.0282560710749072e15 1.0282560710749072e15 0 0 0
92 39 5.237779175149214e15 5.237779175149214e15 0 0 0
93 39 8.63699097176235e15 8.63699097176235e15 0 0 0
94 39 7.053254372810196e15 7.053254372810196e15 0 0 0
95 39 5.34454506448772e15 5.34454506448772e15 0 0 0
96 39 3.995552502462001e15 3.995552502462001e15 0 0 0
97 39 3.3268298466854965e15 3.3268298466854965e15 0 0 0
98 39 2.630565739179287e15 2.630565739179287e15 0 0 0
99 39 2.361261848764712e15 2.361261848764712e15 0 0 0
0 40 7.572062956092212e12 7.572062956092212e12 0 0 0
1 40 1.4934330224072053e14 1.4934330224072053e14 0 0 0
2 40 8.693641645233442e14 8.693641645233442e14 0 0 0
3 40 2.9887334467265765e15 2.9887334467265765e15 0 0 0
4 40 2.4146611885105956e14 2.4146611885105956e14 0 0 0
5 40 1.0271866091022701e15 1.0271866091022701e15 0 0 0
6 40 2.0460953451939816e14 2.0460953451939816e14 0 0 0
7 40 2.0181094378573275e15 2.0181094378573275e15 0 0 0
8 40 1.2150419553735572e15 1.2150419553735572e15 0 0 0
9 40 9.664176459764428e15 9.664176459764428e15 0 0 0
0 41 1.4705942590666018e15 1.4705942590666018e15 0 0 0
1 41 7.578621406525802e15 7.578621406525802e15 0 0 0
2 41 7.636553401986395e13 7.636553401986395e13 0 0 0
3 41 3.102767823309112e14 3.102767823309112e14 0 0 0
4 41 1.0888143441609361e15 1.0888143441609361e15 0 0 0
5 41 5.084467868797002e15 5.084467868797002e15 0 0 0
6 41 2.916592586764434e15 2.916592586764434e15 0 0 0
7 41 7.642374696033797e15 7.642374696033797e15 0 0 0
8 41 5.226380188877985e15 5.226380188877985e15 0 0 0
9 41 8.031769197949236e15 8.031769197949236e15 0 0 0
0 42 4.973637197755978e13 4.973637197755978e13 0 0 0
1 42 2.246477914736274e14 2.246477914736274e14 0 0 0
2 42 2.3257357870969995e15 2.3257357870969995e15 0 0 0
3 42 1.2246318122024636e16 1.2246318122024636e16 0 0 0
4 42 2.1440041307113418e15 2.1440041307113418e15 0 0 0
5 42 4.160088349126584e15 4.160088349126584e15 0 0 0
6 42 1.6306781583854586e16 1.6306781583854586e16 0 0 0
7 42 8.235734574188248e15 8.235734574188248e15 0 0 0
8 42 1.135630297589404e16 1.135630297589404e16 0 0 0
9 42 9.705173848319418e16 9.705173848319418e16 0 0 0
0 43 9.967181726495347e13 9.967181726495347e13 0 0 0
1 43 4.697998882751286e14 4.697998882751286e14 0 0 0
2 43 9.64779810602553e15 9.64779810602553e15 0 0 0
3 43 1.3732087365045865e15 1.3732087365045865e15 0 0 0
4 43 2.6108574675239525e15 2.6108574675239525e15 0 0 0
5 43 2.544113236985115e16 2.544113236985115e16 0 0 0
6 43 7.190975078265434e15 7.190975078265434e15 0 0 0
7 43 3.1430362313072736e16 3.1430362313072736e16 0 0 0
8 43 8.086606419245298e16 8.086606419245298e16 0 0 0
9 43 1.538465864035879e17 1.538465864035879e17 0 0 0
0 44 6.224003959413666e14 6.224003959413666e14 0 0 0
1 44 1.0624241582099054e16 1.0624241582099054e16 0 0 0
2 44 2.9405965416844106e14 2.9405965416844106e14 0 0 0
3 44 2.668310620983857e15 2.668310620983857e15 0 0 0
4 44 1.758360778800876e16 1.758360778800876e16 0 0 0
5 44 5.445938792069899e15 5.445938792069899e15 0 0 0
6 44 3.498157655293048e16 3.498157655293048e16 0 0 0
7 44 7.012851667295904e16 7.012851667295904e16 0 0 0
8 44 1.4369780224656515e17 1.4369780224656515e17 0 0 0
9 44 2.264549349194453e17 2.264549349194453e17 0 0 0
0 45 3.7197130298718755e15 3.7197130298718755e15 0 0 0
1 45 1.5675161025801686e13 1.5675161025801686e13 0 0 0
2 45 9.796618441746802e15 9.796618441746802e15 0 0 0
3 45 1.1812985610261744e14 1.1812985610261744e14 0 0 0
4 45 1.4209853567601224e16 1.4209853567601224e16 0 0 0
5 45 3.3184832700611285e15 3.3184832700611285e15 0 0 0
6 45 7.356002589978238e16 7.356002589978238e16 0 0 0
7 45 1.4634827842654e17 1.4634827842654e17 0 0 0
8 45 1.7166356953382618e17 1.7166356953382618e17 0 0 0
9 45 2.1460605364495114e17 2.1460605364495114e17 0 0 0
0 46 6.170543216529982e10 6.170543216529982e10 0 0 0
1 46 5.142159657471105e13 5.142159657471105e13 0 0 0
2 46 2.1368036044578076e16 2.1368036044578076e16 0 0 0
3 46 4.57727456094036e15 4.57727456094036e15 0 0 0
4 46 6.643712376449182e15 6.643712376449182e15 0 0 0
5 46 7.85244114534596e16 7.85244114534596e16 0 0 0
6 46 1.3659408987060699e17 1.3659408987060699e17 0 0 0
7 46 1.6775730808453763e17 1.6775730808453763e17 0 0 0
8 46 2.1940967049858054e17 2.1940967049858054e17 0 0 0
9 46 1.8965248149460154e17 1.8965248149460154e17 0 0 0
0 47 1.2193378598210218e15 1.2193378598210218e15 0 0 0
1 47 6.086573533451603e10 6.086573533451603e10 0 0 0
2 47 9.712181126290158e15 9.712181126290158e15 0 0 0
3 47 1.3181258128669394e16 1.3181258128669394e16 0 0 0
4 47 5.501545729412704e16 5.501545729412704e16 0 0 0
5 47 1.0506137789606885e17 1.0506137789606885e17 0 0 0
6 47 1.7886824587884835e17 1.7886824587884835e17 0 0 0
7 47 1.791535935031164e17 1.791535935031164e17 0 0 0
8 47 1.6799913448394186e17 1.6799913448394186e17 0 0 0
9 47 1.3127841043824557e17 1.3127841043824557e17 0 0 0
0 48 3.9527253996912153e12 3.9527253996912153e12 0 0 0
1 48 3.395803908970388e13 3.395803908970388e13 0 0 0
2 48 3.083079332264418e16 3.083079332264418e16 0 0 0
3 48 7.91253989082228e16 7.91253989082228e16 0 0 0
4 48 1.0780819383484306e17 1.0780819383484306e17 0 0 0
5 48 1.5331204097891546e17 1.5331204097891546e17 0 0 0
6 48 1.7256394577872576e17 1.7256394577872576e17 0 0 0
7 48 1.3711206102279979e17 1.3711206102279979e17 0 0 0
8 48 1.142275455486783e17 1.142275455486783e17 0 0 0
9 48 1.0279149807965843e17 1.0279149807965843e17 0 0 0
0 49 5.085076224110192e13 5.085076224110192e13 0 0 0
1 49 5.681956046245327e15 5.681956046245327e15 0 0 0
2 49 3.989240974218091e16 3.989240974218091e16 0 0 0
3 49 1.0112272809948278e17 1.0112272809948278e17 0 0 0
4 49 1.4773607155331395e17 1.4773607155331395e17 0 0 0
5 49 1.253663125291435e17 1.253663125291435e17 0 0 0
6 49 1.1069083979569072e17 1.1069083979569072e17 0 0 0
7 49 8.851557337216288e16 8.851557337216288e16 0 0 0
8 49 3.002175184346011e16 3.002175184346011e16 0 0 0
9 49 9.822446947020746e16 9.822446947020746e16 0 0 0
10 40 1.3480654779145336e16 1.3480654779145336e16 0 0 0
11 40 5.872384715589681e16 5.872384715589681e16 0 0 0
12 40 1.1460860829764597e17 1.1460860829764597e17 0 0 0
13 40 1.6546267723401603e17 1.6546267723401603e17 0 0 0
14 40 1.582136615406226e17 1.582136615406226e17 0 0 0
15 40 9.518005718721334e16 9.518005718721334e16 0 0 0
16 40 1.2233883115921218e17 1.2233883115921218e17 0 0 0
17 40 1.4919748672148826e17 1.4919748672148826e17 0 0 0
18 40 7.865437454794384e16 7.865437454794384e16 0 0 0
19 40 1.0050799179147973e17 1.0050799179147973e17 0 0 0
10 41 8.842125829593466e16 8.842125829593466e16 0 0 0
11 41 1.4416877733035206e17 1.4416877733035206e17 0 0 0
12 41 1.7483595071824064e17 1.7483595071824064e17 0 0 0
13 41 1.7658561892204592e17 1.7658561892204592e17 0 0 0
14 41 1.1667448889336138e17 1.1667448889336138e17 0 0 0
15 41 1.4948872349831453e17 1.4948872349831453e17 0 0 0
16 41 1.7016500499669488e17 1.7016500499669488e17 0 0 0
17 41 9.678595871026064e16 9.678595871026064e16 0 0 0
18 41 1.3465378975627922e17 1.3465378975627922e17 0 0 0
19 41 1.5200652576243334e17 1.5200652576243334e17 0 0 0
10 42 1.6039728004743232e17 1.6039728004743232e17 0 0 0
11 42 1.779295502640895e17 1.779295502640895e17 0 0 0
12 42 1.9252521904948243e17 1.9252521904948243e17 0 0 0
13 42 1.6294192078762378e17 1.6294192078762378e17 0 0 0
14 42 1.7401552239995594e17 1.7401552239995594e17 0 0 0
15 42 1.350923926250587e17 1.350923926250587e17 0 0 0
16 42 1.6560424414854778e17 1.6560424414854778e17 0 0 0
17 42 8.37283200632905e16 8.37283200632905e16 0 0 0
18 42 1.37187611407527e17 1.37187611407527e17 0 0 0
19 42 1.2523913106901019e17 1.2523913106901019e17 0 0 0
10 43 2.156722276808858e17 2.156722276808858e17 0 0 0
11 43 1.8512658734960586e17 1.8512658734960586e17 0 0 0
12 43 1.647444314331108e17 1.647444314331108e17 0 0 0
13 43 1.70686072397658e17 1.70686072397658e17 0 0 0
14 43 1.3162507101405318e17 1.3162507101405318e17 0 0 0
15 43 9.069573668881477e16 9.069573668881477e16 0 0 0
16 43 9.801020520374366e16 9.801020520374366e16 0 0 0
17 43 1.4873109714611302e17 1.4873109714611302e17 0 0 0
18 43 7.880990141676347e16 7.880990141676347e16 0 0 0
19 43 1.3648520822423302e17 1.3648520822423302e17 0 0 0
10 44 2.102436441597907e17 2.102436441597907e17 0 0 0
11 44 2.009885613218779e17 2.009885613218779e17 0 0 0
12 44 1.7946317269268134e17 1.7946317269268134e17 0 0 0
13 44 1.3032195674114792e17 1.3032195674114792e17 0 0 0
14 44 9.619807704214115e16 9.619807704214115e16 0 0 0
15 44 1.2564686332826946e17 1.2564686332826946e17 0 0 0
16 44 8.776680019074726e16 8.776680019074726e16 0 0 0
17 44 1.2111814158618662e17 1.2111814158618662e17 0 0 0
18 44 8.927611167825397e16 8.927611167825397e16 0 0 0
19 44 1.9411491121358566e17 1.9411491121358566e17 0 0 0
10 45 1.8911031985104643e17 1.8911031985104643e17 0 0 0
11 45 1.7116201491223213e17 1.7116201491223213e17 0 0 0
12 45 1.4038999492991032e17 1.4038999492991032e17 0 0 0
13 45 1.0121132413530266e17 1.0121132413530266e17 0 0 0
14 45 6.953648678865193e16 6.953648678865193e16 0 0 0
15 45 1.1267915724491496e17 1.1267915724491496e17 0 0 0
16 45 9.085771646517365e16 9.085771646517365e16 0 0 0
17 45 1.703156684033055e17 1.703156684033055e17 0 0 0
18 45 1.2625390016175662e17 1.2625390016175662e17 0 0 0
19 45 2.6336164603120986e17 2.6336164603120986e17 0 0 0
10 46 1.4624141616249754e17 1.4624141616249754e17 0 0 0
11 46 1.3859808356912085e17 1.3859808356912085e17 0 0 0
12 46 1.121226746731708e17 1.121226746731708e17 0 0 0
13 46 8.008555196337858e16 8.008555196337858e16 0 0 0
14 46 7.511349652941429e16 7.511349652941429e16 0 0 0
15 46 3.918872962138612e16 3.918872962138612e16 0 0 0
16 46 1.2768526190742056e17 1.2768526190742056e17 0 0 0
17 46 1.1478058764068914e17 1.1478058764068914e17 0 0 0
18 46 2.297305523787104e17 2.297305523787104e17 0 0 0
19 46 3.211708225338886e17 3.211708225338886e17 0 0 0
10 47 1.0128860948817723e17 1.0128860948817723e17 0 0 0
11 47 8.909441940084354e16 8.909441940084354e16 0 0 0
12 47 8.247427519293886e16 8.247427519293886e16 0 0 0
13 47 5.137409712383636e16 5.137409712383636e16 0 0 0
14 47 4.907982474099738e16 4.907982474099738e16 0 0 0
15 47 5.936593282605597e16 5.936593282605597e16 0 0 0
16 47 5.610264399263634e16 5.610264399263634e16 0 0 0
17 47 1.527132675157185e17 1.527132675157185e17 0 0 0
18 47 2.517275232305406e17 2.517275232305406e17 0 0 0
19 47 3.973948678025122e17 3.973948678025122e17 0 0 0
10 48 8.287945085742923e16 8.287945085742923e16 0 0 0
11 48 1.0419392314127594e17 1.0419392314127594e17 0 0 0
12 48 3.726726647984581e16 3.726726647984581e16 0 0 0
13 48 2.894803098986424e16 2.894803098986424e16 0 0 0
14 48 3.994383001870445e16 3.994383001870445e16 0 0 0
15 48 5.690674944048679e16 5.690674944048679e16 0 0 0
16 48 1.830759033568778e17 1.830759033568778e17 0 0 0
17 48 3.080061234504526e17 3.080061234504526e17 0 0 0
18 48 3.3507473996670784e17 3.3507473996670784e17 0 0 0
19 48 3.363116159786264e17 3.363116159786264e17 0 0 0
10 49 7.549092674587334e16 7.549092674587334e16 0 0 0
11 49 4.72286427137451e16 4.72286427137451e16 0 0 0
12 49 7.253906168814832e16 7.253906168814832e16 0 0 0
13 49 9.750253603537906e16 9.750253603537906e16 0 0 0
14 49 4.989926526540574e16 4.989926526540574e16 0 0 0
15 49 1.0385524032014702e17 1.0385524032014702e17 0 0 0
16 49 1.7354734351360275e17 1.7354734351360275e17 0 0 0
17 49 3.149746617761064e17 3.149746617761064e17 0 0 0
18 49 2.8760684440968118e17 2.8760684440968118e17 0 0 0
19 49 3.026264171358388e17 3.026264171358388e17 0 0 0
20 40 5.275261471827567e16 5.275261471827567e16 0 0 0
21 40 8.159558370815314e16 8.159558370815314e16 0 0 0
22 40 1.4378776187987093e17 1.4378776187987093e17 0 0 0
23 40 1.7720957211516448e17 1.7720957211516448e17 0 0 0
24 40 3.9381726767761734e17 3.9381726767761734e17 0 0 0
25 40 5.525489847750398e17 5.525489847750398e17 0 0 0
26 40 8.603918479454664e17 8.603918479454664e17 0 0 0
27 40 8.313929368395095e17 8.313929368395095e17 0 0 0
28 40 5.657509969247201e17 5.657509969247201e17 0 0 0
29 40 6.015104024130364e17 6.015104024130364e17 0 0 0
20 41 1.0999183861771099e17 1.0999183861771099e17 0 0 0
21 41 1.1518441010100467e17 1.1518441010100467e17 0 0 0
22 41 1.5107771479614486e17 1.5107771479614486e17 0 0 0
23 41 2.1870614651577936e17 2.1870614651577936e17 0 0 0
24 41 2.2634308406200643e17 2.2634308406200643e17 0 0 0
25 41 4.173177843062604e17 4.173177843062604e17 0 0 0
26 41 7.619657853291214e17 7.619657853291214e17 0 0 0
27 41 1.0438013190080244e18 1.0438013190080244e18 0 0 0
28 41 4.376448531967319e17 4.376448531967319e17 0 0 0
29 41 3.835957906226396e17 3.835957906226396e17 0 0 0
20 42 1.2584006266127891e17 1.2584006266127891e17 0 0 0
21 42 3.4248043187895277e17 3.4248043187895277e17 0 0 0
22 42 3.730156099275697e17 3.730156099275697e17 0 0 0
23 42 1.46715630310995e17 1.46715630310995e17 0 0 0
24 42 3.8046720929576525e17 3.8046720929576525e17 0 0 0
25 42 4.434614249483687e17 4.434614249483687e17 0 0 0
26 42 5.5070777098161805e17 5.5070777098161805e17 0 0 0
27 42 6.14917492095058e17 6.14917492095058e17 0 0 0
28 42 4.0798003313997306e17 4.0798003313997306e17 0 0 0
29 42 6.507180272651432e17 6.507180272651432e17 0 0 0
20 43 3.687236505642922e17 3.687236505642922e17 0 0 0
21 43 3.137157166091906e17 3.137157166091906e17 0 0 0
22 43 3.037276010891177e17 3.037276010891177e17 0 0 0
23 43 4.096434560927045e17 4.096434560927045e17 0 0 0
24 43 1.9683338413831274e17 1.9683338413831274e17 0 0 0
25 43 6.21077088104716e17 6.21077088104716e17 0 0 0
26 43 6.989477834383912e17 6.989477834383912e17 0 0 0
27 43 6.086250011443825e17 6.086250011443825e17 0 0 0
28 43 6.514367966315799e17 6.514367966315799e17 0 0 0
29 43 3.098013765674399e17 3.098013765674399e17 0 0 0
20 44 4.726305321792303e17 4.726305321792303e17 0 0 0
21 44 4.3926125672283616e17 4.3926125672283616e17 0 0 0
22 44 1.7201432001955914e17 1.7201432001955914e17 0 0 0
23 44 2.4116463651751267e17 2.4116463651751267e17 0 0 0
24 44 4.647758498046445e17 4.647758498046445e17 0 0 0
25 44 4.824052193333705e17 4.824052193333705e17 0 0 0
26 44 5.03053584537675e17 5.03053584537675e17 0 0 0
27 44 7.600089240504826e17 7.600089240504826e17 0 0 0
28 44 3.581528873737748e17 3.581528873737748e17 0 0 0
29 44 7.503578435948497e17 7.503578435948497e17 0 0 0
20 45 3.368354880363297e17 3.368354880363297e17 0 0 0
21 45 3.095087614640746e17 3.095087614640746e17 0 0 0
22 45 4.143535610796097e17 4.143535610796097e17 0 0 0
23 45 2.6385039118824013e17 2.6385039118824013e17 0 0 0
24 45 4.942763927258534e17 4.942763927258534e17 0 0 0
25 45 5.211741659679958e17 5.211741659679958e17 0 0 0
26 45 4.994758544930644e17 4.994758544930644e17 0 0 0
27 45 4.2185246967016954e17 4.2185246967016954e17 0 0 0
28 45 2.9298126184636986e17 2.9298126184636986e17 0 0 0
29 45 6.83028861328797e17 6.83028861328797e17 0 0 0
20 46 3.997010297305235e17 3.997010297305235e17 0 0 0
21 46 2.5631758393804458e17 2.5631758393804458e17 0 0 0
22 46 4.453154484634142e17 4.453154484634142e17 0 0 0
23 46 3.0347915629710995e17 3.0347915629710995e17 0 0 0
24 46 6.08303920724422e17 6.08303920724422e17 0 0 0
25 46 7.467779793042939e17 7.467779793042939e17 0 0 0
26 46 6.952101161444305e17 6.952101161444305e17 0 0 0
27 46 6.836059726665591e17 6.836059726665591e17 0 0 0
28 46 6.000120756691963e17 6.000120756691963e17 0 0 0
29 46 7.658803590739818e17 7.658803590739818e17 0 0 0
20 47 3.195802391003125e17 3.195802391003125e17 0 0 0
21 47 2.3901268798792618e17 2.3901268798792618e17 0 0 0
22 47 3.583922368623868e17 3.583922368623868e17 0 0 0
23 47 3.2599729924701504e17 3.2599729924701504e17 0 0 0
24 47 4.6346506692397504e17 4.6346506692397504e17 0 0 0
25 47 6.429980157781349e17 6.429980157781349e17 0 0 0
26 47 6.423333062439336e17 6.423333062439336e17 0 0 0
27 47 5.372815302191782e17 5.372815302191782e17 0 0 0
28 47 4.450919005772279e17 4.450919005772279e17 0 0 0
29 47 6.230468415074124e17 6.230468415074124e17 0 0 0
20 48 3.051920215520603e17 3.051920215520603e17 0 0 0
21 48 2.216981105605985e17 2.216981105605985e17 0 0 0
22 48 4.0519285233791597e17 4.0519285233791597e17 0 0 0
23 48 5.752038341826752e17 5.752038341826752e17 0 0 0
24 48 5.82185863568667e17 5.82185863568667e17 0 0 0
25 48 8.418037080790884e17 8.418037080790884e17 0 0 0
26 48 5.331447032038058e17 5.331447032038058e17 0 0 0
27 48 3.960062532816184e17 3.960062532816184e17 0 0 0
28 48 6.905401583274698e17 6.905401583274698e17 0 0 0
29 48 6.985086133461434e17 6.985086133461434e17 0 0 0
20 49 3.2137719825129197e17 3.2137719825129197e17 0 0 0
21 49 3.5958820337558355e17 3.5958820337558355e17 0 0 0
22 49 1.9280928720194653e17 1.9280928720194653e17 0 0 0
23 49 6.038184398365856e17 6.038184398365856e17 0 0 0
24 49 8.201842990685905e17 8.201842990685905e17 0 0 0
25 49 8.136190300622022e17 8.136190300622022e17 0 0 0
26 49 6.25560531956579e17 6.25560531956579e17 0 0 0
27 49 6.956948569715731e17 6.956948569715731e17 0 0 0
28 49 8.555250659344303e17 8.555250659344303e17 0 0 0
29 49 1.1018068121743543e18 1.1018068121743543e18 0 0 0
30 40 7.701537359553714e17 7.701537359553714e17 0 0 0
31 40 5.948440249924772e17 5.948440249924772e17 0 0 0
32 40 5.562434359292918e17 5.562434359292918e17 0 0 0
33 40 9.522947260770587e17 9.522947260770587e17 0 0 0
34 40 2.6174226034057953e18 2.6174226034057953e18 0 0 0
35 40 3.9734854929768397e18 3.9734854929768397e18 0 0 0
36 40 4.1160655584766515e18 4.1160655584766515e18 0 0 0
37 40 7.546726988519023e18 7.546726988519023e18 0 0 0
38 40 8.732765268750155e18 8.732765268750155e18 0 0 0
39 40 1.031705245806527e19 1.031705245806527e19 0 0 0
30 41 7.370524164328344e17 7.370524164328344e17 0 0 0
31 41 6.413078762325274e17 6.413078762325274e17 0 0 0
32 41 5.6293877924308397e17 5.6293877924308397e17 0 0 0
33 41 1.246876577870433e18 1.246876577870433e18 0 0 0
34 41 2.794490899620853e18 2.794490899620853e18 0 0 0
35 41 3.2421446741855785e18 3.2421446741855785e18 0 0 0
36 41 6.811552193325232e18 6.811552193325232e18 0 0 0
37 41 9.47329537104118e18 9.47329537104118e18 0 0 0
38 41 1.1923699086560307e19 1.1923699086560307e19 0 0 0
39 41 1.1146758126986318e19 1.1146758126986318e19 0 0 0
30 42 5.364682258415516e17 5.364682258415516e17 0 0 0
31 42 4.375579528993159e17 4.375579528993159e17 0 0 0
32 42 4.363460428744368e17 4.363460428744368e17 0 0 0
33 42 1.6886188215593078e18 1.6886188215593078e18 0 0 0
34 42 2.752212354723874e18 2.752212354723874e18 0 0 0
35 42 4.631545221569756e18 4.631545221569756e18 0 0 0
36 42 1.028101860792524e19 1.028101860792524e19 0 0 0
37 42 1.2215986398823145e19 1.2215986398823145e19 0 0 0
38 42 1.2211966625416403e19 1.2211966625416403e19 0 0 0
39 42 1.6494264560079172e19 1.6494264560079172e19 0 0 0
30 43 3.1019045103844986e17 3.1019045103844986e17 0 0 0
31 43 2.0467855757760006e17 2.0467855757760006e17 0 0 0
32 43 1.2001256040183375e18 1.2001256040183375e18 0 0 0
33 43 2.6028640747227274e18 2.6028640747227274e18 0 0 0
34 43 2.998861205169525e18 2.998861205169525e18 0 0 0
35 43 9.334894404608754e18 9.334894404608754e18 0 0 0
36 43 1.1790329903636613e19 1.1790329903636613e19 0 0 0
37 43 1.2180416727395987e19 1.2180416727395987e19 0 0 0
38 43 1.5499983617153954e19 1.5499983617153954e19 0 0 0
39 43 2.1107719107149242e19 2.1107719107149242e19 0 0 0
30 44 6.478697445261597e17 6.478697445261597e17 0 0 0
31 44 4.7544276591566e17 4.7544276591566e17 0 0 0
32 44 1.5763889271814423e18 1.5763889271814423e18 0 0 0
33 44 2.5741222715292355e18 2.5741222715292355e18 0 0 0
34 44 6.022819849497616e18 6.022819849497616e18 0 0 0
35 44 8.903186405952261e18 8.903186405952261e18 0 0 0
36 44 1.0865500875616883e19 1.0865500875616883e19 0 0 0
37 44 1.3138335901160815e19 1.3138335901160815e19 0 0 0
38 44 2.0103702844625424e19 2.0103702844625424e19 0 0 0
39 44 1.6756185411645772e19 1.6756185411645772e19 0 0 0
30 45 7.727321648573001e17 7.727321648573001e17 0 0 0
31 45 1.2640603711345644e18 1.2640603711345644e18 0 0 0
32 45 2.1051511351791053e18 2.1051511351791053e18 0 0 0
33 45 4.576631191692981e18 4.576631191692981e18 0 0 0
34 45 6.180844259223458e18 6.180844259223458e18 0 0 0
35 45 9.89580715350077e18 9.89580715350077e18 0 0 0
36 45 1.1830457267813749e19 1.1830457267813749e19 0 0 0
37 45 1.484927095744125e19 1.484927095744125e19 0 0 0
38 45 1.7389676525803043e19 1.7389676525803043e19 0 0 0
39 45 1.2948969409075304e19 1.2948969409075304e19 0 0 0
30 46 9.275165548048813e17 9.275165548048813e17 0 0 0
31 46 1.3651187799401242e18 1.3651187799401242e18 0 0 0
32 46 4.666228730607687e18 4.666228730607687e18 0 0 0
33 46 4.5211682576637256e18 4.5211682576637256e18 0 0 0
34 46 6.642779124111521e18 6.642779124111521e18 0 0 0
35 46 9.796717777698275e18 9.796717777698275e18 0 0 0
36 46 1.183482260993062e19 1.183482260993062e19 0 0 0
37 46 1.7275400412231496e19 1.7275400412231496e19 0 0 0
38 46 1.559726636102047e19 1.559726636102047e19 0 0 0
39 46 1.974289373151756e19 1.974289373151756e19 0 0 0
30 47 9.313679499357156e17 9.313679499357156e17 0 0 0
31 47 3.3755821264817654e18 3.3755821264817654e18 0 0 0
32 47 4.016871548984619e18 4.016871548984619e18 0 0 0
33 47 4.3379552085789286e18 4.3379552085789286e18 0 0 0
34 47 6.50455620763943e18 6.50455620763943e18 0 0 0
35 47 1.0177445111055667e19 1.0177445111055667e19 0 0 0
36 47 1.6451484314594587e19 1.6451484314594587e19 0 0 0
37 47 1.6076640564552747e19 1.6076640564552747e19 0 0 0
38 47 1.4526933969879067e19 1.4526933969879067e19 0 0 0
39 47 1.6203590701318396e19 1.6203590701318396e19 0 0 0
30 48 2.0818856614625183e18 2.0818856614625183e18 0 0 0
31 48 3.4186054507399506e18 3.4186054507399506e18 0 0 0
32 48 3.403534739985035e18 3.403534739985035e18 0 0 0
33 48 4.021276939568137e18 4.021276939568137e18 0 0 0
34 48 6.961966070426525e18 6.961966070426525e18 0 0 0
35 48 1.0312838085465438e19 1.0312838085465438e19 0 0 0
36 48 1.4897473746147465e19 1.4897473746147465e19 0 0 0
37 48 1.1960210944086204e19 1.1960210944086204e19 0 0 0
38 48 1.6285254536430957e19 1.6285254536430957e19 0 0 0
39 48 9.442208870196148e18 9.442208870196148e18 0 0 0
30 49 2.4113138365171814e18 2.4113138365171814e18 0 0 0
31 49 2.847361618501574e18 2.847361618501574e18 0 0 0
32 49 3.573227772174293e18 3.573227772174293e18 0 0 0
33 49 5.136881696596324e18 5.136881696596324e18 0 0 0
34 49 6.066749891907721e18 6.066749891907721e18 0 0 0
35 49 1.1465164020967641e19 1.1465164020967641e19 0 0 0
36 49 1.386707248164959e19 1.386707248164959e19 0 0 0
37 49 1.3663329794975226e19 1.3663329794975226e19 0 0 0
38 49 1.8490242349282603e19 1.8490242349282603e19 0 0 0
39 49 1.060749217420013e19 1.060749217420013e19 0 0 0
40 40 9.414328184341137e18 9.414328184341137e18 0 0 0
41 40 1.3176612814030184e19 1.3176612814030184e19 0 0 0
42 40 1.6662448729515102e19 1.6662448729515102e19 0 0 0
43 40 1.6581942494919422e19 1.6581942494919422e19 0 0 0
44 40 2.371757811078958e19 2.371757811078958e19 0 0 0
45 40 2.3054058225620267e19 2.3054058225620267e19 0 0 0
46 40 2.083153618461021e19 2.083153618461021e19 0 0 0
47 40 2.066203765050754e19 2.066203765050754e19 0 0 0
48 40 2.092074503960314e19 2.092074503960314e19 0 0 0
49 40 1.1214457051773506e19 1.1214457051773506e19 0 0 0
40 41 1.5060001622842225e19 1.5060001622842225e19 0 0 0
41 41 1.5437360265525365e19 1.5437360265525365e19 0 0 0
42 41 2.2593590050701816e19 2.2593590050701816e19 0 0 0
43 41 1.6420278857077944e19 1.6420278857077944e19 0 0 0
44 41 1.456458864876976e19 1.456458864876976e19 0 0 0
45 41 1.494818940806214e19 1.494818940806214e19 0 0 0
46 41 2.6809378710489346e19 2.6809378710489346e19 0 0 0
47 41 1.7500586300354054e19 1.7500586300354054e19 0 0 0
48 41 1.841675356749495e19 1.841675356749495e19 0 0 0
49 41 1.3786114350015592e19 1.3786114350015592e19 0 0 0
40 42 1.931411184289914e19 1.931411184289914e19 0 0 0
41 42 1.6026853276449147e19 1.6026853276449147e19 0 0 0
42 42 9.042910065094122e18 9.042910065094122e18 0 0 0
43 42 1.4986092178142915e19 1.4986092178142915e19 0 0 0
44 42 2.4137938348582564e19 2.4137938348582564e19 0 0 0
45 42 1.7567583947484303e19 1.7567583947484303e19 0 0 0
46 42 7.916021367819946e18 7.916021367819946e18 0 0 0
47 42 8.334307663513759e18 8.334307663513759e18 0 0 0
48 42 8.812526494916463e18 8.812526494916463e18 0 0 0
49 42 1.1826136773261113e19 1.1826136773261113e19 0 0 0
40 43 1.5960752706777606e19 1.5960752706777606e19 0 0 0
41 43 1.1186108045461668e19 1.1186108045461668e19 0 0 0
42 43 1.4443623427468341e19 1.4443623427468341e19 0 0 0
43 43 1.3721544026957468e19 1.3721544026957468e19 0 0 0
44 43 8.599006599428104e18 8.599006599428104e18 0 0 0
45 43 9.794567774799108e18 9.794567774799108e18 0 0 0
46 43 8.171796140082843e18 8.171796140082843e18 0 0 0
47 43 4.1961484384109624e18 4.1961484384109624e18 0 0 0
48 43 5.195214739885192e18 5.195214739885192e18 0 0 0
49 43 4.3307402997429294e18 4.3307402997429294e18 0 0 0
40 44 1.3508248179481334e19 1.3508248179481334e19 0 0 0
41 44 1.7484049804765911e19 1.7484049804765911e19 0 0 0
42 44 1.250174347991231e19 1.250174347991231e19 0 0 0
43 44 1.0515885908677495e19 1.0515885908677495e19 0 0 0
44 44 5.685271892324535e18 5.685271892324535e18 0 0 0
45 44 1.4404570882547412e18 1.4404570882547412e18 0 0 0
46 44 4.143218516148206e18 4.143218516148206e18 0 0 0
47 44 8.429762457411341e17 8.429762457411341e17 0 0 0
48 44 6.508952807326678e17 6.508952807326678e17 0 0 0
49 44 5.5514760431365645e17 5.5514760431365645e17 0 0 0
40 45 1.659629404614066e19 1.659629404614066e19 0 0 0
41 45 1.267409539891953e19 1.267409539891953e19 0 0 0
42 45 8.983020832361714e18 8.983020832361714e18 0 0 0
43 45 4.930012754298003e18 4.930012754298003e18 0 0 0
44 45 4.394166055554945e18 4.394166055554945e18 0 0 0
45 45 4.706968445466994e17 4.706968445466994e17 0 0 0
46 45 1.2699648946600317e18 1.2699648946600317e18 0 0 0
47 45 9.761862678595875e16 9.761862678595875e16 0 0 0
48 45 6.469155225221334e15 6.469155225221334e15 0 0 0
49 45 1.469981456944284e16 1.469981456944284e16 0 0 0
40 46 1.5537543080100024e19 1.5537543080100024e19 0 0 0
41 46 9.047065999996817e18 9.047065999996817e18 0 0 0
42 46 3.7625583278960476e18 3.7625583278960476e18 0 0 0
43 46 4.535109399908194e18 4.535109399908194e18 0 0 0
44 46 8.39082964032503e17 8.39082964032503e17 0 0 0
45 46 2.1000649613788874e17 2.1000649613788874e17 0 0 0
46 46 4.784596026212454e15 4.784596026212454e15 0 0 0
47 46 0.0 0.0 0 0 0
48 46 0.0 0.0 0 0 0
49 46 0.0 0.0 0 0 0
40 47 9.893411193584132e18 9.893411193584132e18 0 0 0
41 47 3.556200922912864e18 3.556200922912864e18 0 0 0
42 47 3.4928772905836703e18 3.4928772905836703e18 0 0 0
43 47 1.3360614268598828e18 1.3360614268598828e18 0 0 0
44 47 1.46370220939286e17 1.46370220939286e17 0 0 0
45 47 5.787558910073014e15 5.787558910073014e15 0 0 0
46 47 0.0 0.0 0 0 0
47 47 0.0 0.0 0 0 0
48 47 0.0 0.0 0 0 0
49 47 0.0 0.0 0 0 0
40 48 1.853374698668995e19 1.853374698668995e19 0 0 0
41 48 7.009980536023917e18 7.009980536023917e18 0 0 0
42 48 3.9978762014308173e18 3.9978762014308173e18 0 0 0
43 48 1.1742558679429665e18 1.1742558679429665e18 0 0 0
44 48 8.827535126521279e15 8.827535126521279e15 0 0 0
45 48 5.698635492271566e10 5.698635492271566e10 0 0 0
46 48 0.0 0.0 0 0 0
47 48 0.0 0.0 0 0 0
48 48 0.0 0.0 0 0 0
49 48 0.0 0.0 0 0 0
40 49 4.2084076124510193e18 4.2084076124510193e18 0 0 0
41 49 3.0646445275994184e18 3.0646445275994184e18 0 0 0
42 49 1.2464539789222766e18 1.2464539789222766e18 0 0 0
43 49 1.3865593727571643e18 1.3865593727571643e18 0 0 0
44 49 1.119329530983854e17 1.119329530983854e17 0 0 0
45 49 0.0 0.0 0 0 0
46 49 0.0 0.0 0 0 0
47 49 0.0 0.0 0 0 0
48 49 0.0 0.0 0 0 0
49 49 0.0 0.0 0 0 0
50 40 1.3535647154397358e19 1.3535647154397358e19 0 0 0
51 40 9.844328659950715e18 9.844328659950715e18 0 0 0
52 40 2.432673860601328e18 2.432673860601328e18 0 0 0
53 40 2.604123872118129e18 2.604123872118129e18 0 0 0
54 40 2.4249659822381232e17 2.4249659822381232e17 0 0 0
55 40 1.1643409081699359e19 1.1643409081699359e19 0 0 0
56 40 3.047565822214089e18 3.047565822214089e18 0 0 0
57 40 9.807612462738166e17 9.807612462738166e17 0 0 0
58 40 4.096250385868952e18 4.096250385868952e18 0 0 0
59 40 6.564694019936153e18 6.564694019936153e18 0 0 0
50 41 1.2077695353049706e19 1.2077695353049706e19 0 0 0
51 41 1.6768258827042884e19 1.6768258827042884e19 0 0 0
52 41 2.465514624339705e19 2.465514624339705e19 0 0 0
53 41 1.2043559832393966e19 1.2043559832393966e19 0 0 0
54 41 4.4914704530848855e18 4.4914704530848855e18 0 0 0
55 41 1.4269050829119703e19 1.4269050829119703e19 0 0 0
56 41 1.081827353376258e19 1.081827353376258e19 0 0 0
57 41 1.4812076980861279e18 1.4812076980861279e18 0 0 0
58 41 4.767386231539805e18 4.767386231539805e18 0 0 0
59 41 5.107487694587226e18 5.107487694587226e18 0 0 0
50 42 1.000738607465333e19 1.000738607465333e19 0 0 0
51 42 1.8243511088010908e19 1.8243511088010908e19 0 0 0
52 42 1.8127917824718109e19 1.8127917824718109e19 0 0 0
53 42 3.6135523931520256e18 3.6135523931520256e18 0 0 0
54 42 1.3563756172310125e19 1.3563756172310125e19 0 0 0
55 42 3.3049408748255998e19 3.3049408748255998e19 0 0 0
56 42 1.4354409050502971e19 1.4354409050502971e19 0 0 0
57 42 3.5702165024003343e18 3.5702165024003343e18 0 0 0
58 42 3.7687452255291136e18 3.7687452255291136e18 0 0 0
59 42 6.81160613996135e18 6.81160613996135e18 0 0 0
50 43 5.927196455550426e18 5.927196455550426e18 0 0 0
51 43 8.338894712416495e18 8.338894712416495e18 0 0 0
52 43 7.439705995428897e18 7.439705995428897e18 0 0 0
53 43 4.850308824729583e18 4.850308824729583e18 0 0 0
54 43 2.70337009708205e18 2.70337009708205e18 0 0 0
55 43 3.9235838766592195e18 3.9235838766592195e18 0 0 0
56 43 2.09909474999924e19 2.09909474999924e19 0 0 0
57 43 1.8374277105455507e19 1.8374277105455507e19 0 0 0
58 43 3.8513693962535224e18 3.8513693962535224e18 0 0 0
59 43 6.814708325798096e18 6.814708325798096e18 0 0 0
50 44 1.1934563459201426e18 1.1934563459201426e18 0 0 0
51 44 1.828401438042982e18 1.828401438042982e18 0 0 0
52 44 6.484463109937435e18 6.484463109937435e18 0 0 0
53 44 6.321629222617696e18 6.321629222617696e18 0 0 0
54 44 3.5696447086410337e18 3.5696447086410337e18 0 0 0
55 44 3.080239828981545e18 3.080239828981545e18 0 0 0
56 44 3.247176795287421e17 3.247176795287421e17 0 0 0
57 44 1.7805815474225959e19 1.7805815474225959e19 0 0 0
58 44 7.84720100907909e18 7.84720100907909e18 0 0 0
59 44 6.173079446467359e18 6.173079446467359e18 0 0 0
50 45 9.304169763767698e14 9.304169763767698e14 0 0 0
51 45 5.467423213070176e16 5.467423213070176e16 0 0 0
52 45 2.626192642059574e18 2.626192642059574e18 0 0 0
53 45 3.5327751482933857e18 3.5327751482933857e18 0 0 0
54 45 2.6381764241079373e18 2.6381764241079373e18 0 0 0
55 45 1.3493925485900661e17 1.3493925485900661e17 0 0 0
56 45 3.2055244988046147e18 3.2055244988046147e18 0 0 0
57 45 9.011596299593991e18 9.011596299593991e18 0 0 0
58 45 1.0797007029925872e19 1.0797007029925872e19 0 0 0
59 45 1.3928577283866698e19 1.3928577283866698e19 0 0 0
50 46 0.0 0.0 0 0 0
51 46 9.244512419346164e14 9.244512419346164e14 0 0 0
52 46 7.375607710043803e16 7.375607710043803e16 0 0 0
53 46 2.3107048051493484e18 2.3107048051493484e18 0 0 0
54 46 3.495817639684648e18 3.495817639684648e18 0 0 0
55 46 3.55029151926644e18 3.55029151926644e18 0 0 0
56 46 6.433642218935606e17 6.433642218935606e17 0 0 0
57 46 9.272138358802993e17 9.272138358802993e17 0 0 0
58 46 1.183644696013499e19 1.183644696013499e19 0 0 0
59 46 2.6528511014812074e19 2.6528511014812074e19 0 0 0
50 47 0.0 0.0 0 0 0
51 47 0.0 0.0 0 0 0
52 47 0.0 0.0 0 0 0
53 47 6.768211330732527e16 6.768211330732527e16 0 0 0
54 47 1.8812502960530563e18 1.8812502960530563e18 0 0 0
55 47 3.0819831556989793e18 3.0819831556989793e18 0 0 0
56 47 9.784638582703212e17 9.784638582703212e17 0 0 0
57 47 1.5710266117774574e18 1.5710266117774574e18 0 0 0
58 47 9.75154064797888e18 9.75154064797888e18 0 0 0
59 47 1.4349177158788389e19 1.4349177158788389e19 0 0 0
50 48 0.0 0.0 0 0 0
51 48 0.0 0.0 0 0 0
52 48 0.0 0.0 0 0 0
53 48 1.7989887065677092e15 1.7989887065677092e15 0 0 0
54 48 1.3657387346159764e18 1.3657387346159764e18 0 0 0
55 48 4.6690296715971046e17 4.6690296715971046e17 0 0 0
56 48 1.1363503494572355e18 1.1363503494572355e18 0 0 0
57 48 1.0699098154747685e18 1.0699098154747685e18 0 0 0
58 48 1.1619337893693129e19 1.1619337893693129e19 0 0 0
59 48 1.7135415838041817e19 1.7135415838041817e19 0 0 0
50 49 0.0 0.0 0 0 0
51 49 0.0 0.0 0 0 0
52 49 0.0 0.0 0 0 0
53 49 4.834374154149884e13 4.834374154149884e13 0 0 0
54 49 2.2999204179265747e17 2.2999204179265747e17 0 0 0
55 49 8.11448293381167e17 8.11448293381167e17 0 0 0
56 49 1.292756257255789e18 1.292756257255789e18 0 0 0
57 49 6.030665506725778e17 6.030665506725778e17 0 0 0
58 49 5.815419427164955e18 5.815419427164955e18 0 0 0
59 49 1.2165219459058633e19 1.2165219459058633e19 0 0 0
60 40 8.872945724149974e18 8.872945724149974e18 0 0 0
61 40 7.704992560738563e18 7.704992560738563e18 0 0 0
62 40 5.640946568719075e18 5.640946568719075e18 0 0 0
63 40 4.784247607337407e18 4.784247607337407e18 0 0 0
64 40 8.986761802076295e18 8.986761802076295e18 0 0 0
65 40 3.34857379562767e18 3.34857379562767e18 0 0 0
66 40 1.6137719394670797e18 1.6137719394670797e18 0 0 0
67 40 7.541726540251496e17 7.541726540251496e17 0 0 0
68 40 3.509753040494002e17 3.509753040494002e17 0 0 0
69 40 1.7397067392365197e17 1.7397067392365197e17 0 0 0
60 41 5.207655697801924e18 5.207655697801924e18 0 0 0
61 41 6.122354538139354e18 6.122354538139354e18 0 0 0
62 41 4.3423076072364273e18 4.3423076072364273e18 0 0 0
63 41 4.216598076769161e18 4.216598076769161e18 0 0 0
64 41 7.88630165714454e18 7.88630165714454e18 0 0 0
65 41 3.7215798864777083e18 3.7215798864777083e18 0 0 0
66 41 2.1004713425109018e18 2.1004713425109018e18 0 0 0
67 41 8.056305460328227e17 8.056305460328227e17 0 0 0
68 41 4.325796828327966e17 4.325796828327966e17 0 0 0
69 41 2.8526477387370726e17 2.8526477387370726e17 0 0 0
60 42 3.256621322945022e18 3.256621322945022e18 0 0 0
61 42 6.063068440138001e18 6.063068440138001e18 0 0 0
62 42 5.036273634454465e18 5.036273634454465e18 0 0 0
63 42 4.047097024086017e18 4.047097024086017e18 0 0 0
64 42 7.659567791063361e18 7.659567791063361e18 0 0 0
65 42 3.821702541930067e18 3.821702541930067e18 0 0 0
66 42 2.6426517685617987e18 2.6426517685617987e18 0 0 0
67 42 6.767633059491621e17 6.767633059491621e17 0 0 0
68 42 4.6575155160867846e17 4.6575155160867846e17 0 0 0
69 42 1.7030615622447773e17 1.7030615622447773e17 0 0 0
60 43 3.659222016407769e18 3.659222016407769e18 0 0 0
61 43 7.170864716516281e18 7.170864716516281e18 0 0 0
62 43 3.0288250276381814e18 3.0288250276381814e18 0 0 0
63 43 5.148406417155225e18 5.148406417155225e18 0 0 0
64 43 5.298545521170307e18 5.298545521170307e18 0 0 0
65 43 4.311867377393983e18 4.311867377393983e18 0 0 0
66 43 3.298164589716174e18 3.298164589716174e18 0 0 0
67 43 8.62081874782294e17 8.62081874782294e17 0 0 0
68 43 3.899455087692413e17 3.899455087692413e17 0 0 0
69 43 3.7624221175240966e17 3.7624221175240966e17 0 0 0
60 44 4.682105043611943e18 4.682105043611943e18 0 0 0
61 44 8.786652048459922e18 8.786652048459922e18 0 0 0
62 44 4.306989595464873e18 4.306989595464873e18 0 0 0
63 44 7.013322781812553e18 7.013322781812553e18 0 0 0
64 44 4.884918030677089e18 4.884918030677089e18 0 0 0
65 44 3.5031636967872584e18 3.5031636967872584e18 0 0 0
66 44 2.7750555593720817e18 2.7750555593720817e18 0 0 0
67 44 6.996688660848765e17 6.996688660848765e17 0 0 0
68 44 7.212651103293025e17 7.212651103293025e17 0 0 0
69 44 3.296121360126041e17 3.296121360126041e17 0 0 0
60 45 5.60302263666094e18 5.60302263666094e18 0 0 0
61 45 8.898338993903135e18 8.898338993903135e18 0 0 0
62 45 4.5422400429842463e18 4.5422400429842463e18 0 0 0
63 45 7.240745235723491e18 7.240745235723491e18 0 0 0
64 45 4.053036559207505e18 4.053036559207505e18 0 0 0
65 45 3.867981942063625e18 3.867981942063625e18 0 0 0
66 45 2.5623398404416476e18 2.5623398404416476e18 0 0 0
67 45 8.290965074663181e17 8.290965074663181e17 0 0 0
68 45 6.330626324357569e17 6.330626324357569e17 0 0 0
69 45 2.5409878643238538e17 2.5409878643238538e17 0 0 0
60 46 6.573467475758186e18 6.573467475758186e18 0 0 0
61 46 9.299325629645523e18 9.299325629645523e18 0 0 0
62 46 6.079715397366838e18 6.079715397366838e18 0 0 0
63 46 5.611042557882445e18 5.611042557882445e18 0 0 0
64 46 3.358424837593015e18 3.358424837593015e18 0 0 0
65 46 4.2183601225881933e18 4.2183601225881933e18 0 0 0
66 46 1.9746789376110175e18 1.9746789376110175e18 0 0 0
67 46 8.183120034283021e17 8.183120034283021e17 0 0 0
68 46 6.102891956635444e17 6.102891956635444e17 0 0 0
69 46 2.6829555817263312e17 2.6829555817263312e17 0 0 0
60 47 1.3357710265602464e19 1.3357710265602464e19 0 0 0
61 47 8.576994893933013e18 8.576994893933013e18 0 0 0
62 47 5.840363800189302e18 5.840363800189302e18 0 0 0
63 47 3.069278974422019e18 3.069278974422019e18 0 0 0
64 47 2.2069481168878077e18 2.2069481168878077e18 0 0 0
65 47 4.4173814246275686e18 4.4173814246275686e18 0 0 0
66 47 2.5200056783256166e18 2.5200056783256166e18 0 0 0
67 47 1.3984664685606047e18 1.3984664685606047e18 0 0 0
68 47 6.026227704344115e17 6.026227704344115e17 0 0 0
69 47 2.6176529765343862e17 2.6176529765343862e17 0 0 0
60 48 2.1549792490278375e19 2.1549792490278375e19 0 0 0
61 48 8.941640740621843e18 8.941640740621843e18 0 0 0
62 48 4.5912708533474227e18 4.5912708533474227e18 0 0 0
63 48 2.8021435744876887e18 2.8021435744876887e18 0 0 0
64 48 1.3416056966006313e18 1.3416056966006313e18 0 0 0
65 48 2.7615096528469274e18 2.7615096528469274e18 0 0 0
66 48 2.952947853739696e18 2.952947853739696e18 0 0 0
67 48 1.298500901490589e18 1.298500901490589e18 0 0 0
68 48 4.8797518176845446e17 4.8797518176845446e17 0 0 0
69 48 2.8993587066544224e17 2.8993587066544224e17 0 0 0
60 49 2.1213909841142637e19 2.1213909841142637e19 0 0 0
61 49 1.1646368215668292e19 1.1646368215668292e19 0 0 0
62 49 5.366849583403134e18 5.366849583403134e18 0 0 0
63 49 2.9696166051805594e18 2.9696166051805594e18 0 0 0
64 49 1.8285352981686577e18 1.8285352981686577e18 0 0 0
65 49 1.6124537630929654e18 1.6124537630929654e18 0 0 0
66 49 4.292471900361377e18 4.292471900361377e18 0 0 0
67 49 1.2772479587072271e18 1.2772479587072271e18 0 0 0
68 49 6.107663260855485e17 6.107663260855485e17 0 0 0
69 49 4.368883264719283e17 4.368883264719283e17 0 0 0
70 40 2.2503599585543757e17 2.2503599585543757e17 0 0 0
71 40 2.0495381970222272e17 2.0495381970222272e17 0 0 0
72 40 1.893943740399238e17 1.893943740399238e17 0 0 0
73 40 1.312043624975815e17 1.312043624975815e17 0 0 0
74 40 2.979201811717164e17 2.979201811717164e17 0 0 0
75 40 1.134079304847963e16 1.134079304847963e16 0 0 0
76 40 6.927031442268776e15 6.927031442268776e15 0 0 0
77 40 1.5283618278382764e16 1.5283618278382764e16 0 0 0
78 40 2.6619609488040284e16 2.6619609488040284e16 0 0 0
79 40 2.345943857352057e16 2.345943857352057e16 0 0 0
70 41 3.219271794176978e17 3.219271794176978e17 0 0 0
71 41 3.570469895107798e17 3.570469895107798e17 0 0 0
72 41 1.644179599622255e17 1.644179599622255e17 0 0 0
73 41 2.9241195509461146e17 2.9241195509461146e17 0 0 0
74 41 3.435205940127856e17 3.435205940127856e17 0 0 0
75 41 9.49589040962384e16 9.49589040962384e16 0 0 0
76 41 6.710448901754028e15 6.710448901754028e15 0 0 0
77 41 1.478893354028738e16 1.478893354028738e16 0 0 0
78 41 2.692360044937494e16 2.692360044937494e16 0 0 0
79 41 4.61928448535586e16 4.61928448535586e16 0 0 0
70 42 3.1703003364923e17 3.1703003364923e17 0 0 0
71 42 3.433969352979435e17 3.433969352979435e17 0 0 0
72 42 3.554131302966367e17 3.554131302966367e17 0 0 0
73 42 3.007077570297201e17 3.007077570297201e17 0 0 0
74 42 2.733691275303771e17 2.733691275303771e17 0 0 0
75 42 1.077046420757826e17 1.077046420757826e17 0 0 0
76 42 5.249626395072011e16 5.249626395072011e16 0 0 0
77 42 6.21465002573206e16 6.21465002573206e16 0 0 0
78 42 6.903272538736536e16 6.903272538736536e16 0 0 0
79 42 3.997351949888444e16 3.997351949888444e16 0 0 0
70 43 2.0666682301797325e17 2.0666682301797325e17 0 0 0
71 43 3.578323695924988e17 3.578323695924988e17 0 0 0
72 43 3.904622657180143e17 3.904622657180143e17 0 0 0
73 43 3.221323669574258e17 3.221323669574258e17 0 0 0
74 43 2.8983702350443584e17 2.8983702350443584e17 0 0 0
75 43 6.709274741673043e16 6.709274741673043e16 0 0 0
76 43 4.597689808551207e16 4.597689808551207e16 0 0 0
77 43 6.4638718057116744e16 6.4638718057116744e16 0 0 0
78 43 7.937323168377349e16 7.937323168377349e16 0 0 0
79 43 4.344304463500536e16 4.344304463500536e16 0 0 0
70 44 1.9272269820793622e17 1.9272269820793622e17 0 0 0
71 44 3.591909991002076e17 3.591909991002076e17 0 0 0
72 44 3.66604916026697e17 3.66604916026697e17 0 0 0
73 44 2.959263180206918e17 2.959263180206918e17 0 0 0
74 44 4.194749898314005e17 4.194749898314005e17 0 0 0
75 44 1.0616205111184053e17 1.0616205111184053e17 0 0 0
76 44 1.467628209099794e17 1.467628209099794e17 0 0 0
77 44 1.0465221221944059e17 1.0465221221944059e17 0 0 0
78 44 1.1916259186773024e17 1.1916259186773024e17 0 0 0
79 44 3.945761807751381e16 3.945761807751381e16 0 0 0
70 45 4.454222390495672e17 4.454222390495672e17 0 0 0
71 45 3.015217739194647e17 3.015217739194647e17 0 0 0
72 45 3.663832953390047e17 3.663832953390047e17 0 0 0
73 45 2.6979286476255302e17 2.6979286476255302e17 0 0 0
74 45 4.2408351196819584e17 4.2408351196819584e17 0 0 0
75 45 2.4004857786519264e17 2.4004857786519264e17 0 0 0
76 45 1.3970119561112619e17 1.3970119561112619e17 0 0 0
77 45 1.651722792747757e17 1.651722792747757e17 0 0 0
78 45 8.475161090149067e16 8.475161090149067e16 0 0 0
79 45 1.348466722326252e16 1.348466722326252e16 0 0 0
70 46 3.516730817805445e17 3.516730817805445e17 0 0 0
71 46 2.7018625577849338e17 2.7018625577849338e17 0 0 0
72 46 2.8225928684015597e17 2.8225928684015597e17 0 0 0
73 46 2.0171499772681325e17 2.0171499772681325e17 0 0 0
74 46 3.8430391309106995e17 3.8430391309106995e17 0 0 0
75 46 2.565935941012269e17 2.565935941012269e17 0 0 0
76 46 2.5605833618610454e17 2.5605833618610454e17 0 0 0
77 46 1.9625691185605405e17 1.9625691185605405e17 0 0 0
78 46 4.339767917279816e16 4.339767917279816e16 0 0 0
79 46 1.4542431271550248e15 1.4542431271550248e15 0 0 0
70 47 3.580484988358262e17 3.580484988358262e17 0 0 0
71 47 4.84217508202332e17 4.84217508202332e17 0 0 0
72 47 2.70658437567033e17 2.70658437567033e17 0 0 0
73 47 4.0396120083360826e17 4.0396120083360826e17 0 0 0
74 47 5.981253446334108e17 5.981253446334108e17 0 0 0
75 47 3.756513633274174e17 3.756513633274174e17 0 0 0
76 47 2.0710320871048048e17 2.0710320871048048e17 0 0 0
77 47 8.64733310119159e16 8.64733310119159e16 0 0 0
78 47 3.705989539936791e16 3.705989539936791e16 0 0 0
79 47 1.010676657464732e16 1.010676657464732e16 0 0 0
70 48 2.7627557681681053e17 2.7627557681681053e17 0 0 0
71 48 5.4515526438184966e17 5.4515526438184966e17 0 0 0
72 48 2.7247000842548173e17 2.7247000842548173e17 0 0 0
73 48 4.012239672975472e17 4.012239672975472e17 0 0 0
74 48 5.393021665733625e17 5.393021665733625e17 0 0 0
75 48 4.1118105919947866e17 4.1118105919947866e17 0 0 0
76 48 1.6862063463539914e17 1.6862063463539914e17 0 0 0
77 48 1.8624870036416508e16 1.8624870036416508e16 0 0 0
78 48 7.161138852594319e13 7.161138852594319e13 0 0 0
79 48 2.5502607168537748e16 2.5502607168537748e16 0 0 0
70 49 3.3276108638655386e17 3.3276108638655386e17 0 0 0
71 49 5.584927791108142e17 5.584927791108142e17 0 0 0
72 49 4.3456018854263424e17 4.3456018854263424e17 0 0 0
73 49 5.899351061040184e17 5.899351061040184e17 0 0 0
74 49 5.711127150829469e17 5.711127150829469e17 0 0 0
75 49 2.3517641443965773e17 2.3517641443965773e17 0 0 0
76 49 7.405902131508715e16 7.405902131508715e16 0 0 0
77 49 1.6967325095020532e16 1.6967325095020532e16 0 0 0
78 49 4.759732165729009e14 4.759732165729009e14 0 0 0
79 49 3.380729652823683e14 3.380729652823683e14 0 0 0
80 40 1.6442728129516286e16 1.6442728129516286e16 0 0 0
81 40 2.5594940189114796e16 2.5594940189114796e16 0 0 0
82 40 2.477612612789897e16 2.477612612789897e16 0 0 0
83 40 2.1513232538409456e16 2.1513232538409456e16 0 0 0
84 40 1.5658024957871594e16 1.5658024957871594e16 0 0 0
85 40 1.5637151695763562e16 1.5637151695763562e16 0 0 0
86 40 2.662081186371301e16 2.662081186371301e16 0 0 0
87 40 4.25684777058703e16 4.25684777058703e16 0 0 0
88 40 3.0140915084130172e16 3.0140915084130172e16 0 0 0
89 40 1.4956417341686588e16 1.4956417341686588e16 0 0 0
80 41 2.5661493602357576e16 2.5661493602357576e16 0 0 0
81 41 1.3823352695781348e16 1.3823352695781348e16 0 0 0
82 41 2.3651283979461896e16 2.3651283979461896e16 0 0 0
83 41 1.9394354360196708e16 1.9394354360196708e16 0 0 0
84 41 1.52562071997815e16 1.52562071997815e16 0 0 0
85 41 1.5435316745628026e16 1.5435316745628026e16 0 0 0
86 41 2.9197956007499668e16 2.9197956007499668e16 0 0 0
87 41 4.5706199683933256e16 4.5706199683933256e16 0 0 0
88 41 1.1748207164080886e16 1.1748207164080886e16 0 0 0
89 41 1.093143576417968e16 1.093143576417968e16 0 0 0
80 42 1.9011608364421576e16 1.9011608364421576e16 0 0 0
81 42 2.6049990015286076e16 2.6049990015286076e16 0 0 0
82 42 1.588277062687043e16 1.588277062687043e16 0 0 0
83 42 1.393393983791864e16 1.393393983791864e16 0 0 0
84 42 1.4229750767222088e16 1.4229750767222088e16 0 0 0
85 42 2.131216418477255e16 2.131216418477255e16 0 0 0
86 42 3.5512500918011136e16 3.5512500918011136e16 0 0 0
87 42 4.804605255580971e16 4.804605255580971e16 0 0 0
88 42 2.6671045307300012e16 2.6671045307300012e16 0 0 0
89 42 9.397649846687138e15 9.397649846687138e15 0 0 0
80 43 2.5139888387315904e16 2.5139888387315904e16 0 0 0
81 43 1.515992281294604e16 1.515992281294604e16 0 0 0
82 43 2.817596449610494e16 2.817596449610494e16 0 0 0
83 43 2.385615857754177e16 2.385615857754177e16 0 0 0
84 43 2.0186882318117332e16 2.0186882318117332e16 0 0 0
85 43 2.1845584491253932e16 2.1845584491253932e16 0 0 0
86 43 3.817708865144269e16 3.817708865144269e16 0 0 0
87 43 5.749143893595942e16 5.749143893595942e16 0 0 0
88 43 2.244159217231365e16 2.244159217231365e16 0 0 0
89 43 1.7734630368166896e16 1.7734630368166896e16 0 0 0
80 44 5.608793082889834e15 5.608793082889834e15 0 0 0
81 44 5.321249625547596e15 5.321249625547596e15 0 0 0
82 44 1.8298327916854332e16 1.8298327916854332e16 0 0 0
83 44 2.0953331109522816e16 2.0953331109522816e16 0 0 0
84 44 1.959037049007001e16 1.959037049007001e16 0 0 0
85 44 2.3864872797031916e16 2.3864872797031916e16 0 0 0
86 44 5.080172565580111e16 5.080172565580111e16 0 0 0
87 44 6.377567847529651e16 6.377567847529651e16 0 0 0
88 44 1.6951354509055506e16 1.6951354509055506e16 0 0 0
89 44 9.603508309261308e15 9.603508309261308e15 0 0 0
80 45 1.9371299473355664e16 1.9371299473355664e16 0 0 0
81 45 1.8475401634624924e16 1.8475401634624924e16 0 0 0
82 45 1.1486269958604946e16 1.1486269958604946e16 0 0 0
83 45 1.5074513533998506e16 1.5074513533998506e16 0 0 0
84 45 2.6421404221866036e16 2.6421404221866036e16 0 0 0
85 45 3.11787558895448e16 3.11787558895448e16 0 0 0
86 45 5.782785843342265e16 5.782785843342265e16 0 0 0
87 45 7.58919391091194e16 7.58919391091194e16 0 0 0
88 45 2.6507197332939764e16 2.6507197332939764e16 0 0 0
89 45 5.329745682162198e15 5.329745682162198e15 0 0 0
80 46 1.6420264480925555e15 1.6420264480925555e15 0 0 0
81 46 6.028385806414179e15 6.028385806414179e15 0 0 0
82 46 2.517716661535088e16 2.517716661535088e16 0 0 0
83 46 2.527535482792536e16 2.527535482792536e16 0 0 0
84 46 2.7803078991678884e16 2.7803078991678884e16 0 0 0
85 46 4.1861333495089416e16 4.1861333495089416e16 0 0 0
86 46 6.647042752298297e16 6.647042752298297e16 0 0 0
87 46 6.371694551453546e16 6.371694551453546e16 0 0 0
88 46 2.1603183104904588e16 2.1603183104904588e16 0 0 0
89 46 1.7975907411210468e16 1.7975907411210468e16 0 0 0
80 47 1.2023457343025382e16 1.2023457343025382e16 0 0 0
81 47 1.9901505211122732e16 1.9901505211122732e16 0 0 0
82 47 3.3492734938232796e16 3.3492734938232796e16 0 0 0
83 47 3.648599906181567e16 3.648599906181567e16 0 0 0
84 47 3.4688898722099012e16 3.4688898722099012e16 0 0 0
85 47 4.692658823817547e16 4.692658823817547e16 0 0 0
86 47 8.89824426155934e16 8.89824426155934e16 0 0 0
87 47 5.280888104211731e16 5.280888104211731e16 0 0 0
88 47 1.1606383796742762e16 1.1606383796742762e16 0 0 0
89 47 9.374865299806724e15 9.374865299806724e15 0 0 0
80 48 2.2834996154951468e16 2.2834996154951468e16 0 0 0
81 48 9.671192932986912e15 9.671192932986912e15 0 0 0
82 48 2.1811685783980104e16 2.1811685783980104e16 0 0 0
83 48 2.947670184203687e16 2.947670184203687e16 0 0 0
84 48 3.5712771955336744e16 3.5712771955336744e16 0 0 0
85 48 6.181074416886422e16 6.181074416886422e16 0 0 0
86 48 1.0986366422363176e17 1.0986366422363176e17 0 0 0
87 48 5.0947072493813176e16 5.0947072493813176e16 0 0 0
88 48 2.476074879368909e16 2.476074879368909e16 0 0 0
89 48 2.1647314583991464e16 2.1647314583991464e16 0 0 0
80 49 3.894596648345133e15 3.894596648345133e15 0 0 0
81 49 1.7774337463213218e16 1.7774337463213218e16 0 0 0
82 49 3.754813290926349e16 3.754813290926349e16 0 0 0
83 49 3.5300601086010612e16 3.5300601086010612e16 0 0 0
84 49 4.437001182876152e16 4.437001182876152e16 0 0 0
85 49 7.70448016725178e16 7.70448016725178e16 0 0 0
86 49 9.406230400687389e16 9.406230400687389e16 0 0 0
87 49 4.175015602352423e16 4.175015602352423e16 0 0 0
88 49 9.854218952668718e15 9.854218952668718e15 0 0 0
89 49 6.230320063963233e15 6.230320063963233e15 0 0 0
90 40 1.0784328960489796e16 1.0784328960489796e16 0 0 0
91 40 8.573416634652028e15 8.573416634652028e15 0 0 0
92 40 3.255012906126985e15 3.255012906126985e15 0 0 0
93 40 4.80698314414676e15 4.80698314414676e15 0 0 0
94 40 5.689008930176667e15 5.689008930176667e15 0 0 0
95 40 3.930239937576555e15 3.930239937576555e15 0 0 0
96 40 3.2688630851761095e15 3.2688630851761095e15 0 0 0
97 40 4.665771729500362e15 4.665771729500362e15 0 0 0
98 40 3.428987178871429e15 3.428987178871429e15 0 0 0
99 40 2.700923332046188e15 2.700923332046188e15 0 0 0
90 41 6.401396382924379e15 6.401396382924379e15 0 0 0
91 41 3.236232902095162e15 3.236232902095162e15 0 0 0
92 41 1.0752090046646692e15 1.0752090046646692e15 0 0 0
93 41 2.0457905878783802e15 2.0457905878783802e15 0 0 0
94 41 4.2932950942498415e15 4.2932950942498415e15 0 0 0
95 41 3.4211002126986045e15 3.4211002126986045e15 0 0 0
96 41 5.088335377308138e15 5.088335377308138e15 0 0 0
97 41 3.7659890838882865e15 3.7659890838882865e15 0 0 0
98 41 2.732847370463056e15 2.732847370463056e15 0 0 0
99 41 2.1447869178811242e15 2.1447869178811242e15 0 0 0
90 42 4.018154829427997e15 4.018154829427997e15 0 0 0
91 42 9.570136477537012e15 9.570136477537012e15 0 0 0
92 42 8.041673299827052e15 8.041673299827052e15 0 0 0
93 42 1.9383249905192162e15 1.9383249905192162e15 0 0 0
94 42 1.9535623354179472e15 1.9535623354179472e15 0 0 0
95 42 6.157158828107617e15 6.157158828107617e15 0 0 0
96 42 3.6735853445862225e15 3.6735853445862225e15 0 0 0
97 42 3.126435757154758e15 3.126435757154758e15 0 0 0
98 42 3.731008465633499e15 3.731008465633499e15 0 0 0
99 42 2.526500231342277e15 2.526500231342277e15 0 0 0
90 43 1.2737460650772482e16 1.2737460650772482e16 0 0 0
91 43 9.192973202004678e15 9.192973202004678e15 0 0 0
92 43 3.611082719711098e15 3.611082719711098e15 0 0 0
93 43 4.986774363809905e15 4.986774363809905e15 0 0 0
94 43 5.12268477409369e15 5.12268477409369e15 0 0 0
95 43 5.001476995824919e15 5.001476995824919e15 0 0 0
96 43 2.2796048552696065e15 2.2796048552696065e15 0 0 0
97 43 3.983750588197721e15 3.983750588197721e15 0 0 0
98 43 2.5636012839527045e15 2.5636012839527045e15 0 0 0
99 43 1.9329796153804935e15 1.9329796153804935e15 0 0 0
90 44 6.182438726868869e15 6.182438726868869e15 0 0 0
91 44 2.2109674184359412e15 2.2109674184359412e15 0 0 0
92 44 9.767648111231046e15 9.767648111231046e15 0 0 0
93 44 1.5003338534136302e15 1.5003338534136302e15 0 0 0
94 44 2.396735900937551e15 2.396735900937551e15 0 0 0
95 44 2.268353876334305e15 2.268353876334305e15 0 0 0
96 44 3.9678005901090545e15 3.9678005901090545e15 0 0 0
97 44 2.2676903979013335e15 2.2676903979013335e15 0 0 0
98 44 3.042051569592418e15 3.042051569592418e15 0 0 0
99 44 2.2677409078970165e15 2.2677409078970165e15 0 0 0
90 45 3.4018370283662025e15 3.4018370283662025e15 0 0 0
91 45 9.468253099541054e15 9.468253099541054e15 0 0 0
92 45 2.3397767218388825e15 2.3397767218388825e15 0 0 0
93 45 7.033358580928977e15 7.033358580928977e15 0 0 0
94 45 6.150318640953819e15 6.150318640953819e15 0 0 0
95 45 4.715903071367048e15 4.715903071367048e15 0 0 0
96 45 5.065166607308524e15 5.065166607308524e15 0 0 0
97 45 2.592796066658855e15 2.592796066658855e15 0 0 0
98 45 1.8966805678262538e15 1.8966805678262538e15 0 0 0
99 45 1.4559011388487412e15 1.4559011388487412e15 0 0 0
90 46 1.0127113908586518e16 1.0127113908586518e16 0 0 0
91 46 2.386491315940124e15 2.386491315940124e15 0 0 0
92 46 1.758460839698204e14 1.758460839698204e14 0 0 0
93 46 1.4879487587108135e15 1.4879487587108135e15 0 0 0
94 46 8.025729993804328e15 8.025729993804328e15 0 0 0
95 46 5.890539172268048e15 5.890539172268048e15 0 0 0
96 46 2.6583189715467125e15 2.6583189715467125e15 0 0 0
97 46 3.273179285263706e15 3.273179285263706e15 0 0 0
98 46 2.0409696837284388e15 2.0409696837284388e15 0 0 0
99 46 1.497974925742271e15 1.497974925742271e15 0 0 0
90 47 6.042124251195359e14 6.042124251195359e14 0 0 0
91 47 9.357427125315624e15 9.357427125315624e15 0 0 0
92 47 1.3449891217642162e15 1.3449891217642162e15 0 0 0
93 47 3.870349985932283e15 3.870349985932283e15 0 0 0
94 47 2.1535412950235665e15 2.1535412950235665e15 0 0 0
95 47 2.564914562212051e15 2.564914562212051e15 0 0 0
96 47 2.833122446654647e15 2.833122446654647e15 0 0 0
97 47 3.3237095024899915e15 3.3237095024899915e15 0 0 0
98 47 2.025330240055408e15 2.025330240055408e15 0 0 0
99 47 1.5380386572427055e15 1.5380386572427055e15 0 0 0
90 48 7.997214396204313e15 7.997214396204313e15 0 0 0
91 48 5.839772302503915e14 5.839772302503915e14 0 0 0
92 48 7.018360838169305e15 7.018360838169305e15 0 0 0
93 48 5.138841359442421e15 5.138841359442421e15 0 0 0
94 48 3.880172995051424e15 3.880172995051424e15 0 0 0
95 48 2.8771108158196885e15 2.8771108158196885e15 0 0 0
96 48 2.582045348295957e15 2.582045348295957e15 0 0 0
97 48 2.851966950056969e15 2.851966950056969e15 0 0 0
98 48 2.0078102233161232e15 2.0078102233161232e15 0 0 0
99 48 1.3743178736166845e15 1.3743178736166845e15 0 0 0
90 49 3.6068362664772375e14 3.6068362664772375e14 0 0 0
91 49 5.283552488834956e15 5.283552488834956e15 0 0 0
92 49 9.577022552202348e15 9.577022552202348e15 0 0 0
93 49 4.1009185672159006e14 4.1009185672159006e14 0 0 0
94 49 5.478020401062852e15 5.478020401062852e15 0 0 0
95 49 3.1214236990457155e15 3.1214236990457155e15 0 0 0
96 49 2.3175923302515345e15 2.3175923302515345e15 0 0 0
97 49 2.6251387238558785e15 2.6251387238558785e15 0 0 0
98 49 1.673423258096661e15 1.673423258096661e15 0 0 0
99 49 1.3435445391606848e15 1.3435445391606848e15 0 0 0
0 50 1.6440727814074362e16 1.6440727814074362e16 0 0 0
1 50 3.968031098996401e16 3.968031098996401e16 0 0 0
2 50 6.537195513652621e16 6.537195513652621e16 0 0 0
3 50 1.0368284735849014e17 1.0368284735849014e17 0 0 0
4 50 7.632480633984158e16 7.632480633984158e16 0 0 0
5 50 5.729112795341015e16 5.729112795341015e16 0 0 0
6 50 3.780125818047282e16 3.780125818047282e16 0 0 0
7 50 4.6340741193554424e16 4.6340741193554424e16 0 0 0
8 50 5.39390552399315e16 5.39390552399315e16 0 0 0
9 50 2.5673214698250948e16 2.5673214698250948e16 0 0 0
0 51 3.4333806193460276e16 3.4333806193460276e16 0 0 0
1 51 7.133713579579956e16 7.133713579579956e16 0 0 0
2 51 8.654343107085538e16 8.654343107085538e16 0 0 0
3 51 5.927517364237699e16 5.927517364237699e16 0 0 0
4 51 3.4912041801895944e16 3.4912041801895944e16 0 0 0
5 51 1.529522761884322e16 1.529522761884322e16 0 0 0
6 51 6.683015598138467e15 6.683015598138467e15 0 0 0
7 51 5.652321016311542e16 5.652321016311542e16 0 0 0
8 51 6.425601340089414e16 6.425601340089414e16 0 0 0
9 51 1.1969642536781885e17 1.1969642536781885e17 0 0 0
0 52 5.364133819914819e16 5.364133819914819e16 0 0 0
1 52 6.315058758640492e16 6.315058758640492e16 0 0 0
2 52 5.734693383569609e16 5.734693383569609e16 0 0 0
3 52 4.6429374387775064e16 4.6429374387775064e16 0 0 0
4 52 3.104220994224046e16 3.104220994224046e16 0 0 0
5 52 3.3428544439415268e16 3.3428544439415268e16 0 0 0
6 52 2.0300917118630704e16 2.0300917118630704e16 0 0 0
7 52 1.8538510201819536e16 1.8538510201819536e16 0 0 0
8 52 8.071418571994957e16 8.071418571994957e16 0 0 0
9 52 2.5410791135732867e17 2.5410791135732867e17 0 0 0
0 53 2.7414703574855268e16 2.7414703574855268e16 0 0 0
1 53 2.1873730849067096e16 2.1873730849067096e16 0 0 0
2 53 1.3967544527270164e16 1.3967544527270164e16 0 0 0
3 53 3.0801261574332572e16 3.0801261574332572e16 0 0 0
4 53 2.226239191921599e16 2.226239191921599e16 0 0 0
5 53 2.0098218257749764e16 2.0098218257749764e16 0 0 0
6 53 1.6149919275516612e16 1.6149919275516612e16 0 0 0
7 53 1.3138788603327268e16 1.3138788603327268e16 0 0 0
8 53 1.1340000041622498e17 1.1340000041622498e17 0 0 0
9 53 2.8457687064738867e17 2.8457687064738867e17 0 0 0
0 54 2.9590386589400556e16 2.9590386589400556e16 0 0 0
1 54 2.290413667948864e16 2.290413667948864e16 0 0 0
2 54 1.5807627979981214e16 1.5807627979981214e16 0 0 0
3 54 3.936971780105393e15 3.936971780105393e15 0 0 0
4 54 3.060320155364463e15 3.060320155364463e15 0 0 0
5 54 3.743746276327755e16 3.743746276327755e16 0 0 0
6 54 1.974978279702796e16 1.974978279702796e16 0 0 0
7 54 1.5617420420874194e16 1.5617420420874194e16 0 0 0
8 54 1.594130637486483e17 1.594130637486483e17 0 0 0
9 54 2.6936837664977786e17 2.6936837664977786e17 0 0 0
0 55 7.382978564321987e15 7.382978564321987e15 0 0 0
1 55 6.07113943492076e15 6.07113943492076e15 0 0 0
2 55 1.561958876344134e15 1.561958876344134e15 0 0 0
3 55 1.8201893913524176e16 1.8201893913524176e16 0 0 0
4 55 2.2048027463385702e15 2.2048027463385702e15 0 0 0
5 55 1.4041793382971622e15 1.4041793382971622e15 0 0 0
6 55 2.37633111370977e16 2.37633111370977e16 0 0 0
7 55 2.234673283442088e16 2.234673283442088e16 0 0 0
8 55 1.4771389309971712e17 1.4771389309971712e17 0 0 0
9 55 2.9538258054059085e17 2.9538258054059085e17 0 0 0
0 56 3.1853856089031308e16 3.1853856089031308e16 0 0 0
1 56 1.984075531829831e16 1.984075531829831e16 0 0 0
2 56 2.852238697110159e15 2.852238697110159e15 0 0 0
3 56 2.7011888034620778e14 2.7011888034620778e14 0 0 0
4 56 7.637313660390825e15 7.637313660390825e15 0 0 0
5 56 4.706781704618351e15 4.706781704618351e15 0 0 0
6 56 2.554930726202777e16 2.554930726202777e16 0 0 0
7 56 2.773625652037278e16 2.773625652037278e16 0 0 0
8 56 1.8590869454857226e17 1.8590869454857226e17 0 0 0
9 56 2.900885217283495e17 2.900885217283495e17 0 0 0
0 57 1.2292737268444766e16 1.2292737268444766e16 0 0 0
1 57 3.6144410281450325e15 3.6144410281450325e15 0 0 0
2 57 1.989567157291182e14 1.989567157291182e14 0 0 0
3 57 7.958657012165362e15 7.958657012165362e15 0 0 0
4 57 1.2332709139469272e15 1.2332709139469272e15 0 0 0
5 57 2.5094802434746956e16 2.5094802434746956e16 0 0 0
6 57 8.734903983746902e15 8.734903983746902e15 0 0 0
7 57 4.239559391800992e16 4.239559391800992e16 0 0 0
8 57 1.945779117635814e17 1.945779117635814e17 0 0 0
9 57 2.8760424960433264e17 2.8760424960433264e17 0 0 0
0 58 1.6934445365383425e15 1.6934445365383425e15 0 0 0
1 58 1.5719025547226608e16 1.5719025547226608e16 0 0 0
2 58 1.09163324370355e15 1.09163324370355e15 0 0 0
3 58 2.3035150594987388e16 2.3035150594987388e16 0 0 0
4 58 2.7827281920886595e15 2.7827281920886595e15 0 0 0
5 58 5.938496393552524e14 5.938496393552524e14 0 0 0
6 58 1.536727903982639e16 1.536727903982639e16 0 0 0
7 58 4.696359086655153e16 4.696359086655153e16 0 0 0
8 58 1.800306426134816e17 1.800306426134816e17 0 0 0
9 58 3.0994580462816275e17 3.0994580462816275e17 0 0 0
0 59 1.390886585597227e16 1.390886585597227e16 0 0 0
1 59 2.6027993284338085e15 2.6027993284338085e15 0 0 0
2 59 1.165481392093503e16 1.165481392093503e16 0 0 0
3 59 5.0458307078079575e14 5.0458307078079575e14 0 0 0
4 59 2.2103418984573244e16 2.2103418984573244e16 0 0 0
5 59 9.352534306175206e15 9.352534306175206e15 0 0 0
6 59 3.745502175319647e16 3.745502175319647e16 0 0 0
7 59 2.0607656648113436e16 2.0607656648113436e16 0 0 0
8 59 1.8113367552244035e17 1.8113367552244035e17 0 0 0
9 59 2.7231182335497488e17 2.7231182335497488e17 0 0 0
10 50 5.031322045526041e16 5.031322045526041e16 0 0 0
11 50 2.973058339731689e16 2.973058339731689e16 0 0 0
12 50 7.492505366976464e16 7.492505366976464e16 0 0 0
13 50 8.87019665076158e16 8.87019665076158e16 0 0 0
14 50 1.4409723490884101e17 1.4409723490884101e17 0 0 0
15 50 2.0537615904095155e17 2.0537615904095155e17 0 0 0
16 50 2.5180528984609354e17 2.5180528984609354e17 0 0 0
17 50 2.916668281062472e17 2.916668281062472e17 0 0 0
18 50 3.565017937862324e17 3.565017937862324e17 0 0 0
19 50 3.28014195615493e17 3.28014195615493e17 0 0 0
10 51 2.3575758674422432e17 2.3575758674422432e17 0 0 0
11 51 4.3511662663574104e16 4.3511662663574104e16 0 0 0
12 51 4.8952042193286824e16 4.8952042193286824e16 0 0 0
13 51 1.319443391700735e17 1.319443391700735e17 0 0 0
14 51 1.6613441826157917e17 1.6613441826157917e17 0 0 0
15 51 2.7349532642068058e17 2.7349532642068058e17 0 0 0
16 51 2.7391589602192893e17 2.7391589602192893e17 0 0 0
17 51 2.544213886758759e17 2.544213886758759e17 0 0 0
18 51 3.7370341320466035e17 3.7370341320466035e17 0 0 0
19 51 3.06320912914351e17 3.06320912914351e17 0 0 0
10 52 3.0101904770791264e17 3.0101904770791264e17 0 0 0
11 52 1.0608400013778024e17 1.0608400013778024e17 0 0 0
12 52 1.1176048515963315e17 1.1176048515963315e17 0 0 0
13 52 1.649792665399174e17 1.649792665399174e17 0 0 0
14 52 1.8377553330005955e17 1.8377553330005955e17 0 0 0
15 52 2.571027918383516e17 2.571027918383516e17 0 0 0
16 52 3.05408031767471e17 3.05408031767471e17 0 0 0
17 52 2.859520670327631e17 2.859520670327631e17 0 0 0
18 52 2.3573142757907648e17 2.3573142757907648e17 0 0 0
19 52 2.771996720905864e17 2.771996720905864e17 0 0 0
10 53 3.312102941658628e17 3.312102941658628e17 0 0 0
11 53 8.14142504574487e16 8.14142504574487e16 0 0 0
12 53 1.2093022535728784e17 1.2093022535728784e17 0 0 0
13 53 1.6175493887202592e17 1.6175493887202592e17 0 0 0
14 53 1.519692010112517e17 1.519692010112517e17 0 0 0
15 53 2.075163689588752e17 2.075163689588752e17 0 0 0
16 53 2.629604901124097e17 2.629604901124097e17 0 0 0
17 53 2.1679491670513603e17 2.1679491670513603e17 0 0 0
18 53 2.4800414244688595e17 2.4800414244688595e17 0 0 0
19 53 1.4333993700009722e17 1.4333993700009722e17 0 0 0
10 54 4.431200420432324e17 4.431200420432324e17 0 0 0
11 54 2.0863457805402102e17 2.0863457805402102e17 0 0 0
12 54 1.0876230428015096e17 1.0876230428015096e17 0 0 0
13 54 1.2667735440265512e17 1.2667735440265512e17 0 0 0
14 54 1.9077024836486986e17 1.9077024836486986e17 0 0 0
15 54 3.388785559654097e17 3.388785559654097e17 0 0 0
16 54 2.930401559242208e17 2.930401559242208e17 0 0 0
17 54 2.1728785353435725e17 2.1728785353435725e17 0 0 0
18 54 2.8226284877915584e17 2.8226284877915584e17 0 0 0
19 54 1.763951190714701e17 1.763951190714701e17 0 0 0
10 55 4.5216091595750317e17 4.5216091595750317e17 0 0 0
11 55 3.4133953501870285e17 3.4133953501870285e17 0 0 0
12 55 1.368777452392328e17 1.368777452392328e17 0 0 0
13 55 1.7709208251761014e17 1.7709208251761014e17 0 0 0
14 55 2.4303167715483347e17 2.4303167715483347e17 0 0 0
15 55 3.911812084827804e17 3.911812084827804e17 0 0 0
16 55 3.565655878238447e17 3.565655878238447e17 0 0 0
17 55 2.7665118152689395e17 2.7665118152689395e17 0 0 0
18 55 3.182129195840892e17 3.182129195840892e17 0 0 0
19 55 2.2891488693175194e17 2.2891488693175194e17 0 0 0
10 56 4.3801942825818003e17 4.3801942825818003e17 0 0 0
11 56 3.1996595011788365e17 3.1996595011788365e17 0 0 0
12 56 1.4004681083219416e17 1.4004681083219416e17 0 0 0
13 56 1.6875156759852118e17 1.6875156759852118e17 0 0 0
14 56 3.941081276745112e17 3.941081276745112e17 0 0 0
15 56 4.509272222682077e17 4.509272222682077e17 0 0 0
16 56 5.550596321580666e17 5.550596321580666e17 0 0 0
17 56 2.2894615527493712e17 2.2894615527493712e17 0 0 0
18 56 2.6070441847240474e17 2.6070441847240474e17 0 0 0
19 56 1.9622086942802224e17 1.9622086942802224e17 0 0 0
10 57 3.9357803758529965e17 3.9357803758529965e17 0 0 0
11 57 3.874485484064565e17 3.874485484064565e17 0 0 0
12 57 1.5238133605774957e17 1.5238133605774957e17 0 0 0
13 57 1.841447534963342e17 1.841447534963342e17 0 0 0
14 57 3.059719485221661e17 3.059719485221661e17 0 0 0
15 57 4.696805166298913e17 4.696805166298913e17 0 0 0
16 57 5.543041479818477e17 5.543041479818477e17 0 0 0
17 57 3.7239908363357075e17 3.7239908363357075e17 0 0 0
18 57 3.102400170344378e17 3.102400170344378e17 0 0 0
19 57 2.4856375623903466e17 2.4856375623903466e17 0 0 0
10 58 4.090019045784133e17 4.090019045784133e17 0 0 0
11 58 5.088606085001021e17 5.088606085001021e17 0 0 0
12 58 1.5108000776141834e17 1.5108000776141834e17 0 0 0
13 58 2.5784010385712285e17 2.5784010385712285e17 0 0 0
14 58 2.934757596620592e17 2.934757596620592e17 0 0 0
15 58 4.5120535956954477e17 4.5120535956954477e17 0 0 0
16 58 5.474998343418341e17 5.474998343418341e17 0 0 0
17 58 4.874409001515415e17 4.874409001515415e17 0 0 0
18 58 3.219914810964273e17 3.219914810964273e17 0 0 0
19 58 2.8949205771959366e17 2.8949205771959366e17 0 0 0
10 59 3.456888028213265e17 3.456888028213265e17 0 0 0
11 59 4.732675598190892e17 4.732675598190892e17 0 0 0
12 59 2.340465376358639e17 2.340465376358639e17 0 0 0
13 59 2.0834167674166416e17 2.0834167674166416e17 0 0 0
14 59 3.155103051320663e17 3.155103051320663e17 0 0 0
15 59 3.783040001433337e17 3.783040001433337e17 0 0 0
16 59 5.553234936878462e17 5.553234936878462e17 0 0 0
17 59 5.383282836640613e17 5.383282836640613e17 0 0 0
18 59 2.5821956076833315e17 2.5821956076833315e17 0 0 0
19 59 2.3155289978647027e17 2.3155289978647027e17 0 0 0
20 50 1.66086314030955e17 1.66086314030955e17 0 0 0
21 50 1.9890341274148694e17 1.9890341274148694e17 0 0 0
22 50 3.098406147223265e17 3.098406147223265e17 0 0 0
23 50 5.376400449030565e17 5.376400449030565e17 0 0 0
24 50 6.430725825276156e17 6.430725825276156e17 0 0 0
25 50 5.7238358260826765e17 5.7238358260826765e17 0 0 0
26 50 6.404002908119912e17 6.404002908119912e17 0 0 0
27 50 7.58310777860753e17 7.58310777860753e17 0 0 0
28 50 9.2871936242809e17 9.2871936242809e17 0 0 0
29 50 1.5149337053640448e18 1.5149337053640448e18 0 0 0
20 51 2.5535099533773606e17 2.5535099533773606e17 0 0 0
21 51 2.0164196023817178e17 2.0164196023817178e17 0 0 0
22 51 3.4070797783384576e17 3.4070797783384576e17 0 0 0
23 51 4.159800430368119e17 4.159800430368119e17 0 0 0
24 51 6.57262574141877e17 6.57262574141877e17 0 0 0
25 51 7.145757368608799e17 7.145757368608799e17 0 0 0
26 51 8.658101951322318e17 8.658101951322318e17 0 0 0
27 51 5.495765606137288e17 5.495765606137288e17 0 0 0
28 51 6.631510994001204e17 6.631510994001204e17 0 0 0
29 51 1.2642653755616259e18 1.2642653755616259e18 0 0 0
20 52 2.212319063722951e17 2.212319063722951e17 0 0 0
21 52 1.353471512692173e17 1.353471512692173e17 0 0 0
22 52 2.792124982533713e17 2.792124982533713e17 0 0 0
23 52 3.551229208344974e17 3.551229208344974e17 0 0 0
24 52 7.128251982470614e17 7.128251982470614e17 0 0 0
25 52 6.430954410797187e17 6.430954410797187e17 0 0 0
26 52 8.14811675105422e17 8.14811675105422e17 0 0 0
27 52 5.5095869445231635e17 5.5095869445231635e17 0 0 0
28 52 6.036673556101357e17 6.036673556101357e17 0 0 0
29 52 9.377292097323425e17 9.377292097323425e17 0 0 0
20 53 2.480329738119164e17 2.480329738119164e17 0 0 0
21 53 2.5134964323217446e17 2.5134964323217446e17 0 0 0
22 53 3.9720997556402374e17 3.9720997556402374e17 0 0 0
23 53 3.786047125823599e17 3.786047125823599e17 0 0 0
24 53 6.257460319422648e17 6.257460319422648e17 0 0 0
25 53 8.129117170228448e17 8.129117170228448e17 0 0 0
26 53 5.776063072933714e17 5.776063072933714e17 0 0 0
27 53 3.069379330738797e17 3.069379330738797e17 0 0 0
28 53 5.147879074203069e17 5.147879074203069e17 0 0 0
29 53 4.924811853808417e17 4.924811853808417e17 0 0 0
20 54 1.1273827377212522e17 1.1273827377212522e17 0 0 0
21 54 3.208051833074004e17 3.208051833074004e17 0 0 0
22 54 5.016109913071384e17 5.016109913071384e17 0 0 0
23 54 3.9913097954332736e17 3.9913097954332736e17 0 0 0
24 54 5.841052398223313e17 5.841052398223313e17 0 0 0
25 54 7.124200811835697e17 7.124200811835697e17 0 0 0
26 54 4.311914093484735e17 4.311914093484735e17 0 0 0
27 54 3.757811071815807e17 3.757811071815807e17 0 0 0
28 54 6.611516934295667e17 6.611516934295667e17 0 0 0
29 54 5.6836892302017075e17 5.6836892302017075e17 0 0 0
20 55 2.04689572778698e17 2.04689572778698e17 0 0 0
21 55 2.7568451791368694e17 2.7568451791368694e17 0 0 0
22 55 4.1326276218415686e17 4.1326276218415686e17 0 0 0
23 55 4.950951370842381e17 4.950951370842381e17 0 0 0
24 55 5.956066377176778e17 5.956066377176778e17 0 0 0
25 55 6.877763901343564e17 6.877763901343564e17 0 0 0
26 55 4.229069759733514e17 4.229069759733514e17 0 0 0
27 55 4.187727357987027e17 4.187727357987027e17 0 0 0
28 55 5.851989812392854e17 5.851989812392854e17 0 0 0
29 55 3.9069498134396275e17 3.9069498134396275e17 0 0 0
20 56 1.9899183061852624e17 1.9899183061852624e17 0 0 0
21 56 2.9836670249564064e17 2.9836670249564064e17 0 0 0
22 56 3.9060378638115923e17 3.9060378638115923e17 0 0 0
23 56 4.256468950957411e17 4.256468950957411e17 0 0 0
24 56 4.680889092763344e17 4.680889092763344e17 0 0 0
25 56 5.4145865145464845e17 5.4145865145464845e17 0 0 0
26 56 4.005333432584706e17 4.005333432584706e17 0 0 0
27 56 6.851006678312507e17 6.851006678312507e17 0 0 0
28 56 7.869948852064303e17 7.869948852064303e17 0 0 0
29 56 6.434996681840864e17 6.434996681840864e17 0 0 0
20 57 2.951777342562184e17 2.951777342562184e17 0 0 0
21 57 3.970393739352556e17 3.970393739352556e17 0 0 0
22 57 2.766563542531272e17 2.766563542531272e17 0 0 0
23 57 4.726430296770332e17 4.726430296770332e17 0 0 0
24 57 4.812994563431857e17 4.812994563431857e17 0 0 0
25 57 3.7001501418204576e17 3.7001501418204576e17 0 0 0
26 57 4.9023904604196474e17 4.9023904604196474e17 0 0 0
27 57 8.043976459671402e17 8.043976459671402e17 0 0 0
28 57 5.99023596563477e17 5.99023596563477e17 0 0 0
29 57 6.340658173053441e17 6.340658173053441e17 0 0 0
20 58 3.40358188049751e17 3.40358188049751e17 0 0 0
21 58 2.3931865236746938e17 2.3931865236746938e17 0 0 0
22 58 5.694775359406342e17 5.694775359406342e17 0 0 0
23 58 6.81863246708406e17 6.81863246708406e17 0 0 0
24 58 5.1290946370304186e17 5.1290946370304186e17 0 0 0
25 58 4.6282229137126374e17 4.6282229137126374e17 0 0 0
26 58 6.4744970842019e17 6.4744970842019e17 0 0 0
27 58 9.156276500463512e17 9.156276500463512e17 0 0 0
28 58 7.912782409133862e17 7.912782409133862e17 0 0 0
29 58 6.034000948060524e17 6.034000948060524e17 0 0 0
20 59 2.979347881583817e17 2.979347881583817e17 0 0 0
21 59 3.962793830672361e17 3.962793830672361e17 0 0 0
22 59 7.047462683350103e17 7.047462683350103e17 0 0 0
23 59 6.225937614900987e17 6.225937614900987e17 0 0 0
24 59 5.0224471085420243e17 5.0224471085420243e17 0 0 0
25 59 4.4188596745807334e17 4.4188596745807334e17 0 0 0
26 59 3.611556482913177e17 3.611556482913177e17 0 0 0
27 59 6.287626827876196e17 6.287626827876196e17 0 0 0
28 59 5.229235042119746e17 5.229235042119746e17 0 0 0
29 59 4.1634742180611085e17 4.1634742180611085e17 0 0 0
30 50 1.9846997032086152e18 1.9846997032086152e18 0 0 0
31 50 3.3928245186979323e18 3.3928245186979323e18 0 0 0
32 50 3.409833122519271e18 3.409833122519271e18 0 0 0
33 50 3.422363207569768e18 3.422363207569768e18 0 0 0
34 50 6.280860312002996e18 6.280860312002996e18 0 0 0
35 50 1.544043609386897e19 1.544043609386897e19 0 0 0
36 50 1.053766772211042e19 1.053766772211042e19 0 0 0
37 50 1.841070419950018e19 1.841070419950018e19 0 0 0
38 50 1.0790614185670343e19 1.0790614185670343e19 0 0 0
39 50 1.087691838382674e19 1.087691838382674e19 0 0 0
30 51 1.7119800641505295e18 1.7119800641505295e18 0 0 0
31 51 2.594154738214241e18 2.594154738214241e18 0 0 0
32 51 1.8864195259519616e18 1.8864195259519616e18 0 0 0
33 51 3.185903574852455e18 3.185903574852455e18 0 0 0
34 51 5.593691578804623e18 5.593691578804623e18 0 0 0
35 51 1.2333027672705196e19 1.2333027672705196e19 0 0 0
36 51 1.1550611502706196e19 1.1550611502706196e19 0 0 0
37 51 1.6801640811839982e19 1.6801640811839982e19 0 0 0
38 51 9.80489032043745e18 9.80489032043745e18 0 0 0
39 51 7.64746277454809e18 7.64746277454809e18 0 0 0
30 52 8.415494338528613e17 8.415494338528613e17 0 0 0
31 52 2.0400832828774108e18 2.0400832828774108e18 0 0 0
32 52 1.804543258244301e18 1.804543258244301e18 0 0 0
33 52 3.763548350055926e18 3.763548350055926e18 0 0 0
34 52 6.457894225410334e18 6.457894225410334e18 0 0 0
35 52 1.0386845794356306e19 1.0386845794356306e19 0 0 0
36 52 1.254137449781784e19 1.254137449781784e19 0 0 0
37 52 1.2513560211531418e19 1.2513560211531418e19 0 0 0
38 52 9.116257801853756e18 9.116257801853756e18 0 0 0
39 52 7.604851435473517e18 7.604851435473517e18 0 0 0
30 53 6.788999825280755e17 6.788999825280755e17 0 0 0
31 53 2.0790815922586552e18 2.0790815922586552e18 0 0 0
32 53 2.1124195491559987e18 2.1124195491559987e18 0 0 0
33 53 3.6440643811002435e18 3.6440643811002435e18 0 0 0
34 53 6.72847182886901e18 6.72847182886901e18 0 0 0
35 53 1.0280530232538108e19 1.0280530232538108e19 0 0 0
36 53 1.1688025214940426e19 1.1688025214940426e19 0 0 0
37 53 9.33220065635985e18 9.33220065635985e18 0 0 0
38 53 7.595751955246524e18 7.595751955246524e18 0 0 0
39 53 7.878417865809108e18 7.878417865809108e18 0 0 0
30 54 3.655167059988658e17 3.655167059988658e17 0 0 0
31 54 1.6126318956033147e18 1.6126318956033147e18 0 0 0
32 54 3.00309301137531e18 3.00309301137531e18 0 0 0
33 54 3.762378312942246e18 3.762378312942246e18 0 0 0
34 54 6.156470451434206e18 6.156470451434206e18 0 0 0
35 54 9.400618978434165e18 9.400618978434165e18 0 0 0
36 54 1.1716847118008832e19 1.1716847118008832e19 0 0 0
37 54 7.405258693464667e18 7.405258693464667e18 0 0 0
38 54 6.809318125980488e18 6.809318125980488e18 0 0 0
39 54 5.852070979916529e18 5.852070979916529e18 0 0 0
30 55 4.754754976365506e17 4.754754976365506e17 0 0 0
31 55 1.348334407049391e18 1.348334407049391e18 0 0 0
32 55 2.976978951771878e18 2.976978951771878e18 0 0 0
33 55 4.679859228965192e18 4.679859228965192e18 0 0 0
34 55 5.418325062250528e18 5.418325062250528e18 0 0 0
35 55 1.054255002501301e19 1.054255002501301e19 0 0 0
36 55 1.1304637843454714e19 1.1304637843454714e19 0 0 0
37 55 6.807622037850723e18 6.807622037850723e18 0 0 0
38 55 7.82219957640461e18 7.82219957640461e18 0 0 0
39 55 5.863561718221051e18 5.863561718221051e18 0 0 0
30 56 5.973190699239924e17 5.973190699239924e17 0 0 0
31 56 1.548945013455407e18 1.548945013455407e18 0 0 0
32 56 2.9043761665893274e18 2.9043761665893274e18 0 0 0
33 56 4.361713081900488e18 4.361713081900488e18 0 0 0
34 56 3.771549418328291e18 3.771549418328291e18 0 0 0
35 56 1.0667511066504325e19 1.0667511066504325e19 0 0 0
36 56 1.1604235623009286e19 1.1604235623009286e19 0 0 0
37 56 7.063385637243258e18 7.063385637243258e18 0 0 0
38 56 7.613269284026054e18 7.613269284026054e18 0 0 0
39 56 5.916205932016975e18 5.916205932016975e18 0 0 0
30 57 7.454788024130752e17 7.454788024130752e17 0 0 0
31 57 1.3358350233139528e18 1.3358350233139528e18 0 0 0
32 57 3.4992694152660224e18 3.4992694152660224e18 0 0 0
33 57 3.687795285280265e18 3.687795285280265e18 0 0 0
34 57 3.5777434663475773e18 3.5777434663475773e18 0 0 0
35 57 9.91816156008754e18 9.91816156008754e18 0 0 0
36 57 1.0941973513687427e19 1.0941973513687427e19 0 0 0
37 57 5.640804386153457e18 5.640804386153457e18 0 0 0
38 57 8.660218594171038e18 8.660218594171038e18 0 0 0
39 57 4.755104189860653e18 4.755104189860653e18 0 0 0
30 58 3.4651708109078995e17 3.4651708109078995e17 0 0 0
31 58 1.3865267434649992e18 1.3865267434649992e18 0 0 0
32 58 2.6257891325924623e18 2.6257891325924623e18 0 0 0
33 58 3.0315104310740956e18 3.0315104310740956e18 0 0 0
34 58 2.4927345305626793e18 2.4927345305626793e18 0 0 0
35 58 7.746162439421143e18 7.746162439421143e18 0 0 0
36 58 9.776227770611728e18 9.776227770611728e18 0 0 0
37 58 7.549215451206788e18 7.549215451206788e18 0 0 0
38 58 7.042357368084092e18 7.042357368084092e18 0 0 0
39 58 5.52367449399305e18 5.52367449399305e18 0 0 0
30 59 6.038978929407803e17 6.038978929407803e17 0 0 0
31 59 7.901765979361267e17 7.901765979361267e17 0 0 0
32 59 2.0202052888818964e18 2.0202052888818964e18 0 0 0
33 59 3.0653926625446917e18 3.0653926625446917e18 0 0 0
34 59 3.153508949475999e18 3.153508949475999e18 0 0 0
35 59 5.267754813181485e18 5.267754813181485e18 0 0 0
36 59 7.481467155442915e18 7.481467155442915e18 0 0 0
37 59 7.589637344870658e18 7.589637344870658e18 0 0 0
38 59 5.969262625891112e18 5.969262625891112e18 0 0 0
39 59 6.961200273047003e18 6.961200273047003e18 0 0 0
40 50 2.4198335320166067e18 2.4198335320166067e18 0 0 0
41 50 6.381985339002898e18 6.381985339002898e18 0 0 0
42 50 2.984843944758653e18 2.984843944758653e18 0 0 0
43 50 3.0424361341394925e17 3.0424361341394925e17 0 0 0
44 50 1.541436112495495e16 1.541436112495495e16 0 0 0
45 50 0.0 0.0 0 0 0
46 50 0.0 0.0 0 0 0
47 50 0.0 0.0 0 0 0
48 50 0.0 0.0 0 0 0
49 50 0.0 0.0 0 0 0
40 51 3.7005103826218977e18 3.7005103826218977e18 0 0 0
41 51 6.209326723991998e18 6.209326723991998e18 0 0 0
42 51 3.068629671473328e18 3.068629671473328e18 0 0 0
43 51 8.346083032597742e17 8.346083032597742e17 0 0 0
44 51 2.67061269681339e16 2.67061269681339e16 0 0 0
45 51 0.0 0.0 0 0 0
46 51 0.0 0.0 0 0 0
47 51 0.0 0.0 0 0 0
48 51 0.0 0.0 0 0 0
49 51 0.0 0.0 0 0 0
40 52 3.141414074454137e18 3.141414074454137e18 0 0 0
41 52 7.458488892520879e18 7.458488892520879e18 0 0 0
42 52 3.904381253039242e18 3.904381253039242e18 0 0 0
43 52 3.9994437671259994e17 3.9994437671259994e17 0 0 0
44 52 2.2095709674061828e16 2.2095709674061828e16 0 0 0
45 52 7.205604210012233e11 7.205604210012233e11 0 0 0
46 52 0.0 0.0 0 0 0
47 52 0.0 0.0 0 0 0
48 52 0.0 0.0 0 0 0
49 52 0.0 0.0 0 0 0
40 53 5.984942711797615e18 5.984942711797615e18 0 0 0
41 53 7.506704320870834e18 7.506704320870834e18 0 0 0
42 53 2.847886562759122e18 2.847886562759122e18 0 0 0
43 53 9.718877732074004e17 9.718877732074004e17 0 0 0
44 53 1.2801438645281464e18 1.2801438645281464e18 0 0 0
45 53 2.0325592570105644e16 2.0325592570105644e16 0 0 0
46 53 1.3689778932410008e11 1.3689778932410008e11 0 0 0
47 53 0.0 0.0 0 0 0
48 53 0.0 0.0 0 0 0
49 53 0.0 0.0 0 0 0
40 54 2.2220253829266767e18 2.2220253829266767e18 0 0 0
41 54 8.278664257761721e18 8.278664257761721e18 0 0 0
42 54 2.500052921934842e18 2.500052921934842e18 0 0 0
43 54 2.2035571363686067e18 2.2035571363686067e18 0 0 0
44 54 1.0668701997495098e18 1.0668701997495098e18 0 0 0
45 54 4.794787593190602e15 4.794787593190602e15 0 0 0
46 54 2.3821071264268184e16 2.3821071264268184e16 0 0 0
47 54 1.219533409336726e12 1.219533409336726e12 0 0 0
48 54 3.3692455056186584e11 3.3692455056186584e11 0 0 0
49 54 1.322635822667507e12 1.322635822667507e12 0 0 0
40 55 5.113225300285421e18 5.113225300285421e18 0 0 0
41 55 8.121611086689679e18 8.121611086689679e18 0 0 0
42 55 4.1623900200445133e18 4.1623900200445133e18 0 0 0
43 55 1.9992353781451873e18 1.9992353781451873e18 0 0 0
44 55 1.1871434114360061e18 1.1871434114360061e18 0 0 0
45 55 2.2318178651023954e18 2.2318178651023954e18 0 0 0
46 55 9.08326705041129e17 9.08326705041129e17 0 0 0
47 55 2.3693704780901005e17 2.3693704780901005e17 0 0 0
48 55 5.7818579070483656e16 5.7818579070483656e16 0 0 0
49 55 4.784102963948791e16 4.784102963948791e16 0 0 0
40 56 3.2292060212278364e18 3.2292060212278364e18 0 0 0
41 56 1.3373963349755896e19 1.3373963349755896e19 0 0 0
42 56 6.00306513499048e18 6.00306513499048e18 0 0 0
43 56 1.7901848845961577e18 1.7901848845961577e18 0 0 0
44 56 1.8782477486286308e18 1.8782477486286308e18 0 0 0
45 56 2.2993961402399683e18 2.2993961402399683e18 0 0 0
46 56 3.22719470983655e18 3.22719470983655e18 0 0 0
47 56 1.4866293437280138e18 1.4866293437280138e18 0 0 0
48 56 2.4806420408633e18 2.4806420408633e18 0 0 0
49 56 7.756774928494188e15 7.756774928494188e15 0 0 0
40 57 3.280554601587214e18 3.280554601587214e18 0 0 0
41 57 1.0828730274783885e19 1.0828730274783885e19 0 0 0
42 57 1.1920355266466517e19 1.1920355266466517e19 0 0 0
43 57 2.9488647808021606e18 2.9488647808021606e18 0 0 0
44 57 2.0012051362299633e18 2.0012051362299633e18 0 0 0
45 57 2.0273543703596393e18 2.0273543703596393e18 0 0 0
46 57 2.4365790572448005e18 2.4365790572448005e18 0 0 0
47 57 2.2027955055165783e18 2.2027955055165783e18 0 0 0
48 57 3.68651566827425e18 3.68651566827425e18 0 0 0
49 57 2.364567770715852e18 2.364567770715852e18 0 0 0
40 58 2.970477357190316e18 2.970477357190316e18 0 0 0
41 58 7.224903363519762e18 7.224903363519762e18 0 0 0
42 58 8.787944177923775e18 8.787944177923775e18 0 0 0
43 58 7.176095036475363e18 7.176095036475363e18 0 0 0
44 58 2.159173054953758e18 2.159173054953758e18 0 0 0
45 58 1.9944712411316001e18 1.9944712411316001e18 0 0 0
46 58 2.0912177217995377e18 2.0912177217995377e18 0 0 0
47 58 1.9936902678762463e18 1.9936902678762463e18 0 0 0
48 58 3.5040252156879923e18 3.5040252156879923e18 0 0 0
49 58 2.817674615721043e18 2.817674615721043e18 0 0 0
40 59 3.064538622023636e18 3.064538622023636e18 0 0 0
41 59 5.042383469177196e18 5.042383469177196e18 0 0 0
42 59 7.471648119696953e18 7.471648119696953e18 0 0 0
43 59 5.544184454923485e18 5.544184454923485e18 0 0 0
44 59 1.062636574100612e19 1.062636574100612e19 0 0 0
45 59 2.207865513112555e18 2.207865513112555e18 0 0 0
46 59 1.3900650810800453e18 1.3900650810800453e18 0 0 0
47 59 2.834493233618994e18 2.834493233618994e18 0 0 0
48 59 2.431627015246829e18 2.431627015246829e18 0 0 0
49 59 2.9866025872073784e18 2.9866025872073784e18 0 0 0
50 50 0.0 0.0 0 0 0
51 50 0.0 0.0 0 0 0
52 50 0.0 0.0 0 0 0
53 50 3.760642855791115e13 3.760642855791115e13 0 0 0
54 50 1.0374155439876028e18 1.0374155439876028e18 0 0 0
55 50 5.6987561667864525e17 5.6987561667864525e17 0 0 0
56 50 9.603951703793711e17 9.603951703793711e17 0 0 0
57 50 2.716743252221188e18 2.716743252221188e18 0 0 0
58 50 1.1378244178250633e19 1.1378244178250633e19 0 0 0
59 50 8.17970690770415e18 8.17970690770415e18 0 0 0
50 51 0.0 0.0 0 0 0
51 51 0.0 0.0 0 0 0
52 51 0.0 0.0 0 0 0
53 51 9.69630403893723e12 9.69630403893723e12 0 0 0
54 51 7.14183193651913e17 7.14183193651913e17 0 0 0
55 51 5.48530269025549e17 5.48530269025549e17 0 0 0
56 51 2.316927417105608e16 2.316927417105608e16 0 0 0
57 51 6.613011183736059e18 6.613011183736059e18 0 0 0
58 51 1.0867439000670947e19 1.0867439000670947e19 0 0 0
59 51 7.588043210727125e18 7.588043210727125e18 0 0 0
50 52 0.0 0.0 0 0 0
51 52 0.0 0.0 0 0 0
52 52 0.0 0.0 0 0 0
53 52 3.079646081873178e17 3.079646081873178e17 0 0 0
54 52 3.688615533680836e17 3.688615533680836e17 0 0 0
55 52 6.622421562773764e17 6.622421562773764e17 0 0 0
56 52 2.692714456750715e18 2.692714456750715e18 0 0 0
57 52 1.3064112532103815e19 1.3064112532103815e19 0 0 0
58 52 8.161878586513072e18 8.161878586513072e18 0 0 0
59 52 3.547323824708538e18 3.547323824708538e18 0 0 0
50 53 0.0 0.0 0 0 0
51 53 0.0 0.0 0 0 0
52 53 2.474652047488878e13 2.474652047488878e13 0 0 0
53 53 2.027069641536537e17 2.027069641536537e17 0 0 0
54 53 1.0177549929426378e18 1.0177549929426378e18 0 0 0
55 53 1.980513540461063e17 1.980513540461063e17 0 0 0
56 53 9.85179487881192e18 9.85179487881192e18 0 0 0
57 53 8.121917024346552e18 8.121917024346552e18 0 0 0
58 53 4.30852924834593e18 4.30852924834593e18 0 0 0
59 53 8.895400214305739e18 8.895400214305739e18 0 0 0
50 54 9.816373635207793e11 9.816373635207793e11 0 0 0
51 54 1.0974224002478954e17 1.0974224002478954e17 0 0 0
52 54 1.4743141484027632e17 1.4743141484027632e17 0 0 0
53 54 5.3067422530560186e17 5.3067422530560186e17 0 0 0
54 54 3.351295990856236e16 3.351295990856236e16 0 0 0
55 54 9.001131319648811e18 9.001131319648811e18 0 0 0
56 54 7.202557943122471e18 7.202557943122471e18 0 0 0
57 54 5.269099348456069e18 5.269099348456069e18 0 0 0
58 54 4.840077913836803e18 4.840077913836803e18 0 0 0
59 54 6.218057238014192e18 6.218057238014192e18 0 0 0
50 55 9.70375673637401e16 9.70375673637401e16 0 0 0
51 55 4.444053331991683e17 4.444053331991683e17 0 0 0
52 55 1.459616676099324e17 1.459616676099324e17 0 0 0
53 55 3.072875171001108e16 3.072875171001108e16 0 0 0
54 55 6.235285121920366e18 6.235285121920366e18 0 0 0
55 55 4.876046036049137e18 4.876046036049137e18 0 0 0
56 55 3.245560560573877e18 3.245560560573877e18 0 0 0
57 55 4.2478111343670815e18 4.2478111343670815e18 0 0 0
58 55 6.992768547133466e18 6.992768547133466e18 0 0 0
59 55 1.860363208162626e19 1.860363208162626e19 0 0 0
50 56 2.176923308105291e16 2.176923308105291e16 0 0 0
51 56 3.5518848931262003e18 3.5518848931262003e18 0 0 0
52 56 4.99143385301737e18 4.99143385301737e18 0 0 0
53 56 3.0646399658986865e18 3.0646399658986865e18 0 0 0
54 56 4.752317958846418e18 4.752317958846418e18 0 0 0
55 56 4.675980314437368e18 4.675980314437368e18 0 0 0
56 56 5.65901495652237e18 5.65901495652237e18 0 0 0
57 56 4.976439069715578e18 4.976439069715578e18 0 0 0
58 56 7.188107133060018e18 7.188107133060018e18 0 0 0
59 56 1.511845752839022e19 1.511845752839022e19 0 0 0
50 57 2.5747283636611794e18 2.5747283636611794e18 0 0 0
51 57 3.0432729605343053e18 3.0432729605343053e18 0 0 0
52 57 3.938902514417231e18 3.938902514417231e18 0 0 0
53 57 4.884411874869718e18 4.884411874869718e18 0 0 0
54 57 3.9619491168328996e18 3.9619491168328996e18 0 0 0
55 57 3.942707855052359e18 3.942707855052359e18 0 0 0
56 57 3.4292823793994665e18 3.4292823793994665e18 0 0 0
57 57 2.909213344968049e18 2.909213344968049e18 0 0 0
58 57 1.4948842126336379e19 1.4948842126336379e19 0 0 0
59 57 3.6971973013424077e18 3.6971973013424077e18 0 0 0
50 58 2.26315979037965e18 2.26315979037965e18 0 0 0
51 58 3.122922756909183e18 3.122922756909183e18 0 0 0
52 58 4.2221197042561695e18 4.2221197042561695e18 0 0 0
53 58 3.921899948561664e18 3.921899948561664e18 0 0 0
54 58 1.9989608813392963e18 1.9989608813392963e18 0 0 0
55 58 1.597210338906788e18 1.597210338906788e18 0 0 0
56 58 3.2789820641026406e18 3.2789820641026406e18 0 0 0
57 58 1.3492940598939023e19 1.3492940598939023e19 0 0 0
58 58 5.628894612984644e18 5.628894612984644e18 0 0 0
59 58 1.5733446664105434e18 1.5733446664105434e18 0 0 0
50 59 1.9583236926903066e18 1.9583236926903066e18 0 0 0
51 59 1.4049530168721782e18 1.4049530168721782e18 0 0 0
52 59 3.4263508722711997e18 3.4263508722711997e18 0 0 0
53 59 2.545851307887961e18 2.545851307887961e18 0 0 0
54 59 2.731018386531943e18 2.731018386531943e18 0 0 0
55 59 5.436376822981847e18 5.436376822981847e18 0 0 0
56 59 1.3461493543374326e19 1.3461493543374326e19 0 0 0
57 59 2.51211628100166e18 2.51211628100166e18 0 0 0
58 59 2.1233947621912328e18 2.1233947621912328e18 0 0 0
59 59 1.8376993508353216e18 1.8376993508353216e18 0 0 0
60 50 1.492789987956054e19 1.492789987956054e19 0 0 0
61 50 9.720522167076215e18 9.720522167076215e18 0 0 0
62 50 4.937509327585996e18 4.937509327585996e18 0 0 0
63 50 2.259333481822e18 2.259333481822e18 0 0 0
64 50 1.505212223566282e18 1.505212223566282e18 0 0 0
65 50 2.1140678342243228e18 2.1140678342243228e18 0 0 0
66 50 3.598913863767596e18 3.598913863767596e18 0 0 0
67 50 1.0593773212947823e18 1.0593773212947823e18 0 0 0
68 50 9.402675191656266e17 9.402675191656266e17 0 0 0
69 50 3.853522623751331e17 3.853522623751331e17 0 0 0
60 51 1.7986809646586948e19 1.7986809646586948e19 0 0 0
61 51 9.630796085807516e18 9.630796085807516e18 0 0 0
62 51 4.3915146109172204e18 4.3915146109172204e18 0 0 0
63 51 1.5760578327171753e18 1.5760578327171753e18 0 0 0
64 51 2.351733009854923e18 2.351733009854923e18 0 0 0
65 51 1.314498612546806e18 1.314498612546806e18 0 0 0
66 51 2.5653617901366467e18 2.5653617901366467e18 0 0 0
67 51 1.1466470014133015e18 1.1466470014133015e18 0 0 0
68 51 7.146904084352458e17 7.146904084352458e17 0 0 0
69 51 3.9908494486940224e17 3.9908494486940224e17 0 0 0
60 52 1.914805935371704e19 1.914805935371704e19 0 0 0
61 52 9.167052228693848e18 9.167052228693848e18 0 0 0
62 52 2.03958596717956e18 2.03958596717956e18 0 0 0
63 52 1.8615360421850975e18 1.8615360421850975e18 0 0 0
64 52 4.33436150659444e18 4.33436150659444e18 0 0 0
65 52 2.1908371562612728e18 2.1908371562612728e18 0 0 0
66 52 1.897291944173244e18 1.897291944173244e18 0 0 0
67 52 9.900867102584954e17 9.900867102584954e17 0 0 0
68 52 9.60938871898207e17 9.60938871898207e17 0 0 0
69 52 7.561471811788445e17 7.561471811788445e17 0 0 0
60 53 1.5812866665345493e19 1.5812866665345493e19 0 0 0
61 53 5.609637417202122e18 5.609637417202122e18 0 0 0
62 53 1.1203915271056032e18 1.1203915271056032e18 0 0 0
63 53 1.9085991534803392e18 1.9085991534803392e18 0 0 0
64 53 1.3476710397307118e18 1.3476710397307118e18 0 0 0
65 53 3.0612112468965396e18 3.0612112468965396e18 0 0 0
66 53 1.6006971767451116e18 1.6006971767451116e18 0 0 0
67 53 1.0040487753812082e18 1.0040487753812082e18 0 0 0
68 53 7.944735739136397e17 7.944735739136397e17 0 0 0
69 53 4.4099339294190637e17 4.4099339294190637e17 0 0 0
60 54 1.2051497862485561e19 1.2051497862485561e19 0 0 0
61 54 2.344351345061357e18 2.344351345061357e18 0 0 0
62 54 9.186608520463881e17 9.186608520463881e17 0 0 0
63 54 3.4015146875723546e18 3.4015146875723546e18 0 0 0
64 54 1.298078990453183e18 1.298078990453183e18 0 0 0
65 54 3.165505479834026e18 3.165505479834026e18 0 0 0
66 54 1.4229159255977577e18 1.4229159255977577e18 0 0 0
67 54 1.4136633849890724e18 1.4136633849890724e18 0 0 0
68 54 7.253357289506661e17 7.253357289506661e17 0 0 0
69 54 9.913414584025088e17 9.913414584025088e17 0 0 0
60 55 5.706194447781761e18 5.706194447781761e18 0 0 0
61 55 1.5782494106383693e18 1.5782494106383693e18 0 0 0
62 55 1.492042754076669e18 1.492042754076669e18 0 0 0
63 55 1.2193113712971325e18 1.2193113712971325e18 0 0 0
64 55 1.44787047190081e18 1.44787047190081e18 0 0 0
65 55 2.344577308066635e18 2.344577308066635e18 0 0 0
66 55 1.469396666996938e18 1.469396666996938e18 0 0 0
67 55 1.2248568235447488e18 1.2248568235447488e18 0 0 0
68 55 6.102766923540099e17 6.102766923540099e17 0 0 0
69 55 1.1174581283363548e18 1.1174581283363548e18 0 0 0
60 56 3.016817629960558e18 3.016817629960558e18 0 0 0
61 56 1.4301123300626158e18 1.4301123300626158e18 0 0 0
62 56 1.3444787212774725e18 1.3444787212774725e18 0 0 0
63 56 1.3566154264698258e18 1.3566154264698258e18 0 0 0
64 56 2.0167742332775217e18 2.0167742332775217e18 0 0 0
65 56 1.4038138446305943e18 1.4038138446305943e18 0 0 0
66 56 8.57032901042089e17 8.57032901042089e17 0 0 0
67 56 7.643363896150409e17 7.643363896150409e17 0 0 0
68 56 1.0028396380299823e18 1.0028396380299823e18 0 0 0
69 56 1.3379435698456852e18 1.3379435698456852e18 0 0 0
60 57 1.0636443585135653e18 1.0636443585135653e18 0 0 0
61 57 1.3202496496504812e18 1.3202496496504812e18 0 0 0
62 57 1.5164115345667686e18 1.5164115345667686e18 0 0 0
63 57 9.525305630216947e17 9.525305630216947e17 0 0 0
64 57 1.777879933048041e18 1.777879933048041e18 0 0 0
65 57 8.66259840349563e17 8.66259840349563e17 0 0 0
66 57 8.480475387498775e17 8.480475387498775e17 0 0 0
67 57 9.111320872544686e17 9.111320872544686e17 0 0 0
68 57 1.3444068723577684e18 1.3444068723577684e18 0 0 0
69 57 1.2024570002954586e18 1.2024570002954586e18 0 0 0
60 58 2.051660089555126e18 2.051660089555126e18 0 0 0
61 58 1.2049320867577528e18 1.2049320867577528e18 0 0 0
62 58 1.0509124555376448e18 1.0509124555376448e18 0 0 0
63 58 1.7594668868467126e18 1.7594668868467126e18 0 0 0
64 58 1.3218975485656348e18 1.3218975485656348e18 0 0 0
65 58 7.71117178737202e17 7.71117178737202e17 0 0 0
66 58 1.0546188437772154e18 1.0546188437772154e18 0 0 0
67 58 1.2330158920887616e18 1.2330158920887616e18 0 0 0
68 58 1.3269503825094879e18 1.3269503825094879e18 0 0 0
69 58 8.212616091875332e17 8.212616091875332e17 0 0 0
60 59 1.4879053313969618e18 1.4879053313969618e18 0 0 0
61 59 9.785416338424986e17 9.785416338424986e17 0 0 0
62 59 1.0320851878486556e18 1.0320851878486556e18 0 0 0
63 59 1.5985333005424243e18 1.5985333005424243e18 0 0 0
64 59 8.365299983224616e17 8.365299983224616e17 0 0 0
65 59 1.0409421435538707e18 1.0409421435538707e18 0 0 0
66 59 1.38767113903038e18 1.38767113903038e18 0 0 0
67 59 1.429464838998472e18 1.429464838998472e18 0 0 0
68 59 1.0420004172412111e18 1.0420004172412111e18 0 0 0
69 59 5.063482253122274e17 5.063482253122274e17 0 0 0
70 50 3.464402250233422e17 3.464402250233422e17 0 0 0
71 50 4.962233653576088e17 4.962233653576088e17 0 0 0
72 50 7.23760326083419e17 7.23760326083419e17 0 0 0
73 50 6.674243240104877e17 6.674243240104877e17 0 0 0
74 50 4.9448228393145344e17 4.9448228393145344e17 0 0 0
75 50 1.0875971133976122e17 1.0875971133976122e17 0 0 0
76 50 1.5357369713954665e15 1.5357369713954665e15 0 0 0
77 50 2.852850031608889e16 2.852850031608889e16 0 0 0
78 50 1.4619352957873215e15 1.4619352957873215e15 0 0 0
79 50 1.346579947081806e15 1.346579947081806e15 0 0 0
70 51 7.131946371568847e17 7.131946371568847e17 0 0 0
71 51 4.97184639705052e17 4.97184639705052e17 0 0 0
72 51 7.377083565384275e17 7.377083565384275e17 0 0 0
73 51 6.686749879844632e17 6.686749879844632e17 0 0 0
74 51 4.159752407682159e17 4.159752407682159e17 0 0 0
75 51 6.701210975480999e16 6.701210975480999e16 0 0 0
76 51 4.608801949521137e14 4.608801949521137e14 0 0 0
77 51 6.776073518619595e15 6.776073518619595e15 0 0 0
78 51 1.2715939778954622e15 1.2715939778954622e15 0 0 0
79 51 3.2888224719554155e15 3.2888224719554155e15 0 0 0
70 52 8.27797570760828e17 8.27797570760828e17 0 0 0
71 52 7.466235403442597e17 7.466235403442597e17 0 0 0
72 52 8.633115939288552e17 8.633115939288552e17 0 0 0
73 52 4.8232183274552314e17 4.8232183274552314e17 0 0 0
74 52 2.3112542822810765e17 2.3112542822810765e17 0 0 0
75 52 4.121161452825128e16 4.121161452825128e16 0 0 0
76 52 2.4187486506236732e16 2.4187486506236732e16 0 0 0
77 52 2.835771859413845e15 2.835771859413845e15 0 0 0
78 52 9.766330564985332e14 9.766330564985332e14 0 0 0
79 52 1.1097716933956356e16 1.1097716933956356e16 0 0 0
70 53 7.936317464161937e17 7.936317464161937e17 0 0 0
71 53 1.0429857437298812e18 1.0429857437298812e18 0 0 0
72 53 9.012795594453644e17 9.012795594453644e17 0 0 0
73 53 3.016118709796408e17 3.016118709796408e17 0 0 0
74 53 2.425023207302391e17 2.425023207302391e17 0 0 0
75 53 3.5126815125162744e16 3.5126815125162744e16 0 0 0
76 53 1.244693283872165e15 1.244693283872165e15 0 0 0
77 53 3.6536830105549094e14 3.6536830105549094e14 0 0 0
78 53 1.5398559146972498e15 1.5398559146972498e15 0 0 0
79 53 2.762739423285094e16 2.762739423285094e16 0 0 0
70 54 1.0698055430859848e18 1.0698055430859848e18 0 0 0
71 54 9.747321346774348e17 9.747321346774348e17 0 0 0
72 54 5.214366784418777e17 5.214366784418777e17 0 0 0
73 54 2.5974646834363946e17 2.5974646834363946e17 0 0 0
74 54 1.9673862984919338e17 1.9673862984919338e17 0 0 0
75 54 1.5009956602717144e16 1.5009956602717144e16 0 0 0
76 54 2.5689441393557796e16 2.5689441393557796e16 0 0 0
77 54 2.5438992586503044e14 2.5438992586503044e14 0 0 0
78 54 5.985286647683796e15 5.985286647683796e15 0 0 0
79 54 4.509814267610162e16 4.509814267610162e16 0 0 0
70 55 1.3303514856249324e18 1.3303514856249324e18 0 0 0
71 55 7.700980488216314e17 7.700980488216314e17 0 0 0
72 55 3.990544453652827e17 3.990544453652827e17 0 0 0
73 55 2.182833907224426e17 2.182833907224426e17 0 0 0
74 55 1.837087178365675e17 1.837087178365675e17 0 0 0
75 55 8.497980197231307e15 8.497980197231307e15 0 0 0
76 55 5.012417114557313e15 5.012417114557313e15 0 0 0
77 55 1.7811958345883324e16 1.7811958345883324e16 0 0 0
78 55 1.9647820972513656e16 1.9647820972513656e16 0 0 0
79 55 6.684831314746369e16 6.684831314746369e16 0 0 0
70 56 1.0198477556250234e18 1.0198477556250234e18 0 0 0
71 56 5.368567196351752e17 5.368567196351752e17 0 0 0
72 56 4.0724605323999846e17 4.0724605323999846e17 0 0 0
73 56 1.5927085559294358e17 1.5927085559294358e17 0 0 0
74 56 2.0350203000926352e17 2.0350203000926352e17 0 0 0
75 56 2.0448644458366924e16 2.0448644458366924e16 0 0 0
76 56 2.0826608558461653e14 2.0826608558461653e14 0 0 0
77 56 2.11766726994354e16 2.11766726994354e16 0 0 0
78 56 4.862901428147527e16 4.862901428147527e16 0 0 0
79 56 6.894633208566668e16 6.894633208566668e16 0 0 0
70 57 6.489376909914061e17 6.489376909914061e17 0 0 0
71 57 4.425285076942232e17 4.425285076942232e17 0 0 0
72 57 3.745705987346674e17 3.745705987346674e17 0 0 0
73 57 1.653735448143951e17 1.653735448143951e17 0 0 0
74 57 1.6249004417735702e17 1.6249004417735702e17 0 0 0
75 57 1.2070638181375325e15 1.2070638181375325e15 0 0 0
76 57 1.1256410820764804e16 1.1256410820764804e16 0 0 0
77 57 7.286371953686885e16 7.286371953686885e16 0 0 0
78 57 6.118162352583005e16 6.118162352583005e16 0 0 0
79 57 3.818248298824153e16 3.818248298824153e16 0 0 0
70 58 4.398206927256033e17 4.398206927256033e17 0 0 0
71 58 4.4100060772683386e17 4.4100060772683386e17 0 0 0
72 58 2.7081938013757347e17 2.7081938013757347e17 0 0 0
73 58 2.2964039182785146e17 2.2964039182785146e17 0 0 0
74 58 7.229072472003504e16 7.229072472003504e16 0 0 0
75 58 7.835795219253399e15 7.835795219253399e15 0 0 0
76 58 7.950317274275875e16 7.950317274275875e16 0 0 0
77 58 3.280520710589248e16 3.280520710589248e16 0 0 0
78 58 3.882455823222882e16 3.882455823222882e16 0 0 0
79 58 4.041303759132918e16 4.041303759132918e16 0 0 0
70 59 4.27006013021363e17 4.27006013021363e17 0 0 0
71 59 4.705638606321807e17 4.705638606321807e17 0 0 0
72 59 1.6549262491563302e17 1.6549262491563302e17 0 0 0
73 59 2.646263427289994e17 2.646263427289994e17 0 0 0
74 59 3.7010133934261784e16 3.7010133934261784e16 0 0 0
75 59 9.193005770061555e16 9.193005770061555e16 0 0 0
76 59 6.650861361438292e16 6.650861361438292e16 0 0 0
77 59 1.3138669383888174e16 1.3138669383888174e16 0 0 0
78 59 3.333168415569577e16 3.333168415569577e16 0 0 0
79 59 7.743181018309106e16 7.743181018309106e16 0 0 0
80 50 1.5653257717885956e16 1.5653257717885956e16 0 0 0
81 50 3.386433981979438e16 3.386433981979438e16 0 0 0
82 50 4.510625007881911e16 4.510625007881911e16 0 0 0
83 50 4.295886766053415e16 4.295886766053415e16 0 0 0
84 50 5.386447654177656e16 5.386447654177656e16 0 0 0
85 50 1.050422060782409e17 1.050422060782409e17 0 0 0
86 50 7.866655386897222e16 7.866655386897222e16 0 0 0
87 50 2.974288869044238e16 2.974288869044238e16 0 0 0
88 50 2.6875084847801136e16 2.6875084847801136e16 0 0 0
89 50 4.0596924562708906e14 4.0596924562708906e14 0 0 0
80 51 2.4598312050221668e16 2.4598312050221668e16 0 0 0
81 51 4.691368513471275e16 4.691368513471275e16 0 0 0
82 51 4.865380007100094e16 4.865380007100094e16 0 0 0
83 51 4.686258687929463e16 4.686258687929463e16 0 0 0
84 51 6.231014356531014e16 6.231014356531014e16 0 0 0
85 51 1.2295087280496442e17 1.2295087280496442e17 0 0 0
86 51 8.461306184876008e16 8.461306184876008e16 0 0 0
87 51 3.7117676070667336e16 3.7117676070667336e16 0 0 0
88 51 4.091329644071591e15 4.091329644071591e15 0 0 0
89 51 3.117678058798931e14 3.117678058798931e14 0 0 0
80 52 1.5825781112031444e16 1.5825781112031444e16 0 0 0
81 52 4.748210869546076e16 4.748210869546076e16 0 0 0
82 52 5.146404646769088e16 5.146404646769088e16 0 0 0
83 52 5.3190819577734216e16 5.3190819577734216e16 0 0 0
84 52 8.885128490622717e16 8.885128490622717e16 0 0 0
85 52 1.2295185830766474e17 1.2295185830766474e17 0 0 0
86 52 6.938427934860352e16 6.938427934860352e16 0 0 0
87 52 1.334176425099676e16 1.334176425099676e16 0 0 0
88 52 1.4548637735962596e16 1.4548637735962596e16 0 0 0
89 52 8.199168652176884e14 8.199168652176884e14 0 0 0
80 53 2.650509510919808e16 2.650509510919808e16 0 0 0
81 53 4.819536903118569e16 4.819536903118569e16 0 0 0
82 53 4.991466518729624e16 4.991466518729624e16 0 0 0
83 53 6.308227677875996e16 6.308227677875996e16 0 0 0
84 53 1.297797006287138e17 1.297797006287138e17 0 0 0
85 53 8.046147824323429e16 8.046147824323429e16 0 0 0
86 53 5.782527816829926e16 5.782527816829926e16 0 0 0
87 53 2.6902921293320616e16 2.6902921293320616e16 0 0 0
88 53 1.9012984078936548e16 1.9012984078936548e16 0 0 0
89 53 9.904843785453828e14 9.904843785453828e14 0 0 0
80 54 3.2993410947844068e16 3.2993410947844068e16 0 0 0
81 54 3.9102142018332984e16 3.9102142018332984e16 0 0 0
82 54 5.021856801415997e16 5.021856801415997e16 0 0 0
83 54 9.728357423057251e16 9.728357423057251e16 0 0 0
84 54 1.4914726556126797e17 1.4914726556126797e17 0 0 0
85 54 9.721193174163669e16 9.721193174163669e16 0 0 0
86 54 1.0249185905902714e16 1.0249185905902714e16 0 0 0
87 54 4.747624614084172e15 4.747624614084172e15 0 0 0
88 54 1.903558095629877e16 1.903558095629877e16 0 0 0
89 54 2.269758439076793e16 2.269758439076793e16 0 0 0
80 55 6.110452850969071e16 6.110452850969071e16 0 0 0
81 55 5.6675008503121304e16 5.6675008503121304e16 0 0 0
82 55 6.787576177977647e16 6.787576177977647e16 0 0 0
83 55 1.5359737417264115e17 1.5359737417264115e17 0 0 0
84 55 1.071606819695632e17 1.071606819695632e17 0 0 0
85 55 8.684607804324302e16 8.684607804324302e16 0 0 0
86 55 1.1365969227239484e16 1.1365969227239484e16 0 0 0
87 55 2.773948001691915e15 2.773948001691915e15 0 0 0
88 55 1.0342804206191446e16 1.0342804206191446e16 0 0 0
89 55 1.2672089967393086e16 1.2672089967393086e16 0 0 0
80 56 3.7625036218725944e16 3.7625036218725944e16 0 0 0
81 56 7.00665800878321e16 7.00665800878321e16 0 0 0
82 56 1.1230515336992766e17 1.1230515336992766e17 0 0 0
83 56 1.4564114969193946e17 1.4564114969193946e17 0 0 0
84 56 1.055915555343576e17 1.055915555343576e17 0 0 0
85 56 1.3918802586266156e16 1.3918802586266156e16 0 0 0
86 56 1.1745531804922686e16 1.1745531804922686e16 0 0 0
87 56 3.4184694944374788e16 3.4184694944374788e16 0 0 0
88 56 1.0097795093983601e15 1.0097795093983601e15 0 0 0
89 56 1.6145098930239658e15 1.6145098930239658e15 0 0 0
80 57 4.653481152797986e16 4.653481152797986e16 0 0 0
81 57 9.425923356015206e16 9.425923356015206e16 0 0 0
82 57 1.9467295417307283e17 1.9467295417307283e17 0 0 0
83 57 1.2478685167424205e17 1.2478685167424205e17 0 0 0
84 57 6.170658047249152e16 6.170658047249152e16 0 0 0
85 57 2.0694344522094664e16 2.0694344522094664e16 0 0 0
86 57 8.626412008115506e15 8.626412008115506e15 0 0 0
87 57 1.598284991676033e16 1.598284991676033e16 0 0 0
88 57 1.2963215365599895e14 1.2963215365599895e14 0 0 0
89 57 1.2435895897554524e16 1.2435895897554524e16 0 0 0
80 58 8.549756495849478e16 8.549756495849478e16 0 0 0
81 58 1.4872481820247344e17 1.4872481820247344e17 0 0 0
82 58 1.4118116839752651e17 1.4118116839752651e17 0 0 0
83 58 1.107921846839661e17 1.107921846839661e17 0 0 0
84 58 2.0850840779863692e16 2.0850840779863692e16 0 0 0
85 58 1.5054552826577294e16 1.5054552826577294e16 0 0 0
86 58 4.15453724341183e16 4.15453724341183e16 0 0 0
87 58 5.120374650881737e14 5.120374650881737e14 0 0 0
88 58 3.6231568297747225e14 3.6231568297747225e14 0 0 0
89 58 2.0855344699200742e15 2.0855344699200742e15 0 0 0
80 59 1.308515969789224e17 1.308515969789224e17 0 0 0
81 59 2.442705709278664e17 2.442705709278664e17 0 0 0
82 59 1.3062839584018046e17 1.3062839584018046e17 0 0 0
83 59 1.1039507270677837e17 1.1039507270677837e17 0 0 0
84 59 5.698429064277086e16 5.698429064277086e16 0 0 0
85 59 4.229176647735842e16 4.229176647735842e16 0 0 0
86 59 6.256986200399202e15 6.256986200399202e15 0 0 0
87 59 1.4872470198629644e16 1.4872470198629644e16 0 0 0
88 59 7.581826933380866e15 7.581826933380866e15 0 0 0
89 59 4.536130363023904e15 4.536130363023904e15 0 0 0
90 50 2.9208340904888335e15 2.9208340904888335e15 0 0 0
91 50 1.1847875439168954e16 1.1847875439168954e16 0 0 0
92 50 1.4213292030402056e14 1.4213292030402056e14 0 0 0
93 50 4.710900448127046e14 4.710900448127046e14 0 0 0
94 50 6.145898807380925e15 6.145898807380925e15 0 0 0
95 50 3.2098695503936785e15 3.2098695503936785e15 0 0 0
96 50 1.8625095101588802e15 1.8625095101588802e15 0 0 0
97 50 2.434779031215201e15 2.434779031215201e15 0 0 0
98 50 1.493684524501002e15 1.493684524501002e15 0 0 0
99 50 1.1999337133862608e15 1.1999337133862608e15 0 0 0
90 51 8.977536076069826e15 8.977536076069826e15 0 0 0
91 51 1.175097378087088e16 1.175097378087088e16 0 0 0
92 51 3.394002252189798e14 3.394002252189798e14 0 0 0
93 51 7.761886565941354e15 7.761886565941354e15 0 0 0
94 51 7.244911146078231e15 7.244911146078231e15 0 0 0
95 51 3.310287661851232e15 3.310287661851232e15 0 0 0
96 51 1.9783998039638692e15 1.9783998039638692e15 0 0 0
97 51 2.2413376986424825e15 2.2413376986424825e15 0 0 0
98 51 1.3326836935000955e15 1.3326836935000955e15 0 0 0
99 51 1.1152056338334609e15 1.1152056338334609e15 0 0 0
90 52 2.001621930362837e15 2.001621930362837e15 0 0 0
91 52 1.0634912308473036e16 1.0634912308473036e16 0 0 0
92 52 9.533223675146458e15 9.533223675146458e15 0 0 0
93 52 8.359908523939894e15 8.359908523939894e15 0 0 0
94 52 5.813406366793187e15 5.813406366793187e15 0 0 0
95 52 4.931367117080333e15 4.931367117080333e15 0 0 0
96 52 1.061386757684014e15 1.061386757684014e15 0 0 0
97 52 1.6217187009725138e15 1.6217187009725138e15 0 0 0
98 52 1.0535364154477571e15 1.0535364154477571e15 0 0 0
99 52 9.945542630862396e14 9.945542630862396e14 0 0 0
90 53 5.431430395876165e15 5.431430395876165e15 0 0 0
91 53 4.900714381831641e15 4.900714381831641e15 0 0 0
92 53 7.932368586698841e15 7.932368586698841e15 0 0 0
93 53 3.9426316167747105e15 3.9426316167747105e15 0 0 0
94 53 9.222661702021028e15 9.222661702021028e15 0 0 0
95 53 2.949809254298475e15 2.949809254298475e15 0 0 0
96 53 1.804141986851568e15 1.804141986851568e15 0 0 0
97 53 1.0710604152754024e15 1.0710604152754024e15 0 0 0
98 53 8.917728401641136e14 8.917728401641136e14 0 0 0
99 53 9.188794352268225e14 9.188794352268225e14 0 0 0
90 54 1.3836474866667227e14 1.3836474866667227e14 0 0 0
91 54 5.475834606627941e14 5.475834606627941e14 0 0 0
92 54 2.0379860625801052e15 2.0379860625801052e15 0 0 0
93 54 2.989218358336967e15 2.989218358336967e15 0 0 0
94 54 7.545948502170283e15 7.545948502170283e15 0 0 0
95 54 3.4238005180605975e15 3.4238005180605975e15 0 0 0
96 54 9.441976088740415e14 9.441976088740415e14 0 0 0
97 54 7.214709681288571e14 7.214709681288571e14 0 0 0
98 54 7.636461415124781e14 7.636461415124781e14 0 0 0
99 54 8.360209031538345e14 8.360209031538345e14 0 0 0
90 55 1.2412340448789848e16 1.2412340448789848e16 0 0 0
91 55 5.384157215116988e13 5.384157215116988e13 0 0 0
92 55 3.9752637026648594e14 3.9752637026648594e14 0 0 0
93 55 9.159339969941514e15 9.159339969941514e15 0 0 0
94 55 4.3474398681902605e15 4.3474398681902605e15 0 0 0
95 55 1.4885346339094908e15 1.4885346339094908e15 0 0 0
96 55 1.3705843005401682e15 1.3705843005401682e15 0 0 0
97 55 1.098053262921963e15 1.098053262921963e15 0 0 0
98 55 1.0038178311991085e15 1.0038178311991085e15 0 0 0
99 55 7.75215438194608e14 7.75215438194608e14 0 0 0
90 56 7.772024937720927e15 7.772024937720927e15 0 0 0
91 56 3.5661148748937725e15 3.5661148748937725e15 0 0 0
92 56 2.901264133547271e15 2.901264133547271e15 0 0 0
93 56 9.46882418635959e15 9.46882418635959e15 0 0 0
94 56 4.022742700867971e15 4.022742700867971e15 0 0 0
95 56 1.5641721615384048e15 1.5641721615384048e15 0 0 0
96 56 8.092596634822918e14 8.092596634822918e14 0 0 0
97 56 7.815254177377658e14 7.815254177377658e14 0 0 0
98 56 8.604443117606008e14 8.604443117606008e14 0 0 0
99 56 7.595826178570218e14 7.595826178570218e14 0 0 0
90 57 9.685430445167272e13 9.685430445167272e13 0 0 0
91 57 3.211694823016892e14 3.211694823016892e14 0 0 0
92 57 1.6784614281149232e15 1.6784614281149232e15 0 0 0
93 57 6.315020406060714e15 6.315020406060714e15 0 0 0
94 57 3.26079575166902e15 3.26079575166902e15 0 0 0
95 57 6.44009678644085e14 6.44009678644085e14 0 0 0
96 57 5.322862819505165e14 5.322862819505165e14 0 0 0
97 57 5.3471784762451144e14 5.3471784762451144e14 0 0 0
98 57 7.061183501662454e14 7.061183501662454e14 0 0 0
99 57 7.787802842699524e14 7.787802842699524e14 0 0 0
90 58 3.5178285369778e15 3.5178285369778e15 0 0 0
91 58 2.489704402236902e15 2.489704402236902e15 0 0 0
92 58 4.4668458978881565e15 4.4668458978881565e15 0 0 0
93 58 6.256704376992198e15 6.256704376992198e15 0 0 0
94 58 1.8459990914306325e15 1.8459990914306325e15 0 0 0
95 58 1.1101965544966962e15 1.1101965544966962e15 0 0 0
96 58 7.383779978943931e14 7.383779978943931e14 0 0 0
97 58 8.7551202791221e14 8.7551202791221e14 0 0 0
98 58 7.045807706437264e14 7.045807706437264e14 0 0 0
99 58 8.529417875622519e14 8.529417875622519e14 0 0 0
90 59 3.9952051461075185e15 3.9952051461075185e15 0 0 0
91 59 7.998366154636868e15 7.998366154636868e15 0 0 0
92 59 6.452038723581013e15 6.452038723581013e15 0 0 0
93 59 4.1470755872845245e15 4.1470755872845245e15 0 0 0
94 59 1.806749703073057e15 1.806749703073057e15 0 0 0
95 59 5.5349741618732875e14 5.5349741618732875e14 0 0 0
96 59 5.688530064896011e14 5.688530064896011e14 0 0 0
97 59 7.225432422201801e14 7.225432422201801e14 0 0 0
98 59 6.823113474566066e14 6.823113474566066e14 0 0 0
99 59 1.0400741259580676e15 1.0400741259580676e15 0 0 0
0 60 3.2918006534268348e16 3.2918006534268348e16 0 0 0
1 60 2.0541682238915036e16 2.0541682238915036e16 0 0 0
2 60 6.186762916150844e14 6.186762916150844e14 0 0 0
3 60 9.913502737265734e15 9.913502737265734e15 0 0 0
4 60 5.624356172085044e15 5.624356172085044e15 0 0 0
5 60 2.5633331443201588e16 2.5633331443201588e16 0 0 0
6 60 1.8408224722212176e16 1.8408224722212176e16 0 0 0
7 60 3.746481796956235e16 3.746481796956235e16 0 0 0
8 60 2.1495454665494966e17 2.1495454665494966e17 0 0 0
9 60 2.591022940964588e17 2.591022940964588e17 0 0 0
0 61 4.704427327047715e15 4.704427327047715e15 0 0 0
1 61 2.9030742682951336e16 2.9030742682951336e16 0 0 0
2 61 4.4138241120004265e15 4.4138241120004265e15 0 0 0
3 61 2.121492706365096e14 2.121492706365096e14 0 0 0
4 61 1.3413094874947994e16 1.3413094874947994e16 0 0 0
5 61 3.977701367262098e15 3.977701367262098e15 0 0 0
6 61 2.7750151430090932e16 2.7750151430090932e16 0 0 0
7 61 4.207328787844969e16 4.207328787844969e16 0 0 0
8 61 1.856642953316722e17 1.856642953316722e17 0 0 0
9 61 2.6003340976580362e17 2.6003340976580362e17 0 0 0
0 62 6.488405000781447e15 6.488405000781447e15 0 0 0
1 62 2.4337244520740788e16 2.4337244520740788e16 0 0 0
2 62 5.197080567575388e15 5.197080567575388e15 0 0 0
3 62 2.16164165325704e16 2.16164165325704e16 0 0 0
4 62 1.1100515465229648e16 1.1100515465229648e16 0 0 0
5 62 3.9443694253009805e15 3.9443694253009805e15 0 0 0
6 62 2.426206226052707e16 2.426206226052707e16 0 0 0
7 62 4.539107885222063e16 4.539107885222063e16 0 0 0
8 62 1.8423159762498365e17 1.8423159762498365e17 0 0 0
9 62 2.100007069291143e17 2.100007069291143e17 0 0 0
0 63 2.3257540876831675e15 2.3257540876831675e15 0 0 0
1 63 1.0160238082508086e16 1.0160238082508086e16 0 0 0
2 63 3.8501892893347575e14 3.8501892893347575e14 0 0 0
3 63 1.3075199463605068e16 1.3075199463605068e16 0 0 0
4 63 3.4438922176963945e15 3.4438922176963945e15 0 0 0
5 63 2.1014413980727344e16 2.1014413980727344e16 0 0 0
6 63 1.2739420679609756e16 1.2739420679609756e16 0 0 0
7 63 3.4513194583842224e16 3.4513194583842224e16 0 0 0
8 63 1.7078961527211117e17 1.7078961527211117e17 0 0 0
9 63 1.9388019858290077e17 1.9388019858290077e17 0 0 0
0 64 2.793797482173592e16 2.793797482173592e16 0 0 0
1 64 1.5594645651741572e16 1.5594645651741572e16 0 0 0
2 64 2.2318012307278105e15 2.2318012307278105e15 0 0 0
3 64 1.0691744196549654e16 1.0691744196549654e16 0 0 0
4 64 6.127744487024132e15 6.127744487024132e15 0 0 0
5 64 3.7855278966836975e15 3.7855278966836975e15 0 0 0
6 64 1.9355159801840856e16 1.9355159801840856e16 0 0 0
7 64 4.539770241741298e16 4.539770241741298e16 0 0 0
8 64 1.515285193074898e17 1.515285193074898e17 0 0 0
9 64 1.9868316893752192e17 1.9868316893752192e17 0 0 0
0 65 2.0187407655813548e16 2.0187407655813548e16 0 0 0
1 65 5.436542471971636e15 5.436542471971636e15 0 0 0
2 65 2.158527710372351e16 2.158527710372351e16 0 0 0
3 65 3.760775068290294e15 3.760775068290294e15 0 0 0
4 65 1.932746118152753e16 1.932746118152753e16 0 0 0
5 65 1.819424889734147e16 1.819424889734147e16 0 0 0
6 65 1.4868531878814398e16 1.4868531878814398e16 0 0 0
7 65 3.3350534371410564e16 3.3350534371410564e16 0 0 0
8 65 1.1249154965539242e17 1.1249154965539242e17 0 0 0
9 65 1.8876695268078538e17 1.8876695268078538e17 0 0 0
0 66 1.7001157341767324e16 1.7001157341767324e16 0 0 0
1 66 7.709949680539809e15 7.709949680539809e15 0 0 0
2 66 2.2094231944016444e16 2.2094231944016444e16 0 0 0
3 66 8.29897403645706e15 8.29897403645706e15 0 0 0
4 66 2.842308276071317e15 2.842308276071317e15 0 0 0
5 66 1.6868496254903932e16 1.6868496254903932e16 0 0 0
6 66 1.5197074991839054e16 1.5197074991839054e16 0 0 0
7 66 4.1437592846820376e16 4.1437592846820376e16 0 0 0
8 66 3.710074017927015e16 3.710074017927015e16 0 0 0
9 66 1.7099596560523616e17 1.7099596560523616e17 0 0 0
0 67 6.607783075884649e15 6.607783075884649e15 0 0 0
1 67 1.9784606638402616e16 1.9784606638402616e16 0 0 0
2 67 6.351434146207889e15 6.351434146207889e15 0 0 0
3 67 1.707520695818034e15 1.707520695818034e15 0 0 0
4 67 1.4277416621147158e16 1.4277416621147158e16 0 0 0
5 67 2.5548441760533284e16 2.5548441760533284e16 0 0 0
6 67 2.7691807487371988e16 2.7691807487371988e16 0 0 0
7 67 2.723111429848456e16 2.723111429848456e16 0 0 0
8 67 4.720957393145396e16 4.720957393145396e16 0 0 0
9 67 1.6441802600140512e17 1.6441802600140512e17 0 0 0
0 68 1.889622340928129e16 1.889622340928129e16 0 0 0
1 68 1.2087574668447388e16 1.2087574668447388e16 0 0 0
2 68 4.524421169118539e15 4.524421169118539e15 0 0 0
3 68 1.7083548237643044e16 1.7083548237643044e16 0 0 0
4 68 7.575854535883142e15 7.575854535883142e15 0 0 0
5 68 2.01311919139283e16 2.01311919139283e16 0 0 0
6 68 1.8665717109687424e16 1.8665717109687424e16 0 0 0
7 68 1.9152123467045868e16 1.9152123467045868e16 0 0 0
8 68 4.8405062685523176e16 4.8405062685523176e16 0 0 0
9 68 1.0682042576620088e17 1.0682042576620088e17 0 0 0
0 69 2.371467581115878e16 2.371467581115878e16 0 0 0
1 69 1.2105514201872662e16 1.2105514201872662e16 0 0 0
2 69 4.811277027868461e15 4.811277027868461e15 0 0 0
3 69 1.947710301083473e16 1.947710301083473e16 0 0 0
4 69 1.0289932983780904e16 1.0289932983780904e16 0 0 0
5 69 3.842841428610361e15 3.842841428610361e15 0 0 0
6 69 1.7560390127778242e16 1.7560390127778242e16 0 0 0
7 69 1.5245080232264168e16 1.5245080232264168e16 0 0 0
8 69 4.018028046280426e16 4.018028046280426e16 0 0 0
9 69 6.9492035270433096e16 6.9492035270433096e16 0 0 0
10 60 3.40758025076417e17 3.40758025076417e17 0 0 0
11 60 4.302998845265657e17 4.302998845265657e17 0 0 0
12 60 4.429881862953921e17 4.429881862953921e17 0 0 0
13 60 1.7103026652445718e17 1.7103026652445718e17 0 0 0
14 60 2.5761781040361014e17 2.5761781040361014e17 0 0 0
15 60 3.993102587524591e17 3.993102587524591e17 0 0 0
16 60 4.921303552601582e17 4.921303552601582e17 0 0 0
17 60 6.021311009164513e17 6.021311009164513e17 0 0 0
18 60 3.472003952111847e17 3.472003952111847e17 0 0 0
19 60 2.157490139668878e17 2.157490139668878e17 0 0 0
10 61 3.0861781391355706e17 3.0861781391355706e17 0 0 0
11 61 4.005546082020201e17 4.005546082020201e17 0 0 0
12 61 4.348593199759519e17 4.348593199759519e17 0 0 0
13 61 1.9590114263777363e17 1.9590114263777363e17 0 0 0
14 61 2.2639512609919075e17 2.2639512609919075e17 0 0 0
15 61 3.7059561205368166e17 3.7059561205368166e17 0 0 0
16 61 4.453853846888452e17 4.453853846888452e17 0 0 0
17 61 4.455734172221435e17 4.455734172221435e17 0 0 0
18 61 3.41424954039756e17 3.41424954039756e17 0 0 0
19 61 2.1153599941820406e17 2.1153599941820406e17 0 0 0
10 62 2.8217446369956896e17 2.8217446369956896e17 0 0 0
11 62 3.93338517580426e17 3.93338517580426e17 0 0 0
12 62 4.194032561897491e17 4.194032561897491e17 0 0 0
13 62 2.087736139257122e17 2.087736139257122e17 0 0 0
14 62 1.8287401066239504e17 1.8287401066239504e17 0 0 0
15 62 3.1562044864680275e17 3.1562044864680275e17 0 0 0
16 62 3.919359065357969e17 3.919359065357969e17 0 0 0
17 62 4.9409969076665946e17 4.9409969076665946e17 0 0 0
18 62 2.751637044808838e17 2.751637044808838e17 0 0 0
19 62 1.5944233320908173e17 1.5944233320908173e17 0 0 0
10 63 2.566648166704642e17 2.566648166704642e17 0 0 0
11 63 3.556709117565457e17 3.556709117565457e17 0 0 0
12 63 3.807194369653762e17 3.807194369653762e17 0 0 0
13 63 2.0956749825095014e17 2.0956749825095014e17 0 0 0
14 63 1.9746078493636074e17 1.9746078493636074e17 0 0 0
15 63 2.4427926884767997e17 2.4427926884767997e17 0 0 0
16 63 3.9725776346488986e17 3.9725776346488986e17 0 0 0
17 63 4.783971510733121e17 4.783971510733121e17 0 0 0
18 63 4.021009664164891e17 4.021009664164891e17 0 0 0
19 63 1.757095327041605e17 1.757095327041605e17 0 0 0
10 64 2.4973796934724778e17 2.4973796934724778e17 0 0 0
11 64 3.125197169386726e17 3.125197169386726e17 0 0 0
12 64 4.306943985818936e17 4.306943985818936e17 0 0 0
13 64 2.5115063731559843e17 2.5115063731559843e17 0 0 0
14 64 1.642699948333132e17 1.642699948333132e17 0 0 0
15 64 2.11888709275524e17 2.11888709275524e17 0 0 0
16 64 3.57243897604573e17 3.57243897604573e17 0 0 0
17 64 4.329725435535992e17 4.329725435535992e17 0 0 0
18 64 4.4657342996004563e17 4.4657342996004563e17 0 0 0
19 64 2.2076786554163494e17 2.2076786554163494e17 0 0 0
10 65 2.3341390856588733e17 2.3341390856588733e17 0 0 0
11 65 2.8330272684911344e17 2.8330272684911344e17 0 0 0
12 65 3.929802967994734e17 3.929802967994734e17 0 0 0
13 65 2.996647737552328e17 2.996647737552328e17 0 0 0
14 65 2.406420275131536e17 2.406420275131536e17 0 0 0
15 65 2.22531741236751e17 2.22531741236751e17 0 0 0
16 65 2.6031491158366602e17 2.6031491158366602e17 0 0 0
17 65 4.007774251770073e17 4.007774251770073e17 0 0 0
18 65 4.901136709159446e17 4.901136709159446e17 0 0 0
19 65 2.883890523168708e17 2.883890523168708e17 0 0 0
10 66 2.0679727568247856e17 2.0679727568247856e17 0 0 0
11 66 2.725158947438062e17 2.725158947438062e17 0 0 0
12 66 3.376122787150258e17 3.376122787150258e17 0 0 0
13 66 4.208215164353653e17 4.208215164353653e17 0 0 0
14 66 2.5055595146677792e17 2.5055595146677792e17 0 0 0
15 66 2.4227658580832365e17 2.4227658580832365e17 0 0 0
16 66 2.847109251213243e17 2.847109251213243e17 0 0 0
17 66 3.2157332499767584e17 3.2157332499767584e17 0 0 0
18 66 4.014799569875291e17 4.014799569875291e17 0 0 0
19 66 4.7627475526541645e17 4.7627475526541645e17 0 0 0
10 67 1.9148732813818454e17 1.9148732813818454e17 0 0 0
11 67 2.415453656890658e17 2.415453656890658e17 0 0 0
12 67 3.259814723340788e17 3.259814723340788e17 0 0 0
13 67 3.963133204424945e17 3.963133204424945e17 0 0 0
14 67 4.15927410832747e17 4.15927410832747e17 0 0 0
15 67 2.74846285249925e17 2.74846285249925e17 0 0 0
16 67 2.3062237615479334e17 2.3062237615479334e17 0 0 0
17 67 3.550254728648568e17 3.550254728648568e17 0 0 0
18 67 3.967432370441607e17 3.967432370441607e17 0 0 0
19 67 4.849948403439668e17 4.849948403439668e17 0 0 0
10 68 1.8494430084627597e17 1.8494430084627597e17 0 0 0
11 68 2.1723603335395142e17 2.1723603335395142e17 0 0 0
12 68 2.907002091672251e17 2.907002091672251e17 0 0 0
13 68 3.798719450889212e17 3.798719450889212e17 0 0 0
14 68 4.676156273963102e17 4.676156273963102e17 0 0 0
15 68 2.2509210539488202e17 2.2509210539488202e17 0 0 0
16 68 2.8482028386680768e17 2.8482028386680768e17 0 0 0
17 68 3.2575411075388704e17 3.2575411075388704e17 0 0 0
18 68 3.686389451583495e17 3.686389451583495e17 0 0 0
19 68 4.19400485155731e17 4.19400485155731e17 0 0 0
10 69 1.5901879462096534e17 1.5901879462096534e17 0 0 0
11 69 2.0470228183840954e17 2.0470228183840954e17 0 0 0
12 69 2.5935913781872445e17 2.5935913781872445e17 0 0 0
13 69 3.440204306542864e17 3.440204306542864e17 0 0 0
14 69 3.911430395108649e17 3.911430395108649e17 0 0 0
15 69 4.804860688895318e17 4.804860688895318e17 0 0 0
16 69 2.4808006225594294e17 2.4808006225594294e17 0 0 0
17 69 2.968545300013837e17 2.968545300013837e17 0 0 0
18 69 3.378634566003146e17 3.378634566003146e17 0 0 0
19 69 3.6884277927404435e17 3.6884277927404435e17 0 0 0
20 60 1.480328358271012e17 1.480328358271012e17 0 0 0
21 60 2.2055892150441008e17 2.2055892150441008e17 0 0 0
22 60 6.519152567190627e17 6.519152567190627e17 0 0 0
23 60 5.833396984208851e17 5.833396984208851e17 0 0 0
24 60 4.250882418636113e17 4.250882418636113e17 0 0 0
25 60 3.9668314458030714e17 3.9668314458030714e17 0 0 0
26 60 3.546211454777802e17 3.546211454777802e17 0 0 0
27 60 6.643389627612797e17 6.643389627612797e17 0 0 0
28 60 5.583478622515078e17 5.583478622515078e17 0 0 0
29 60 5.460244982467885e17 5.460244982467885e17 0 0 0
20 61 1.1769322596314371e17 1.1769322596314371e17 0 0 0
21 61 2.119222828136609e17 2.119222828136609e17 0 0 0
22 61 5.66617792233725e17 5.66617792233725e17 0 0 0
23 61 4.8279879863072026e17 4.8279879863072026e17 0 0 0
24 61 3.838420252876214e17 3.838420252876214e17 0 0 0
25 61 3.330795701828262e17 3.330795701828262e17 0 0 0
26 61 3.109216893645956e17 3.109216893645956e17 0 0 0
27 61 5.3391118104591264e17 5.3391118104591264e17 0 0 0
28 61 5.4422250225932966e17 5.4422250225932966e17 0 0 0
29 61 5.839819823434804e17 5.839819823434804e17 0 0 0
20 62 2.019718441075231e17 2.019718441075231e17 0 0 0
21 62 1.520646849897662e17 1.520646849897662e17 0 0 0
22 62 2.7161816086059402e17 2.7161816086059402e17 0 0 0
23 62 3.450091644915431e17 3.450091644915431e17 0 0 0
24 62 2.3016893096091222e17 2.3016893096091222e17 0 0 0
25 62 1.4993500799400218e17 1.4993500799400218e17 0 0 0
26 62 3.514871776901579e17 3.514871776901579e17 0 0 0
27 62 4.060496238979072e17 4.060496238979072e17 0 0 0
28 62 6.470338061762692e17 6.470338061762692e17 0 0 0
29 62 6.926660468849719e17 6.926660468849719e17 0 0 0
20 63 1.9732641908754762e17 1.9732641908754762e17 0 0 0
21 63 1.1099289298999442e17 1.1099289298999442e17 0 0 0
22 63 2.366517266586625e17 2.366517266586625e17 0 0 0
23 63 2.8633416373203053e17 2.8633416373203053e17 0 0 0
24 63 1.642245984839349e17 1.642245984839349e17 0 0 0
25 63 1.2125316116692181e17 1.2125316116692181e17 0 0 0
26 63 3.126509091575435e17 3.126509091575435e17 0 0 0
27 63 3.773661719646201e17 3.773661719646201e17 0 0 0
28 63 8.552705311730203e17 8.552705311730203e17 0 0 0
29 63 7.201209407942555e17 7.201209407942555e17 0 0 0
20 64 1.0177213763572744e17 1.0177213763572744e17 0 0 0
21 64 1.3908747404887309e17 1.3908747404887309e17 0 0 0
22 64 2.498563738045607e17 2.498563738045607e17 0 0 0
23 64 3.4697166483645395e17 3.4697166483645395e17 0 0 0
24 64 2.033821788499438e17 2.033821788499438e17 0 0 0
25 64 2.6591829973657846e17 2.6591829973657846e17 0 0 0
26 64 2.5293114748121446e17 2.5293114748121446e17 0 0 0
27 64 4.196782546327533e17 4.196782546327533e17 0 0 0
28 64 9.343320693023424e17 9.343320693023424e17 0 0 0
29 64 7.555472323906052e17 7.555472323906052e17 0 0 0
20 65 7.766987151423485e16 7.766987151423485e16 0 0 0
21 65 8.93574983686009e16 8.93574983686009e16 0 0 0
22 65 2.0413380301987462e17 2.0413380301987462e17 0 0 0
23 65 2.6012149787435194e17 2.6012149787435194e17 0 0 0
24 65 2.5594397947137738e17 2.5594397947137738e17 0 0 0
25 65 1.554024229002186e17 1.554024229002186e17 0 0 0
26 65 2.838248736478578e17 2.838248736478578e17 0 0 0
27 65 2.8024308409367955e17 2.8024308409367955e17 0 0 0
28 65 8.381225433929434e17 8.381225433929434e17 0 0 0
29 65 9.293591224578641e17 9.293591224578641e17 0 0 0
20 66 1.5547902430854147e17 1.5547902430854147e17 0 0 0
21 66 6.552025999199173e16 6.552025999199173e16 0 0 0
22 66 1.6577470745837392e17 1.6577470745837392e17 0 0 0
23 66 2.5154229875790714e17 2.5154229875790714e17 0 0 0
24 66 2.3906597774539968e17 2.3906597774539968e17 0 0 0
25 66 2.5904654782921146e17 2.5904654782921146e17 0 0 0
26 66 2.0670191025334694e17 2.0670191025334694e17 0 0 0
27 66 4.391358693682042e17 4.391358693682042e17 0 0 0
28 66 6.230253202825581e17 6.230253202825581e17 0 0 0
29 66 9.586393016315692e17 9.586393016315692e17 0 0 0
20 67 2.9623647175931546e17 2.9623647175931546e17 0 0 0
21 67 1.8608652056862346e17 1.8608652056862346e17 0 0 0
22 67 1.6774617024236154e17 1.6774617024236154e17 0 0 0
23 67 1.3369984318433949e17 1.3369984318433949e17 0 0 0
24 67 1.2528270736610486e17 1.2528270736610486e17 0 0 0
25 67 2.6711307710702643e17 2.6711307710702643e17 0 0 0
26 67 1.6526856762698986e17 1.6526856762698986e17 0 0 0
27 67 3.518881302651844e17 3.518881302651844e17 0 0 0
28 67 4.192940863648943e17 4.192940863648943e17 0 0 0
29 67 8.478742544995502e17 8.478742544995502e17 0 0 0
20 68 5.227505512225055e17 5.227505512225055e17 0 0 0
21 68 2.2605483417748077e17 2.2605483417748077e17 0 0 0
22 68 8.360733423867082e16 8.360733423867082e16 0 0 0
23 68 1.6820182558879654e17 1.6820182558879654e17 0 0 0
24 68 2.4064272964263613e17 2.4064272964263613e17 0 0 0
25 68 1.9372431857579005e17 1.9372431857579005e17 0 0 0
26 68 2.1742967396981622e17 2.1742967396981622e17 0 0 0
27 68 1.8470179587834694e17 1.8470179587834694e17 0 0 0
28 68 5.382768686564308e17 5.382768686564308e17 0 0 0
29 68 8.42246573778555e17 8.42246573778555e17 0 0 0
20 69 4.8652681183214925e17 4.8652681183214925e17 0 0 0
21 69 6.261600437824204e17 6.261600437824204e17 0 0 0
22 69 1.5465763748320413e17 1.5465763748320413e17 0 0 0
23 69 1.1001047031110731e17 1.1001047031110731e17 0 0 0
24 69 1.6933766740899888e17 1.6933766740899888e17 0 0 0
25 69 1.7995254326801312e17 1.7995254326801312e17 0 0 0
26 69 1.8245044650690794e17 1.8245044650690794e17 0 0 0
27 69 3.1742649067803776e17 3.1742649067803776e17 0 0 0
28 69 3.6996305964598656e17 3.6996305964598656e17 0 0 0
29 69 5.496876774166207e17 5.496876774166207e17 0 0 0
30 60 7.55422487582503e17 7.55422487582503e17 0 0 0
31 60 1.0777517267911974e18 1.0777517267911974e18 0 0 0
32 60 1.5568941495586153e18 1.5568941495586153e18 0 0 0
33 60 2.3723397025518444e18 2.3723397025518444e18 0 0 0
34 60 2.908126890052897e18 2.908126890052897e18 0 0 0
35 60 3.72622542331052e18 3.72622542331052e18 0 0 0
36 60 7.038609416067212e18 7.038609416067212e18 0 0 0
37 60 6.900304975061479e18 6.900304975061479e18 0 0 0
38 60 6.521717128445818e18 6.521717128445818e18 0 0 0
39 60 4.949231448004252e18 4.949231448004252e18 0 0 0
30 61 6.215915771325971e17 6.215915771325971e17 0 0 0
31 61 8.563318404793403e17 8.563318404793403e17 0 0 0
32 61 1.5654782265061204e18 1.5654782265061204e18 0 0 0
33 61 2.5909149297991434e18 2.5909149297991434e18 0 0 0
34 61 2.5505950915135017e18 2.5505950915135017e18 0 0 0
35 61 3.4709097531523697e18 3.4709097531523697e18 0 0 0
36 61 5.175598059797992e18 5.175598059797992e18 0 0 0
37 61 6.383347048496409e18 6.383347048496409e18 0 0 0
38 61 7.330527869680469e18 7.330527869680469e18 0 0 0
39 61 4.744654997234465e18 4.744654997234465e18 0 0 0
30 62 7.972752552949494e17 7.972752552949494e17 0 0 0
31 62 4.955578151282821e17 4.955578151282821e17 0 0 0
32 62 1.4001042483920433e18 1.4001042483920433e18 0 0 0
33 62 2.0196027247319526e18 2.0196027247319526e18 0 0 0
34 62 2.566085076488599e18 2.566085076488599e18 0 0 0
35 62 2.9548900956560415e18 2.9548900956560415e18 0 0 0
36 62 3.389698454989917e18 3.389698454989917e18 0 0 0
37 62 5.832093146774045e18 5.832093146774045e18 0 0 0
38 62 6.43566711641163e18 6.43566711641163e18 0 0 0
39 62 5.802147258957093e18 5.802147258957093e18 0 0 0
30 63 7.451590633407603e17 7.451590633407603e17 0 0 0
31 63 8.428772328966615e17 8.428772328966615e17 0 0 0
32 63 1.1696192230832182e18 1.1696192230832182e18 0 0 0
33 63 1.817917032635514e18 1.817917032635514e18 0 0 0
34 63 2.120282176231058e18 2.120282176231058e18 0 0 0
35 63 2.1824272208004995e18 2.1824272208004995e18 0 0 0
36 63 3.6221032517786486e18 3.6221032517786486e18 0 0 0
37 63 4.77822744557088e18 4.77822744557088e18 0 0 0
38 63 6.556362957451171e18 6.556362957451171e18 0 0 0
39 63 7.304230941241619e18 7.304230941241619e18 0 0 0
30 64 8.684009365340838e17 8.684009365340838e17 0 0 0
31 64 9.254403892503109e17 9.254403892503109e17 0 0 0
32 64 8.457564974622122e17 8.457564974622122e17 0 0 0
33 64 1.4526512630399178e18 1.4526512630399178e18 0 0 0
34 64 1.869600810939199e18 1.869600810939199e18 0 0 0
35 64 2.041447354881317e18 2.041447354881317e18 0 0 0
36 64 3.065140527027416e18 3.065140527027416e18 0 0 0
37 64 3.9613400286973773e18 3.9613400286973773e18 0 0 0
38 64 5.922429214950606e18 5.922429214950606e18 0 0 0
39 64 6.023821063368113e18 6.023821063368113e18 0 0 0
30 65 7.722888928362433e17 7.722888928362433e17 0 0 0
31 65 8.74870007927838e17 8.74870007927838e17 0 0 0
32 65 1.0228217430086614e18 1.0228217430086614e18 0 0 0
33 65 1.203527034737846e18 1.203527034737846e18 0 0 0
34 65 1.4883302274710705e18 1.4883302274710705e18 0 0 0
35 65 1.9901321780524928e18 1.9901321780524928e18 0 0 0
36 65 2.3720018432243645e18 2.3720018432243645e18 0 0 0
37 65 3.5016649242720753e18 3.5016649242720753e18 0 0 0
38 65 4.168658935268934e18 4.168658935268934e18 0 0 0
39 65 6.183890256895933e18 6.183890256895933e18 0 0 0
30 66 7.94488873273273e17 7.94488873273273e17 0 0 0
31 66 9.266581449171388e17 9.266581449171388e17 0 0 0
32 66 7.257461857006399e17 7.257461857006399e17 0 0 0
33 66 8.46908683162041e17 8.46908683162041e17 0 0 0
34 66 1.0426761677228507e18 1.0426761677228507e18 0 0 0
35 66 1.6166138667740864e18 1.6166138667740864e18 0 0 0
36 66 1.7341673867761708e18 1.7341673867761708e18 0 0 0
37 66 2.401141727686725e18 2.401141727686725e18 0 0 0
38 66 3.163474139644246e18 3.163474139644246e18 0 0 0
39 66 3.827753250857379e18 3.827753250857379e18 0 0 0
30 67 9.624597187997193e17 9.624597187997193e17 0 0 0
31 67 7.710900774452631e17 7.710900774452631e17 0 0 0
32 67 8.91240582051096e17 8.91240582051096e17 0 0 0
33 67 9.652613339814301e17 9.652613339814301e17 0 0 0
34 67 1.0645998151347242e18 1.0645998151347242e18 0 0 0
35 67 1.1863269444503375e18 1.1863269444503375e18 0 0 0
36 67 1.5711925211740897e18 1.5711925211740897e18 0 0 0
37 67 1.9285837967645038e18 1.9285837967645038e18 0 0 0
38 67 2.2302964164741396e18 2.2302964164741396e18 0 0 0
39 67 2.956046740065304e18 2.956046740065304e18 0 0 0
30 68 9.005342753909248e17 9.005342753909248e17 0 0 0
31 68 9.541173853141396e17 9.541173853141396e17 0 0 0
32 68 8.126516556519828e17 8.126516556519828e17 0 0 0
33 68 8.934311521648351e17 8.934311521648351e17 0 0 0
34 68 7.674800276224334e17 7.674800276224334e17 0 0 0
35 68 1.0223030003045055e18 1.0223030003045055e18 0 0 0
36 68 1.217626712153142e18 1.217626712153142e18 0 0 0
37 68 1.5369626411989123e18 1.5369626411989123e18 0 0 0
38 68 1.556142623306119e18 1.556142623306119e18 0 0 0
39 68 2.1312742552556588e18 2.1312742552556588e18 0 0 0
30 69 7.084005634229999e17 7.084005634229999e17 0 0 0
31 69 1.001656599717925e18 1.001656599717925e18 0 0 0
32 69 8.549078381597313e17 8.549078381597313e17 0 0 0
33 69 6.861584108284699e17 6.861584108284699e17 0 0 0
34 69 7.610272821265315e17 7.610272821265315e17 0 0 0
35 69 7.739879570825137e17 7.739879570825137e17 0 0 0
36 69 1.115893609505518e18 1.115893609505518e18 0 0 0
37 69 1.3649630062805778e18 1.3649630062805778e18 0 0 0
38 69 1.3802908797148984e18 1.3802908797148984e18 0 0 0
39 69 1.16466149415423e18 1.16466149415423e18 0 0 0
40 60 2.7474737057826314e18 2.7474737057826314e18 0 0 0
41 60 3.3303437143894533e18 3.3303437143894533e18 0 0 0
42 60 4.966790848332303e18 4.966790848332303e18 0 0 0
43 60 3.8090984236965386e18 3.8090984236965386e18 0 0 0
44 60 4.1124422081148303e18 4.1124422081148303e18 0 0 0
45 60 4.0258823830030843e18 4.0258823830030843e18 0 0 0
46 60 1.0935180045232208e19 1.0935180045232208e19 0 0 0
47 60 3.2562666894358845e18 3.2562666894358845e18 0 0 0
48 60 3.1421987895937946e18 3.1421987895937946e18 0 0 0
49 60 3.1710078230204314e18 3.1710078230204314e18 0 0 0
40 61 4.603637032015204e18 4.603637032015204e18 0 0 0
41 61 2.2997131054885594e18 2.2997131054885594e18 0 0 0
42 61 3.426535858701922e18 3.426535858701922e18 0 0 0
43 61 4.0718399666175636e18 4.0718399666175636e18 0 0 0
44 61 3.7107709233291914e18 3.7107709233291914e18 0 0 0
45 61 3.6151595505216343e18 3.6151595505216343e18 0 0 0
46 61 2.5205684465086075e18 2.5205684465086075e18 0 0 0
47 61 1.7814954743209485e18 1.7814954743209485e18 0 0 0
48 61 3.3742788967090365e18 3.3742788967090365e18 0 0 0
49 61 3.1537759410694917e18 3.1537759410694917e18 0 0 0
40 62 4.3775850030744986e18 4.3775850030744986e18 0 0 0
41 62 3.2786722356263245e18 3.2786722356263245e18 0 0 0
42 62 2.2674983940267528e18 2.2674983940267528e18 0 0 0
43 62 2.7610666289166095e18 2.7610666289166095e18 0 0 0
44 62 4.1327719960170563e18 4.1327719960170563e18 0 0 0
45 62 3.7333362499176776e18 3.7333362499176776e18 0 0 0
46 62 2.9820965093427604e18 2.9820965093427604e18 0 0 0
47 62 2.2554646288697075e18 2.2554646288697075e18 0 0 0
48 62 1.9043995127658038e18 1.9043995127658038e18 0 0 0
49 62 1.673920196384649e18 1.673920196384649e18 0 0 0
40 63 4.988635371985844e18 4.988635371985844e18 0 0 0
41 63 4.855319592908713e18 4.855319592908713e18 0 0 0
42 63 2.855573746072586e18 2.855573746072586e18 0 0 0
43 63 3.3321603439415025e18 3.3321603439415025e18 0 0 0
44 63 3.7379180746271427e18 3.7379180746271427e18 0 0 0
45 63 3.4404889433856143e18 3.4404889433856143e18 0 0 0
46 63 2.908069101962712e18 2.908069101962712e18 0 0 0
47 63 2.54104964428059e18 2.54104964428059e18 0 0 0
48 63 1.8502078274902548e18 1.8502078274902548e18 0 0 0
49 63 1.318417240563792e18 1.318417240563792e18 0 0 0
40 64 7.287833885380038e18 7.287833885380038e18 0 0 0
41 64 3.692441949264083e18 3.692441949264083e18 0 0 0
42 64 3.4024070731281157e18 3.4024070731281157e18 0 0 0
43 64 4.054716400747792e18 4.054716400747792e18 0 0 0
44 64 3.6948399561089526e18 3.6948399561089526e18 0 0 0
45 64 3.2873813239369405e18 3.2873813239369405e18 0 0 0
46 64 2.046779642416544e18 2.046779642416544e18 0 0 0
47 64 1.989140594455937e18 1.989140594455937e18 0 0 0
48 64 1.79009217204293e18 1.79009217204293e18 0 0 0
49 64 1.729077741984965e18 1.729077741984965e18 0 0 0
40 65 6.01823362669462e18 6.01823362669462e18 0 0 0
41 65 5.488487272974903e18 5.488487272974903e18 0 0 0
42 65 3.38069928348721e18 3.38069928348721e18 0 0 0
43 65 3.9634476859902356e18 3.9634476859902356e18 0 0 0
44 65 3.8674872830787246e18 3.8674872830787246e18 0 0 0
45 65 2.4535141810753997e18 2.4535141810753997e18 0 0 0
46 65 1.625227188576845e18 1.625227188576845e18 0 0 0
47 65 1.417584353517582e18 1.417584353517582e18 0 0 0
48 65 1.2034378119673966e18 1.2034378119673966e18 0 0 0
49 65 1.0341998582144854e18 1.0341998582144854e18 0 0 0
40 66 5.44864809601171e18 5.44864809601171e18 0 0 0
41 66 5.190569581314619e18 5.190569581314619e18 0 0 0
42 66 4.681213221345124e18 4.681213221345124e18 0 0 0
43 66 2.5863785845165056e18 2.5863785845165056e18 0 0 0
44 66 1.7538156199312468e18 1.7538156199312468e18 0 0 0
45 66 2.2990971300523996e18 2.2990971300523996e18 0 0 0
46 66 2.041882806929084e18 2.041882806929084e18 0 0 0
47 66 1.556525219494183e18 1.556525219494183e18 0 0 0
48 66 1.2998723865556168e18 1.2998723865556168e18 0 0 0
49 66 1.1340549367287503e18 1.1340549367287503e18 0 0 0
40 67 3.3662362889048617e18 3.3662362889048617e18 0 0 0
41 67 4.754459409693085e18 4.754459409693085e18 0 0 0
42 67 4.1139192322437135e18 4.1139192322437135e18 0 0 0
43 67 4.622669783361394e18 4.622669783361394e18 0 0 0
44 67 2.2275490770804966e18 2.2275490770804966e18 0 0 0
45 67 9.388398841467231e17 9.388398841467231e17 0 0 0
46 67 1.1106087775731107e18 1.1106087775731107e18 0 0 0
47 67 1.0233214541985391e18 1.0233214541985391e18 0 0 0
48 67 1.3383727424649132e18 1.3383727424649132e18 0 0 0
49 67 1.3091010107140529e18 1.3091010107140529e18 0 0 0
40 68 2.2413685624864858e18 2.2413685624864858e18 0 0 0
41 68 2.7527434811027297e18 2.7527434811027297e18 0 0 0
42 68 3.633020077669015e18 3.633020077669015e18 0 0 0
43 68 3.7442239963391437e18 3.7442239963391437e18 0 0 0
44 68 2.9242982599108316e18 2.9242982599108316e18 0 0 0
45 68 2.421220712978962e18 2.421220712978962e18 0 0 0
46 68 7.964935915518459e17 7.964935915518459e17 0 0 0
47 68 5.78053763167404e17 5.78053763167404e17 0 0 0
48 68 3.070428108709366e17 3.070428108709366e17 0 0 0
49 68 2.653369688431549e17 2.653369688431549e17 0 0 0
40 69 1.613793434214142e18 1.613793434214142e18 0 0 0
41 69 1.9411741008056297e18 1.9411741008056297e18 0 0 0
42 69 2.2042024062486154e18 2.2042024062486154e18 0 0 0
43 69 2.7014877292939827e18 2.7014877292939827e18 0 0 0
44 69 3.1346398128444165e18 3.1346398128444165e18 0 0 0
45 69 2.438940922187631e18 2.438940922187631e18 0 0 0
46 69 2.0289751927804114e18 2.0289751927804114e18 0 0 0
47 69 1.2618838073129674e18 1.2618838073129674e18 0 0 0
48 69 7.784401987300385e17 7.784401987300385e17 0 0 0
49 69 3.100278280492498e17 3.100278280492498e17 0 0 0
50 60 3.604433152169778e18 3.604433152169778e18 0 0 0
51 60 4.051735944583006e18 4.051735944583006e18 0 0 0
52 60 3.3240697330231316e18 3.3240697330231316e18 0 0 0
53 60 5.732732349468453e18 5.732732349468453e18 0 0 0
54 60 1.2153573552356702e19 1.2153573552356702e19 0 0 0
55 60 3.752306525934457e18 3.752306525934457e18 0 0 0
56 60 2.7221628299631247e18 2.7221628299631247e18 0 0 0
57 60 1.9500128039755863e18 1.9500128039755863e18 0 0 0
58 60 2.2676890466380065e18 2.2676890466380065e18 0 0 0
59 60 1.2772784801579185e18 1.2772784801579185e18 0 0 0
50 61 6.559646975390134e18 6.559646975390134e18 0 0 0
51 61 5.874771773809508e18 5.874771773809508e18 0 0 0
52 61 4.473184983352123e18 4.473184983352123e18 0 0 0
53 61 4.569453577017998e18 4.569453577017998e18 0 0 0
54 61 4.2677250337824604e18 4.2677250337824604e18 0 0 0
55 61 2.377114052727409e18 2.377114052727409e18 0 0 0
56 61 1.7150663942815293e18 1.7150663942815293e18 0 0 0
57 61 1.644677780580871e18 1.644677780580871e18 0 0 0
58 61 1.0765135703767556e18 1.0765135703767556e18 0 0 0
59 61 5.7018519318587686e17 5.7018519318587686e17 0 0 0
50 62 2.0426006325223183e18 2.0426006325223183e18 0 0 0
51 62 2.3642417000279977e18 2.3642417000279977e18 0 0 0
52 62 2.4636409629156163e18 2.4636409629156163e18 0 0 0
53 62 2.3059060431275965e18 2.3059060431275965e18 0 0 0
54 62 1.5741107486365476e18 1.5741107486365476e18 0 0 0
55 62 1.1236697120706952e18 1.1236697120706952e18 0 0 0
56 62 1.3960670863813837e18 1.3960670863813837e18 0 0 0
57 62 9.696291658362181e17 9.696291658362181e17 0 0 0
58 62 6.503804890219625e17 6.503804890219625e17 0 0 0
59 62 3.8540691138071034e17 3.8540691138071034e17 0 0 0
50 63 1.2451340255532733e18 1.2451340255532733e18 0 0 0
51 63 1.67918971708486e18 1.67918971708486e18 0 0 0
52 63 1.2560466707693376e18 1.2560466707693376e18 0 0 0
53 63 1.1837213050828444e18 1.1837213050828444e18 0 0 0
54 63 1.1309710118440792e18 1.1309710118440792e18 0 0 0
55 63 1.0815540108519016e18 1.0815540108519016e18 0 0 0
56 63 8.306613526804925e17 8.306613526804925e17 0 0 0
57 63 4.7487100529441837e17 4.7487100529441837e17 0 0 0
58 63 4.983133237803317e17 4.983133237803317e17 0 0 0
59 63 3.978988166887126e17 3.978988166887126e17 0 0 0
50 64 1.1491960360302374e18 1.1491960360302374e18 0 0 0
51 64 1.0904263004218013e18 1.0904263004218013e18 0 0 0
52 64 1.0371458499329836e18 1.0371458499329836e18 0 0 0
53 64 9.688456228982216e17 9.688456228982216e17 0 0 0
54 64 6.2840530248271e17 6.2840530248271e17 0 0 0
55 64 8.412087649019862e17 8.412087649019862e17 0 0 0
56 64 5.7307149233288595e17 5.7307149233288595e17 0 0 0
57 64 4.7528631811791597e17 4.7528631811791597e17 0 0 0
58 64 1.3235534570323487e18 1.3235534570323487e18 0 0 0
59 64 4.379258179114673e17 4.379258179114673e17 0 0 0
50 65 9.42398427570235e17 9.42398427570235e17 0 0 0
51 65 7.972828639537222e17 7.972828639537222e17 0 0 0
52 65 7.01247299228056e17 7.01247299228056e17 0 0 0
53 65 6.299915445679514e17 6.299915445679514e17 0 0 0
54 65 5.126091173778313e17 5.126091173778313e17 0 0 0
55 65 3.7835355212148e17 3.7835355212148e17 0 0 0
56 65 7.116306077241115e17 7.116306077241115e17 0 0 0
57 65 3.795939850436337e17 3.795939850436337e17 0 0 0
58 65 2.635876634891457e17 2.635876634891457e17 0 0 0
59 65 4.1786469797446605e17 4.1786469797446605e17 0 0 0
50 66 8.88469854816598e17 8.88469854816598e17 0 0 0
51 66 7.730407621138452e17 7.730407621138452e17 0 0 0
52 66 9.483450716928096e17 9.483450716928096e17 0 0 0
53 66 7.036523277684124e17 7.036523277684124e17 0 0 0
54 66 8.105886637620694e17 8.105886637620694e17 0 0 0
55 66 5.1566034878062624e17 5.1566034878062624e17 0 0 0
56 66 3.1757826266272544e17 3.1757826266272544e17 0 0 0
57 66 3.5321230746705414e17 3.5321230746705414e17 0 0 0
58 66 5.894843690178008e17 5.894843690178008e17 0 0 0
59 66 5.1641042331994554e17 5.1641042331994554e17 0 0 0
50 67 9.688810651661628e17 9.688810651661628e17 0 0 0
51 67 9.554255871366285e17 9.554255871366285e17 0 0 0
52 67 1.0658335118138642e18 1.0658335118138642e18 0 0 0
53 67 6.06629877948199e17 6.06629877948199e17 0 0 0
54 67 5.860761535413034e17 5.860761535413034e17 0 0 0
55 67 6.849091388476499e17 6.849091388476499e17 0 0 0
56 67 6.20948651461301e17 6.20948651461301e17 0 0 0
57 67 5.6448734142865274e17 5.6448734142865274e17 0 0 0
58 67 4.257578427395771e17 4.257578427395771e17 0 0 0
59 67 4.0426982059024864e17 4.0426982059024864e17 0 0 0
50 68 3.779088075591379e17 3.779088075591379e17 0 0 0
51 68 6.353692823355684e17 6.353692823355684e17 0 0 0
52 68 6.144126051078019e17 6.144126051078019e17 0 0 0
53 68 4.18443339646569e17 4.18443339646569e17 0 0 0
54 68 3.359577301656901e17 3.359577301656901e17 0 0 0
55 68 2.8055222990238768e17 2.8055222990238768e17 0 0 0
56 68 2.7969878121280253e17 2.7969878121280253e17 0 0 0
57 68 3.482807216212918e17 3.482807216212918e17 0 0 0
58 68 5.021277935979053e17 5.021277935979053e17 0 0 0
59 68 4.093006116234416e17 4.093006116234416e17 0 0 0
50 69 2.4190819841269133e17 2.4190819841269133e17 0 0 0
51 69 3.771020186869523e17 3.771020186869523e17 0 0 0
52 69 2.3878604591747795e17 2.3878604591747795e17 0 0 0
53 69 2.8717963361735923e17 2.8717963361735923e17 0 0 0
54 69 3.440387416860011e17 3.440387416860011e17 0 0 0
55 69 5.670100061662802e17 5.670100061662802e17 0 0 0
56 69 5.464224350604589e17 5.464224350604589e17 0 0 0
57 69 8.41018928672504e17 8.41018928672504e17 0 0 0
58 69 3.958540448030771e17 3.958540448030771e17 0 0 0
59 69 3.7466306044616934e17 3.7466306044616934e17 0 0 0
60 60 7.031534913846077e17 7.031534913846077e17 0 0 0
61 60 7.763421700890318e17 7.763421700890318e17 0 0 0
62 60 1.3968938675376556e18 1.3968938675376556e18 0 0 0
63 60 9.144857447669875e17 9.144857447669875e17 0 0 0
64 60 6.657753347853567e17 6.657753347853567e17 0 0 0
65 60 1.3398549231725335e18 1.3398549231725335e18 0 0 0
66 60 1.3863073088797878e18 1.3863073088797878e18 0 0 0
67 60 1.1343907743655569e18 1.1343907743655569e18 0 0 0
68 60 7.166482811138497e17 7.166482811138497e17 0 0 0
69 60 4.2560918388678566e17 4.2560918388678566e17 0 0 0
60 61 4.424055316494079e17 4.424055316494079e17 0 0 0
61 61 9.396993616022465e17 9.396993616022465e17 0 0 0
62 61 1.0468984162440369e18 1.0468984162440369e18 0 0 0
63 61 6.871336663117486e17 6.871336663117486e17 0 0 0
64 61 9.386609357388897e17 9.386609357388897e17 0 0 0
65 61 1.523245256995388e18 1.523245256995388e18 0 0 0
66 61 1.1499551276640082e18 1.1499551276640082e18 0 0 0
67 61 7.136062610315941e17 7.136062610315941e17 0 0 0
68 61 4.5015246319594003e17 4.5015246319594003e17 0 0 0
69 61 4.300585025343186e17 4.300585025343186e17 0 0 0
60 62 5.262329802239642e17 5.262329802239642e17 0 0 0
61 62 5.947304920408138e17 5.947304920408138e17 0 0 0
62 62 4.689387301559724e17 4.689387301559724e17 0 0 0
63 62 1.0111807533437595e18 1.0111807533437595e18 0 0 0
64 62 1.0748662974606519e18 1.0748662974606519e18 0 0 0
65 62 1.0445698388224964e18 1.0445698388224964e18 0 0 0
66 62 7.260951502238186e17 7.260951502238186e17 0 0 0
67 62 5.299403902552768e17 5.299403902552768e17 0 0 0
68 62 4.325977512868108e17 4.325977512868108e17 0 0 0
69 62 4.060408734046576e17 4.060408734046576e17 0 0 0
60 63 3.7770673513198675e17 3.7770673513198675e17 0 0 0
61 63 4.967026071520449e17 4.967026071520449e17 0 0 0
62 63 5.002715525256441e17 5.002715525256441e17 0 0 0
63 63 8.501079813216196e17 8.501079813216196e17 0 0 0
64 63 9.289284219473923e17 9.289284219473923e17 0 0 0
65 63 7.551503120699903e17 7.551503120699903e17 0 0 0
66 63 5.7140562787539264e17 5.7140562787539264e17 0 0 0
67 63 3.6255011735747514e17 3.6255011735747514e17 0 0 0
68 63 3.8485722517912525e17 3.8485722517912525e17 0 0 0
69 63 4.1298798830411386e17 4.1298798830411386e17 0 0 0
60 64 5.119571918374417e17 5.119571918374417e17 0 0 0
61 64 8.209048620267936e17 8.209048620267936e17 0 0 0
62 64 8.10561502131493e17 8.10561502131493e17 0 0 0
63 64 7.873606839182202e17 7.873606839182202e17 0 0 0
64 64 5.649536971490168e17 5.649536971490168e17 0 0 0
65 64 4.584443690381798e17 4.584443690381798e17 0 0 0
66 64 4.078826186923563e17 4.078826186923563e17 0 0 0
67 64 3.372776044951285e17 3.372776044951285e17 0 0 0
68 64 3.9706018808440237e17 3.9706018808440237e17 0 0 0
69 64 6.106228518951336e17 6.106228518951336e17 0 0 0
60 65 4.361813614301999e17 4.361813614301999e17 0 0 0
61 65 5.555672403605542e17 5.555672403605542e17 0 0 0
62 65 6.899975011786601e17 6.899975011786601e17 0 0 0
63 65 5.078286457119336e17 5.078286457119336e17 0 0 0
64 65 4.33576890778491e17 4.33576890778491e17 0 0 0
65 65 4.013280243454744e17 4.013280243454744e17 0 0 0
66 65 3.578877035913545e17 3.578877035913545e17 0 0 0
67 65 4.482300038821623e17 4.482300038821623e17 0 0 0
68 65 7.684009717124621e17 7.684009717124621e17 0 0 0
69 65 4.190022203077966e17 4.190022203077966e17 0 0 0
60 66 6.855379180031922e17 6.855379180031922e17 0 0 0
61 66 5.94144468895351e17 5.94144468895351e17 0 0 0
62 66 3.938112297079387e17 3.938112297079387e17 0 0 0
63 66 4.052077941025637e17 4.052077941025637e17 0 0 0
64 66 3.99299446986871e17 3.99299446986871e17 0 0 0
65 66 4.2268848617128915e17 4.2268848617128915e17 0 0 0
66 66 6.305951970606601e17 6.305951970606601e17 0 0 0
67 66 7.899238902178404e17 7.899238902178404e17 0 0 0
68 66 5.2018652959544006e17 5.2018652959544006e17 0 0 0
69 66 2.6412868439276685e17 2.6412868439276685e17 0 0 0
60 67 5.817302256338606e17 5.817302256338606e17 0 0 0
61 67 3.554218809316442e17 3.554218809316442e17 0 0 0
62 67 3.8762048247962726e17 3.8762048247962726e17 0 0 0
63 67 4.481067852464468e17 4.481067852464468e17 0 0 0
64 67 7.13478786641679e17 7.13478786641679e17 0 0 0
65 67 5.0791178611903744e17 5.0791178611903744e17 0 0 0
66 67 3.375281406669009e17 3.375281406669009e17 0 0 0
67 67 4.9014268982899885e17 4.9014268982899885e17 0 0 0
68 67 2.838889474055808e17 2.838889474055808e17 0 0 0
69 67 2.2658426202697174e17 2.2658426202697174e17 0 0 0
60 68 3.1772313382051206e17 3.1772313382051206e17 0 0 0
61 68 5.71527838982413e17 5.71527838982413e17 0 0 0
62 68 6.831785642747418e17 6.831785642747418e17 0 0 0
63 68 4.133067584495508e17 4.133067584495508e17 0 0 0
64 68 3.671071823168584e17 3.671071823168584e17 0 0 0
65 68 4.629993116330827e17 4.629993116330827e17 0 0 0
66 68 3.9179179345390765e17 3.9179179345390765e17 0 0 0
67 68 3.6214793554178694e17 3.6214793554178694e17 0 0 0
68 68 2.7338087016999302e17 2.7338087016999302e17 0 0 0
69 68 2.5202236346728867e17 2.5202236346728867e17 0 0 0
60 69 3.8818561199509555e17 3.8818561199509555e17 0 0 0
61 69 3.579780646674017e17 3.579780646674017e17 0 0 0
62 69 3.246154472002157e17 3.246154472002157e17 0 0 0
63 69 3.974953282313263e17 3.974953282313263e17 0 0 0
64 69 3.50582047970045e17 3.50582047970045e17 0 0 0
65 69 3.945713846659458e17 3.945713846659458e17 0 0 0
66 69 4.239820616666002e17 4.239820616666002e17 0 0 0
67 69 4.115175082490737e17 4.115175082490737e17 0 0 0
68 69 3.267023351313355e17 3.267023351313355e17 0 0 0
69 69 4.4654381778494925e17 4.4654381778494925e17 0 0 0
70 60 4.379974868912554e17 4.379974868912554e17 0 0 0
71 60 3.447273135851897e17 3.447273135851897e17 0 0 0
72 60 1.1475842947149282e17 1.1475842947149282e17 0 0 0
73 60 2.9107900890657075e17 2.9107900890657075e17 0 0 0
74 60 1.353096859135391e17 1.353096859135391e17 0 0 0
75 60 6.990614499322892e15 6.990614499322892e15 0 0 0
76 60 3.940467171275769e16 3.940467171275769e16 0 0 0
77 60 6.2494232890662264e16 6.2494232890662264e16 0 0 0
78 60 6.4292251612397016e16 6.4292251612397016e16 0 0 0
79 60 1.0792437849789504e17 1.0792437849789504e17 0 0 0
70 61 4.206958021390849e17 4.206958021390849e17 0 0 0
71 61 2.2073970973449187e17 2.2073970973449187e17 0 0 0
72 61 1.3631478211423146e17 1.3631478211423146e17 0 0 0
73 61 3.252644502263398e17 3.252644502263398e17 0 0 0
74 61 1.4076731416658006e16 1.4076731416658006e16 0 0 0
75 61 8.507859221405075e16 8.507859221405075e16 0 0 0
76 61 3.611119846551193e16 3.611119846551193e16 0 0 0
77 61 4.357402648456804e16 4.357402648456804e16 0 0 0
78 61 8.682867792196118e16 8.682867792196118e16 0 0 0
79 61 2.4263716817198662e17 2.4263716817198662e17 0 0 0
70 62 3.9091717680229446e17 3.9091717680229446e17 0 0 0
71 62 1.9501580618353523e17 1.9501580618353523e17 0 0 0
72 62 4.967826851236568e17 4.967826851236568e17 0 0 0
73 62 1.5463604113097773e17 1.5463604113097773e17 0 0 0
74 62 9.282525170537099e16 9.282525170537099e16 0 0 0
75 62 5.6208385654912184e16 5.6208385654912184e16 0 0 0
76 62 7.0404146517622344e16 7.0404146517622344e16 0 0 0
77 62 9.659994000746515e16 9.659994000746515e16 0 0 0
78 62 2.32240952571611e17 2.32240952571611e17 0 0 0
79 62 1.7365686892827843e17 1.7365686892827843e17 0 0 0
70 63 3.919719699167747e17 3.919719699167747e17 0 0 0
71 63 3.703096019706627e17 3.703096019706627e17 0 0 0
72 63 4.07184123151342e17 4.07184123151342e17 0 0 0
73 63 1.2920415401925214e17 1.2920415401925214e17 0 0 0
74 63 5.77466444951348e16 5.77466444951348e16 0 0 0
75 63 8.376915107619931e16 8.376915107619931e16 0 0 0
76 63 1.1720107945822518e17 1.1720107945822518e17 0 0 0
77 63 2.3021000921584397e17 2.3021000921584397e17 0 0 0
78 63 2.0367750685482134e17 2.0367750685482134e17 0 0 0
79 63 1.879521550109095e17 1.879521550109095e17 0 0 0
70 64 2.7454118586578288e17 2.7454118586578288e17 0 0 0
71 64 2.619856134129058e17 2.619856134129058e17 0 0 0
72 64 2.968007688468709e17 2.968007688468709e17 0 0 0
73 64 5.625055304015862e16 5.625055304015862e16 0 0 0
74 64 8.212550629168574e16 8.212550629168574e16 0 0 0
75 64 1.1927866240304416e17 1.1927866240304416e17 0 0 0
76 64 2.4212012668166838e17 2.4212012668166838e17 0 0 0
77 64 2.8756440472034096e17 2.8756440472034096e17 0 0 0
78 64 1.6065982355869197e17 1.6065982355869197e17 0 0 0
79 64 1.6971553404400698e17 1.6971553404400698e17 0 0 0
70 65 2.5381573848948768e17 2.5381573848948768e17 0 0 0
71 65 3.55351319581844e17 3.55351319581844e17 0 0 0
72 65 1.3751141669390029e17 1.3751141669390029e17 0 0 0
73 65 6.588927839120962e16 6.588927839120962e16 0 0 0
74 65 1.1424875723922202e17 1.1424875723922202e17 0 0 0
75 65 2.3106717027439402e17 2.3106717027439402e17 0 0 0
76 65 1.9672437437342794e17 1.9672437437342794e17 0 0 0
77 65 1.9788470074195885e17 1.9788470074195885e17 0 0 0
78 65 1.8786062461925802e17 1.8786062461925802e17 0 0 0
79 65 1.3991015905527922e17 1.3991015905527922e17 0 0 0
70 66 1.8200679066536826e17 1.8200679066536826e17 0 0 0
71 66 3.1846367483325997e17 3.1846367483325997e17 0 0 0
72 66 1.3842209932912178e17 1.3842209932912178e17 0 0 0
73 66 1.1530387132052826e17 1.1530387132052826e17 0 0 0
74 66 2.8504551268103274e17 2.8504551268103274e17 0 0 0
75 66 2.0182741798763738e17 2.0182741798763738e17 0 0 0
76 66 1.91910471599178e17 1.91910471599178e17 0 0 0
77 66 1.637370123932845e17 1.637370123932845e17 0 0 0
78 66 1.487674475709831e17 1.487674475709831e17 0 0 0
79 66 9.377632713511584e16 9.377632713511584e16 0 0 0
70 67 3.64306813383964e17 3.64306813383964e17 0 0 0
71 67 2.7756824717931437e17 2.7756824717931437e17 0 0 0
72 67 1.431468522778229e17 1.431468522778229e17 0 0 0
73 67 3.593051982771659e17 3.593051982771659e17 0 0 0
74 67 2.327646386699783e17 2.327646386699783e17 0 0 0
75 67 1.6975103676572646e17 1.6975103676572646e17 0 0 0
76 67 2.2167694891151763e17 2.2167694891151763e17 0 0 0
77 67 1.9041319889212115e17 1.9041319889212115e17 0 0 0
78 67 6.7413912065437976e16 6.7413912065437976e16 0 0 0
79 67 3.4555798869123924e16 3.4555798869123924e16 0 0 0
70 68 3.6867160419006784e17 3.6867160419006784e17 0 0 0
71 68 2.989725184177697e17 2.989725184177697e17 0 0 0
72 68 3.6111361001097894e17 3.6111361001097894e17 0 0 0
73 68 2.4846060442902742e17 2.4846060442902742e17 0 0 0
74 68 2.604873184554613e17 2.604873184554613e17 0 0 0
75 68 2.236436236645782e17 2.236436236645782e17 0 0 0
76 68 1.83724267390313e17 1.83724267390313e17 0 0 0
77 68 7.736319332986518e16 7.736319332986518e16 0 0 0
78 68 3.039243162733138e16 3.039243162733138e16 0 0 0
79 68 1.0695481787334154e16 1.0695481787334154e16 0 0 0
70 69 6.234325179064774e17 6.234325179064774e17 0 0 0
71 69 4.1399855052243494e17 4.1399855052243494e17 0 0 0
72 69 3.071936608495489e17 3.071936608495489e17 0 0 0
73 69 2.9146420235373555e17 2.9146420235373555e17 0 0 0
74 69 2.168915325780223e17 2.168915325780223e17 0 0 0
75 69 2.019636881798082e17 2.019636881798082e17 0 0 0
76 69 5.4870760923882616e16 5.4870760923882616e16 0 0 0
77 69 1.2059044093632244e16 1.2059044093632244e16 0 0 0
78 69 2.369977939070852e15 2.369977939070852e15 0 0 0
79 69 2.4355165558056256e16 2.4355165558056256e16 0 0 0
80 60 2.750006940999004e17 2.750006940999004e17 0 0 0
81 60 1.2953608482473746e17 1.2953608482473746e17 0 0 0
82 60 1.4265580018039514e17 1.4265580018039514e17 0 0 0
83 60 5.9557852954400584e16 5.9557852954400584e16 0 0 0
84 60 5.249937281402934e16 5.249937281402934e16 0 0 0
85 60 2.3645514877804596e16 2.3645514877804596e16 0 0 0
86 60 1.768841279856442e16 1.768841279856442e16 0 0 0
87 60 1.536499106209335e16 1.536499106209335e16 0 0 0
88 60 8.723723849110222e15 8.723723849110222e15 0 0 0
89 60 1.0511481761755266e15 1.0511481761755266e15 0 0 0
80 61 1.9403428267096336e17 1.9403428267096336e17 0 0 0
81 61 1.1860503113180578e17 1.1860503113180578e17 0 0 0
82 61 9.338589280451205e16 9.338589280451205e16 0 0 0
83 61 3.3092504167938028e16 3.3092504167938028e16 0 0 0
84 61 1.6782984791388262e16 1.6782984791388262e16 0 0 0
85 61 4.9825092714933175e14 4.9825092714933175e14 0 0 0
86 61 2.177730372572953e16 2.177730372572953e16 0 0 0
87 61 1.7109937280254276e16 1.7109937280254276e16 0 0 0
88 61 1.4152332902426772e15 1.4152332902426772e15 0 0 0
89 61 1.8842031828432408e15 1.8842031828432408e15 0 0 0
80 62 1.3427042801504386e17 1.3427042801504386e17 0 0 0
81 62 1.2783464459796754e17 1.2783464459796754e17 0 0 0
82 62 2.385654732606693e16 2.385654732606693e16 0 0 0
83 62 1.3794638490505808e16 1.3794638490505808e16 0 0 0
84 62 4.272113872661045e16 4.272113872661045e16 0 0 0
85 62 1.0033583452936864e15 1.0033583452936864e15 0 0 0
86 62 1.8354020762128324e16 1.8354020762128324e16 0 0 0
87 62 1.6035340215962888e15 1.6035340215962888e15 0 0 0
88 62 2.2803667441565645e15 2.2803667441565645e15 0 0 0
89 62 2.962552953922636e15 2.962552953922636e15 0 0 0
80 63 1.1772720492409965e17 1.1772720492409965e17 0 0 0
81 63 1.1832378600566445e17 1.1832378600566445e17 0 0 0
82 63 6.4774648227552136e16 6.4774648227552136e16 0 0 0
83 63 2.2049602160046836e16 2.2049602160046836e16 0 0 0
84 63 1.999992385544348e15 1.999992385544348e15 0 0 0
85 63 2.3703270320683684e16 2.3703270320683684e16 0 0 0
86 63 1.3031212716557255e15 1.3031212716557255e15 0 0 0
87 63 2.096145381478117e15 2.096145381478117e15 0 0 0
88 63 3.1783413662069025e15 3.1783413662069025e15 0 0 0
89 63 3.3312533809745025e15 3.3312533809745025e15 0 0 0
80 64 1.382215858897726e17 1.382215858897726e17 0 0 0
81 64 3.72785611403453e16 3.72785611403453e16 0 0 0
82 64 1.1927888808897204e16 1.1927888808897204e16 0 0 0
83 64 3.860086044960878e16 3.860086044960878e16 0 0 0
84 64 1.2641048459285568e15 1.2641048459285568e15 0 0 0
85 64 2.156878722167218e16 2.156878722167218e16 0 0 0
86 64 1.6666788143726672e15 1.6666788143726672e15 0 0 0
87 64 1.9771578455128018e15 1.9771578455128018e15 0 0 0
88 64 1.2435525848924952e15 1.2435525848924952e15 0 0 0
89 64 3.1422113117976735e15 3.1422113117976735e15 0 0 0
80 65 7.267909900032954e16 7.267909900032954e16 0 0 0
81 65 4.902105756764681e16 4.902105756764681e16 0 0 0
82 65 1.4064520883664322e16 1.4064520883664322e16 0 0 0
83 65 1.4133112500149732e15 1.4133112500149732e15 0 0 0
84 65 1.137769906400852e15 1.137769906400852e15 0 0 0
85 65 7.607137893630194e14 7.607137893630194e14 0 0 0
86 65 3.955457960180775e14 3.955457960180775e14 0 0 0
87 65 8.788708084814419e14 8.788708084814419e14 0 0 0
88 65 9.569385575963842e14 9.569385575963842e14 0 0 0
89 65 2.947828563552314e15 2.947828563552314e15 0 0 0
80 66 2.7463856301308532e16 2.7463856301308532e16 0 0 0
81 66 7.021950817833616e15 7.021950817833616e15 0 0 0
82 66 2.4624985871536216e16 2.4624985871536216e16 0 0 0
83 66 8.936015220364744e14 8.936015220364744e14 0 0 0
84 66 1.8158169124591476e16 1.8158169124591476e16 0 0 0
85 66 1.8064053946661847e14 1.8064053946661847e14 0 0 0
86 66 1.9986862124349675e14 1.9986862124349675e14 0 0 0
87 66 1.1868158237174778e15 1.1868158237174778e15 0 0 0
88 66 1.4128543270185202e15 1.4128543270185202e15 0 0 0
89 66 2.749483095558681e15 2.749483095558681e15 0 0 0
80 67 3.375722843845752e16 3.375722843845752e16 0 0 0
81 67 1.2751671968859988e16 1.2751671968859988e16 0 0 0
82 67 6.379408502802736e14 6.379408502802736e14 0 0 0
83 67 5.192479843697823e14 5.192479843697823e14 0 0 0
84 67 1.382292082965502e16 1.382292082965502e16 0 0 0
85 67 2.873910036798104e14 2.873910036798104e14 0 0 0
86 67 5.74673597599754e15 5.74673597599754e15 0 0 0
87 67 1.736882621518225e15 1.736882621518225e15 0 0 0
88 67 2.299601370563469e15 2.299601370563469e15 0 0 0
89 67 4.3674198849718165e15 4.3674198849718165e15 0 0 0
80 68 2.282182553164407e15 2.282182553164407e15 0 0 0
81 68 9.523317924433204e15 9.523317924433204e15 0 0 0
82 68 6.843477945389124e14 6.843477945389124e14 0 0 0
83 68 1.0925733950421246e16 1.0925733950421246e16 0 0 0
84 68 9.772326310421674e15 9.772326310421674e15 0 0 0
85 68 6.391217733467721e15 6.391217733467721e15 0 0 0
86 68 5.375594959870581e15 5.375594959870581e15 0 0 0
87 68 1.870102949573109e15 1.870102949573109e15 0 0 0
88 68 4.943787644731319e15 4.943787644731319e15 0 0 0
89 68 2.232520416626583e15 2.232520416626583e15 0 0 0
80 69 3.861895358366492e15 3.861895358366492e15 0 0 0
81 69 6.520603589768024e14 6.520603589768024e14 0 0 0
82 69 2.5371670772070353e14 2.5371670772070353e14 0 0 0
83 69 4.1064448244071205e15 4.1064448244071205e15 0 0 0
84 69 3.1620995015547065e15 3.1620995015547065e15 0 0 0
85 69 3.3031715195711995e15 3.3031715195711995e15 0 0 0
86 69 6.343126026839143e15 6.343126026839143e15 0 0 0
87 69 5.459176544915862e15 5.459176544915862e15 0 0 0
88 69 2.1450872439894822e15 2.1450872439894822e15 0 0 0
89 69 2.466762930115321e15 2.466762930115321e15 0 0 0
90 60 8.344481601122053e15 8.344481601122053e15 0 0 0
91 60 8.138296885267512e15 8.138296885267512e15 0 0 0
92 60 6.077737434353695e15 6.077737434353695e15 0 0 0
93 60 2.512012599719956e15 2.512012599719956e15 0 0 0
94 60 9.572234814578415e14 9.572234814578415e14 0 0 0
95 60 8.124758711773719e14 8.124758711773719e14 0 0 0
96 60 9.054762370087422e14 9.054762370087422e14 0 0 0
97 60 6.346456702029514e14 6.346456702029514e14 0 0 0
98 60 8.28807331680016e14 8.28807331680016e14 0 0 0
99 60 1.4181845908393995e15 1.4181845908393995e15 0 0 0
90 61 2.4572336803158695e15 2.4572336803158695e15 0 0 0
91 61 6.702854965449971e15 6.702854965449971e15 0 0 0
92 61 4.254735115107709e15 4.254735115107709e15 0 0 0
93 61 1.7122311331427785e15 1.7122311331427785e15 0 0 0
94 61 1.027240168776575e15 1.027240168776575e15 0 0 0
95 61 6.052038589941861e14 6.052038589941861e14 0 0 0
96 61 7.187475626873946e14 7.187475626873946e14 0 0 0
97 61 6.024031342542481e14 6.024031342542481e14 0 0 0
98 61 9.279774031166365e14 9.279774031166365e14 0 0 0
99 61 1.6306529103434802e15 1.6306529103434802e15 0 0 0
90 62 3.2596426744640345e15 3.2596426744640345e15 0 0 0
91 62 5.909211591368752e15 5.909211591368752e15 0 0 0
92 62 3.3418357686545945e15 3.3418357686545945e15 0 0 0
93 62 9.126640043546812e14 9.126640043546812e14 0 0 0
94 62 6.535407844061112e14 6.535407844061112e14 0 0 0
95 62 8.175667056894418e14 8.175667056894418e14 0 0 0
96 62 6.87520545323798e14 6.87520545323798e14 0 0 0
97 62 6.947597300090179e14 6.947597300090179e14 0 0 0
98 62 1.0876862639507486e15 1.0876862639507486e15 0 0 0
99 62 1.9106384762429318e15 1.9106384762429318e15 0 0 0
90 63 2.8858386901782165e15 2.8858386901782165e15 0 0 0
91 63 5.58660409496413e15 5.58660409496413e15 0 0 0
92 63 1.2615676875848578e15 1.2615676875848578e15 0 0 0
93 63 1.0086693526727669e15 1.0086693526727669e15 0 0 0
94 63 1.109044074238774e15 1.109044074238774e15 0 0 0
95 63 8.010416638278261e14 8.010416638278261e14 0 0 0
96 63 7.095088744272118e14 7.095088744272118e14 0 0 0
97 63 9.224907596411244e14 9.224907596411244e14 0 0 0
98 63 1.4865035465360675e15 1.4865035465360675e15 0 0 0
99 63 2.258859577837655e15 2.258859577837655e15 0 0 0
90 64 2.36323491255877e15 2.36323491255877e15 0 0 0
91 64 2.98422372242128e15 2.98422372242128e15 0 0 0
92 64 1.3453239950061825e15 1.3453239950061825e15 0 0 0
93 64 1.4798485850013862e15 1.4798485850013862e15 0 0 0
94 64 8.789691032610866e14 8.789691032610866e14 0 0 0
95 64 8.290309231327024e14 8.290309231327024e14 0 0 0
96 64 8.542093425136532e14 8.542093425136532e14 0 0 0
97 64 1.255906979550313e15 1.255906979550313e15 0 0 0
98 64 1.7687833058364488e15 1.7687833058364488e15 0 0 0
99 64 1.2134518244762585e15 1.2134518244762585e15 0 0 0
90 65 2.6169311253329515e15 2.6169311253329515e15 0 0 0
91 65 2.1786017530587035e15 2.1786017530587035e15 0 0 0
92 65 8.819642383647421e14 8.819642383647421e14 0 0 0
93 65 1.0644973786585638e15 1.0644973786585638e15 0 0 0
94 65 8.566320197087134e14 8.566320197087134e14 0 0 0
95 65 1.4111535891955478e15 1.4111535891955478e15 0 0 0
96 65 1.0773818690824961e15 1.0773818690824961e15 0 0 0
97 65 1.4916645151104905e15 1.4916645151104905e15 0 0 0
98 65 2.3051253643364255e15 2.3051253643364255e15 0 0 0
99 65 1.297782097094376e15 1.297782097094376e15 0 0 0
90 66 3.5843907293457895e15 3.5843907293457895e15 0 0 0
91 66 2.3025817039907945e15 2.3025817039907945e15 0 0 0
92 66 1.2896428803511628e15 1.2896428803511628e15 0 0 0
93 66 1.1009966992144068e15 1.1009966992144068e15 0 0 0
94 66 1.516991577209086e15 1.516991577209086e15 0 0 0
95 66 1.611056559988439e15 1.611056559988439e15 0 0 0
96 66 1.277862101449413e15 1.277862101449413e15 0 0 0
97 66 1.9222246546912772e15 1.9222246546912772e15 0 0 0
98 66 1.2059102873096478e15 1.2059102873096478e15 0 0 0
99 66 1.0096711131043545e15 1.0096711131043545e15 0 0 0
90 67 1.8087399163628328e15 1.8087399163628328e15 0 0 0
91 67 1.7849138001647148e15 1.7849138001647148e15 0 0 0
92 67 1.0781329263634595e15 1.0781329263634595e15 0 0 0
93 67 1.721334034537651e15 1.721334034537651e15 0 0 0
94 67 1.802271919202348e15 1.802271919202348e15 0 0 0
95 67 2.0686625448838932e15 2.0686625448838932e15 0 0 0
96 67 1.5192943946725822e15 1.5192943946725822e15 0 0 0
97 67 2.628903991910305e15 2.628903991910305e15 0 0 0
98 67 1.304077252939142e15 1.304077252939142e15 0 0 0
99 67 6.131735499672251e14 6.131735499672251e14 0 0 0
90 68 2.0682829212633058e15 2.0682829212633058e15 0 0 0
91 68 1.1232653078793069e15 1.1232653078793069e15 0 0 0
92 68 2.0105881669350328e15 2.0105881669350328e15 0 0 0
93 68 1.8747915748109715e15 1.8747915748109715e15 0 0 0
94 68 2.2101502353051345e15 2.2101502353051345e15 0 0 0
95 68 1.3782165233623678e15 1.3782165233623678e15 0 0 0
96 68 1.8731193635037882e15 1.8731193635037882e15 0 0 0
97 68 2.838761242362456e15 2.838761242362456e15 0 0 0
98 68 8.153141409931446e14 8.153141409931446e14 0 0 0
99 68 2.690086447332043e14 2.690086447332043e14 0 0 0
90 69 1.560727633545578e15 1.560727633545578e15 0 0 0
91 69 2.03527240031218e15 2.03527240031218e15 0 0 0
92 69 2.096130296128138e15 2.096130296128138e15 0 0 0
93 69 2.1145287734151745e15 2.1145287734151745e15 0 0 0
94 69 2.7420995580973965e15 2.7420995580973965e15 0 0 0
95 69 1.87414086928903e15 1.87414086928903e15 0 0 0
96 69 2.43931971261102e15 2.43931971261102e15 0 0 0
97 69 8.012590002208961e14 8.012590002208961e14 0 0 0
98 69 3.5085931717012725e14 3.5085931717012725e14 0 0 0
99 69 1.136850305225862e14 1.136850305225862e14 0 0 0
0 70 2.6813774818967468e16 2.6813774818967468e16 0 0 0
1 70 1.5806346648708518e16 1.5806346648708518e16 0 0 0
2 70 9.52162623822789e15 9.52162623822789e15 0 0 0
3 70 2.2099839195554096e16 2.2099839195554096e16 0 0 0
4 70 1.3334130376555886e16 1.3334130376555886e16 0 0 0
5 70 6.610887732622005e15 6.610887732622005e15 0 0 0
6 70 1.8844366269341104e16 1.8844366269341104e16 0 0 0
7 70 1.3808697824365622e16 1.3808697824365622e16 0 0 0
8 70 3.918121673194967e16 3.918121673194967e16 0 0 0
9 70 4.467735444687597e16 4.467735444687597e16 0 0 0
0 71 3.1409483343010416e16 3.1409483343010416e16 0 0 0
1 71 2.550426769134547e16 2.550426769134547e16 0 0 0
2 71 1.3571286561974414e16 1.3571286561974414e16 0 0 0
3 71 6.573601625264785e15 6.573601625264785e15 0 0 0
4 71 4.0982729774113745e15 4.0982729774113745e15 0 0 0
5 71 9.154711653898946e15 9.154711653898946e15 0 0 0
6 71 2.4265149956387496e16 2.4265149956387496e16 0 0 0
7 71 1.6118379328665636e16 1.6118379328665636e16 0 0 0
8 71 1.6490354604106836e16 1.6490354604106836e16 0 0 0
9 71 4.231468406651788e16 4.231468406651788e16 0 0 0
0 72 1.1740536558674566e16 1.1740536558674566e16 0 0 0
1 72 1.2293968499602348e16 1.2293968499602348e16 0 0 0
2 72 2.547616885553583e16 2.547616885553583e16 0 0 0
3 72 1.4838837796092992e16 1.4838837796092992e16 0 0 0
4 72 7.080084274985842e15 7.080084274985842e15 0 0 0
5 72 2.0684020910169252e16 2.0684020910169252e16 0 0 0
6 72 9.39064173729936e15 9.39064173729936e15 0 0 0
7 72 2.5682800569213524e16 2.5682800569213524e16 0 0 0
8 72 2.0068969456386916e16 2.0068969456386916e16 0 0 0
9 72 5.261587814595461e16 5.261587814595461e16 0 0 0
0 73 2.362364231853097e16 2.362364231853097e16 0 0 0
1 73 2.6857773167342476e16 2.6857773167342476e16 0 0 0
2 73 2.2829887501438252e16 2.2829887501438252e16 0 0 0
3 73 7.395051170705966e15 7.395051170705966e15 0 0 0
4 73 1.7977537238148288e16 1.7977537238148288e16 0 0 0
5 73 9.27137602701048e15 9.27137602701048e15 0 0 0
6 73 2.253867145903084e16 2.253867145903084e16 0 0 0
7 73 1.538898465617889e16 1.538898465617889e16 0 0 0
8 73 2.9422855656973224e16 2.9422855656973224e16 0 0 0
9 73 2.9524012967972908e16 2.9524012967972908e16 0 0 0
0 74 1.4507103640729892e16 1.4507103640729892e16 0 0 0
1 74 1.057089687889267e16 1.057089687889267e16 0 0 0
2 74 1.2229407329575236e16 1.2229407329575236e16 0 0 0
3 74 2.36627117902526e16 2.36627117902526e16 0 0 0
4 74 1.0257949614221908e16 1.0257949614221908e16 0 0 0
5 74 2.3657807996265404e16 2.3657807996265404e16 0 0 0
6 74 1.3470109869625418e16 1.3470109869625418e16 0 0 0
7 74 5.290719137848398e15 5.290719137848398e15 0 0 0
8 74 1.7917235868453076e16 1.7917235868453076e16 0 0 0
9 74 3.841427082035309e16 3.841427082035309e16 0 0 0
0 75 8.464757023105733e15 8.464757023105733e15 0 0 0
1 75 5.050497435041501e15 5.050497435041501e15 0 0 0
2 75 2.568129610559528e16 2.568129610559528e16 0 0 0
3 75 1.539269076554518e16 1.539269076554518e16 0 0 0
4 75 7.694136847742061e15 7.694136847742061e15 0 0 0
5 75 1.856856065775394e16 1.856856065775394e16 0 0 0
6 75 7.199356560184999e15 7.199356560184999e15 0 0 0
7 75 2.005365999585228e16 2.005365999585228e16 0 0 0
8 75 7.880702149759614e15 7.880702149759614e15 0 0 0
9 75 2.3455532705390868e16 2.3455532705390868e16 0 0 0
0 76 1.1400105120858816e16 1.1400105120858816e16 0 0 0
1 76 3.2775929781665965e15 3.2775929781665965e15 0 0 0
2 76 2.016292196558563e16 2.016292196558563e16 0 0 0
3 76 9.695031652376924e15 9.695031652376924e15 0 0 0
4 76 6.115166884515828e15 6.115166884515828e15 0 0 0
5 76 1.1178585124918046e16 1.1178585124918046e16 0 0 0
6 76 2.5145201849430884e16 2.5145201849430884e16 0 0 0
7 76 1.2023183379604408e16 1.2023183379604408e16 0 0 0
8 76 2.6319527971397516e16 2.6319527971397516e16 0 0 0
9 76 1.2993768775728264e16 1.2993768775728264e16 0 0 0
0 77 1.5643859692486634e16 1.5643859692486634e16 0 0 0
1 77 4.516920355332577e15 4.516920355332577e15 0 0 0
2 77 2.2129497328375064e16 2.2129497328375064e16 0 0 0
3 77 1.346860032775517e16 1.346860032775517e16 0 0 0
4 77 2.394731198201442e16 2.394731198201442e16 0 0 0
5 77 7.71540672295005e15 7.71540672295005e15 0 0 0
6 77 1.892355991649892e16 1.892355991649892e16 0 0 0
7 77 1.2828918696745408e16 1.2828918696745408e16 0 0 0
8 77 2.8084079626800548e16 2.8084079626800548e16 0 0 0
9 77 9.261434585519058e15 9.261434585519058e15 0 0 0
0 78 1.8729191731179172e16 1.8729191731179172e16 0 0 0
1 78 1.0445294923497974e16 1.0445294923497974e16 0 0 0
2 78 2.2520133977356344e16 2.2520133977356344e16 0 0 0
3 78 1.2548634265028612e16 1.2548634265028612e16 0 0 0
4 78 2.0341909891001844e16 2.0341909891001844e16 0 0 0
5 78 6.351881440657834e15 6.351881440657834e15 0 0 0
6 78 2.141590451391855e16 2.141590451391855e16 0 0 0
7 78 1.1732617433334494e16 1.1732617433334494e16 0 0 0
8 78 2.728947260436075e16 2.728947260436075e16 0 0 0
9 78 3.888328716694859e16 3.888328716694859e16 0 0 0
0 79 9.641536894426134e15 9.641536894426134e15 0 0 0
1 79 1.6694389700603696e16 1.6694389700603696e16 0 0 0
2 79 6.671188097833361e15 6.671188097833361e15 0 0 0
3 79 1.6823519432095892e16 1.6823519432095892e16 0 0 0
4 79 8.252341498685705e15 8.252341498685705e15 0 0 0
5 79 1.4560594658521444e16 1.4560594658521444e16 0 0 0
6 79 2.62718066459819e15 2.62718066459819e15 0 0 0
7 79 8.674995474839845e15 8.674995474839845e15 0 0 0
8 79 2.505515460487409e16 2.505515460487409e16 0 0 0
9 79 1.6830724384409202e16 1.6830724384409202e16 0 0 0
10 70 1.4311819891180576e17 1.4311819891180576e17 0 0 0
11 70 1.8613516552364016e17 1.8613516552364016e17 0 0 0
12 70 2.4445570281780003e17 2.4445570281780003e17 0 0 0
13 70 2.8135620672811187e17 2.8135620672811187e17 0 0 0
14 70 3.522046351634182e17 3.522046351634182e17 0 0 0
15 70 4.497969390057725e17 4.497969390057725e17 0 0 0
16 70 2.330198718412778e17 2.330198718412778e17 0 0 0
17 70 2.8853342028300845e17 2.8853342028300845e17 0 0 0
18 70 3.178892509019612e17 3.178892509019612e17 0 0 0
19 70 3.634837922041126e17 3.634837922041126e17 0 0 0
10 71 6.726351368290079e16 6.726351368290079e16 0 0 0
11 71 1.8963305401905466e17 1.8963305401905466e17 0 0 0
12 71 2.0405478078297437e17 2.0405478078297437e17 0 0 0
13 71 2.423799959173127e17 2.423799959173127e17 0 0 0
14 71 3.119275057917128e17 3.119275057917128e17 0 0 0
15 71 3.910100509428447e17 3.910100509428447e17 0 0 0
16 71 4.673040319084303e17 4.673040319084303e17 0 0 0
17 71 2.7271101856681322e17 2.7271101856681322e17 0 0 0
18 71 2.518248141340093e17 2.518248141340093e17 0 0 0
19 71 2.910394335893936e17 2.910394335893936e17 0 0 0
10 72 4.521234062837206e16 4.521234062837206e16 0 0 0
11 72 1.1811571701191142e17 1.1811571701191142e17 0 0 0
12 72 1.9133241652751366e17 1.9133241652751366e17 0 0 0
13 72 2.0568237254763917e17 2.0568237254763917e17 0 0 0
14 72 2.508313215631737e17 2.508313215631737e17 0 0 0
15 72 3.144664763738352e17 3.144664763738352e17 0 0 0
16 72 3.986675485673005e17 3.986675485673005e17 0 0 0
17 72 4.188246350699296e17 4.188246350699296e17 0 0 0
18 72 2.6663264343754243e17 2.6663264343754243e17 0 0 0
19 72 3.082101640170314e17 3.082101640170314e17 0 0 0
10 73 6.2452577944931336e16 6.2452577944931336e16 0 0 0
11 73 5.860838209431258e16 5.860838209431258e16 0 0 0
12 73 1.5481463874285238e17 1.5481463874285238e17 0 0 0
13 73 1.8726196965460458e17 1.8726196965460458e17 0 0 0
14 73 2.3749695738640397e17 2.3749695738640397e17 0 0 0
15 73 2.8628907530410666e17 2.8628907530410666e17 0 0 0
16 73 3.1131293324324045e17 3.1131293324324045e17 0 0 0
17 73 4.079616477994253e17 4.079616477994253e17 0 0 0
18 73 2.8305042247484342e17 2.8305042247484342e17 0 0 0
19 73 2.666086616068556e17 2.666086616068556e17 0 0 0
10 74 3.726867883820258e16 3.726867883820258e16 0 0 0
11 74 7.404213284660523e16 7.404213284660523e16 0 0 0
12 74 1.1248959161282013e17 1.1248959161282013e17 0 0 0
13 74 1.85979959121356e17 1.85979959121356e17 0 0 0
14 74 2.117348403655617e17 2.117348403655617e17 0 0 0
15 74 2.386839115138913e17 2.386839115138913e17 0 0 0
16 74 2.5076090479682173e17 2.5076090479682173e17 0 0 0
17 74 3.0527863323226726e17 3.0527863323226726e17 0 0 0
18 74 4.242820905070814e17 4.242820905070814e17 0 0 0
19 74 2.348511379367771e17 2.348511379367771e17 0 0 0
10 75 5.0019342525373016e16 5.0019342525373016e16 0 0 0
11 75 5.3580045674896744e16 5.3580045674896744e16 0 0 0
12 75 5.853838812200117e16 5.853838812200117e16 0 0 0
13 75 1.1999045362973837e17 1.1999045362973837e17 0 0 0
14 75 2.1581813019353408e17 2.1581813019353408e17 0 0 0
15 75 2.1262611264254922e17 2.1262611264254922e17 0 0 0
16 75 2.476583737285847e17 2.476583737285847e17 0 0 0
17 75 2.5130170572178365e17 2.5130170572178365e17 0 0 0
18 75 3.3660320091370726e17 3.3660320091370726e17 0 0 0
19 75 4.722715598369536e17 4.722715598369536e17 0 0 0
10 76 3.373076545047869e16 3.373076545047869e16 0 0 0
11 76 3.051603344389016e16 3.051603344389016e16 0 0 0
12 76 7.998446679429742e16 7.998446679429742e16 0 0 0
13 76 1.1337177548873765e17 1.1337177548873765e17 0 0 0
14 76 2.066487612152445e17 2.066487612152445e17 0 0 0
15 76 2.1733457702356557e17 2.1733457702356557e17 0 0 0
16 76 2.2484875243761027e17 2.2484875243761027e17 0 0 0
17 76 2.1754742587136982e17 2.1754742587136982e17 0 0 0
18 76 2.69529054360494e17 2.69529054360494e17 0 0 0
19 76 3.6823776485991635e17 3.6823776485991635e17 0 0 0
10 77 3.01033139178031e16 3.01033139178031e16 0 0 0
11 77 2.3678821176343004e16 2.3678821176343004e16 0 0 0
12 77 6.108393341921903e16 6.108393341921903e16 0 0 0
13 77 5.919046145516678e16 5.919046145516678e16 0 0 0
14 77 1.5016304537620992e17 1.5016304537620992e17 0 0 0
15 77 2.2865595149798848e17 2.2865595149798848e17 0 0 0
16 77 2.001948915081608e17 2.001948915081608e17 0 0 0
17 77 2.1203597707658227e17 2.1203597707658227e17 0 0 0
18 77 2.3328149227516128e17 2.3328149227516128e17 0 0 0
19 77 3.002391005522315e17 3.002391005522315e17 0 0 0
10 78 2.4660906495166452e16 2.4660906495166452e16 0 0 0
11 78 3.6498600153577096e16 3.6498600153577096e16 0 0 0
12 78 3.3039942909941684e16 3.3039942909941684e16 0 0 0
13 78 7.902004627380469e16 7.902004627380469e16 0 0 0
14 78 8.74073425044756e16 8.74073425044756e16 0 0 0
15 78 1.7598074175336886e17 1.7598074175336886e17 0 0 0
16 78 2.158653548756747e17 2.158653548756747e17 0 0 0
17 78 2.2733389387190634e17 2.2733389387190634e17 0 0 0
18 78 2.3332930559184144e17 2.3332930559184144e17 0 0 0
19 78 2.2495657702358147e17 2.2495657702358147e17 0 0 0
10 79 2.439746059693443e16 2.439746059693443e16 0 0 0
11 79 1.654908070015611e16 1.654908070015611e16 0 0 0
12 79 3.1381651253886584e16 3.1381651253886584e16 0 0 0
13 79 2.7950837668182684e16 2.7950837668182684e16 0 0 0
14 79 7.0705047264579096e16 7.0705047264579096e16 0 0 0
15 79 1.2436137007554531e17 1.2436137007554531e17 0 0 0
16 79 1.6441724279054147e17 1.6441724279054147e17 0 0 0
17 79 2.467107738099526e17 2.467107738099526e17 0 0 0
18 79 2.3638827607534246e17 2.3638827607534246e17 0 0 0
19 79 2.27144516478367e17 2.27144516478367e17 0 0 0
20 70 4.470218212938485e17 4.470218212938485e17 0 0 0
21 70 5.76743467181994e17 5.76743467181994e17 0 0 0
22 70 6.135392057466068e17 6.135392057466068e17 0 0 0
23 70 2.1615240131637725e17 2.1615240131637725e17 0 0 0
24 70 1.6480098294399645e17 1.6480098294399645e17 0 0 0
25 70 2.076552581367426e17 2.076552581367426e17 0 0 0
26 70 2.4228568678826717e17 2.4228568678826717e17 0 0 0
27 70 2.975520254925938e17 2.975520254925938e17 0 0 0
28 70 2.9784176777049805e17 2.9784176777049805e17 0 0 0
29 70 5.028362180533441e17 5.028362180533441e17 0 0 0
20 71 4.316429725999793e17 4.316429725999793e17 0 0 0
21 71 5.5585956668646944e17 5.5585956668646944e17 0 0 0
22 71 6.629436023044201e17 6.629436023044201e17 0 0 0
23 71 6.093288638932093e17 6.093288638932093e17 0 0 0
24 71 3.080205431066986e17 3.080205431066986e17 0 0 0
25 71 2.5946454817778134e17 2.5946454817778134e17 0 0 0
26 71 3.403004275979681e17 3.403004275979681e17 0 0 0
27 71 1.8995935882738765e17 1.8995935882738765e17 0 0 0
28 71 1.601384210134846e17 1.601384210134846e17 0 0 0
29 71 4.8287536299850374e17 4.8287536299850374e17 0 0 0
20 72 3.725545709533791e17 3.725545709533791e17 0 0 0
21 72 4.693738585339017e17 4.693738585339017e17 0 0 0
22 72 5.6930865293879174e17 5.6930865293879174e17 0 0 0
23 72 6.696202331872554e17 6.696202331872554e17 0 0 0
24 72 4.3393781230577056e17 4.3393781230577056e17 0 0 0
25 72 2.8541315604448813e17 2.8541315604448813e17 0 0 0
26 72 2.8692578768033866e17 2.8692578768033866e17 0 0 0
27 72 3.598754964965113e17 3.598754964965113e17 0 0 0
28 72 2.7324307888593802e17 2.7324307888593802e17 0 0 0
29 72 3.01951394714215e17 3.01951394714215e17 0 0 0
20 73 3.249292188586231e17 3.249292188586231e17 0 0 0
21 73 4.089304722196211e17 4.089304722196211e17 0 0 0
22 73 5.088858958947003e17 5.088858958947003e17 0 0 0
23 73 5.641246669623656e17 5.641246669623656e17 0 0 0
24 73 6.891863484657338e17 6.891863484657338e17 0 0 0
25 73 4.7185919880800986e17 4.7185919880800986e17 0 0 0
26 73 3.818886833392826e17 3.818886833392826e17 0 0 0
27 73 3.512741608393036e17 3.512741608393036e17 0 0 0
28 73 2.3680213655092906e17 2.3680213655092906e17 0 0 0
29 73 4.272451264125321e17 4.272451264125321e17 0 0 0
20 74 2.977513283060664e17 2.977513283060664e17 0 0 0
21 74 3.720498541416865e17 3.720498541416865e17 0 0 0
22 74 4.560986742005666e17 4.560986742005666e17 0 0 0
23 74 5.418787722378713e17 5.418787722378713e17 0 0 0
24 74 5.080968301956037e17 5.080968301956037e17 0 0 0
25 74 6.418093629133372e17 6.418093629133372e17 0 0 0
26 74 4.247307181569555e17 4.247307181569555e17 0 0 0
27 74 3.6536759342582515e17 3.6536759342582515e17 0 0 0
28 74 3.088647058652669e17 3.088647058652669e17 0 0 0
29 74 2.2949492315306966e17 2.2949492315306966e17 0 0 0
20 75 2.949284667955025e17 2.949284667955025e17 0 0 0
21 75 2.908912673156615e17 2.908912673156615e17 0 0 0
22 75 3.6050522852049754e17 3.6050522852049754e17 0 0 0
23 75 4.298732638059371e17 4.298732638059371e17 0 0 0
24 75 5.160708903880017e17 5.160708903880017e17 0 0 0
25 75 5.819235085895267e17 5.819235085895267e17 0 0 0
26 75 5.975712166894145e17 5.975712166894145e17 0 0 0
27 75 4.1225485102542483e17 4.1225485102542483e17 0 0 0
28 75 3.087085432601787e17 3.087085432601787e17 0 0 0
29 75 2.896184118065265e17 2.896184118065265e17 0 0 0
20 76 4.8249717635060416e17 4.8249717635060416e17 0 0 0
21 76 2.638444115973526e17 2.638444115973526e17 0 0 0
22 76 2.7242339481096013e17 2.7242339481096013e17 0 0 0
23 76 3.51232206242378e17 3.51232206242378e17 0 0 0
24 76 4.5113595288142944e17 4.5113595288142944e17 0 0 0
25 76 4.9929235943538086e17 4.9929235943538086e17 0 0 0
26 76 5.669838253668129e17 5.669838253668129e17 0 0 0
27 76 5.33903737437446e17 5.33903737437446e17 0 0 0
28 76 6.273696878431118e17 6.273696878431118e17 0 0 0
29 76 3.4039363870981094e17 3.4039363870981094e17 0 0 0
20 77 3.718523129331127e17 3.718523129331127e17 0 0 0
21 77 5.421976228126977e17 5.421976228126977e17 0 0 0
22 77 2.8635874208602762e17 2.8635874208602762e17 0 0 0
23 77 2.8259370664697174e17 2.8259370664697174e17 0 0 0
24 77 3.9627035396295686e17 3.9627035396295686e17 0 0 0
25 77 4.7079283850082304e17 4.7079283850082304e17 0 0 0
26 77 5.225283326723489e17 5.225283326723489e17 0 0 0
27 77 5.492707042599585e17 5.492707042599585e17 0 0 0
28 77 5.97406931080351e17 5.97406931080351e17 0 0 0
29 77 6.99550243747731e17 6.99550243747731e17 0 0 0
20 78 3.036767968910273e17 3.036767968910273e17 0 0 0
21 78 3.8031738997060646e17 3.8031738997060646e17 0 0 0
22 78 5.560209650742017e17 5.560209650742017e17 0 0 0
23 78 3.047743806322628e17 3.047743806322628e17 0 0 0
24 78 3.124741081425679e17 3.124741081425679e17 0 0 0
25 78 4.557409715843495e17 4.557409715843495e17 0 0 0
26 78 5.1858996847370054e17 5.1858996847370054e17 0 0 0
27 78 5.188034732478678e17 5.188034732478678e17 0 0 0
28 78 5.462507377308193e17 5.462507377308193e17 0 0 0
29 78 5.583138215263658e17 5.583138215263658e17 0 0 0
20 79 2.2144354266493635e17 2.2144354266493635e17 0 0 0
21 79 2.8857777375962266e17 2.8857777375962266e17 0 0 0
22 79 3.879560665602001e17 3.879560665602001e17 0 0 0
23 79 5.595222012691038e17 5.595222012691038e17 0 0 0
24 79 3.309785426008784e17 3.309785426008784e17 0 0 0
25 79 3.4991872772176614e17 3.4991872772176614e17 0 0 0
26 79 3.711748987925592e17 3.711748987925592e17 0 0 0
27 79 4.4738250910822496e17 4.4738250910822496e17 0 0 0
28 79 5.395659478389095e17 5.395659478389095e17 0 0 0
29 79 5.366959754291546e17 5.366959754291546e17 0 0 0
30 70 4.6651327359660256e17 4.6651327359660256e17 0 0 0
31 70 8.478305691395731e17 8.478305691395731e17 0 0 0
32 70 9.259473124534903e17 9.259473124534903e17 0 0 0
33 70 7.366478387266054e17 7.366478387266054e17 0 0 0
34 70 7.892466524305736e17 7.892466524305736e17 0 0 0
35 70 8.514593762874418e17 8.514593762874418e17 0 0 0
36 70 8.807903884726867e17 8.807903884726867e17 0 0 0
37 70 1.1958405468826092e18 1.1958405468826092e18 0 0 0
38 70 1.311533228019945e18 1.311533228019945e18 0 0 0
39 70 1.4349264989860175e18 1.4349264989860175e18 0 0 0
30 71 6.994592765718833e17 6.994592765718833e17 0 0 0
31 71 5.222192233800222e17 5.222192233800222e17 0 0 0
32 71 8.751753532225586e17 8.751753532225586e17 0 0 0
33 71 8.56331575854656e17 8.56331575854656e17 0 0 0
34 71 7.53617666580753e17 7.53617666580753e17 0 0 0
35 71 6.814258997486406e17 6.814258997486406e17 0 0 0
36 71 7.48213648837215e17 7.48213648837215e17 0 0 0
37 71 8.065895139050033e17 8.065895139050033e17 0 0 0
38 71 1.0041182423787446e18 1.0041182423787446e18 0 0 0
39 71 1.301624717449186e18 1.301624717449186e18 0 0 0
30 72 4.2534806076901645e17 4.2534806076901645e17 0 0 0
31 72 4.837486940077852e17 4.837486940077852e17 0 0 0
32 72 3.87998433933596e17 3.87998433933596e17 0 0 0
33 72 8.31314796459815e17 8.31314796459815e17 0 0 0
34 72 7.992594196157747e17 7.992594196157747e17 0 0 0
35 72 8.044423805098728e17 8.044423805098728e17 0 0 0
36 72 6.422982459705757e17 6.422982459705757e17 0 0 0
37 72 6.382261813925821e17 6.382261813925821e17 0 0 0
38 72 8.380975595806132e17 8.380975595806132e17 0 0 0
39 72 9.586239164190036e17 9.586239164190036e17 0 0 0
30 73 5.456653138700267e17 5.456653138700267e17 0 0 0
31 73 4.4812368222790035e17 4.4812368222790035e17 0 0 0
32 73 3.337577154161781e17 3.337577154161781e17 0 0 0
33 73 4.581060972720391e17 4.581060972720391e17 0 0 0
34 73 8.233505698038061e17 8.233505698038061e17 0 0 0
35 73 8.851205923368119e17 8.851205923368119e17 0 0 0
36 73 6.800184301178209e17 6.800184301178209e17 0 0 0
37 73 6.435313481235169e17 6.435313481235169e17 0 0 0
38 73 6.58458863936232e17 6.58458863936232e17 0 0 0
39 73 7.917439476400997e17 7.917439476400997e17 0 0 0
30 74 4.734468279887593e17 4.734468279887593e17 0 0 0
31 74 5.2933433821919424e17 5.2933433821919424e17 0 0 0
32 74 2.9551167017824934e17 2.9551167017824934e17 0 0 0
33 74 4.488781194424199e17 4.488781194424199e17 0 0 0
34 74 2.9972645952305606e17 2.9972645952305606e17 0 0 0
35 74 5.1245681745600806e17 5.1245681745600806e17 0 0 0
36 74 9.130473752380156e17 9.130473752380156e17 0 0 0
37 74 8.086792682156259e17 8.086792682156259e17 0 0 0
38 74 6.51472430472381e17 6.51472430472381e17 0 0 0
39 74 6.22201440970863e17 6.22201440970863e17 0 0 0
30 75 4.208962008256591e17 4.208962008256591e17 0 0 0
31 75 4.777890740576217e17 4.777890740576217e17 0 0 0
32 75 3.1970363282805395e17 3.1970363282805395e17 0 0 0
33 75 2.483617762794457e17 2.483617762794457e17 0 0 0
34 75 3.222720070189291e17 3.222720070189291e17 0 0 0
35 75 1.9589293001657328e17 1.9589293001657328e17 0 0 0
36 75 3.652025219517464e17 3.652025219517464e17 0 0 0
37 75 1.0533741250283233e18 1.0533741250283233e18 0 0 0
38 75 9.051104656949332e17 9.051104656949332e17 0 0 0
39 75 8.465357845712824e17 8.465357845712824e17 0 0 0
30 76 3.1373604211927686e17 3.1373604211927686e17 0 0 0
31 76 2.8200959937352435e17 2.8200959937352435e17 0 0 0
32 76 4.869898477297295e17 4.869898477297295e17 0 0 0
33 76 4.691083990354439e17 4.691083990354439e17 0 0 0
34 76 3.501262015647699e17 3.501262015647699e17 0 0 0
35 76 2.4652340008762848e17 2.4652340008762848e17 0 0 0
36 76 2.8364925987795885e17 2.8364925987795885e17 0 0 0
37 76 5.596161930828609e17 5.596161930828609e17 0 0 0
38 76 7.864011380941431e17 7.864011380941431e17 0 0 0
39 76 1.052438619331544e18 1.052438619331544e18 0 0 0
30 77 4.905300018410579e17 4.905300018410579e17 0 0 0
31 77 3.474779679500227e17 3.474779679500227e17 0 0 0
32 77 3.269827040959172e17 3.269827040959172e17 0 0 0
33 77 4.7523544603850784e17 4.7523544603850784e17 0 0 0
34 77 4.912248587691342e17 4.912248587691342e17 0 0 0
35 77 3.764535205895023e17 3.764535205895023e17 0 0 0
36 77 4.267822061580401e17 4.267822061580401e17 0 0 0
37 77 3.44264785903608e17 3.44264785903608e17 0 0 0
38 77 6.116108525733532e17 6.116108525733532e17 0 0 0
39 77 7.32857484626017e17 7.32857484626017e17 0 0 0
30 78 6.038365074049644e17 6.038365074049644e17 0 0 0
31 78 7.71418348402361e17 7.71418348402361e17 0 0 0
32 78 6.736074426545071e17 6.736074426545071e17 0 0 0
33 78 4.8773965687668275e17 4.8773965687668275e17 0 0 0
34 78 5.5267763389779834e17 5.5267763389779834e17 0 0 0
35 78 4.1409659693516454e17 4.1409659693516454e17 0 0 0
36 78 4.127595227565248e17 4.127595227565248e17 0 0 0
37 78 4.4059834813204384e17 4.4059834813204384e17 0 0 0
38 78 4.5483877767493926e17 4.5483877767493926e17 0 0 0
39 78 4.0798356261500045e17 4.0798356261500045e17 0 0 0
30 79 4.5561935412219206e17 4.5561935412219206e17 0 0 0
31 79 5.250486838706684e17 5.250486838706684e17 0 0 0
32 79 6.726889827742356e17 6.726889827742356e17 0 0 0
33 79 8.047987005204022e17 8.047987005204022e17 0 0 0
34 79 8.832028171204063e17 8.832028171204063e17 0 0 0
35 79 6.796455211795758e17 6.796455211795758e17 0 0 0
36 79 5.4182490980560403e17 5.4182490980560403e17 0 0 0
37 79 5.329744147347089e17 5.329744147347089e17 0 0 0
38 79 5.327566952156489e17 5.327566952156489e17 0 0 0
39 79 5.872343233432326e17 5.872343233432326e17 0 0 0
40 70 1.3257239969170301e18 1.3257239969170301e18 0 0 0
41 70 1.395530273104662e18 1.395530273104662e18 0 0 0
42 70 1.5625199671502326e18 1.5625199671502326e18 0 0 0
43 70 1.6086267205123876e18 1.6086267205123876e18 0 0 0
44 70 1.6369174295191788e18 1.6369174295191788e18 0 0 0
45 70 2.328068566711994e18 2.328068566711994e18 0 0 0
46 70 2.596835890086126e18 2.596835890086126e18 0 0 0
47 70 2.0640331299846067e18 2.0640331299846067e18 0 0 0
48 70 1.742826872117157e18 1.742826872117157e18 0 0 0
49 70 1.6835637808347692e18 1.6835637808347692e18 0 0 0
40 71 1.2173239103957532e18 1.2173239103957532e18 0 0 0
41 71 1.0250533476373736e18 1.0250533476373736e18 0 0 0
42 71 1.062975316621957e18 1.062975316621957e18 0 0 0
43 71 1.2117035027807898e18 1.2117035027807898e18 0 0 0
44 71 1.2266596589692787e18 1.2266596589692787e18 0 0 0
45 71 1.0742281496437238e18 1.0742281496437238e18 0 0 0
46 71 1.1026276592020664e18 1.1026276592020664e18 0 0 0
47 71 1.3861483627528724e18 1.3861483627528724e18 0 0 0
48 71 1.8890058090162511e18 1.8890058090162511e18 0 0 0
49 71 1.802907672603111e18 1.802907672603111e18 0 0 0
40 72 1.1561412996281859e18 1.1561412996281859e18 0 0 0
41 72 1.1434777184573759e18 1.1434777184573759e18 0 0 0
42 72 8.426953628975612e17 8.426953628975612e17 0 0 0
43 72 8.667801215031898e17 8.667801215031898e17 0 0 0
44 72 8.147960355170817e17 8.147960355170817e17 0 0 0
45 72 1.0471930620894121e18 1.0471930620894121e18 0 0 0
46 72 7.482526962980855e17 7.482526962980855e17 0 0 0
47 72 5.9233859528262e17 5.9233859528262e17 0 0 0
48 72 6.081519611059995e17 6.081519611059995e17 0 0 0
49 72 9.18556798176243e17 9.18556798176243e17 0 0 0
40 73 9.641472244304512e17 9.641472244304512e17 0 0 0
41 73 9.825654385373676e17 9.825654385373676e17 0 0 0
42 73 9.020156924415839e17 9.020156924415839e17 0 0 0
43 73 6.888209476448229e17 6.888209476448229e17 0 0 0
44 73 7.790783611347044e17 7.790783611347044e17 0 0 0
45 73 7.595204866403214e17 7.595204866403214e17 0 0 0
46 73 6.077561785124219e17 6.077561785124219e17 0 0 0
47 73 8.769763995021059e17 8.769763995021059e17 0 0 0
48 73 1.1328811791834094e18 1.1328811791834094e18 0 0 0
49 73 7.362642822793971e17 7.362642822793971e17 0 0 0
40 74 6.696546412282715e17 6.696546412282715e17 0 0 0
41 74 7.523265694749079e17 7.523265694749079e17 0 0 0
42 74 8.494659327167944e17 8.494659327167944e17 0 0 0
43 74 7.338220866583762e17 7.338220866583762e17 0 0 0
44 74 7.37756666436016e17 7.37756666436016e17 0 0 0
45 74 6.654752067103232e17 6.654752067103232e17 0 0 0
46 74 5.12846082243812e17 5.12846082243812e17 0 0 0
47 74 6.772757155954467e17 6.772757155954467e17 0 0 0
48 74 6.099031420840164e17 6.099031420840164e17 0 0 0
49 74 6.170568511587116e17 6.170568511587116e17 0 0 0
40 75 7.792025423825475e17 7.792025423825475e17 0 0 0
41 75 6.615325122186902e17 6.615325122186902e17 0 0 0
42 75 7.057949812678899e17 7.057949812678899e17 0 0 0
43 75 8.006351297715043e17 8.006351297715043e17 0 0 0
44 75 7.883962075928244e17 7.883962075928244e17 0 0 0
45 75 6.537569125472292e17 6.537569125472292e17 0 0 0
46 75 5.768703571348634e17 5.768703571348634e17 0 0 0
47 75 4.239811623561327e17 4.239811623561327e17 0 0 0
48 75 4.135637490906687e17 4.135637490906687e17 0 0 0
49 75 4.2123079889854144e17 4.2123079889854144e17 0 0 0
40 76 9.948418236573655e17 9.948418236573655e17 0 0 0
41 76 8.757889251937875e17 8.757889251937875e17 0 0 0
42 76 7.974778815351288e17 7.974778815351288e17 0 0 0
43 76 7.67533475337437e17 7.67533475337437e17 0 0 0
44 76 6.856145329739514e17 6.856145329739514e17 0 0 0
45 76 6.717218731589811e17 6.717218731589811e17 0 0 0
46 76 6.576596375995788e17 6.576596375995788e17 0 0 0
47 76 5.6124913108573734e17 5.6124913108573734e17 0 0 0
48 76 5.1354814467116115e17 5.1354814467116115e17 0 0 0
49 76 5.082443347130403e17 5.082443347130403e17 0 0 0
40 77 1.0367122547658189e18 1.0367122547658189e18 0 0 0
41 77 1.0420910598451561e18 1.0420910598451561e18 0 0 0
42 77 1.018369645057239e18 1.018369645057239e18 0 0 0
43 77 1.0049641438714295e18 1.0049641438714295e18 0 0 0
44 77 9.508758166325484e17 9.508758166325484e17 0 0 0
45 77 8.433775346127761e17 8.433775346127761e17 0 0 0
46 77 8.570609849427443e17 8.570609849427443e17 0 0 0
47 77 8.057838439080009e17 8.057838439080009e17 0 0 0
48 77 7.798084575750172e17 7.798084575750172e17 0 0 0
49 77 7.035551723393795e17 7.035551723393795e17 0 0 0
40 78 8.262098018860082e17 8.262098018860082e17 0 0 0
41 78 8.652484935692576e17 8.652484935692576e17 0 0 0
42 78 9.175758839944448e17 9.175758839944448e17 0 0 0
43 78 8.718205559401047e17 8.718205559401047e17 0 0 0
44 78 9.084217246657894e17 9.084217246657894e17 0 0 0
45 78 9.168311175562656e17 9.168311175562656e17 0 0 0
46 78 8.294590320374022e17 8.294590320374022e17 0 0 0
47 78 7.734571053343625e17 7.734571053343625e17 0 0 0
48 78 7.4063839579811e17 7.4063839579811e17 0 0 0
49 78 6.754563933773025e17 6.754563933773025e17 0 0 0
40 79 6.124828668868253e17 6.124828668868253e17 0 0 0
41 79 5.7174230191800275e17 5.7174230191800275e17 0 0 0
42 79 6.159115633227885e17 6.159115633227885e17 0 0 0
43 79 6.622008888751265e17 6.622008888751265e17 0 0 0
44 79 6.396725447918476e17 6.396725447918476e17 0 0 0
45 79 6.545059245361315e17 6.545059245361315e17 0 0 0
46 79 6.569655493981576e17 6.569655493981576e17 0 0 0
47 79 6.034606158906656e17 6.034606158906656e17 0 0 0
48 79 5.4763735889695866e17 5.4763735889695866e17 0 0 0
49 79 4.917809205183881e17 4.917809205183881e17 0 0 0
50 70 1.1058449887733651e18 1.1058449887733651e18 0 0 0
51 70 8.147802516921066e17 8.147802516921066e17 0 0 0
52 70 6.036906463042317e17 6.036906463042317e17 0 0 0
53 70 4.516241893045954e17 4.516241893045954e17 0 0 0
54 70 4.820869689903513e17 4.820869689903513e17 0 0 0
55 70 4.345898066287366e17 4.345898066287366e17 0 0 0
56 70 6.820651459768703e17 6.820651459768703e17 0 0 0
57 70 3.527109069882627e17 3.527109069882627e17 0 0 0
58 70 2.378070566697116e17 2.378070566697116e17 0 0 0
59 70 2.5572418391462877e17 2.5572418391462877e17 0 0 0
50 71 1.3065553603027482e18 1.3065553603027482e18 0 0 0
51 71 1.694496582926651e18 1.694496582926651e18 0 0 0
52 71 1.6841808546425843e18 1.6841808546425843e18 0 0 0
53 71 1.5285429842655365e18 1.5285429842655365e18 0 0 0
54 71 1.4868977341130022e18 1.4868977341130022e18 0 0 0
55 71 8.682627384914126e17 8.682627384914126e17 0 0 0
56 71 7.946407802844305e17 7.946407802844305e17 0 0 0
57 71 5.412556764449032e17 5.412556764449032e17 0 0 0
58 71 5.062035017162211e17 5.062035017162211e17 0 0 0
59 71 6.053282250677832e17 6.053282250677832e17 0 0 0
50 72 1.0123961244559359e18 1.0123961244559359e18 0 0 0
51 72 1.165490309062444e18 1.165490309062444e18 0 0 0
52 72 1.337987257273611e18 1.337987257273611e18 0 0 0
53 72 1.0666078365243043e18 1.0666078365243043e18 0 0 0
54 72 9.461236146197402e17 9.461236146197402e17 0 0 0
55 72 1.115732328846381e18 1.115732328846381e18 0 0 0
56 72 1.1651059255295296e18 1.1651059255295296e18 0 0 0
57 72 1.209001066773271e18 1.209001066773271e18 0 0 0
58 72 1.1362508725723834e18 1.1362508725723834e18 0 0 0
59 72 1.0899005539330085e18 1.0899005539330085e18 0 0 0
50 73 8.282372958187075e17 8.282372958187075e17 0 0 0
51 73 5.68167017413575e17 5.68167017413575e17 0 0 0
52 73 4.5820013246145184e17 4.5820013246145184e17 0 0 0
53 73 5.154288662707043e17 5.154288662707043e17 0 0 0
54 73 5.560016180209921e17 5.560016180209921e17 0 0 0
55 73 5.859540076057958e17 5.859540076057958e17 0 0 0
56 73 5.371991253728978e17 5.371991253728978e17 0 0 0
57 73 5.208696681082417e17 5.208696681082417e17 0 0 0
58 73 6.30505659053411e17 6.30505659053411e17 0 0 0
59 73 5.2212877724394003e17 5.2212877724394003e17 0 0 0
50 74 7.098451724225869e17 7.098451724225869e17 0 0 0
51 74 8.424538980899022e17 8.424538980899022e17 0 0 0
52 74 1.3404629276373827e18 1.3404629276373827e18 0 0 0
53 74 1.2683688278597455e18 1.2683688278597455e18 0 0 0
54 74 1.1886097228984591e18 1.1886097228984591e18 0 0 0
55 74 1.218605759357542e18 1.218605759357542e18 0 0 0
56 74 1.2247477326077775e18 1.2247477326077775e18 0 0 0
57 74 1.2357557214834463e18 1.2357557214834463e18 0 0 0
58 74 1.1971750184726958e18 1.1971750184726958e18 0 0 0
59 74 1.0488585655756077e18 1.0488585655756077e18 0 0 0
50 75 4.869866450110887e17 4.869866450110887e17 0 0 0
51 75 5.963858715075057e17 5.963858715075057e17 0 0 0
52 75 5.4792379588849626e17 5.4792379588849626e17 0 0 0
53 75 7.446894639738962e17 7.446894639738962e17 0 0 0
54 75 7.528530264228265e17 7.528530264228265e17 0 0 0
55 75 7.987029046688721e17 7.987029046688721e17 0 0 0
56 75 9.562953768272731e17 9.562953768272731e17 0 0 0
57 75 8.092911463707759e17 8.092911463707759e17 0 0 0
58 75 9.06030953405578e17 9.06030953405578e17 0 0 0
59 75 8.875029456315028e17 8.875029456315028e17 0 0 0
50 76 5.2115304700032096e17 5.2115304700032096e17 0 0 0
51 76 4.683982040236916e17 4.683982040236916e17 0 0 0
52 76 4.026373512299451e17 4.026373512299451e17 0 0 0
53 76 4.3422976947413203e17 4.3422976947413203e17 0 0 0
54 76 3.3583642118765594e17 3.3583642118765594e17 0 0 0
55 76 3.8952168105377e17 3.8952168105377e17 0 0 0
56 76 3.891170209587684e17 3.891170209587684e17 0 0 0
57 76 5.38402856485635e17 5.38402856485635e17 0 0 0
58 76 6.566912230489816e17 6.566912230489816e17 0 0 0
59 76 5.7055040656323603e17 5.7055040656323603e17 0 0 0
50 77 6.791540578340699e17 6.791540578340699e17 0 0 0
51 77 5.37393104533876e17 5.37393104533876e17 0 0 0
52 77 4.7970196549779174e17 4.7970196549779174e17 0 0 0
53 77 4.7554181291456525e17 4.7554181291456525e17 0 0 0
54 77 3.598963609062669e17 3.598963609062669e17 0 0 0
55 77 2.5192345661578608e17 2.5192345661578608e17 0 0 0
56 77 3.038894154745831e17 3.038894154745831e17 0 0 0
57 77 3.630177141793984e17 3.630177141793984e17 0 0 0
58 77 2.763538940024571e17 2.763538940024571e17 0 0 0
59 77 2.5908406742697418e17 2.5908406742697418e17 0 0 0
50 78 6.11153573737646e17 6.11153573737646e17 0 0 0
51 78 4.9926518728872026e17 4.9926518728872026e17 0 0 0
52 78 3.983076669861395e17 3.983076669861395e17 0 0 0
53 78 3.2858186414739654e17 3.2858186414739654e17 0 0 0
54 78 3.636333140820078e17 3.636333140820078e17 0 0 0
55 78 3.7936866423067866e17 3.7936866423067866e17 0 0 0
56 78 3.5757703895593485e17 3.5757703895593485e17 0 0 0
57 78 3.641711560120615e17 3.641711560120615e17 0 0 0
58 78 3.118006424300402e17 3.118006424300402e17 0 0 0
59 78 2.0688244656894224e17 2.0688244656894224e17 0 0 0
50 79 4.3333545787429286e17 4.3333545787429286e17 0 0 0
51 79 4.146097933195386e17 4.146097933195386e17 0 0 0
52 79 4.0140210011495155e17 4.0140210011495155e17 0 0 0
53 79 4.2453209211392256e17 4.2453209211392256e17 0 0 0
54 79 4.566585176598297e17 4.566585176598297e17 0 0 0
55 79 4.0843338537218176e17 4.0843338537218176e17 0 0 0
56 79 3.2795458461578694e17 3.2795458461578694e17 0 0 0
57 79 2.5309845021128384e17 2.5309845021128384e17 0 0 0
58 79 2.2470220377837053e17 2.2470220377837053e17 0 0 0
59 79 1.9547109150588026e17 1.9547109150588026e17 0 0 0
60 70 3.028742544099862e17 3.028742544099862e17 0 0 0
61 70 3.946419770067951e17 3.946419770067951e17 0 0 0
62 70 4.322507902888408e17 4.322507902888408e17 0 0 0
63 70 5.031127530120499e17 5.031127530120499e17 0 0 0
64 70 5.865905738463699e17 5.865905738463699e17 0 0 0
65 70 6.394853789561626e17 6.394853789561626e17 0 0 0
66 70 6.24590812005536e17 6.24590812005536e17 0 0 0
67 70 5.0357698954951123e17 5.0357698954951123e17 0 0 0
68 70 6.28695945324528e17 6.28695945324528e17 0 0 0
69 70 7.336222224691826e17 7.336222224691826e17 0 0 0
60 71 6.800931911128823e17 6.800931911128823e17 0 0 0
61 71 8.748177550542808e17 8.748177550542808e17 0 0 0
62 71 9.419312630763584e17 9.419312630763584e17 0 0 0
63 71 9.176797514073462e17 9.176797514073462e17 0 0 0
64 71 9.130713202757245e17 9.130713202757245e17 0 0 0
65 71 8.842162111754304e17 8.842162111754304e17 0 0 0
66 71 7.11459383723375e17 7.11459383723375e17 0 0 0
67 71 7.532492811992224e17 7.532492811992224e17 0 0 0
68 71 8.15341617685843e17 8.15341617685843e17 0 0 0
69 71 7.38627508039338e17 7.38627508039338e17 0 0 0
60 72 1.0871010421691095e18 1.0871010421691095e18 0 0 0
61 72 1.1347676223259788e18 1.1347676223259788e18 0 0 0
62 72 9.934544921330492e17 9.934544921330492e17 0 0 0
63 72 8.699358222337238e17 8.699358222337238e17 0 0 0
64 72 9.024159019351517e17 9.024159019351517e17 0 0 0
65 72 1.0351294360570065e18 1.0351294360570065e18 0 0 0
66 72 8.652100395969994e17 8.652100395969994e17 0 0 0
67 72 7.991586315111661e17 7.991586315111661e17 0 0 0
68 72 5.732305676058615e17 5.732305676058615e17 0 0 0
69 72 4.8991047018293203e17 4.8991047018293203e17 0 0 0
60 73 5.524211907491402e17 5.524211907491402e17 0 0 0
61 73 6.943372014102383e17 6.943372014102383e17 0 0 0
62 73 1.0667088396329975e18 1.0667088396329975e18 0 0 0
63 73 9.370477004256146e17 9.370477004256146e17 0 0 0
64 73 8.468357606833798e17 8.468357606833798e17 0 0 0
65 73 8.151848384199941e17 8.151848384199941e17 0 0 0
66 73 6.093949750979355e17 6.093949750979355e17 0 0 0
67 73 4.510306465936122e17 4.510306465936122e17 0 0 0
68 73 4.227492655763238e17 4.227492655763238e17 0 0 0
69 73 1.8332702365441098e17 1.8332702365441098e17 0 0 0
60 74 8.066865521883471e17 8.066865521883471e17 0 0 0
61 74 7.459320353937582e17 7.459320353937582e17 0 0 0
62 74 7.950956531830705e17 7.950956531830705e17 0 0 0
63 74 6.435260949903122e17 6.435260949903122e17 0 0 0
64 74 6.039967467901385e17 6.039967467901385e17 0 0 0
65 74 4.317380534264794e17 4.317380534264794e17 0 0 0
66 74 3.168747987582054e17 3.168747987582054e17 0 0 0
67 74 3.532940088087695e17 3.532940088087695e17 0 0 0
68 74 2.1639059842621946e17 2.1639059842621946e17 0 0 0
69 74 5.7068330103373736e16 5.7068330103373736e16 0 0 0
60 75 8.544110926766989e17 8.544110926766989e17 0 0 0
61 75 7.641770716095692e17 7.641770716095692e17 0 0 0
62 75 5.002177326485353e17 5.002177326485353e17 0 0 0
63 75 4.4413473060004896e17 4.4413473060004896e17 0 0 0
64 75 2.5821372517073552e17 2.5821372517073552e17 0 0 0
65 75 1.9621621718636982e17 1.9621621718636982e17 0 0 0
66 75 2.883420158438242e17 2.883420158438242e17 0 0 0
67 75 2.1233780265336317e17 2.1233780265336317e17 0 0 0
68 75 3.0109686182942496e16 3.0109686182942496e16 0 0 0
69 75 8.597974004904622e15 8.597974004904622e15 0 0 0
60 76 5.2253343644874816e17 5.2253343644874816e17 0 0 0
61 76 3.350317564121593e17 3.350317564121593e17 0 0 0
62 76 1.936339988319408e17 1.936339988319408e17 0 0 0
63 76 1.7560272043923866e17 1.7560272043923866e17 0 0 0
64 76 1.514773970856521e17 1.514773970856521e17 0 0 0
65 76 2.0668230433914058e17 2.0668230433914058e17 0 0 0
66 76 2.954031177485149e17 2.954031177485149e17 0 0 0
67 76 4.560298899932424e16 4.560298899932424e16 0 0 0
68 76 1.7639515698974876e16 1.7639515698974876e16 0 0 0
69 76 5.354066433568957e15 5.354066433568957e15 0 0 0
60 77 2.2165633738587258e17 2.2165633738587258e17 0 0 0
61 77 1.7738689340966397e17 1.7738689340966397e17 0 0 0
62 77 1.5110538250989462e17 1.5110538250989462e17 0 0 0
63 77 1.529691627656003e17 1.529691627656003e17 0 0 0
64 77 1.7466746829461853e17 1.7466746829461853e17 0 0 0
65 77 3.4816045064432326e17 3.4816045064432326e17 0 0 0
66 77 4.160189431763356e16 4.160189431763356e16 0 0 0
67 77 4.0145765713238745e15 4.0145765713238745e15 0 0 0
68 77 2.42383585724378e16 2.42383585724378e16 0 0 0
69 77 1.2421032299208104e16 1.2421032299208104e16 0 0 0
60 78 1.639474540928546e17 1.639474540928546e17 0 0 0
61 78 1.4288192725033133e17 1.4288192725033133e17 0 0 0
62 78 1.4505876338209206e17 1.4505876338209206e17 0 0 0
63 78 1.964847931707414e17 1.964847931707414e17 0 0 0
64 78 3.627189155678433e17 3.627189155678433e17 0 0 0
65 78 3.636450047208236e16 3.636450047208236e16 0 0 0
66 78 4.991044608667215e15 4.991044608667215e15 0 0 0
67 78 5.322895562349331e15 5.322895562349331e15 0 0 0
68 78 3.0872103604827068e16 3.0872103604827068e16 0 0 0
69 78 1.3199518058460234e16 1.3199518058460234e16 0 0 0
60 79 1.9278233467861338e17 1.9278233467861338e17 0 0 0
61 79 1.8155355268642966e17 1.8155355268642966e17 0 0 0
62 79 4.3550482546878426e17 4.3550482546878426e17 0 0 0
63 79 3.383430669670597e17 3.383430669670597e17 0 0 0
64 79 4.318091123478085e16 4.318091123478085e16 0 0 0
65 79 3.4255368552975468e16 3.4255368552975468e16 0 0 0
66 79 2.1262447500611428e16 2.1262447500611428e16 0 0 0
67 79 2.030837075582521e16 2.030837075582521e16 0 0 0
68 79 1.1691341131735712e16 1.1691341131735712e16 0 0 0
69 79 1.6159866551886054e16 1.6159866551886054e16 0 0 0
70 70 5.313536412492228e17 5.313536412492228e17 0 0 0
71 70 3.4439351842139494e17 3.4439351842139494e17 0 0 0
72 70 2.9010948866650394e17 2.9010948866650394e17 0 0 0
73 70 2.6854039613689398e17 2.6854039613689398e17 0 0 0
74 70 1.2111864201750218e17 1.2111864201750218e17 0 0 0
75 70 3.3471243217357756e16 3.3471243217357756e16 0 0 0
76 70 4.146729554919233e16 4.146729554919233e16 0 0 0
77 70 1.6830644344177356e16 1.6830644344177356e16 0 0 0
78 70 7.414305748234852e15 7.414305748234852e15 0 0 0
79 70 1.1014627974153798e15 1.1014627974153798e15 0 0 0
70 71 4.346451115903121e17 4.346451115903121e17 0 0 0
71 71 2.7957697569074045e17 2.7957697569074045e17 0 0 0
72 71 1.8992931661361706e17 1.8992931661361706e17 0 0 0
73 71 1.165195165846829e17 1.165195165846829e17 0 0 0
74 71 5.908139757295937e16 5.908139757295937e16 0 0 0
75 71 2.3390988028846344e16 2.3390988028846344e16 0 0 0
76 71 6.786580509459499e15 6.786580509459499e15 0 0 0
77 71 1.5486072184416842e15 1.5486072184416842e15 0 0 0
78 71 2.4237791422655776e16 2.4237791422655776e16 0 0 0
79 71 1.9570407328556048e15 1.9570407328556048e15 0 0 0
70 72 1.795638339619613e17 1.795638339619613e17 0 0 0
71 72 1.687634748234364e17 1.687634748234364e17 0 0 0
72 72 5.775377923793957e16 5.775377923793957e16 0 0 0
73 72 2.9000024936993276e16 2.9000024936993276e16 0 0 0
74 72 7.983923898878797e15 7.983923898878797e15 0 0 0
75 72 2.33226625287098e15 2.33226625287098e15 0 0 0
76 72 2.251601679923545e16 2.251601679923545e16 0 0 0
77 72 6.750929551091004e15 6.750929551091004e15 0 0 0
78 72 2.468688947373569e16 2.468688947373569e16 0 0 0
79 72 3.2470570651802255e15 3.2470570651802255e15 0 0 0
70 73 7.382824392243866e16 7.382824392243866e16 0 0 0
71 73 2.7168570105743996e16 2.7168570105743996e16 0 0 0
72 73 4.930722621547042e16 4.930722621547042e16 0 0 0
73 73 3.9305447274613485e15 3.9305447274613485e15 0 0 0
74 73 2.1950802469336172e16 2.1950802469336172e16 0 0 0
75 73 6.844737963717197e15 6.844737963717197e15 0 0 0
76 73 1.0474532830450959e15 1.0474532830450959e15 0 0 0
77 73 6.621720082916682e15 6.621720082916682e15 0 0 0
78 73 1.4695370773876612e16 1.4695370773876612e16 0 0 0
79 73 1.899631738422745e16 1.899631738422745e16 0 0 0
70 74 2.538518693498108e16 2.538518693498108e16 0 0 0
71 74 1.2450677105122014e16 1.2450677105122014e16 0 0 0
72 74 7.102192403069967e15 7.102192403069967e15 0 0 0
73 74 2.0856999636958125e15 2.0856999636958125e15 0 0 0
74 74 7.458509791268804e14 7.458509791268804e14 0 0 0
75 74 2.310716763684099e16 2.310716763684099e16 0 0 0
76 74 1.492218501215126e15 1.492218501215126e15 0 0 0
77 74 8.963797772004688e15 8.963797772004688e15 0 0 0
78 74 9.116895411103064e15 9.116895411103064e15 0 0 0
79 74 3.321538926998298e15 3.321538926998298e15 0 0 0
70 75 3.8253670042734915e15 3.8253670042734915e15 0 0 0
71 75 1.7047219573532235e15 1.7047219573532235e15 0 0 0
72 75 1.6652897705464896e16 1.6652897705464896e16 0 0 0
73 75 6.921638250178215e15 6.921638250178215e15 0 0 0
74 75 2.1868845685775568e15 2.1868845685775568e15 0 0 0
75 75 8.637468817795787e15 8.637468817795787e15 0 0 0
76 75 1.6481386210101606e16 1.6481386210101606e16 0 0 0
77 75 1.5054599951139412e16 1.5054599951139412e16 0 0 0
78 75 1.0283650640510122e16 1.0283650640510122e16 0 0 0
79 75 5.804905081259212e15 5.804905081259212e15 0 0 0
70 76 2.4643200462750895e15 2.4643200462750895e15 0 0 0
71 76 9.863973575646594e14 9.863973575646594e14 0 0 0
72 76 2.3578574073066784e16 2.3578574073066784e16 0 0 0
73 76 7.20206177431039e15 7.20206177431039e15 0 0 0
74 76 2.184357448070307e15 2.184357448070307e15 0 0 0
75 76 1.938596955572063e16 1.938596955572063e16 0 0 0
76 76 1.836629314611749e16 1.836629314611749e16 0 0 0
77 76 1.6779643246020694e16 1.6779643246020694e16 0 0 0
78 76 1.458174446444081e16 1.458174446444081e16 0 0 0
79 76 1.631269575851926e16 1.631269575851926e16 0 0 0
70 77 6.841539424102578e15 6.841539424102578e15 0 0 0
71 77 2.794810008778273e15 2.794810008778273e15 0 0 0
72 77 1.412527581968622e16 1.412527581968622e16 0 0 0
73 77 1.703827024292487e16 1.703827024292487e16 0 0 0
74 77 2.1217289495469796e16 2.1217289495469796e16 0 0 0
75 77 2.348143791945293e16 2.348143791945293e16 0 0 0
76 77 2.036404734520798e16 2.036404734520798e16 0 0 0
77 77 9.66496770157334e15 9.66496770157334e15 0 0 0
78 77 1.5273422628283292e16 1.5273422628283292e16 0 0 0
79 77 1.2796844853197624e16 1.2796844853197624e16 0 0 0
70 78 6.391958773578094e15 6.391958773578094e15 0 0 0
71 78 1.1577666257186544e16 1.1577666257186544e16 0 0 0
72 78 1.762063285921396e16 1.762063285921396e16 0 0 0
73 78 2.5077103798009144e16 2.5077103798009144e16 0 0 0
74 78 4.449424084330365e16 4.449424084330365e16 0 0 0
75 78 2.971543005988348e16 2.971543005988348e16 0 0 0
76 78 1.900787257364253e16 1.900787257364253e16 0 0 0
77 78 1.4765922102555332e16 1.4765922102555332e16 0 0 0
78 78 1.3586000724436258e16 1.3586000724436258e16 0 0 0
79 78 1.1801743816860114e16 1.1801743816860114e16 0 0 0
70 79 2.3026698058718016e16 2.3026698058718016e16 0 0 0
71 79 3.4331503240286204e16 3.4331503240286204e16 0 0 0
72 79 4.5161909692531624e16 4.5161909692531624e16 0 0 0
73 79 3.753876699780086e16 3.753876699780086e16 0 0 0
74 79 2.378321957350017e16 2.378321957350017e16 0 0 0
75 79 1.610282688903606e16 1.610282688903606e16 0 0 0
76 79 2.3503307026602144e16 2.3503307026602144e16 0 0 0
77 79 1.3200652743491656e16 1.3200652743491656e16 0 0 0
78 79 1.3690728532495922e16 1.3690728532495922e16 0 0 0
79 79 1.2007058690015636e16 1.2007058690015636e16 0 0 0
80 70 7.578478630195242e15 7.578478630195242e15 0 0 0
81 70 1.2149926514432372e16 1.2149926514432372e16 0 0 0
82 70 4.868481655698969e15 4.868481655698969e15 0 0 0
83 70 1.1844897382489365e15 1.1844897382489365e15 0 0 0
84 70 1.988887879454827e15 1.988887879454827e15 0 0 0
85 70 3.9402504472613555e15 3.9402504472613555e15 0 0 0
86 70 6.207765046862011e15 6.207765046862011e15 0 0 0
87 70 4.550222121526845e15 4.550222121526845e15 0 0 0
88 70 2.961386835383148e15 2.961386835383148e15 0 0 0
89 70 1.761561100254994e15 1.761561100254994e15 0 0 0
80 71 7.560020973386711e15 7.560020973386711e15 0 0 0
81 71 3.2319119325362325e15 3.2319119325362325e15 0 0 0
82 71 1.240556294905995e15 1.240556294905995e15 0 0 0
83 71 3.5290431352145375e14 3.5290431352145375e14 0 0 0
84 71 2.805454077702597e15 2.805454077702597e15 0 0 0
85 71 5.448220487304495e15 5.448220487304495e15 0 0 0
86 71 5.644253765354759e15 5.644253765354759e15 0 0 0
87 71 3.2017729415241485e15 3.2017729415241485e15 0 0 0
88 71 2.462656517053671e15 2.462656517053671e15 0 0 0
89 71 3.080319726418646e15 3.080319726418646e15 0 0 0
80 72 1.4879463452678004e16 1.4879463452678004e16 0 0 0
81 72 8.941334404881839e15 8.941334404881839e15 0 0 0
82 72 5.869606392212553e15 5.869606392212553e15 0 0 0
83 72 8.072012668293372e15 8.072012668293372e15 0 0 0
84 72 3.8809117875933935e15 3.8809117875933935e15 0 0 0
85 72 5.764270283772832e15 5.764270283772832e15 0 0 0
86 72 6.761929747606832e15 6.761929747606832e15 0 0 0
87 72 4.786661471519093e15 4.786661471519093e15 0 0 0
88 72 3.2570204150987415e15 3.2570204150987415e15 0 0 0
89 72 3.3880975993264515e15 3.3880975993264515e15 0 0 0
80 73 3.95821619701662e15 3.95821619701662e15 0 0 0
81 73 3.107645409345994e15 3.107645409345994e15 0 0 0
82 73 7.150105184297834e15 7.150105184297834e15 0 0 0
83 73 9.916549849831714e15 9.916549849831714e15 0 0 0
84 73 6.682325610920473e15 6.682325610920473e15 0 0 0
85 73 7.092767026913332e15 7.092767026913332e15 0 0 0
86 73 5.711150519703624e15 5.711150519703624e15 0 0 0
87 73 4.4849981674174435e15 4.4849981674174435e15 0 0 0
88 73 3.755103397242323e15 3.755103397242323e15 0 0 0
89 73 4.1902980464570835e15 4.1902980464570835e15 0 0 0
80 74 8.704694466494324e15 8.704694466494324e15 0 0 0
81 74 3.8503309371709295e15 3.8503309371709295e15 0 0 0
82 74 8.756571045025542e15 8.756571045025542e15 0 0 0
83 74 1.1110550876999794e16 1.1110550876999794e16 0 0 0
84 74 8.272632343771952e15 8.272632343771952e15 0 0 0
85 74 5.855353185348487e15 5.855353185348487e15 0 0 0
86 74 5.028430523003807e15 5.028430523003807e15 0 0 0
87 74 4.67074309683757e15 4.67074309683757e15 0 0 0
88 74 4.580607746255585e15 4.580607746255585e15 0 0 0
89 74 4.689135202073642e15 4.689135202073642e15 0 0 0
80 75 1.0193839946078862e16 1.0193839946078862e16 0 0 0
81 75 1.4104511032041278e16 1.4104511032041278e16 0 0 0
82 75 9.998174024410298e15 9.998174024410298e15 0 0 0
83 75 8.749939815432378e15 8.749939815432378e15 0 0 0
84 75 7.175340986020205e15 7.175340986020205e15 0 0 0
85 75 5.603710199400764e15 5.603710199400764e15 0 0 0
86 75 5.362472789706057e15 5.362472789706057e15 0 0 0
87 75 5.528324707214242e15 5.528324707214242e15 0 0 0
88 75 5.224441177676457e15 5.224441177676457e15 0 0 0
89 75 5.060267851935292e15 5.060267851935292e15 0 0 0
80 76 1.3326809069325858e16 1.3326809069325858e16 0 0 0
81 76 1.052942512286056e16 1.052942512286056e16 0 0 0
82 76 8.719001214796006e15 8.719001214796006e15 0 0 0
83 76 7.480792436758887e15 7.480792436758887e15 0 0 0
84 76 6.904709940586156e15 6.904709940586156e15 0 0 0
85 76 6.014493525101428e15 6.014493525101428e15 0 0 0
86 76 6.401824187895592e15 6.401824187895592e15 0 0 0
87 76 5.369289491276353e15 5.369289491276353e15 0 0 0
88 76 5.437923290398736e15 5.437923290398736e15 0 0 0
89 76 5.516741725504666e15 5.516741725504666e15 0 0 0
80 77 1.0944324390675142e16 1.0944324390675142e16 0 0 0
81 77 9.805632775793804e15 9.805632775793804e15 0 0 0
82 77 8.610423683564548e15 8.610423683564548e15 0 0 0
83 77 6.808201052215503e15 6.808201052215503e15 0 0 0
84 77 6.839735304913181e15 6.839735304913181e15 0 0 0
85 77 6.556211847981531e15 6.556211847981531e15 0 0 0
86 77 6.7164693012902e15 6.7164693012902e15 0 0 0
87 77 5.449125441140914e15 5.449125441140914e15 0 0 0
88 77 4.836008660357466e15 4.836008660357466e15 0 0 0
89 77 4.611311438160271e15 4.611311438160271e15 0 0 0
80 78 9.824549403616646e15 9.824549403616646e15 0 0 0
81 78 9.307301523162656e15 9.307301523162656e15 0 0 0
82 78 8.478779186677839e15 8.478779186677839e15 0 0 0
83 78 7.015628482250649e15 7.015628482250649e15 0 0 0
84 78 7.46536266830518e15 7.46536266830518e15 0 0 0
85 78 7.212206024855389e15 7.212206024855389e15 0 0 0
86 78 6.077279095564938e15 6.077279095564938e15 0 0 0
87 78 5.090522505281559e15 5.090522505281559e15 0 0 0
88 78 4.447138877165562e15 4.447138877165562e15 0 0 0
89 78 1.7434878973218588e15 1.7434878973218588e15 0 0 0
80 79 1.007645690596265e16 1.007645690596265e16 0 0 0
81 79 8.749049402266633e15 8.749049402266633e15 0 0 0
82 79 8.839101768317296e15 8.839101768317296e15 0 0 0
83 79 7.578969981852155e15 7.578969981852155e15 0 0 0
84 79 6.357215799521737e15 6.357215799521737e15 0 0 0
85 79 5.859550145864602e15 5.859550145864602e15 0 0 0
86 79 5.096582888164803e15 5.096582888164803e15 0 0 0
87 79 4.777996552813616e15 4.777996552813616e15 0 0 0
88 79 1.7619082432853598e15 1.7619082432853598e15 0 0 0
89 79 1.605500835599351e15 1.605500835599351e15 0 0 0
90 70 2.1872742054585188e15 2.1872742054585188e15 0 0 0
91 70 2.4126137102605155e15 2.4126137102605155e15 0 0 0
92 70 2.4180341252713905e15 2.4180341252713905e15 0 0 0
93 70 2.884895563633795e15 2.884895563633795e15 0 0 0
94 70 1.8001104535691782e15 1.8001104535691782e15 0 0 0
95 70 2.2870868556009345e15 2.2870868556009345e15 0 0 0
96 70 8.691238926937476e14 8.691238926937476e14 0 0 0
97 70 4.390372630816947e14 4.390372630816947e14 0 0 0
98 70 1.8462959220560342e15 1.8462959220560342e15 0 0 0
99 70 9.351090921626928e14 9.351090921626928e14 0 0 0
90 71 2.715300650183299e15 2.715300650183299e15 0 0 0
91 71 2.6362410769650935e15 2.6362410769650935e15 0 0 0
92 71 3.4106885845497785e15 3.4106885845497785e15 0 0 0
93 71 3.783718504263548e15 3.783718504263548e15 0 0 0
94 71 2.4013976970697585e15 2.4013976970697585e15 0 0 0
95 71 2.604558590524489e15 2.604558590524489e15 0 0 0
96 71 5.0114880571016075e14 5.0114880571016075e14 0 0 0
97 71 2.0134776367871322e15 2.0134776367871322e15 0 0 0
98 71 8.516165193136514e14 8.516165193136514e14 0 0 0
99 71 2.544133084934237e14 2.544133084934237e14 0 0 0
90 72 3.452781719120083e15 3.452781719120083e15 0 0 0
91 72 3.4493184316886785e15 3.4493184316886785e15 0 0 0
92 72 2.2324365653673588e15 2.2324365653673588e15 0 0 0
93 72 2.6370423085300435e15 2.6370423085300435e15 0 0 0
94 72 2.794776707602147e15 2.794776707602147e15 0 0 0
95 72 2.486193813452843e15 2.486193813452843e15 0 0 0
96 72 1.7457109800505285e15 1.7457109800505285e15 0 0 0
97 72 1.1777502015620488e15 1.1777502015620488e15 0 0 0
98 72 2.145799086424418e14 2.145799086424418e14 0 0 0
99 72 1.76546559127497e15 1.76546559127497e15 0 0 0
90 73 4.0222903816412435e15 4.0222903816412435e15 0 0 0
91 73 4.0728802497470795e15 4.0728802497470795e15 0 0 0
92 73 2.5706270665042665e15 2.5706270665042665e15 0 0 0
93 73 3.129522944894742e15 3.129522944894742e15 0 0 0
94 73 2.720990028407393e15 2.720990028407393e15 0 0 0
95 73 1.8383251913516242e15 1.8383251913516242e15 0 0 0
96 73 8.761054268490961e14 8.761054268490961e14 0 0 0
97 73 3.873290400206527e14 3.873290400206527e14 0 0 0
98 73 1.142544716766386e14 1.142544716766386e14 0 0 0
99 73 7.99057460406522e14 7.99057460406522e14 0 0 0
90 74 4.740003422893939e15 4.740003422893939e15 0 0 0
91 74 4.713720830400285e15 4.713720830400285e15 0 0 0
92 74 3.0081861426547815e15 3.0081861426547815e15 0 0 0
93 74 2.7937566717464095e15 2.7937566717464095e15 0 0 0
94 74 2.0642806714656488e15 2.0642806714656488e15 0 0 0
95 74 1.0114533753468185e15 1.0114533753468185e15 0 0 0
96 74 3.57190632638083e14 3.57190632638083e14 0 0 0
97 74 1.9188208882267198e15 1.9188208882267198e15 0 0 0
98 74 1.1288792575475392e15 1.1288792575475392e15 0 0 0
99 74 3.905870565886045e14 3.905870565886045e14 0 0 0
90 75 5.224263498065263e15 5.224263498065263e15 0 0 0
91 75 2.7970609055388265e15 2.7970609055388265e15 0 0 0
92 75 2.7272581720144775e15 2.7272581720144775e15 0 0 0
93 75 2.0350102648386478e15 2.0350102648386478e15 0 0 0
94 75 1.0615763267300791e15 1.0615763267300791e15 0 0 0
95 75 2.7237097792633303e14 2.7237097792633303e14 0 0 0
96 75 1.8178064330803472e15 1.8178064330803472e15 0 0 0
97 75 1.137817386834402e15 1.137817386834402e15 0 0 0
98 75 4.9117075507254644e14 4.9117075507254644e14 0 0 0
99 75 1.1055116424808449e15 1.1055116424808449e15 0 0 0
90 76 5.240504939779777e15 5.240504939779777e15 0 0 0
91 76 2.363001533872718e15 2.363001533872718e15 0 0 0
92 76 1.7229211635508145e15 1.7229211635508145e15 0 0 0
93 76 8.845851576892562e14 8.845851576892562e14 0 0 0
94 76 4.290191232545574e14 4.290191232545574e14 0 0 0
95 76 1.6170374149682862e15 1.6170374149682862e15 0 0 0
96 76 8.773586441734544e14 8.773586441734544e14 0 0 0
97 76 4.001488773859035e14 4.001488773859035e14 0 0 0
98 76 1.1743008177539722e15 1.1743008177539722e15 0 0 0
99 76 5.14241893639726e14 5.14241893639726e14 0 0 0
90 77 2.795177214808046e15 2.795177214808046e15 0 0 0
91 77 1.602944162805177e15 1.602944162805177e15 0 0 0
92 77 8.320182273967028e14 8.320182273967028e14 0 0 0
93 77 3.809153533640325e14 3.809153533640325e14 0 0 0
94 77 1.655999370272455e15 1.655999370272455e15 0 0 0
95 77 1.2078272106962155e15 1.2078272106962155e15 0 0 0
96 77 3.5747538988766656e14 3.5747538988766656e14 0 0 0
97 77 1.402724153265682e15 1.402724153265682e15 0 0 0
98 77 5.917823941360855e14 5.917823941360855e14 0 0 0
99 77 1.1738451441187342e15 1.1738451441187342e15 0 0 0
90 78 2.1385246338545912e15 2.1385246338545912e15 0 0 0
91 78 7.054673295380884e14 7.054673295380884e14 0 0 0
92 78 2.591200261620916e14 2.591200261620916e14 0 0 0
93 78 1.8421979436685275e15 1.8421979436685275e15 0 0 0
94 78 1.1914590846187188e15 1.1914590846187188e15 0 0 0
95 78 5.887114353018296e14 5.887114353018296e14 0 0 0
96 78 1.6913389571313335e15 1.6913389571313335e15 0 0 0
97 78 6.916299424629941e14 6.916299424629941e14 0 0 0
98 78 1.5627082332204015e15 1.5627082332204015e15 0 0 0
99 78 5.189370199623464e14 5.189370199623464e14 0 0 0
90 79 5.295539678761017e14 5.295539678761017e14 0 0 0
91 79 2.2334176193804032e15 2.2334176193804032e15 0 0 0
92 79 1.8388947078728792e15 1.8388947078728792e15 0 0 0
93 79 7.163465503854326e14 7.163465503854326e14 0 0 0
94 79 3.7573047961226394e14 3.7573047961226394e14 0 0 0
95 79 1.6488930581533508e15 1.6488930581533508e15 0 0 0
96 79 9.46866713412558e14 9.46866713412558e14 0 0 0
97 79 1.6561924641764822e15 1.6561924641764822e15 0 0 0
98 79 4.725698522291591e14 4.725698522291591e14 0 0 0
99 79 8.267456125490766e14 8.267456125490766e14 0 0 0
0 80 1.925611475841516e16 1.925611475841516e16 0 0 0
1 80 6.267767605862021e15 6.267767605862021e15 0 0 0
2 80 1.4598768007585208e16 1.4598768007585208e16 0 0 0
3 80 5.169515611664908e15 5.169515611664908e15 0 0 0
4 80 1.2639288517667714e16 1.2639288517667714e16 0 0 0
5 80 1.665764094282332e15 1.665764094282332e15 0 0 0
6 80 9.22887971136045e15 9.22887971136045e15 0 0 0
7 80 2.0801964047787776e16 2.0801964047787776e16 0 0 0
8 80 7.203686576064671e15 7.203686576064671e15 0 0 0
9 80 1.9322780999294576e16 1.9322780999294576e16 0 0 0
0 81 1.4408017919858e16 1.4408017919858e16 0 0 0
1 81 1.7110763486324078e16 1.7110763486324078e16 0 0 0
2 81 7.123831234441951e15 7.123831234441951e15 0 0 0
3 81 1.5796115554580342e16 1.5796115554580342e16 0 0 0
4 81 4.659948287463036e15 4.659948287463036e15 0 0 0
5 81 1.3117981632526898e16 1.3117981632526898e16 0 0 0
6 81 1.9997370508707172e16 1.9997370508707172e16 0 0 0
7 81 8.135711427374498e15 8.135711427374498e15 0 0 0
8 81 1.5515346729712936e16 1.5515346729712936e16 0 0 0
9 81 6.692780263769145e15 6.692780263769145e15 0 0 0
0 82 9.506371192423328e15 9.506371192423328e15 0 0 0
1 82 1.1889985294992284e16 1.1889985294992284e16 0 0 0
2 82 1.9164133080679016e16 1.9164133080679016e16 0 0 0
3 82 8.618216375198281e15 8.618216375198281e15 0 0 0
4 82 1.5096242114050292e16 1.5096242114050292e16 0 0 0
5 82 5.63618296525692e15 5.63618296525692e15 0 0 0
6 82 1.2490819844726104e16 1.2490819844726104e16 0 0 0
7 82 4.733924332167425e15 4.733924332167425e15 0 0 0
8 82 1.047770151650612e16 1.047770151650612e16 0 0 0
9 82 1.7943903532078774e16 1.7943903532078774e16 0 0 0
0 83 1.2214436040438172e16 1.2214436040438172e16 0 0 0
1 83 1.0929611588846304e16 1.0929611588846304e16 0 0 0
2 83 1.4947027961951584e16 1.4947027961951584e16 0 0 0
3 83 2.001762509460428e16 2.001762509460428e16 0 0 0
4 83 9.928801187714036e15 9.928801187714036e15 0 0 0
5 83 2.004229930738585e16 2.004229930738585e16 0 0 0
6 83 3.956605931110685e15 3.956605931110685e15 0 0 0
7 83 1.6733013956817494e16 1.6733013956817494e16 0 0 0
8 83 4.416832468442925e15 4.416832468442925e15 0 0 0
9 83 1.5326844217748366e16 1.5326844217748366e16 0 0 0
0 84 1.078665768524288e16 1.078665768524288e16 0 0 0
1 84 8.271396260478926e15 8.271396260478926e15 0 0 0
2 84 1.1939818815492586e16 1.1939818815492586e16 0 0 0
3 84 1.5871679353968728e16 1.5871679353968728e16 0 0 0
4 84 7.91328843258523e15 7.91328843258523e15 0 0 0
5 84 1.3336798705566344e16 1.3336798705566344e16 0 0 0
6 84 1.796073193828657e16 1.796073193828657e16 0 0 0
7 84 8.363288624378718e15 8.363288624378718e15 0 0 0
8 84 2.3394245772540836e16 2.3394245772540836e16 0 0 0
9 84 1.014662420900678e16 1.014662420900678e16 0 0 0
0 85 1.1757813640890058e16 1.1757813640890058e16 0 0 0
1 85 8.974604977446562e15 8.974604977446562e15 0 0 0
2 85 1.1817173165032368e16 1.1817173165032368e16 0 0 0
3 85 1.6345846453180242e16 1.6345846453180242e16 0 0 0
4 85 5.162995631872165e15 5.162995631872165e15 0 0 0
5 85 8.346354718655241e15 8.346354718655241e15 0 0 0
6 85 1.7370361028619288e16 1.7370361028619288e16 0 0 0
7 85 4.881326164322966e15 4.881326164322966e15 0 0 0
8 85 1.603671158614593e16 1.603671158614593e16 0 0 0
9 85 8.860293834118996e15 8.860293834118996e15 0 0 0
0 86 1.0744877645380478e16 1.0744877645380478e16 0 0 0
1 86 1.1433512746613288e16 1.1433512746613288e16 0 0 0
2 86 1.5034492888902386e16 1.5034492888902386e16 0 0 0
3 86 1.6394075602335492e16 1.6394075602335492e16 0 0 0
4 86 6.202765529765137e15 6.202765529765137e15 0 0 0
5 86 7.672270280845053e15 7.672270280845053e15 0 0 0
6 86 1.5033025460196878e16 1.5033025460196878e16 0 0 0
7 86 8.756140402032877e15 8.756140402032877e15 0 0 0
8 86 1.6583256521631566e16 1.6583256521631566e16 0 0 0
9 86 6.709360375829941e15 6.709360375829941e15 0 0 0
0 87 1.2140016676740156e16 1.2140016676740156e16 0 0 0
1 87 1.170781492280062e16 1.170781492280062e16 0 0 0
2 87 1.6372789642270854e16 1.6372789642270854e16 0 0 0
3 87 6.847894944888839e15 6.847894944888839e15 0 0 0
4 87 8.639993463860507e15 8.639993463860507e15 0 0 0
5 87 1.2905280011486012e16 1.2905280011486012e16 0 0 0
6 87 1.6071799387226072e16 1.6071799387226072e16 0 0 0
7 87 7.31613548361075e15 7.31613548361075e15 0 0 0
8 87 1.4057555796786256e16 1.4057555796786256e16 0 0 0
9 87 6.588318489674442e15 6.588318489674442e15 0 0 0
0 88 1.4108892537215028e16 1.4108892537215028e16 0 0 0
1 88 1.6039121642090538e16 1.6039121642090538e16 0 0 0
2 88 6.636694938887052e15 6.636694938887052e15 0 0 0
3 88 9.36772559598443e15 9.36772559598443e15 0 0 0
4 88 1.45671216448123e16 1.45671216448123e16 0 0 0
5 88 1.8922972736195532e16 1.8922972736195532e16 0 0 0
6 88 6.888581220175503e15 6.888581220175503e15 0 0 0
7 88 1.062989874754096e16 1.062989874754096e16 0 0 0
8 88 1.5847607371360896e16 1.5847607371360896e16 0 0 0
9 88 7.532284839197637e15 7.532284839197637e15 0 0 0
0 89 1.4177115648690434e16 1.4177115648690434e16 0 0 0
1 89 1.9109841936789884e16 1.9109841936789884e16 0 0 0
2 89 9.001576428453311e15 9.001576428453311e15 0 0 0
3 89 1.3399596125113188e16 1.3399596125113188e16 0 0 0
4 89 1.9380377214103292e16 1.9380377214103292e16 0 0 0
5 89 9.925323638832898e15 9.925323638832898e15 0 0 0
6 89 1.3008358635122402e16 1.3008358635122402e16 0 0 0
7 89 1.888892623130676e16 1.888892623130676e16 0 0 0
8 89 5.912447818105231e15 5.912447818105231e15 0 0 0
9 89 1.2388206175557562e16 1.2388206175557562e16 0 0 0
10 80 7.855356800794216e15 7.855356800794216e15 0 0 0
11 80 1.9634939651739028e16 1.9634939651739028e16 0 0 0
12 80 4.003025815566363e16 4.003025815566363e16 0 0 0
13 80 2.615512417604544e16 2.615512417604544e16 0 0 0
14 80 2.5744329191722244e16 2.5744329191722244e16 0 0 0
15 80 6.702269952378798e16 6.702269952378798e16 0 0 0
16 80 1.1397591044942768e17 1.1397591044942768e17 0 0 0
17 80 1.5903423566881325e17 1.5903423566881325e17 0 0 0
18 80 2.5277784983339568e17 2.5277784983339568e17 0 0 0
19 80 2.428574386504863e17 2.428574386504863e17 0 0 0
10 81 1.6279968731312282e16 1.6279968731312282e16 0 0 0
11 81 2.916439156078347e16 2.916439156078347e16 0 0 0
12 81 1.3303429171769814e16 1.3303429171769814e16 0 0 0
13 81 3.266875170642701e16 3.266875170642701e16 0 0 0
14 81 2.859517978705299e16 2.859517978705299e16 0 0 0
15 81 2.248150389518081e16 2.248150389518081e16 0 0 0
16 81 6.0444085478769896e16 6.0444085478769896e16 0 0 0
17 81 1.1066233975391715e17 1.1066233975391715e17 0 0 0
18 81 1.4964734729287056e17 1.4964734729287056e17 0 0 0
19 81 2.5110055842679862e17 2.5110055842679862e17 0 0 0
10 82 5.599479699395021e15 5.599479699395021e15 0 0 0
11 82 2.1242382177618868e16 2.1242382177618868e16 0 0 0
12 82 5.271501236970489e15 5.271501236970489e15 0 0 0
13 82 1.4021948986760738e16 1.4021948986760738e16 0 0 0
14 82 3.776511205151838e16 3.776511205151838e16 0 0 0
15 82 3.1753857732573052e16 3.1753857732573052e16 0 0 0
16 82 2.348249681096906e16 2.348249681096906e16 0 0 0
17 82 5.974171443904425e16 5.974171443904425e16 0 0 0
18 82 1.027640615032048e17 1.027640615032048e17 0 0 0
19 82 1.548606554558249e17 1.548606554558249e17 0 0 0
10 83 1.5850804250509384e16 1.5850804250509384e16 0 0 0
11 83 8.270891287925521e15 8.270891287925521e15 0 0 0
12 83 2.483943587917441e16 2.483943587917441e16 0 0 0
13 83 9.4188416530794e15 9.4188416530794e15 0 0 0
14 83 2.403415504349218e16 2.403415504349218e16 0 0 0
15 83 1.398749356587007e16 1.398749356587007e16 0 0 0
16 83 3.474946593917419e16 3.474946593917419e16 0 0 0
17 83 3.448690854862103e16 3.448690854862103e16 0 0 0
18 83 6.475119313254904e16 6.475119313254904e16 0 0 0
19 83 7.296592061168642e16 7.296592061168642e16 0 0 0
10 84 2.054319653469647e16 2.054319653469647e16 0 0 0
11 84 6.710123274147552e15 6.710123274147552e15 0 0 0
12 84 1.4819628012507154e16 1.4819628012507154e16 0 0 0
13 84 7.576196007447938e15 7.576196007447938e15 0 0 0
14 84 2.158987716339423e16 2.158987716339423e16 0 0 0
15 84 7.681521161867874e15 7.681521161867874e15 0 0 0
16 84 1.9703565875233316e16 1.9703565875233316e16 0 0 0
17 84 1.7220045675360426e16 1.7220045675360426e16 0 0 0
18 84 4.712259267341467e16 4.712259267341467e16 0 0 0
19 84 3.520385279847296e16 3.520385279847296e16 0 0 0
10 85 1.89931650703079e16 1.89931650703079e16 0 0 0
11 85 4.308042717967312e15 4.308042717967312e15 0 0 0
12 85 1.8785121564512304e16 1.8785121564512304e16 0 0 0
13 85 7.0898689399168e15 7.0898689399168e15 0 0 0
14 85 1.896869803839329e16 1.896869803839329e16 0 0 0
15 85 8.445883002375889e15 8.445883002375889e15 0 0 0
16 85 1.867912287496923e16 1.867912287496923e16 0 0 0
17 85 9.96672750945183e15 9.96672750945183e15 0 0 0
18 85 2.5976766380719172e16 2.5976766380719172e16 0 0 0
19 85 1.92207061125238e16 1.92207061125238e16 0 0 0
10 86 1.8008951763739406e16 1.8008951763739406e16 0 0 0
11 86 1.0357123360640608e16 1.0357123360640608e16 0 0 0
12 86 1.9419119302190796e16 1.9419119302190796e16 0 0 0
13 86 8.417280720347483e15 8.417280720347483e15 0 0 0
14 86 2.397267046386918e15 2.397267046386918e15 0 0 0
15 86 8.452885311059671e15 8.452885311059671e15 0 0 0
16 86 2.6201317663942255e15 2.6201317663942255e15 0 0 0
17 86 8.439768812878204e15 8.439768812878204e15 0 0 0
18 86 2.4214950863621756e16 2.4214950863621756e16 0 0 0
19 86 1.6351482954280628e16 1.6351482954280628e16 0 0 0
10 87 1.4108070455418998e16 1.4108070455418998e16 0 0 0
11 87 8.497871807436273e15 8.497871807436273e15 0 0 0
12 87 2.0260180935987308e16 2.0260180935987308e16 0 0 0
13 87 1.1693753496263772e16 1.1693753496263772e16 0 0 0
14 87 3.502392981385132e15 3.502392981385132e15 0 0 0
15 87 1.2379200794561662e16 1.2379200794561662e16 0 0 0
16 87 4.677244734326033e15 4.677244734326033e15 0 0 0
17 87 1.5439545259105204e16 1.5439545259105204e16 0 0 0
18 87 4.509529491441336e15 4.509529491441336e15 0 0 0
19 87 1.3031133135664652e16 1.3031133135664652e16 0 0 0
10 88 1.577612700647413e15 1.577612700647413e15 0 0 0
11 88 5.721251427510089e15 5.721251427510089e15 0 0 0
12 88 1.797661465630881e16 1.797661465630881e16 0 0 0
13 88 1.1361361345283874e16 1.1361361345283874e16 0 0 0
14 88 4.4588552374759905e15 4.4588552374759905e15 0 0 0
15 88 1.5593362078267238e16 1.5593362078267238e16 0 0 0
16 88 5.208000005639757e15 5.208000005639757e15 0 0 0
17 88 1.6269871473120786e16 1.6269871473120786e16 0 0 0
18 88 8.307147281016287e15 8.307147281016287e15 0 0 0
19 88 2.14184214985296e16 2.14184214985296e16 0 0 0
10 89 4.945246505419118e15 4.945246505419118e15 0 0 0
11 89 1.277810412984294e16 1.277810412984294e16 0 0 0
12 89 2.3130737862388785e15 2.3130737862388785e15 0 0 0
13 89 8.593804276332192e15 8.593804276332192e15 0 0 0
14 89 6.475013229428044e15 6.475013229428044e15 0 0 0
15 89 1.4996034493096298e16 1.4996034493096298e16 0 0 0
16 89 8.180767973958926e15 8.180767973958926e15 0 0 0
17 89 2.7470625516837635e15 2.7470625516837635e15 0 0 0
18 89 9.854653487573284e15 9.854653487573284e15 0 0 0
19 89 3.60956048245875e15 3.60956048245875e15 0 0 0
20 80 2.3673159763758877e17 2.3673159763758877e17 0 0 0
21 80 2.2487665746008432e17 2.2487665746008432e17 0 0 0
22 80 2.7587664034244138e17 2.7587664034244138e17 0 0 0
23 80 3.62966326680027e17 3.62966326680027e17 0 0 0
24 80 5.289863075594413e17 5.289863075594413e17 0 0 0
25 80 4.05597327026649e17 4.05597327026649e17 0 0 0
26 80 2.7465158543355507e17 2.7465158543355507e17 0 0 0
27 80 3.919190043019503e17 3.919190043019503e17 0 0 0
28 80 4.773470329421658e17 4.773470329421658e17 0 0 0
29 80 4.845283868130133e17 4.845283868130133e17 0 0 0
20 81 2.4670637569528803e17 2.4670637569528803e17 0 0 0
21 81 2.3801103422197802e17 2.3801103422197802e17 0 0 0
22 81 2.245346811715236e17 2.245346811715236e17 0 0 0
23 81 2.7214374127800256e17 2.7214374127800256e17 0 0 0
24 81 3.4818996390321094e17 3.4818996390321094e17 0 0 0
25 81 4.8552006141669645e17 4.8552006141669645e17 0 0 0
26 81 3.433037438773382e17 3.433037438773382e17 0 0 0
27 81 3.894821383150281e17 3.894821383150281e17 0 0 0
28 81 2.8683707260755418e17 2.8683707260755418e17 0 0 0
29 81 3.8564299084291603e17 3.8564299084291603e17 0 0 0
20 82 2.277508534701873e17 2.277508534701873e17 0 0 0
21 82 2.4349571408505914e17 2.4349571408505914e17 0 0 0
22 82 2.3396019540375965e17 2.3396019540375965e17 0 0 0
23 82 2.4858912548580403e17 2.4858912548580403e17 0 0 0
24 82 2.7357007992891136e17 2.7357007992891136e17 0 0 0
25 82 3.442921139650066e17 3.442921139650066e17 0 0 0
26 82 4.508739544060316e17 4.508739544060316e17 0 0 0
27 82 4.6940917141459366e17 4.6940917141459366e17 0 0 0
28 82 4.1195473608144666e17 4.1195473608144666e17 0 0 0
29 82 3.1077448556251866e17 3.1077448556251866e17 0 0 0
20 83 1.1347327448091018e17 1.1347327448091018e17 0 0 0
21 83 1.7773772892111523e17 1.7773772892111523e17 0 0 0
22 83 2.140644897634898e17 2.140644897634898e17 0 0 0
23 83 2.2512721266641142e17 2.2512721266641142e17 0 0 0
24 83 2.3617743788902483e17 2.3617743788902483e17 0 0 0
25 83 2.6471327284777072e17 2.6471327284777072e17 0 0 0
26 83 3.330024737517846e17 3.330024737517846e17 0 0 0
27 83 3.9853902665251034e17 3.9853902665251034e17 0 0 0
28 83 4.8168166692457466e17 4.8168166692457466e17 0 0 0
29 83 4.989327670076196e17 4.989327670076196e17 0 0 0
20 84 7.720514107928218e16 7.720514107928218e16 0 0 0
21 84 1.1583715354905629e17 1.1583715354905629e17 0 0 0
22 84 1.8221981624405738e17 1.8221981624405738e17 0 0 0
23 84 1.901184740706725e17 1.901184740706725e17 0 0 0
24 84 2.1158484672997376e17 2.1158484672997376e17 0 0 0
25 84 2.1709045209907888e17 2.1709045209907888e17 0 0 0
26 84 2.4288189596581843e17 2.4288189596581843e17 0 0 0
27 84 2.9003813436100314e17 2.9003813436100314e17 0 0 0
28 84 3.6497632261581434e17 3.6497632261581434e17 0 0 0
29 84 4.495718055712552e17 4.495718055712552e17 0 0 0
20 85 4.653844345620791e16 4.653844345620791e16 0 0 0
21 85 7.662750005345755e16 7.662750005345755e16 0 0 0
22 85 7.059284384796831e16 7.059284384796831e16 0 0 0
23 85 1.3037289665180592e17 1.3037289665180592e17 0 0 0
24 85 1.4223802617823845e17 1.4223802617823845e17 0 0 0
25 85 1.81411466815498e17 1.81411466815498e17 0 0 0
26 85 2.0190478132023117e17 2.0190478132023117e17 0 0 0
27 85 2.3522974472606963e17 2.3522974472606963e17 0 0 0
28 85 2.4445113829979763e17 2.4445113829979763e17 0 0 0
29 85 2.9877103845109126e17 2.9877103845109126e17 0 0 0
20 86 3.2223135265091184e16 3.2223135265091184e16 0 0 0
21 86 5.2893808805572936e16 5.2893808805572936e16 0 0 0
22 86 4.892437192622584e16 4.892437192622584e16 0 0 0
23 86 7.848934364691811e16 7.848934364691811e16 0 0 0
24 86 9.549033632289765e16 9.549033632289765e16 0 0 0
25 86 1.0520584003944726e17 1.0520584003944726e17 0 0 0
26 86 1.4011967474094134e17 1.4011967474094134e17 0 0 0
27 86 1.4084698828350034e17 1.4084698828350034e17 0 0 0
28 86 1.7162380935881933e17 1.7162380935881933e17 0 0 0
29 86 1.9456511518858128e17 1.9456511518858128e17 0 0 0
20 87 2.954600909834189e16 2.954600909834189e16 0 0 0
21 87 1.9395656101729692e16 1.9395656101729692e16 0 0 0
22 87 3.708869843015798e16 3.708869843015798e16 0 0 0
23 87 2.4686712209321096e16 2.4686712209321096e16 0 0 0
24 87 4.201112638379054e16 4.201112638379054e16 0 0 0
25 87 5.011975058206436e16 5.011975058206436e16 0 0 0
26 87 6.5376783987892504e16 6.5376783987892504e16 0 0 0
27 87 9.826698832899334e16 9.826698832899334e16 0 0 0
28 87 9.344603086709438e16 9.344603086709438e16 0 0 0
29 87 1.0095663126940795e17 1.0095663126940795e17 0 0 0
20 88 8.023730582595588e15 8.023730582595588e15 0 0 0
21 88 1.8811700859681104e16 1.8811700859681104e16 0 0 0
22 88 1.0714778388800484e16 1.0714778388800484e16 0 0 0
23 88 1.970350459589367e16 1.970350459589367e16 0 0 0
24 88 4.218264973311414e16 4.218264973311414e16 0 0 0
25 88 2.6794174831654308e16 2.6794174831654308e16 0 0 0
26 88 3.0425918541639316e16 3.0425918541639316e16 0 0 0
27 88 3.5298150040759136e16 3.5298150040759136e16 0 0 0
28 88 7.200293559630198e16 7.200293559630198e16 0 0 0
29 88 7.18603458570112e16 7.18603458570112e16 0 0 0
20 89 1.0733470163670556e16 1.0733470163670556e16 0 0 0
21 89 2.118167630551104e16 2.118167630551104e16 0 0 0
22 89 8.498949909952195e15 8.498949909952195e15 0 0 0
23 89 1.9351798901773176e16 1.9351798901773176e16 0 0 0
24 89 3.3628341156379004e16 3.3628341156379004e16 0 0 0
25 89 1.821893970290357e16 1.821893970290357e16 0 0 0
26 89 3.3378127950969564e16 3.3378127950969564e16 0 0 0
27 89 3.6820009445997576e16 3.6820009445997576e16 0 0 0
28 89 5.248596753671586e16 5.248596753671586e16 0 0 0
29 89 5.718781184994304e16 5.718781184994304e16 0 0 0
30 80 4.551559173091306e17 4.551559173091306e17 0 0 0
31 80 4.433743080766604e17 4.433743080766604e17 0 0 0
32 80 4.679216418635581e17 4.679216418635581e17 0 0 0
33 80 5.258398071882038e17 5.258398071882038e17 0 0 0
34 80 6.03080179603857e17 6.03080179603857e17 0 0 0
35 80 6.781337652454904e17 6.781337652454904e17 0 0 0
36 80 7.336833846884111e17 7.336833846884111e17 0 0 0
37 80 6.631340539521677e17 6.631340539521677e17 0 0 0
38 80 5.7623593453583565e17 5.7623593453583565e17 0 0 0
39 80 5.646478739775366e17 5.646478739775366e17 0 0 0
30 81 5.0028416984905306e17 5.0028416984905306e17 0 0 0
31 81 4.48564965250424e17 4.48564965250424e17 0 0 0
32 81 4.411194160315815e17 4.411194160315815e17 0 0 0
33 81 4.144738011875897e17 4.144738011875897e17 0 0 0
34 81 4.0836403840896877e17 4.0836403840896877e17 0 0 0
35 81 4.216503305713434e17 4.216503305713434e17 0 0 0
36 81 4.21933818127579e17 4.21933818127579e17 0 0 0
37 81 4.1820582819544e17 4.1820582819544e17 0 0 0
38 81 4.0683270273028064e17 4.0683270273028064e17 0 0 0
39 81 4.1616499565554656e17 4.1616499565554656e17 0 0 0
30 82 2.3984067002666403e17 2.3984067002666403e17 0 0 0
31 82 3.744150790009273e17 3.744150790009273e17 0 0 0
32 82 3.6373390080254854e17 3.6373390080254854e17 0 0 0
33 82 3.3623372682321235e17 3.3623372682321235e17 0 0 0
34 82 2.92620403881272e17 2.92620403881272e17 0 0 0
35 82 3.435892541607739e17 3.435892541607739e17 0 0 0
36 82 3.185767094052384e17 3.185767094052384e17 0 0 0
37 82 2.8456061298603798e17 2.8456061298603798e17 0 0 0
38 82 2.6775960478490614e17 2.6775960478490614e17 0 0 0
39 82 2.7851174235861718e17 2.7851174235861718e17 0 0 0
30 83 4.0300015977560557e17 4.0300015977560557e17 0 0 0
31 83 3.8410314229961805e17 3.8410314229961805e17 0 0 0
32 83 3.900913908192516e17 3.900913908192516e17 0 0 0
33 83 2.736662543098856e17 2.736662543098856e17 0 0 0
34 83 2.674747265653714e17 2.674747265653714e17 0 0 0
35 83 2.330533079178748e17 2.330533079178748e17 0 0 0
36 83 2.61475463334424e17 2.61475463334424e17 0 0 0
37 83 2.299155200500554e17 2.299155200500554e17 0 0 0
38 83 1.922688406471816e17 1.922688406471816e17 0 0 0
39 83 2.1705500629401894e17 2.1705500629401894e17 0 0 0
30 84 5.464586197792825e17 5.464586197792825e17 0 0 0
31 84 6.088411153909212e17 6.088411153909212e17 0 0 0
32 84 4.908285894531419e17 4.908285894531419e17 0 0 0
33 84 4.504468627883003e17 4.504468627883003e17 0 0 0
34 84 4.164754422187612e17 4.164754422187612e17 0 0 0
35 84 3.9216891091114176e17 3.9216891091114176e17 0 0 0
36 84 3.4628510270381523e17 3.4628510270381523e17 0 0 0
37 84 2.3680501293536758e17 2.3680501293536758e17 0 0 0
38 84 2.0629260403198032e17 2.0629260403198032e17 0 0 0
39 84 2.3571495090083546e17 2.3571495090083546e17 0 0 0
30 85 3.6259641447114445e17 3.6259641447114445e17 0 0 0
31 85 4.452433547644745e17 4.452433547644745e17 0 0 0
32 85 5.23094982802744e17 5.23094982802744e17 0 0 0
33 85 5.798824945931057e17 5.798824945931057e17 0 0 0
34 85 5.957068332621646e17 5.957068332621646e17 0 0 0
35 85 5.3333812376671014e17 5.3333812376671014e17 0 0 0
36 85 4.804165526624879e17 4.804165526624879e17 0 0 0
37 85 4.650402052101316e17 4.650402052101316e17 0 0 0
38 85 4.0016446746300634e17 4.0016446746300634e17 0 0 0
39 85 4.046261374982979e17 4.046261374982979e17 0 0 0
30 86 2.289369490834605e17 2.289369490834605e17 0 0 0
31 86 2.6054746094265584e17 2.6054746094265584e17 0 0 0
32 86 3.2831327333852774e17 3.2831327333852774e17 0 0 0
33 86 3.907365835754541e17 3.907365835754541e17 0 0 0
34 86 4.615175313429788e17 4.615175313429788e17 0 0 0
35 86 5.125030816006215e17 5.125030816006215e17 0 0 0
36 86 5.4323205596780685e17 5.4323205596780685e17 0 0 0
37 86 5.6825393125554963e17 5.6825393125554963e17 0 0 0
38 86 5.6537078193335155e17 5.6537078193335155e17 0 0 0
39 86 5.554778449503583e17 5.554778449503583e17 0 0 0
30 87 1.2203934085080808e17 1.2203934085080808e17 0 0 0
31 87 1.2894823899711179e17 1.2894823899711179e17 0 0 0
32 87 1.4371779547223955e17 1.4371779547223955e17 0 0 0
33 87 1.662475734418972e17 1.662475734418972e17 0 0 0
34 87 2.0831720647050435e17 2.0831720647050435e17 0 0 0
35 87 2.2126485800639514e17 2.2126485800639514e17 0 0 0
36 87 2.6861430854953293e17 2.6861430854953293e17 0 0 0
37 87 3.293790510928452e17 3.293790510928452e17 0 0 0
38 87 3.5683339910260314e17 3.5683339910260314e17 0 0 0
39 87 3.8175522556537875e17 3.8175522556537875e17 0 0 0
30 88 7.0146828419774584e16 7.0146828419774584e16 0 0 0
31 88 6.907355591148606e16 6.907355591148606e16 0 0 0
32 88 7.299728840380142e16 7.299728840380142e16 0 0 0
33 88 9.806818957780251e16 9.806818957780251e16 0 0 0
34 88 9.437028572772581e16 9.437028572772581e16 0 0 0
35 88 9.675231838308402e16 9.675231838308402e16 0 0 0
36 88 1.0156352988056843e17 1.0156352988056843e17 0 0 0
37 88 1.0202873230488547e17 1.0202873230488547e17 0 0 0
38 88 1.0686450732612242e17 1.0686450732612242e17 0 0 0
39 88 1.2718552127391634e17 1.2718552127391634e17 0 0 0
30 89 6.178188842339348e16 6.178188842339348e16 0 0 0
31 89 6.461861405488878e16 6.461861405488878e16 0 0 0
32 89 6.388473331965984e16 6.388473331965984e16 0 0 0
33 89 6.237479733566173e16 6.237479733566173e16 0 0 0
34 89 6.565925424739082e16 6.565925424739082e16 0 0 0
35 89 6.2482373247934216e16 6.2482373247934216e16 0 0 0
36 89 5.910326936113219e16 5.910326936113219e16 0 0 0
37 89 5.684775343208993e16 5.684775343208993e16 0 0 0
38 89 5.297342564827772e16 5.297342564827772e16 0 0 0
39 89 6.979435961006565e16 6.979435961006565e16 0 0 0
40 80 5.256188718507858e17 5.256188718507858e17 0 0 0
41 80 5.0138591281376166e17 5.0138591281376166e17 0 0 0
42 80 5.138799676284086e17 5.138799676284086e17 0 0 0
43 80 4.970650624064644e17 4.970650624064644e17 0 0 0
44 80 4.659315461120822e17 4.659315461120822e17 0 0 0
45 80 4.705940478945982e17 4.705940478945982e17 0 0 0
46 80 4.3628161211008864e17 4.3628161211008864e17 0 0 0
47 80 4.017047204753301e17 4.017047204753301e17 0 0 0
48 80 4.049098670394379e17 4.049098670394379e17 0 0 0
49 80 3.760141811831703e17 3.760141811831703e17 0 0 0
40 81 3.66651075255188e17 3.66651075255188e17 0 0 0
41 81 3.540534355091008e17 3.540534355091008e17 0 0 0
42 81 3.6417206724346195e17 3.6417206724346195e17 0 0 0
43 81 3.514603239870973e17 3.514603239870973e17 0 0 0
44 81 3.495750967796934e17 3.495750967796934e17 0 0 0
45 81 3.3604672019442e17 3.3604672019442e17 0 0 0
46 81 3.1097471955643194e17 3.1097471955643194e17 0 0 0
47 81 3.314803695323532e17 3.314803695323532e17 0 0 0
48 81 3.495579211314683e17 3.495579211314683e17 0 0 0
49 81 3.791819110391211e17 3.791819110391211e17 0 0 0
40 82 2.5876268465408723e17 2.5876268465408723e17 0 0 0
41 82 2.389855198166788e17 2.389855198166788e17 0 0 0
42 82 2.6155002708561373e17 2.6155002708561373e17 0 0 0
43 82 2.5362344910830595e17 2.5362344910830595e17 0 0 0
44 82 2.832566305350193e17 2.832566305350193e17 0 0 0
45 82 2.9085521917202886e17 2.9085521917202886e17 0 0 0
46 82 3.2637784904942074e17 3.2637784904942074e17 0 0 0
47 82 3.1462628301526957e17 3.1462628301526957e17 0 0 0
48 82 3.089316055083984e17 3.089316055083984e17 0 0 0
49 82 3.06329954977234e17 3.06329954977234e17 0 0 0
40 83 1.9440147416903664e17 1.9440147416903664e17 0 0 0
41 83 2.2062513921646714e17 2.2062513921646714e17 0 0 0
42 83 2.1324337427556195e17 2.1324337427556195e17 0 0 0
43 83 2.0563675941653152e17 2.0563675941653152e17 0 0 0
44 83 2.5882869912288496e17 2.5882869912288496e17 0 0 0
45 83 2.5732494366159312e17 2.5732494366159312e17 0 0 0
46 83 2.5671125752387024e17 2.5671125752387024e17 0 0 0
47 83 2.555483230887985e17 2.555483230887985e17 0 0 0
48 83 2.5739172500346765e17 2.5739172500346765e17 0 0 0
49 83 2.5733112190355453e17 2.5733112190355453e17 0 0 0
40 84 1.963301438871739e17 1.963301438871739e17 0 0 0
41 84 2.2771819727368778e17 2.2771819727368778e17 0 0 0
42 84 2.18733215504184e17 2.18733215504184e17 0 0 0
43 84 2.077609749614224e17 2.077609749614224e17 0 0 0
44 84 2.0432189920650554e17 2.0432189920650554e17 0 0 0
45 84 2.4862063035367027e17 2.4862063035367027e17 0 0 0
46 84 2.0257154323731216e17 2.0257154323731216e17 0 0 0
47 84 2.225978627396674e17 2.225978627396674e17 0 0 0
48 84 3.1131083633759725e17 3.1131083633759725e17 0 0 0
49 84 3.817768754659162e17 3.817768754659162e17 0 0 0
40 85 4.030288745302883e17 4.030288745302883e17 0 0 0
41 85 3.343175788841077e17 3.343175788841077e17 0 0 0
42 85 3.0952131464621645e17 3.0952131464621645e17 0 0 0
43 85 3.451304857403318e17 3.451304857403318e17 0 0 0
44 85 3.339330986583472e17 3.339330986583472e17 0 0 0
45 85 3.285531247883123e17 3.285531247883123e17 0 0 0
46 85 3.83921405467246e17 3.83921405467246e17 0 0 0
47 85 4.944408669714186e17 4.944408669714186e17 0 0 0
48 85 5.022728586824272e17 5.022728586824272e17 0 0 0
49 85 4.7491233322324416e17 4.7491233322324416e17 0 0 0
40 86 5.388964562062422e17 5.388964562062422e17 0 0 0
41 86 5.02599825255836e17 5.02599825255836e17 0 0 0
42 86 4.577120857265486e17 4.577120857265486e17 0 0 0
43 86 4.1547175547906515e17 4.1547175547906515e17 0 0 0
44 86 3.8238178205686566e17 3.8238178205686566e17 0 0 0
45 86 3.449681005522689e17 3.449681005522689e17 0 0 0
46 86 3.2394614020008877e17 3.2394614020008877e17 0 0 0
47 86 3.002795920468439e17 3.002795920468439e17 0 0 0
48 86 2.563502528274822e17 2.563502528274822e17 0 0 0
49 86 1.932248541754047e17 1.932248541754047e17 0 0 0
40 87 3.717087321834961e17 3.717087321834961e17 0 0 0
41 87 3.4391345617053606e17 3.4391345617053606e17 0 0 0
42 87 3.0626161733075834e17 3.0626161733075834e17 0 0 0
43 87 2.603526217090599e17 2.603526217090599e17 0 0 0
44 87 2.2057990922970397e17 2.2057990922970397e17 0 0 0
45 87 1.9004221917127328e17 1.9004221917127328e17 0 0 0
46 87 1.6253516901667603e17 1.6253516901667603e17 0 0 0
47 87 1.2157475331364866e17 1.2157475331364866e17 0 0 0
48 87 7.939268741615202e16 7.939268741615202e16 0 0 0
49 87 4.4225666372590216e16 4.4225666372590216e16 0 0 0
40 88 1.3514194554388789e17 1.3514194554388789e17 0 0 0
41 88 1.393814954205779e17 1.393814954205779e17 0 0 0
42 88 1.391271081902236e17 1.391271081902236e17 0 0 0
43 88 1.0987304988656458e17 1.0987304988656458e17 0 0 0
44 88 9.150528233751656e16 9.150528233751656e16 0 0 0
45 88 6.991809413882812e16 6.991809413882812e16 0 0 0
46 88 5.211451369589189e16 5.211451369589189e16 0 0 0
47 88 3.408904591459363e16 3.408904591459363e16 0 0 0
48 88 3.20520096174567e16 3.20520096174567e16 0 0 0
49 88 1.9559344841991104e16 1.9559344841991104e16 0 0 0
40 89 5.403802970978452e16 5.403802970978452e16 0 0 0
41 89 5.198982537642875e16 5.198982537642875e16 0 0 0
42 89 4.594410817930548e16 4.594410817930548e16 0 0 0
43 89 3.684033805649872e16 3.684033805649872e16 0 0 0
44 89 2.9844259606199284e16 2.9844259606199284e16 0 0 0
45 89 2.21840795743129e16 2.21840795743129e16 0 0 0
46 89 2.9330793364905724e16 2.9330793364905724e16 0 0 0
47 89 2.1977332781476556e16 2.1977332781476556e16 0 0 0
48 89 2.1129761815436416e16 2.1129761815436416e16 0 0 0
49 89 1.0206290985334312e16 1.0206290985334312e16 0 0 0
50 80 4.047208613846752e17 4.047208613846752e17 0 0 0
51 80 3.984041894785695e17 3.984041894785695e17 0 0 0
52 80 4.202964197814414e17 4.202964197814414e17 0 0 0
53 80 3.864457521139704e17 3.864457521139704e17 0 0 0
54 80 3.484495259243462e17 3.484495259243462e17 0 0 0
55 80 3.622497514402717e17 3.622497514402717e17 0 0 0
56 80 3.1046682457706477e17 3.1046682457706477e17 0 0 0
57 80 2.7247019906358243e17 2.7247019906358243e17 0 0 0
58 80 3.106140519250714e17 3.106140519250714e17 0 0 0
59 80 2.7164918942899165e17 2.7164918942899165e17 0 0 0
50 81 3.750997280328757e17 3.750997280328757e17 0 0 0
51 81 3.6308832707803315e17 3.6308832707803315e17 0 0 0
52 81 3.359853670967274e17 3.359853670967274e17 0 0 0
53 81 2.941990253155358e17 2.941990253155358e17 0 0 0
54 81 3.4796379712438406e17 3.4796379712438406e17 0 0 0
55 81 3.1545512268462746e17 3.1545512268462746e17 0 0 0
56 81 2.6148471823507738e17 2.6148471823507738e17 0 0 0
57 81 3.15023552457935e17 3.15023552457935e17 0 0 0
58 81 3.53136944583388e17 3.53136944583388e17 0 0 0
59 81 7.250585369486726e17 7.250585369486726e17 0 0 0
50 82 2.979544596483125e17 2.979544596483125e17 0 0 0
51 82 2.940956993231104e17 2.940956993231104e17 0 0 0
52 82 2.711725395315042e17 2.711725395315042e17 0 0 0
53 82 3.576490305570325e17 3.576490305570325e17 0 0 0
54 82 3.01656144961601e17 3.01656144961601e17 0 0 0
55 82 3.246940633693578e17 3.246940633693578e17 0 0 0
56 82 3.633600210972205e17 3.633600210972205e17 0 0 0
57 82 6.86475892423884e17 6.86475892423884e17 0 0 0
58 82 3.9583538516559994e17 3.9583538516559994e17 0 0 0
59 82 6.901787280597993e16 6.901787280597993e16 0 0 0
50 83 3.477369665605873e17 3.477369665605873e17 0 0 0
51 83 3.2469563442701696e17 3.2469563442701696e17 0 0 0
52 83 3.8906693175815475e17 3.8906693175815475e17 0 0 0
53 83 4.9545203007530906e17 4.9545203007530906e17 0 0 0
54 83 7.321509038234263e17 7.321509038234263e17 0 0 0
55 83 5.807101601690157e17 5.807101601690157e17 0 0 0
56 83 3.407310537360798e17 3.407310537360798e17 0 0 0
57 83 8.593832165051456e16 8.593832165051456e16 0 0 0
58 83 1.281758331114947e16 1.281758331114947e16 0 0 0
59 83 2.2215733997580696e16 2.2215733997580696e16 0 0 0
50 84 3.9246581491887206e17 3.9246581491887206e17 0 0 0
51 84 6.827390886094609e17 6.827390886094609e17 0 0 0
52 84 6.016820795001723e17 6.016820795001723e17 0 0 0
53 84 4.586372209048322e17 4.586372209048322e17 0 0 0
54 84 2.488723817007441e17 2.488723817007441e17 0 0 0
55 84 7.087790767195331e16 7.087790767195331e16 0 0 0
56 84 2.868636359621896e16 2.868636359621896e16 0 0 0
57 84 1.5488854617684866e16 1.5488854617684866e16 0 0 0
58 84 8.91941439835399e15 8.91941439835399e15 0 0 0
59 84 1.2892664885579252e16 1.2892664885579252e16 0 0 0
50 85 4.261613788148899e17 4.261613788148899e17 0 0 0
51 85 3.0785957193208275e17 3.0785957193208275e17 0 0 0
52 85 1.8303212881755587e17 1.8303212881755587e17 0 0 0
53 85 6.634792214356142e16 6.634792214356142e16 0 0 0
54 85 2.459663734394787e16 2.459663734394787e16 0 0 0
55 85 1.2705583840979822e16 1.2705583840979822e16 0 0 0
56 85 1.0060689402251774e16 1.0060689402251774e16 0 0 0
57 85 6.411373546544291e15 6.411373546544291e15 0 0 0
58 85 9.387551532278538e15 9.387551532278538e15 0 0 0
59 85 4.617699444965261e15 4.617699444965261e15 0 0 0
50 86 1.1756695652848507e17 1.1756695652848507e17 0 0 0
51 86 5.346997094821731e16 5.346997094821731e16 0 0 0
52 86 2.8268889703838524e16 2.8268889703838524e16 0 0 0
53 86 1.224320576719355e16 1.224320576719355e16 0 0 0
54 86 9.982342445035128e15 9.982342445035128e15 0 0 0
55 86 4.1495219752591895e15 4.1495219752591895e15 0 0 0
56 86 1.193395967003072e15 1.193395967003072e15 0 0 0
57 86 4.280160677432296e15 4.280160677432296e15 0 0 0
58 86 1.2794925163881998e15 1.2794925163881998e15 0 0 0
59 86 8.026401407414991e15 8.026401407414991e15 0 0 0
50 87 3.3274365102683916e16 3.3274365102683916e16 0 0 0
51 87 1.7333735988741194e16 1.7333735988741194e16 0 0 0
52 87 1.5795740614013496e16 1.5795740614013496e16 0 0 0
53 87 5.301677492488924e15 5.301677492488924e15 0 0 0
54 87 1.0771010806737429e15 1.0771010806737429e15 0 0 0
55 87 2.8081848944604465e15 2.8081848944604465e15 0 0 0
56 87 1.3150744808671695e15 1.3150744808671695e15 0 0 0
57 87 8.871235349310652e14 8.871235349310652e14 0 0 0
58 87 6.825218025444191e15 6.825218025444191e15 0 0 0
59 87 4.674462716344233e15 4.674462716344233e15 0 0 0
50 88 1.842142062921718e16 1.842142062921718e16 0 0 0
51 88 7.816594387334593e15 7.816594387334593e15 0 0 0
52 88 6.727370965591862e15 6.727370965591862e15 0 0 0
53 88 3.3031036693287185e15 3.3031036693287185e15 0 0 0
54 88 1.2567865982914045e15 1.2567865982914045e15 0 0 0
55 88 7.33616020761294e15 7.33616020761294e15 0 0 0
56 88 4.124367843822629e15 4.124367843822629e15 0 0 0
57 88 2.1288891111865482e15 2.1288891111865482e15 0 0 0
58 88 2.0227589321570005e15 2.0227589321570005e15 0 0 0
59 88 2.12925862715556e16 2.12925862715556e16 0 0 0
50 89 4.635201726018322e15 4.635201726018322e15 0 0 0
51 89 3.614353853420077e15 3.614353853420077e15 0 0 0
52 89 1.603894379397257e15 1.603894379397257e15 0 0 0
53 89 4.818719463205832e15 4.818719463205832e15 0 0 0
54 89 4.628011443430055e15 4.628011443430055e15 0 0 0
55 89 8.9756531269103e14 8.9756531269103e14 0 0 0
56 89 2.1608457320499335e15 2.1608457320499335e15 0 0 0
57 89 1.359256637026619e15 1.359256637026619e15 0 0 0
58 89 1.8565733735415252e16 1.8565733735415252e16 0 0 0
59 89 1.531880806115099e16 1.531880806115099e16 0 0 0
60 80 3.633463638466937e17 3.633463638466937e17 0 0 0
61 80 5.582137428466943e17 5.582137428466943e17 0 0 0
62 80 1.6290014625696656e17 1.6290014625696656e17 0 0 0
63 80 3.3964842632006616e16 3.3964842632006616e16 0 0 0
64 80 2.864130653573315e16 2.864130653573315e16 0 0 0
65 80 2.496830551325025e16 2.496830551325025e16 0 0 0
66 80 1.4553685235975066e16 1.4553685235975066e16 0 0 0
67 80 3.3022009292536576e16 3.3022009292536576e16 0 0 0
68 80 4.2446847967458456e16 4.2446847967458456e16 0 0 0
69 80 5.3819433924073816e16 5.3819433924073816e16 0 0 0
60 81 3.4520438883176026e17 3.4520438883176026e17 0 0 0
61 81 5.718183107545045e16 5.718183107545045e16 0 0 0
62 81 2.2909162009687144e16 2.2909162009687144e16 0 0 0
63 81 2.2705744111992496e16 2.2705744111992496e16 0 0 0
64 81 2.922603329082607e16 2.922603329082607e16 0 0 0
65 81 3.670319538587181e16 3.670319538587181e16 0 0 0
66 81 5.188172749874539e16 5.188172749874539e16 0 0 0
67 81 4.8959910961684616e16 4.8959910961684616e16 0 0 0
68 81 4.135451620151921e16 4.135451620151921e16 0 0 0
69 81 3.99756057527777e16 3.99756057527777e16 0 0 0
60 82 3.18378185185827e16 3.18378185185827e16 0 0 0
61 82 1.8625709962207384e16 1.8625709962207384e16 0 0 0
62 82 2.074622884582916e16 2.074622884582916e16 0 0 0
63 82 2.6662965806901084e16 2.6662965806901084e16 0 0 0
64 82 3.667065528796471e16 3.667065528796471e16 0 0 0
65 82 3.9298834428991784e16 3.9298834428991784e16 0 0 0
66 82 3.685777878596019e16 3.685777878596019e16 0 0 0
67 82 3.4988599335298864e16 3.4988599335298864e16 0 0 0
68 82 2.026692856972265e16 2.026692856972265e16 0 0 0
69 82 1.0138298347156544e16 1.0138298347156544e16 0 0 0
60 83 7.830456152082141e15 7.830456152082141e15 0 0 0
61 83 1.4762849262664318e16 1.4762849262664318e16 0 0 0
62 83 1.2174542607105548e16 1.2174542607105548e16 0 0 0
63 83 2.4523474390821716e16 2.4523474390821716e16 0 0 0
64 83 2.0904423921837096e16 2.0904423921837096e16 0 0 0
65 83 2.1564895848382732e16 2.1564895848382732e16 0 0 0
66 83 1.5039036834136556e16 1.5039036834136556e16 0 0 0
67 83 1.5499305371451704e16 1.5499305371451704e16 0 0 0
68 83 9.96787090836228e15 9.96787090836228e15 0 0 0
69 83 5.278017666119713e15 5.278017666119713e15 0 0 0
60 84 5.558527096815861e15 5.558527096815861e15 0 0 0
61 84 1.0831309886253304e16 1.0831309886253304e16 0 0 0
62 84 9.4692095081179e15 9.4692095081179e15 0 0 0
63 84 1.2980750213905372e16 1.2980750213905372e16 0 0 0
64 84 7.660344364949749e15 7.660344364949749e15 0 0 0
65 84 1.7882081852810074e16 1.7882081852810074e16 0 0 0
66 84 1.7974004017756312e16 1.7974004017756312e16 0 0 0
67 84 5.680222442127177e15 5.680222442127177e15 0 0 0
68 84 8.683921324833448e15 8.683921324833448e15 0 0 0
69 84 7.926755770565089e15 7.926755770565089e15 0 0 0
60 85 9.682970113945934e15 9.682970113945934e15 0 0 0
61 85 5.224623907483423e15 5.224623907483423e15 0 0 0
62 85 1.629555350708827e16 1.629555350708827e16 0 0 0
63 85 1.1424834140255878e16 1.1424834140255878e16 0 0 0
64 85 2.081888120861991e16 2.081888120861991e16 0 0 0
65 85 1.5613025594631352e16 1.5613025594631352e16 0 0 0
66 85 7.531248709163158e15 7.531248709163158e15 0 0 0
67 85 1.129923791249754e16 1.129923791249754e16 0 0 0
68 85 3.6188032689170985e15 3.6188032689170985e15 0 0 0
69 85 5.534627939192721e15 5.534627939192721e15 0 0 0
60 86 4.4339651089449125e15 4.4339651089449125e15 0 0 0
61 86 2.8976596257257055e15 2.8976596257257055e15 0 0 0
62 86 1.5134725218346436e16 1.5134725218346436e16 0 0 0
63 86 1.07527838613703e16 1.07527838613703e16 0 0 0
64 86 2.0149163707113236e16 2.0149163707113236e16 0 0 0
65 86 7.746235685339268e15 7.746235685339268e15 0 0 0
66 86 7.911767878179351e15 7.911767878179351e15 0 0 0
67 86 5.257392702275933e15 5.257392702275933e15 0 0 0
68 86 7.963894164893641e15 7.963894164893641e15 0 0 0
69 86 2.0263254805069112e15 2.0263254805069112e15 0 0 0
60 87 3.6858266412558985e15 3.6858266412558985e15 0 0 0
61 87 1.853739105431178e16 1.853739105431178e16 0 0 0
62 87 1.035268697249804e16 1.035268697249804e16 0 0 0
63 87 2.2451889405278896e16 2.2451889405278896e16 0 0 0
64 87 8.780663020681558e15 8.780663020681558e15 0 0 0
65 87 1.0479004538495318e16 1.0479004538495318e16 0 0 0
66 87 4.782618130415342e15 4.782618130415342e15 0 0 0
67 87 7.007081259737064e15 7.007081259737064e15 0 0 0
68 87 3.4948040470722465e15 3.4948040470722465e15 0 0 0
69 87 1.350732941099155e15 1.350732941099155e15 0 0 0
60 88 2.0906827153162544e16 2.0906827153162544e16 0 0 0
61 88 1.2215393723352422e16 1.2215393723352422e16 0 0 0
62 88 2.2982607317286252e16 2.2982607317286252e16 0 0 0
63 88 9.168303953830074e15 9.168303953830074e15 0 0 0
64 88 1.2103519717006698e16 1.2103519717006698e16 0 0 0
65 88 6.427690413207707e15 6.427690413207707e15 0 0 0
66 88 5.961986285126139e15 5.961986285126139e15 0 0 0
67 88 2.700803993421516e15 2.700803993421516e15 0 0 0
68 88 5.4877898740066256e14 5.4877898740066256e14 0 0 0
69 88 3.799571882055786e14 3.799571882055786e14 0 0 0
60 89 1.4007758796156104e16 1.4007758796156104e16 0 0 0
61 89 2.31505017937972e16 2.31505017937972e16 0 0 0
62 89 2.427695192750705e16 2.427695192750705e16 0 0 0
63 89 1.3975306622127442e16 1.3975306622127442e16 0 0 0
64 89 6.638551824029782e15 6.638551824029782e15 0 0 0
65 89 7.235796886620059e15 7.235796886620059e15 0 0 0
66 89 1.8660510282143828e15 1.8660510282143828e15 0 0 0
67 89 1.2929298753482338e15 1.2929298753482338e15 0 0 0
68 89 1.607472349358269e14 1.607472349358269e14 0 0 0
69 89 2.857824776767886e14 2.857824776767886e14 0 0 0
70 80 5.4928392784943256e16 5.4928392784943256e16 0 0 0
71 80 5.065398693025517e16 5.065398693025517e16 0 0 0
72 80 4.105403264638107e16 4.105403264638107e16 0 0 0
73 80 2.6748251964001532e16 2.6748251964001532e16 0 0 0
74 80 2.351046766551241e16 2.351046766551241e16 0 0 0
75 80 1.1900165052150818e16 1.1900165052150818e16 0 0 0
76 80 1.3485599497463368e16 1.3485599497463368e16 0 0 0
77 80 1.1492766220722044e16 1.1492766220722044e16 0 0 0
78 80 1.0654390103108284e16 1.0654390103108284e16 0 0 0
79 80 1.1115055385199218e16 1.1115055385199218e16 0 0 0
70 81 3.0477774803839424e16 3.0477774803839424e16 0 0 0
71 81 2.1306886957511904e16 2.1306886957511904e16 0 0 0
72 81 1.6692235535960952e16 1.6692235535960952e16 0 0 0
73 81 7.755791750349218e15 7.755791750349218e15 0 0 0
74 81 8.788078970583802e15 8.788078970583802e15 0 0 0
75 81 8.939803073538225e15 8.939803073538225e15 0 0 0
76 81 9.360396048790424e15 9.360396048790424e15 0 0 0
77 81 8.820665162537955e15 8.820665162537955e15 0 0 0
78 81 8.531755160426912e15 8.531755160426912e15 0 0 0
79 81 8.980271678434653e15 8.980271678434653e15 0 0 0
70 82 9.34741306542634e15 9.34741306542634e15 0 0 0
71 82 9.986478749183636e15 9.986478749183636e15 0 0 0
72 82 3.311211184323744e15 3.311211184323744e15 0 0 0
73 82 3.899783741751482e15 3.899783741751482e15 0 0 0
74 82 4.816468977772033e15 4.816468977772033e15 0 0 0
75 82 5.000356646009118e15 5.000356646009118e15 0 0 0
76 82 7.059260328434161e15 7.059260328434161e15 0 0 0
77 82 7.507175949009793e15 7.507175949009793e15 0 0 0
78 82 7.489870342255012e15 7.489870342255012e15 0 0 0
79 82 7.478181236827017e15 7.478181236827017e15 0 0 0
70 83 3.913754407080787e15 3.913754407080787e15 0 0 0
71 83 6.656051564832317e15 6.656051564832317e15 0 0 0
72 83 1.2973970686311588e15 1.2973970686311588e15 0 0 0
73 83 2.3244670761062285e15 2.3244670761062285e15 0 0 0
74 83 2.616471483254818e15 2.616471483254818e15 0 0 0
75 83 4.1548106539471385e15 4.1548106539471385e15 0 0 0
76 83 4.964937777917308e15 4.964937777917308e15 0 0 0
77 83 5.280025588746724e15 5.280025588746724e15 0 0 0
78 83 5.984377149926997e15 5.984377149926997e15 0 0 0
79 83 4.665065818820282e15 4.665065818820282e15 0 0 0
70 84 3.411590411821618e15 3.411590411821618e15 0 0 0
71 84 2.6791738424858895e15 2.6791738424858895e15 0 0 0
72 84 4.650164836202917e15 4.650164836202917e15 0 0 0
73 84 5.459796823462708e15 5.459796823462708e15 0 0 0
74 84 6.976695162030937e15 6.976695162030937e15 0 0 0
75 84 2.495821714605046e15 2.495821714605046e15 0 0 0
76 84 3.2070217874376595e15 3.2070217874376595e15 0 0 0
77 84 3.481609926146485e15 3.481609926146485e15 0 0 0
78 84 3.579389614617019e15 3.579389614617019e15 0 0 0
79 84 3.215084122841087e15 3.215084122841087e15 0 0 0
70 85 4.1837632246623185e15 4.1837632246623185e15 0 0 0
71 85 1.5466765024556368e15 1.5466765024556368e15 0 0 0
72 85 2.2258964092980532e15 2.2258964092980532e15 0 0 0
73 85 3.0678604413371045e15 3.0678604413371045e15 0 0 0
74 85 4.67592244790521e15 4.67592244790521e15 0 0 0
75 85 5.026784601013752e15 5.026784601013752e15 0 0 0
76 85 4.779808152971361e15 4.779808152971361e15 0 0 0
77 85 1.3430352013099375e15 1.3430352013099375e15 0 0 0
78 85 1.7877307931142715e15 1.7877307931142715e15 0 0 0
79 85 1.4301110068525088e15 1.4301110068525088e15 0 0 0
70 86 3.0297477020397795e15 3.0297477020397795e15 0 0 0
71 86 3.459585783934373e15 3.459585783934373e15 0 0 0
72 86 1.3530895726179822e15 1.3530895726179822e15 0 0 0
73 86 2.1478077437954378e15 2.1478077437954378e15 0 0 0
74 86 2.563220323525225e15 2.563220323525225e15 0 0 0
75 86 2.940301049290405e15 2.940301049290405e15 0 0 0
76 86 3.340781404662802e15 3.340781404662802e15 0 0 0
77 86 6.976440231075531e14 6.976440231075531e14 0 0 0
78 86 6.540094595604421e14 6.540094595604421e14 0 0 0
79 86 5.217729345423885e14 5.217729345423885e14 0 0 0
70 87 1.4280298835282605e15 1.4280298835282605e15 0 0 0
71 87 2.1171501008972512e15 2.1171501008972512e15 0 0 0
72 87 8.506137435032904e14 8.506137435032904e14 0 0 0
73 87 1.0182203500475016e15 1.0182203500475016e15 0 0 0
74 87 1.3083922936413205e15 1.3083922936413205e15 0 0 0
75 87 1.6881060555165655e15 1.6881060555165655e15 0 0 0
76 87 2.514541225817773e15 2.514541225817773e15 0 0 0
77 87 2.5580635229191305e15 2.5580635229191305e15 0 0 0
78 87 2.7095768318329962e14 2.7095768318329962e14 0 0 0
79 87 2.851599476121419e14 2.851599476121419e14 0 0 0
70 88 7.532655511520436e14 7.532655511520436e14 0 0 0
71 88 1.6858532653287225e15 1.6858532653287225e15 0 0 0
72 88 3.391041861075979e14 3.391041861075979e14 0 0 0
73 88 4.875804005387009e14 4.875804005387009e14 0 0 0
74 88 7.949617023302484e14 7.949617023302484e14 0 0 0
75 88 1.2372127351703522e15 1.2372127351703522e15 0 0 0
76 88 1.6629589540109358e15 1.6629589540109358e15 0 0 0
77 88 1.480586217623803e15 1.480586217623803e15 0 0 0
78 88 1.5895018885779148e15 1.5895018885779148e15 0 0 0
79 88 1.2916618436111115e15 1.2916618436111115e15 0 0 0
70 89 7.002350871832775e14 7.002350871832775e14 0 0 0
71 89 1.0906807066735384e15 1.0906807066735384e15 0 0 0
72 89 1.5073672632297744e14 1.5073672632297744e14 0 0 0
73 89 1.9817444792353647e14 1.9817444792353647e14 0 0 0
74 89 4.924923172311106e14 4.924923172311106e14 0 0 0
75 89 6.791873402774136e14 6.791873402774136e14 0 0 0
76 89 6.142343840413085e14 6.142343840413085e14 0 0 0
77 89 5.083085967022983e14 5.083085967022983e14 0 0 0
78 89 5.5481870348025225e14 5.5481870348025225e14 0 0 0
79 89 1.3345763814514465e15 1.3345763814514465e15 0 0 0
80 80 9.272709845299452e15 9.272709845299452e15 0 0 0
81 80 9.06055925549374e15 9.06055925549374e15 0 0 0
82 80 8.08014073306419e15 8.08014073306419e15 0 0 0
83 80 7.260686572334193e15 7.260686572334193e15 0 0 0
84 80 5.686009781057184e15 5.686009781057184e15 0 0 0
85 80 4.738769707012064e15 4.738769707012064e15 0 0 0
86 80 4.594197624302685e15 4.594197624302685e15 0 0 0
87 80 1.4461423343950198e15 1.4461423343950198e15 0 0 0
88 80 9.057197541503704e14 9.057197541503704e14 0 0 0
89 80 5.364831498090687e14 5.364831498090687e14 0 0 0
80 81 7.511319964956731e15 7.511319964956731e15 0 0 0
81 81 7.020095871328946e15 7.020095871328946e15 0 0 0
82 81 6.997524836272423e15 6.997524836272423e15 0 0 0
83 81 5.924728690798643e15 5.924728690798643e15 0 0 0
84 81 5.071316905587087e15 5.071316905587087e15 0 0 0
85 81 4.471250744066525e15 4.471250744066525e15 0 0 0
86 81 3.724345687684289e15 3.724345687684289e15 0 0 0
87 81 4.8655030122372344e14 4.8655030122372344e14 0 0 0
88 81 2.5339147349000685e15 2.5339147349000685e15 0 0 0
89 81 1.7702837448563742e15 1.7702837448563742e15 0 0 0
80 82 6.022261115129255e15 6.022261115129255e15 0 0 0
81 82 5.389418458896707e15 5.389418458896707e15 0 0 0
82 82 5.553077688865466e15 5.553077688865466e15 0 0 0
83 82 4.371606265609023e15 4.371606265609023e15 0 0 0
84 82 3.836838216397177e15 3.836838216397177e15 0 0 0
85 82 3.3066612552546255e15 3.3066612552546255e15 0 0 0
86 82 4.1718204047085375e14 4.1718204047085375e14 0 0 0
87 82 2.150039730730718e15 2.150039730730718e15 0 0 0
88 82 1.3128139281076102e15 1.3128139281076102e15 0 0 0
89 82 1.1050562687173126e15 1.1050562687173126e15 0 0 0
80 83 4.064035023964607e15 4.064035023964607e15 0 0 0
81 83 4.0497938216623085e15 4.0497938216623085e15 0 0 0
82 83 3.8711281413318895e15 3.8711281413318895e15 0 0 0
83 83 3.3643810792326075e15 3.3643810792326075e15 0 0 0
84 83 2.8013777766296085e15 2.8013777766296085e15 0 0 0
85 83 2.1398960101918752e15 2.1398960101918752e15 0 0 0
86 83 1.5263309868443772e15 1.5263309868443772e15 0 0 0
87 83 8.322644381229144e14 8.322644381229144e14 0 0 0
88 83 9.180243655179114e14 9.180243655179114e14 0 0 0
89 83 2.5385416991935947e14 2.5385416991935947e14 0 0 0
80 84 2.9692466702211715e15 2.9692466702211715e15 0 0 0
81 84 2.4621248131178895e15 2.4621248131178895e15 0 0 0
82 84 2.8755159685894165e15 2.8755159685894165e15 0 0 0
83 84 1.9987741954231012e15 1.9987741954231012e15 0 0 0
84 84 2.1258413176019675e15 2.1258413176019675e15 0 0 0
85 84 1.0677577570206849e15 1.0677577570206849e15 0 0 0
86 84 5.04682915450963e14 5.04682915450963e14 0 0 0
87 84 4.867086242693304e14 4.867086242693304e14 0 0 0
88 84 1.6134870501343948e15 1.6134870501343948e15 0 0 0
89 84 1.2409040126619705e15 1.2409040126619705e15 0 0 0
80 85 1.5304021158490958e15 1.5304021158490958e15 0 0 0
81 85 1.1509606474100448e15 1.1509606474100448e15 0 0 0
82 85 1.4284960602171525e15 1.4284960602171525e15 0 0 0
83 85 1.3335185060683288e15 1.3335185060683288e15 0 0 0
84 85 6.820610626441215e14 6.820610626441215e14 0 0 0
85 85 4.9341661468510294e14 4.9341661468510294e14 0 0 0
86 85 1.6438785661756715e15 1.6438785661756715e15 0 0 0
87 85 8.938404182660764e14 8.938404182660764e14 0 0 0
88 85 9.450184187681671e14 9.450184187681671e14 0 0 0
89 85 1.1739216671862808e15 1.1739216671862808e15 0 0 0
80 86 5.81472223520546e14 5.81472223520546e14 0 0 0
81 86 5.759367776787896e14 5.759367776787896e14 0 0 0
82 86 8.358756919269944e14 8.358756919269944e14 0 0 0
83 86 3.943401891026678e14 3.943401891026678e14 0 0 0
84 86 2.2060462901749122e15 2.2060462901749122e15 0 0 0
85 86 9.003134962403915e14 9.003134962403915e14 0 0 0
86 86 3.96286989085652e14 3.96286989085652e14 0 0 0
87 86 1.280241860958997e15 1.280241860958997e15 0 0 0
88 86 6.928764175243619e14 6.928764175243619e14 0 0 0
89 86 5.226753969895043e14 5.226753969895043e14 0 0 0
80 87 3.5991072578960194e14 3.5991072578960194e14 0 0 0
81 87 3.018866134762412e14 3.018866134762412e14 0 0 0
82 87 1.87633695641432e15 1.87633695641432e15 0 0 0
83 87 9.75088356583769e14 9.75088356583769e14 0 0 0
84 87 4.1990867558360356e14 4.1990867558360356e14 0 0 0
85 87 1.0969789886551329e15 1.0969789886551329e15 0 0 0
86 87 5.5317187699023044e14 5.5317187699023044e14 0 0 0
87 87 3.67932076787379e14 3.67932076787379e14 0 0 0
88 87 6.995476350561841e14 6.995476350561841e14 0 0 0
89 87 5.81005205149556e14 5.81005205149556e14 0 0 0
80 88 1.234130911558085e15 1.234130911558085e15 0 0 0
81 88 8.688624411959542e14 8.688624411959542e14 0 0 0
82 88 1.283012779114517e15 1.283012779114517e15 0 0 0
83 88 7.794465155146386e14 7.794465155146386e14 0 0 0
84 88 4.467259147928897e14 4.467259147928897e14 0 0 0
85 88 9.598571264528858e14 9.598571264528858e14 0 0 0
86 88 5.1818466521385706e14 5.1818466521385706e14 0 0 0
87 88 2.4173991492479325e14 2.4173991492479325e14 0 0 0
88 88 2.7788735845709275e14 2.7788735845709275e14 0 0 0
89 88 4.949488552309281e14 4.949488552309281e14 0 0 0
80 89 6.988733077015285e14 6.988733077015285e14 0 0 0
81 89 4.373094640539034e14 4.373094640539034e14 0 0 0
82 89 9.475610973377739e14 9.475610973377739e14 0 0 0
83 89 6.649720829380594e14 6.649720829380594e14 0 0 0
84 89 4.2334203896182025e14 4.2334203896182025e14 0 0 0
85 89 2.113401019846522e14 2.113401019846522e14 0 0 0
86 89 9.509857097750002e13 9.509857097750002e13 0 0 0
87 89 1.3442143970218108e14 1.3442143970218108e14 0 0 0
88 89 3.212197433923739e14 3.212197433923739e14 0 0 0
89 89 2.0718108380087056e14 2.0718108380087056e14 0 0 0
90 80 1.7421263077237978e15 1.7421263077237978e15 0 0 0
91 80 1.2873845989791762e15 1.2873845989791762e15 0 0 0
92 80 6.764510703231822e14 6.764510703231822e14 0 0 0
93 80 1.7588733420189572e15 1.7588733420189572e15 0 0 0
94 80 1.2987992148481425e15 1.2987992148481425e15 0 0 0
95 80 5.485252520512439e14 5.485252520512439e14 0 0 0
96 80 1.42747734038867e15 1.42747734038867e15 0 0 0
97 80 4.0157816974933275e14 4.0157816974933275e14 0 0 0
98 80 8.35410245433304e14 8.35410245433304e14 0 0 0
99 80 9.609854210188612e14 9.609854210188612e14 0 0 0
90 81 1.0463771258035002e15 1.0463771258035002e15 0 0 0
91 81 5.969194462759726e14 5.969194462759726e14 0 0 0
92 81 1.8923388028719762e15 1.8923388028719762e15 0 0 0
93 81 1.1581381219833918e15 1.1581381219833918e15 0 0 0
94 81 6.404721135226321e14 6.404721135226321e14 0 0 0
95 81 9.313700887771639e14 9.313700887771639e14 0 0 0
96 81 1.2761050340495768e15 1.2761050340495768e15 0 0 0
97 81 6.352613769610075e14 6.352613769610075e14 0 0 0
98 81 9.496436623686066e14 9.496436623686066e14 0 0 0
99 81 5.3829056517358344e14 5.3829056517358344e14 0 0 0
90 82 4.412933544333375e14 4.412933544333375e14 0 0 0
91 82 1.4118338819807742e15 1.4118338819807742e15 0 0 0
92 82 6.759138592294846e14 6.759138592294846e14 0 0 0
93 82 5.031616676993137e14 5.031616676993137e14 0 0 0
94 82 7.023900784505499e14 7.023900784505499e14 0 0 0
95 82 1.0362455913791988e15 1.0362455913791988e15 0 0 0
96 82 3.9527507126166056e14 3.9527507126166056e14 0 0 0
97 82 8.586989276289106e14 8.586989276289106e14 0 0 0
98 82 4.4627095369056625e14 4.4627095369056625e14 0 0 0
99 82 2.2914627068018694e14 2.2914627068018694e14 0 0 0
90 83 1.3964324833725008e15 1.3964324833725008e15 0 0 0
91 83 4.627230039850782e14 4.627230039850782e14 0 0 0
92 83 1.2646546451777478e15 1.2646546451777478e15 0 0 0
93 83 6.009177233400869e14 6.009177233400869e14 0 0 0
94 83 9.445292875706566e14 9.445292875706566e14 0 0 0
95 83 3.769233036982649e14 3.769233036982649e14 0 0 0
96 83 7.317747524816002e14 7.317747524816002e14 0 0 0
97 83 3.4784727385844406e14 3.4784727385844406e14 0 0 0
98 83 1.7580350433899403e14 1.7580350433899403e14 0 0 0
99 83 4.8891507832529525e14 4.8891507832529525e14 0 0 0
90 84 3.096238114487609e14 3.096238114487609e14 0 0 0
91 84 1.0517558389601685e15 1.0517558389601685e15 0 0 0
92 84 4.413940807439503e14 4.413940807439503e14 0 0 0
93 84 8.584766631501645e14 8.584766631501645e14 0 0 0
94 84 2.6790411945762838e14 2.6790411945762838e14 0 0 0
95 84 6.62744614570184e14 6.62744614570184e14 0 0 0
96 84 3.1524627807238325e14 3.1524627807238325e14 0 0 0
97 84 1.4995774007551384e14 1.4995774007551384e14 0 0 0
98 84 3.9055659677652994e14 3.9055659677652994e14 0 0 0
99 84 1.4844899528560947e14 1.4844899528560947e14 0 0 0
90 85 5.701978624415751e14 5.701978624415751e14 0 0 0
91 85 3.0234364714593125e14 3.0234364714593125e14 0 0 0
92 85 6.14957467267478e14 6.14957467267478e14 0 0 0
93 85 1.8249170107911153e14 1.8249170107911153e14 0 0 0
94 85 5.822928903092335e14 5.822928903092335e14 0 0 0
95 85 2.5827844854530006e14 2.5827844854530006e14 0 0 0
96 85 1.2592794816476302e14 1.2592794816476302e14 0 0 0
97 85 3.560039542034381e14 3.560039542034381e14 0 0 0
98 85 1.3596050115861381e14 1.3596050115861381e14 0 0 0
99 85 3.9469577747723484e13 3.9469577747723484e13 0 0 0
90 86 7.003364553570224e14 7.003364553570224e14 0 0 0
91 86 4.038376833705777e14 4.038376833705777e14 0 0 0
92 86 8.813712008049522e13 8.813712008049522e13 0 0 0
93 86 4.795024816551369e14 4.795024816551369e14 0 0 0
94 86 2.2025969344835478e14 2.2025969344835478e14 0 0 0
95 86 6.066892227748416e13 6.066892227748416e13 0 0 0
96 86 4.437860751225879e14 4.437860751225879e14 0 0 0
97 86 7.559810253943488e13 7.559810253943488e13 0 0 0
98 86 4.86393432919689e13 4.86393432919689e13 0 0 0
99 86 3.184157821330379e14 3.184157821330379e14 0 0 0
90 87 2.0813856944263075e14 2.0813856944263075e14 0 0 0
91 87 4.5735866609301894e14 4.5735866609301894e14 0 0 0
92 87 3.1642774772522094e14 3.1642774772522094e14 0 0 0
93 87 1.830152064794873e14 1.830152064794873e14 0 0 0
94 87 3.7878125468180094e14 3.7878125468180094e14 0 0 0
95 87 2.6497638190028072e14 2.6497638190028072e14 0 0 0
96 87 8.39883088987023e13 8.39883088987023e13 0 0 0
97 87 4.320617726035018e13 4.320617726035018e13 0 0 0
98 87 2.944245052098401e14 2.944245052098401e14 0 0 0
99 87 1.5552368053922784e14 1.5552368053922784e14 0 0 0
90 88 3.766932883603383e14 3.766932883603383e14 0 0 0
91 88 1.9284186549752806e14 1.9284186549752806e14 0 0 0
92 88 9.80411548915766e13 9.80411548915766e13 0 0 0
93 88 2.7286742571901418e13 2.7286742571901418e13 0 0 0
94 88 2.871727137058176e14 2.871727137058176e14 0 0 0
95 88 6.8080224301868664e13 6.8080224301868664e13 0 0 0
96 88 3.655447234246395e13 3.655447234246395e13 0 0 0
97 88 2.6869207532757262e14 2.6869207532757262e14 0 0 0
98 88 3.262541229147607e14 3.262541229147607e14 0 0 0
99 88 1.4644695153237538e14 1.4644695153237538e14 0 0 0
90 89 9.432797582292319e13 9.432797582292319e13 0 0 0
91 89 3.55116599351053e13 3.55116599351053e13 0 0 0
92 89 1.3090238346580312e13 1.3090238346580312e13 0 0 0
93 89 1.3288557917704686e13 1.3288557917704686e13 0 0 0
94 89 5.725494680355257e13 5.725494680355257e13 0 0 0
95 89 5.100055161458199e13 5.100055161458199e13 0 0 0
96 89 2.700295141545086e13 2.700295141545086e13 0 0 0
97 89 4.591110757165616e14 4.591110757165616e14 0 0 0
98 89 2.12472753863475e14 2.12472753863475e14 0 0 0
99 89 2.910226311190008e14 2.910226311190008e14 0 0 0
0 90 1.5664062546362568e16 1.5664062546362568e16 0 0 0
1 90 9.921781307241932e15 9.921781307241932e15 0 0 0
2 90 1.3493680014978868e16 1.3493680014978868e16 0 0 0
3 90 1.6116240928680932e16 1.6116240928680932e16 0 0 0
4 90 1.1422581831968528e16 1.1422581831968528e16 0 0 0
5 90 1.5407803973382374e16 1.5407803973382374e16 0 0 0
6 90 2.2259012544142956e16 2.2259012544142956e16 0 0 0
7 90 1.0870874607527474e16 1.0870874607527474e16 0 0 0
8 90 1.494662488846461e16 1.494662488846461e16 0 0 0
9 90 1.8231716839916308e16 1.8231716839916308e16 0 0 0
0 91 1.8726295803729412e16 1.8726295803729412e16 0 0 0
1 91 1.0200227894107344e16 1.0200227894107344e16 0 0 0
2 91 1.6063615728603984e16 1.6063615728603984e16 0 0 0
3 91 1.1766959224766986e16 1.1766959224766986e16 0 0 0
4 91 1.649966964336346e16 1.649966964336346e16 0 0 0
5 91 1.1847888395195126e16 1.1847888395195126e16 0 0 0
6 91 1.5827672540342986e16 1.5827672540342986e16 0 0 0
7 91 2.1455355427338692e16 2.1455355427338692e16 0 0 0
8 91 1.3456256298284256e16 1.3456256298284256e16 0 0 0
9 91 1.7102134452541908e16 1.7102134452541908e16 0 0 0
0 92 7.403593274707558e15 7.403593274707558e15 0 0 0
1 92 1.2520475068690862e16 1.2520475068690862e16 0 0 0
2 92 1.7755407843061142e16 1.7755407843061142e16 0 0 0
3 92 1.4149318825737924e16 1.4149318825737924e16 0 0 0
4 92 2.2207260574778492e16 2.2207260574778492e16 0 0 0
5 92 1.7199697852198378e16 1.7199697852198378e16 0 0 0
6 92 2.2731928252955296e16 2.2731928252955296e16 0 0 0
7 92 1.6719346752643382e16 1.6719346752643382e16 0 0 0
8 92 2.121498921011152e16 2.121498921011152e16 0 0 0
9 92 1.437623679204046e16 1.437623679204046e16 0 0 0
0 93 1.6215760012504288e15 1.6215760012504288e15 0 0 0
1 93 3.285635697450306e15 3.285635697450306e15 0 0 0
2 93 7.884139230126971e15 7.884139230126971e15 0 0 0
3 93 1.5493792882182916e16 1.5493792882182916e16 0 0 0
4 93 1.3528059348766828e16 1.3528059348766828e16 0 0 0
5 93 2.306861523232899e16 2.306861523232899e16 0 0 0
6 93 2.008588122530529e16 2.008588122530529e16 0 0 0
7 93 1.4285226051702964e16 1.4285226051702964e16 0 0 0
8 93 1.895257052295382e16 1.895257052295382e16 0 0 0
9 93 1.289419784721831e16 1.289419784721831e16 0 0 0
0 94 2.5922602542999334e14 2.5922602542999334e14 0 0 0
1 94 1.4302574937179783e13 1.4302574937179783e13 0 0 0
2 94 3.611000511676691e14 3.611000511676691e14 0 0 0
3 94 5.566321809359549e15 5.566321809359549e15 0 0 0
4 94 1.3618474189042848e16 1.3618474189042848e16 0 0 0
5 94 2.5946836766850012e16 2.5946836766850012e16 0 0 0
6 94 2.543981622506034e16 2.543981622506034e16 0 0 0
7 94 2.2474020479027524e16 2.2474020479027524e16 0 0 0
8 94 1.7484298616813652e16 1.7484298616813652e16 0 0 0
9 94 2.4050775343212656e16 2.4050775343212656e16 0 0 0
0 95 5.04474251692597e10 5.04474251692597e10 0 0 0
1 95 1.8482626982133105e12 1.8482626982133105e12 0 0 0
2 95 1.0457889038735428e13 1.0457889038735428e13 0 0 0
3 95 3.7448639813563894e14 3.7448639813563894e14 0 0 0
4 95 2.4467327779469085e15 2.4467327779469085e15 0 0 0
5 95 6.543476562934555e15 6.543476562934555e15 0 0 0
6 95 1.567548641445039e16 1.567548641445039e16 0 0 0
7 95 2.7630484999862536e16 2.7630484999862536e16 0 0 0
8 95 2.7134329423874796e16 2.7134329423874796e16 0 0 0
9 95 2.098808700022458e16 2.098808700022458e16 0 0 0
0 96 1.0661548661940594e10 1.0661548661940594e10 0 0 0
1 96 7.462838436917732e10 7.462838436917732e10 0 0 0
2 96 2.3794971302340283e12 2.3794971302340283e12 0 0 0
3 96 8.180697216218936e13 8.180697216218936e13 0 0 0
4 96 7.010235275984529e14 7.010235275984529e14 0 0 0
5 96 2.2426835080280435e15 2.2426835080280435e15 0 0 0
6 96 6.702248259063483e15 6.702248259063483e15 0 0 0
7 96 7.748927893999447e15 7.748927893999447e15 0 0 0
8 96 1.6764649404603344e16 1.6764649404603344e16 0 0 0
9 96 2.701167965279946e16 2.701167965279946e16 0 0 0
0 97 9.374907169910575e7 9.374907169910575e7 0 0 0
1 97 5.085367287657101e7 5.085367287657101e7 0 0 0
2 97 1.9742476449640012e8 1.9742476449640012e8 0 0 0
3 97 8.139463240083015e9 8.139463240083015e9 0 0 0
4 97 3.8917674649177185e11 3.8917674649177185e11 0 0 0
5 97 2.3628159036819836e13 2.3628159036819836e13 0 0 0
6 97 5.533990695807059e14 5.533990695807059e14 0 0 0
7 97 2.1600112696184578e15 2.1600112696184578e15 0 0 0
8 97 8.017518590965332e15 8.017518590965332e15 0 0 0
9 97 1.6240013177740136e16 1.6240013177740136e16 0 0 0
0 98 1.7525096152348336e7 1.7525096152348336e7 0 0 0
1 98 1.3049857406348031e7 1.3049857406348031e7 0 0 0
2 98 2.475232885068602e7 2.475232885068602e7 0 0 0
3 98 7.273903066684245e8 7.273903066684245e8 0 0 0
4 98 2.0509326787449432e10 2.0509326787449432e10 0 0 0
5 98 3.443847535549591e9 3.443847535549591e9 0 0 0
6 98 1.8636715438407855e11 1.8636715438407855e11 0 0 0
7 98 1.4559741981711506e13 1.4559741981711506e13 0 0 0
8 98 2.704272191544456e14 2.704272191544456e14 0 0 0
9 98 2.331109725705341e15 2.331109725705341e15 0 0 0
0 99 8284.126995895307 8284.126995895307 0 0 0
1 99 8696.795021303475 8696.795021303475 0 0 0
2 99 10816.075145627074 10816.075145627074 0 0 0
3 99 64133.56626234071 64133.56626234071 0 0 0
4 99 5.329693813510517e6 5.329693813510517e6 0 0 0
5 99 4.4438105582963645e8 4.4438105582963645e8 0 0 0
6 99 3.036128015829483e10 3.036128015829483e10 0 0 0
7 99 5.121707411631761e11 5.121707411631761e11 0 0 0
8 99 2.652826800194035e13 2.652826800194035e13 0 0 0
9 99 8.708849103644642e12 8.708849103644642e12 0 0 0
10 90 8.858292846565883e15 8.858292846565883e15 0 0 0
11 90 3.726581863931009e15 3.726581863931009e15 0 0 0
12 90 6.052715823815844e15 6.052715823815844e15 0 0 0
13 90 1.4237710220217162e16 1.4237710220217162e16 0 0 0
14 90 6.757520064580516e15 6.757520064580516e15 0 0 0
15 90 3.032286292328702e15 3.032286292328702e15 0 0 0
16 90 9.518017034081446e15 9.518017034081446e15 0 0 0
17 90 4.2161549835080595e15 4.2161549835080595e15 0 0 0
18 90 1.0946811499155636e16 1.0946811499155636e16 0 0 0
19 90 5.68801189525084e15 5.68801189525084e15 0 0 0
10 91 6.768112579341396e15 6.768112579341396e15 0 0 0
11 91 9.893547226016636e15 9.893547226016636e15 0 0 0
12 91 2.7357120381402785e15 2.7357120381402785e15 0 0 0
13 91 8.130420397112056e15 8.130420397112056e15 0 0 0
14 91 1.182792167451928e16 1.182792167451928e16 0 0 0
15 91 4.0792579007238545e15 4.0792579007238545e15 0 0 0
16 91 9.598456949419586e15 9.598456949419586e15 0 0 0
17 91 2.7863565425947405e15 2.7863565425947405e15 0 0 0
18 91 9.339574353497518e15 9.339574353497518e15 0 0 0
19 91 3.569857104111059e15 3.569857104111059e15 0 0 0
10 92 2.0639826521604884e16 2.0639826521604884e16 0 0 0
11 92 5.815565744938274e15 5.815565744938274e15 0 0 0
12 92 1.339499155195882e16 1.339499155195882e16 0 0 0
13 92 3.73085861579435e15 3.73085861579435e15 0 0 0
14 92 6.825290918617503e15 6.825290918617503e15 0 0 0
15 92 9.828580189701952e15 9.828580189701952e15 0 0 0
16 92 1.8568609739787655e15 1.8568609739787655e15 0 0 0
17 92 4.587426483317872e15 4.587426483317872e15 0 0 0
18 92 1.0224890106511182e15 1.0224890106511182e15 0 0 0
19 92 4.830955316549462e15 4.830955316549462e15 0 0 0
10 93 1.823651409488581e16 1.823651409488581e16 0 0 0
11 93 8.006512555281513e15 8.006512555281513e15 0 0 0
12 93 9.720562404185772e15 9.720562404185772e15 0 0 0
13 93 1.7071954090336012e16 1.7071954090336012e16 0 0 0
14 93 3.76955589484421e15 3.76955589484421e15 0 0 0
15 93 8.796343508272838e15 8.796343508272838e15 0 0 0
16 93 9.944372255254935e14 9.944372255254935e14 0 0 0
17 93 2.1924073477253335e15 2.1924073477253335e15 0 0 0
18 93 7.140887315092154e15 7.140887315092154e15 0 0 0
19 93 7.840807846512905e14 7.840807846512905e14 0 0 0
10 94 1.545486767424154e16 1.545486767424154e16 0 0 0
11 94 2.2096493036723668e16 2.2096493036723668e16 0 0 0
12 94 9.778188195220594e15 9.778188195220594e15 0 0 0
13 94 1.4988502496179568e16 1.4988502496179568e16 0 0 0
14 94 1.791979512515481e16 1.791979512515481e16 0 0 0
15 94 7.517827736019322e15 7.517827736019322e15 0 0 0
16 94 1.2089929120038922e16 1.2089929120038922e16 0 0 0
17 94 2.2720788228496665e15 2.2720788228496665e15 0 0 0
18 94 3.495854532168327e15 3.495854532168327e15 0 0 0
19 94 9.390739391525812e15 9.390739391525812e15 0 0 0
10 95 2.7961509071011132e16 2.7961509071011132e16 0 0 0
11 95 2.129203578385142e16 2.129203578385142e16 0 0 0
12 95 2.3640698612869124e16 2.3640698612869124e16 0 0 0
13 95 1.2243977309022858e16 1.2243977309022858e16 0 0 0
14 95 1.4990142167810154e16 1.4990142167810154e16 0 0 0
15 95 4.998220851269016e15 4.998220851269016e15 0 0 0
16 95 1.0670267193794818e16 1.0670267193794818e16 0 0 0
17 95 1.5764091044094018e16 1.5764091044094018e16 0 0 0
18 95 3.0525802645126375e15 3.0525802645126375e15 0 0 0
19 95 6.748398220437069e15 6.748398220437069e15 0 0 0
10 96 3.768202875241522e16 3.768202875241522e16 0 0 0
11 96 3.0578011066189628e16 3.0578011066189628e16 0 0 0
12 96 2.258813070061944e16 2.258813070061944e16 0 0 0
13 96 2.659620768162579e16 2.659620768162579e16 0 0 0
14 96 1.7526656693038158e16 1.7526656693038158e16 0 0 0
15 96 2.112582167217343e16 2.112582167217343e16 0 0 0
16 96 9.69187171890323e15 9.69187171890323e15 0 0 0
17 96 1.4206392386379934e16 1.4206392386379934e16 0 0 0
18 96 5.550434946385174e15 5.550434946385174e15 0 0 0
19 96 6.792666842650077e15 6.792666842650077e15 0 0 0
10 97 2.749117981232863e16 2.749117981232863e16 0 0 0
11 97 2.7153369133972372e16 2.7153369133972372e16 0 0 0
12 97 3.3623519646688628e16 3.3623519646688628e16 0 0 0
13 97 2.7110268851897292e16 2.7110268851897292e16 0 0 0
14 97 3.068467149697065e16 3.068467149697065e16 0 0 0
15 97 2.202094597399624e16 2.202094597399624e16 0 0 0
16 97 1.1376134196524998e16 1.1376134196524998e16 0 0 0
17 97 1.313942613358469e16 1.313942613358469e16 0 0 0
18 97 1.8136328407178212e16 1.8136328407178212e16 0 0 0
19 97 9.538854325804862e15 9.538854325804862e15 0 0 0
10 98 7.577143304856941e15 7.577143304856941e15 0 0 0
11 98 1.7546646301984502e16 1.7546646301984502e16 0 0 0
12 98 2.7228316847888924e16 2.7228316847888924e16 0 0 0
13 98 2.4129757338823424e16 2.4129757338823424e16 0 0 0
14 98 3.1034051364535064e16 3.1034051364535064e16 0 0 0
15 98 2.0597438611225372e16 2.0597438611225372e16 0 0 0
16 98 2.817661486391049e16 2.817661486391049e16 0 0 0
17 98 1.692885156158802e16 1.692885156158802e16 0 0 0
18 98 1.906833985098348e16 1.906833985098348e16 0 0 0
19 98 9.802588246101976e15 9.802588246101976e15 0 0 0
10 99 3.0188340474453725e14 3.0188340474453725e14 0 0 0
11 99 1.8370167674230915e15 1.8370167674230915e15 0 0 0
12 99 7.753236189321502e15 7.753236189321502e15 0 0 0
13 99 1.4195713636649692e16 1.4195713636649692e16 0 0 0
14 99 2.5429748277027588e16 2.5429748277027588e16 0 0 0
15 99 3.341186926881419e16 3.341186926881419e16 0 0 0
16 99 2.560513968728504e16 2.560513968728504e16 0 0 0
17 99 3.1597539606794108e16 3.1597539606794108e16 0 0 0
18 99 2.3062675510981756e16 2.3062675510981756e16 0 0 0
19 99 2.75355063618458e16 2.75355063618458e16 0 0 0
20 90 1.2410374697526032e16 1.2410374697526032e16 0 0 0
21 90 1.7825410247637054e16 1.7825410247637054e16 0 0 0
22 90 9.114267522158242e15 9.114267522158242e15 0 0 0
23 90 2.1369248857039028e16 2.1369248857039028e16 0 0 0
24 90 1.044163429790266e16 1.044163429790266e16 0 0 0
25 90 1.77740421218014e16 1.77740421218014e16 0 0 0
26 90 3.1028186522886652e16 3.1028186522886652e16 0 0 0
27 90 4.082265108579769e16 4.082265108579769e16 0 0 0
28 90 2.0167112781555636e16 2.0167112781555636e16 0 0 0
29 90 2.4948630980139268e16 2.4948630980139268e16 0 0 0
20 91 7.503510986615142e15 7.503510986615142e15 0 0 0
21 91 4.771007152865048e15 4.771007152865048e15 0 0 0
22 91 8.479060994586498e15 8.479060994586498e15 0 0 0
23 91 1.36031418045401e16 1.36031418045401e16 0 0 0
24 91 6.88084802648723e15 6.88084802648723e15 0 0 0
25 91 1.3757072428373378e16 1.3757072428373378e16 0 0 0
26 91 2.451107095402004e16 2.451107095402004e16 0 0 0
27 91 1.6311806967313922e16 1.6311806967313922e16 0 0 0
28 91 2.484126096259037e16 2.484126096259037e16 0 0 0
29 91 2.7618307668938628e16 2.7618307668938628e16 0 0 0
20 92 7.564159775289512e15 7.564159775289512e15 0 0 0
21 92 1.7862835480219995e15 1.7862835480219995e15 0 0 0
22 92 8.082368551190117e15 8.082368551190117e15 0 0 0
23 92 1.4498256592149392e15 1.4498256592149392e15 0 0 0
24 92 4.514566973063208e15 4.514566973063208e15 0 0 0
25 92 9.50985006289672e15 9.50985006289672e15 0 0 0
26 92 4.435398513783212e15 4.435398513783212e15 0 0 0
27 92 8.717655806863514e15 8.717655806863514e15 0 0 0
28 92 1.6605437517161204e16 1.6605437517161204e16 0 0 0
29 92 2.7825089449784724e16 2.7825089449784724e16 0 0 0
20 93 2.5792783627114335e15 2.5792783627114335e15 0 0 0
21 93 5.621193274425281e15 5.621193274425281e15 0 0 0
22 93 4.2009485531635425e14 4.2009485531635425e14 0 0 0
23 93 1.9703675520818195e15 1.9703675520818195e15 0 0 0
24 93 6.397963155941285e15 6.397963155941285e15 0 0 0
25 93 1.454228212224916e15 1.454228212224916e15 0 0 0
26 93 3.482659142356472e15 3.482659142356472e15 0 0 0
27 93 7.101856509032065e15 7.101856509032065e15 0 0 0
28 93 1.1734201582013086e16 1.1734201582013086e16 0 0 0
29 93 7.167504513208796e15 7.167504513208796e15 0 0 0
20 94 6.312536869491946e14 6.312536869491946e14 0 0 0
21 94 2.9771365982509035e15 2.9771365982509035e15 0 0 0
22 94 6.791047852556896e15 6.791047852556896e15 0 0 0
23 94 5.3387877499745875e14 5.3387877499745875e14 0 0 0
24 94 1.7218295059922548e15 1.7218295059922548e15 0 0 0
25 94 4.0971695036974115e15 4.0971695036974115e15 0 0 0
26 94 1.0353339267132814e16 1.0353339267132814e16 0 0 0
27 94 2.1363008504404882e15 2.1363008504404882e15 0 0 0
28 94 3.96784005471041e15 3.96784005471041e15 0 0 0
29 94 7.445341209949419e15 7.445341209949419e15 0 0 0
20 95 1.0295443854031338e16 1.0295443854031338e16 0 0 0
21 95 2.621903546598765e15 2.621903546598765e15 0 0 0
22 95 4.978694837098276e15 4.978694837098276e15 0 0 0
23 95 9.630165646372548e15 9.630165646372548e15 0 0 0
24 95 9.325578097689059e14 9.325578097689059e14 0 0 0
25 95 2.9588079577613045e15 2.9588079577613045e15 0 0 0
26 95 5.914692037883428e15 5.914692037883428e15 0 0 0
27 95 8.453610253733131e15 8.453610253733131e15 0 0 0
28 95 1.4869170465718105e15 1.4869170465718105e15 0 0 0
29 95 3.0463538982156545e15 3.0463538982156545e15 0 0 0
20 96 9.935192737010754e15 9.935192737010754e15 0 0 0
21 96 1.3721287189243606e16 1.3721287189243606e16 0 0 0
22 96 3.840221497554292e15 3.840221497554292e15 0 0 0
23 96 8.163357671123656e15 8.163357671123656e15 0 0 0
24 96 1.1401873823694536e16 1.1401873823694536e16 0 0 0
25 96 2.408793049056566e15 2.408793049056566e15 0 0 0
26 96 4.165583718747601e15 4.165583718747601e15 0 0 0
27 96 7.828679421845798e15 7.828679421845798e15 0 0 0
28 96 1.1479325658585906e16 1.1479325658585906e16 0 0 0
29 96 1.3240099220580274e16 1.3240099220580274e16 0 0 0
20 97 1.0406749078657386e16 1.0406749078657386e16 0 0 0
21 97 1.4667898665197916e16 1.4667898665197916e16 0 0 0
22 97 4.824691274920126e15 4.824691274920126e15 0 0 0
23 97 8.213796085736252e15 8.213796085736252e15 0 0 0
24 97 9.245488508170348e15 9.245488508170348e15 0 0 0
25 97 1.3616153901532924e16 1.3616153901532924e16 0 0 0
26 97 6.41424878175532e15 6.41424878175532e15 0 0 0
27 97 9.840825727239436e15 9.840825727239436e15 0 0 0
28 97 1.2127098660275104e16 1.2127098660275104e16 0 0 0
29 97 3.331297005217978e15 3.331297005217978e15 0 0 0
20 98 1.4088439361418986e16 1.4088439361418986e16 0 0 0
21 98 1.5918588730089452e16 1.5918588730089452e16 0 0 0
22 98 1.8208037535504176e16 1.8208037535504176e16 0 0 0
23 98 9.382303754152076e15 9.382303754152076e15 0 0 0
24 98 1.1195608751929828e16 1.1195608751929828e16 0 0 0
25 98 1.656841341249171e16 1.656841341249171e16 0 0 0
26 98 6.319078107549228e15 6.319078107549228e15 0 0 0
27 98 1.0855403726769442e16 1.0855403726769442e16 0 0 0
28 98 1.4085578316380476e16 1.4085578316380476e16 0 0 0
29 98 1.8582923766956436e16 1.8582923766956436e16 0 0 0
20 99 1.6732283978104726e16 1.6732283978104726e16 0 0 0
21 99 1.9117926756005252e16 1.9117926756005252e16 0 0 0
22 99 1.0653226365563298e16 1.0653226365563298e16 0 0 0
23 99 1.2403295379678898e16 1.2403295379678898e16 0 0 0
24 99 1.6201716984248348e16 1.6201716984248348e16 0 0 0
25 99 1.849400558588148e16 1.849400558588148e16 0 0 0
26 99 9.700588835616604e15 9.700588835616604e15 0 0 0
27 99 1.4292627731598374e16 1.4292627731598374e16 0 0 0
28 99 1.5790768035272012e16 1.5790768035272012e16 0 0 0
29 99 1.8661006439937828e16 1.8661006439937828e16 0 0 0
30 90 3.5507660385081584e16 3.5507660385081584e16 0 0 0
31 90 3.740041307719388e16 3.740041307719388e16 0 0 0
32 90 4.210351838811703e16 4.210351838811703e16 0 0 0
33 90 4.777771491828362e16 4.777771491828362e16 0 0 0
34 90 4.618749529377599e16 4.618749529377599e16 0 0 0
35 90 4.767756621174686e16 4.767756621174686e16 0 0 0
36 90 5.124815695291038e16 5.124815695291038e16 0 0 0
37 90 4.892689150545213e16 4.892689150545213e16 0 0 0
38 90 4.7955198723412936e16 4.7955198723412936e16 0 0 0
39 90 2.439825471712269e16 2.439825471712269e16 0 0 0
30 91 3.2162411778889268e16 3.2162411778889268e16 0 0 0
31 91 1.712899502217962e16 1.712899502217962e16 0 0 0
32 91 2.3330380048469316e16 2.3330380048469316e16 0 0 0
33 91 2.628722039450753e16 2.628722039450753e16 0 0 0
34 91 2.9133086317065456e16 2.9133086317065456e16 0 0 0
35 91 3.2056494955193444e16 3.2056494955193444e16 0 0 0
36 91 3.4252407631284708e16 3.4252407631284708e16 0 0 0
37 91 3.3765670222203036e16 3.3765670222203036e16 0 0 0
38 91 3.3179611307647068e16 3.3179611307647068e16 0 0 0
39 91 1.3417338838657436e16 1.3417338838657436e16 0 0 0
30 92 1.274171999371752e16 1.274171999371752e16 0 0 0
31 92 1.7075704134099398e16 1.7075704134099398e16 0 0 0
32 92 2.0072314769564884e16 2.0072314769564884e16 0 0 0
33 92 2.4071414355807572e16 2.4071414355807572e16 0 0 0
34 92 2.6400667564390004e16 2.6400667564390004e16 0 0 0
35 92 2.7559068969038828e16 2.7559068969038828e16 0 0 0
36 92 1.249259720619634e16 1.249259720619634e16 0 0 0
37 92 1.3286228009441296e16 1.3286228009441296e16 0 0 0
38 92 2.482023681747846e16 2.482023681747846e16 0 0 0
39 92 2.294546707038961e16 2.294546707038961e16 0 0 0
30 93 1.2453602281379682e16 1.2453602281379682e16 0 0 0
31 93 1.4186252201420286e16 1.4186252201420286e16 0 0 0
32 93 1.540259951071479e16 1.540259951071479e16 0 0 0
33 93 5.945899242237728e15 5.945899242237728e15 0 0 0
34 93 6.442706041999521e15 6.442706041999521e15 0 0 0
35 93 8.534776754341192e15 8.534776754341192e15 0 0 0
36 93 9.750172725139726e15 9.750172725139726e15 0 0 0
37 93 8.625746609060005e15 8.625746609060005e15 0 0 0
38 93 1.1487829354151194e16 1.1487829354151194e16 0 0 0
39 93 8.651337781883011e15 8.651337781883011e15 0 0 0
30 94 1.118038658262147e16 1.118038658262147e16 0 0 0
31 94 7.113171245679886e15 7.113171245679886e15 0 0 0
32 94 7.212320043645253e15 7.212320043645253e15 0 0 0
33 94 6.459308350735438e15 6.459308350735438e15 0 0 0
34 94 7.468716678862911e15 7.468716678862911e15 0 0 0
35 94 1.0330094178005144e16 1.0330094178005144e16 0 0 0
36 94 1.067174796338571e16 1.067174796338571e16 0 0 0
37 94 1.128393458581028e16 1.128393458581028e16 0 0 0
38 94 1.015139000755072e16 1.015139000755072e16 0 0 0
39 94 1.084680943814642e16 1.084680943814642e16 0 0 0
30 95 4.652791784214842e15 4.652791784214842e15 0 0 0
31 95 9.408197195445424e15 9.408197195445424e15 0 0 0
32 95 1.6492566535483106e16 1.6492566535483106e16 0 0 0
33 95 7.195092127074046e15 7.195092127074046e15 0 0 0
34 95 4.133870197103083e15 4.133870197103083e15 0 0 0
35 95 4.264450104113326e15 4.264450104113326e15 0 0 0
36 95 6.979880033110547e15 6.979880033110547e15 0 0 0
37 95 7.893451754539108e15 7.893451754539108e15 0 0 0
38 95 1.099434274860516e16 1.099434274860516e16 0 0 0
39 95 1.1061222163861244e16 1.1061222163861244e16 0 0 0
30 96 5.507684768703331e15 5.507684768703331e15 0 0 0
31 96 7.929751257055974e15 7.929751257055974e15 0 0 0
32 96 1.4289306403824008e16 1.4289306403824008e16 0 0 0
33 96 1.8309202275844384e16 1.8309202275844384e16 0 0 0
34 96 8.019694551562172e15 8.019694551562172e15 0 0 0
35 96 4.982049991171668e15 4.982049991171668e15 0 0 0
36 96 7.716556023507097e15 7.716556023507097e15 0 0 0
37 96 9.5899988818121e15 9.5899988818121e15 0 0 0
38 96 1.1876706171733156e16 1.1876706171733156e16 0 0 0
39 96 1.6566954306434548e16 1.6566954306434548e16 0 0 0
30 97 5.647464147851011e15 5.647464147851011e15 0 0 0
31 97 8.528730206574735e15 8.528730206574735e15 0 0 0
32 97 1.2827187370857464e16 1.2827187370857464e16 0 0 0
33 97 1.7022587831880938e16 1.7022587831880938e16 0 0 0
34 97 8.165731664557616e15 8.165731664557616e15 0 0 0
35 97 1.2623495509353682e16 1.2623495509353682e16 0 0 0
36 97 1.3292037137449278e16 1.3292037137449278e16 0 0 0
37 97 1.330344910678666e16 1.330344910678666e16 0 0 0
38 97 1.6022423122648438e16 1.6022423122648438e16 0 0 0
39 97 2.0388896879915964e16 2.0388896879915964e16 0 0 0
30 98 7.185968315274329e15 7.185968315274329e15 0 0 0
31 98 1.0837837298261038e16 1.0837837298261038e16 0 0 0
32 98 1.3494975755218414e16 1.3494975755218414e16 0 0 0
33 98 1.6177066204858692e16 1.6177066204858692e16 0 0 0
34 98 8.882556290232049e15 8.882556290232049e15 0 0 0
35 98 1.3061005878348874e16 1.3061005878348874e16 0 0 0
36 98 1.884502913859289e16 1.884502913859289e16 0 0 0
37 98 2.234028649406236e16 2.234028649406236e16 0 0 0
38 98 2.2801185893260812e16 2.2801185893260812e16 0 0 0
39 98 1.068361655599712e16 1.068361655599712e16 0 0 0
30 99 1.0392677196570166e16 1.0392677196570166e16 0 0 0
31 99 1.2573903916403538e16 1.2573903916403538e16 0 0 0
32 99 1.7035873192786356e16 1.7035873192786356e16 0 0 0
33 99 9.347969138365648e15 9.347969138365648e15 0 0 0
34 99 1.3336448557442834e16 1.3336448557442834e16 0 0 0
35 99 1.7888666807459664e16 1.7888666807459664e16 0 0 0
36 99 2.3142386920026624e16 2.3142386920026624e16 0 0 0
37 99 1.7239436204570386e16 1.7239436204570386e16 0 0 0
38 99 2.3641570259964092e16 2.3641570259964092e16 0 0 0
39 99 1.2437004716207454e16 1.2437004716207454e16 0 0 0
40 90 2.4884744408264996e16 2.4884744408264996e16 0 0 0
41 90 2.0746967779688904e16 2.0746967779688904e16 0 0 0
42 90 3.7215151208985816e16 3.7215151208985816e16 0 0 0
43 90 2.8397136755404704e16 2.8397136755404704e16 0 0 0
44 90 1.9460080426711336e16 1.9460080426711336e16 0 0 0
45 90 2.0905593347429836e16 2.0905593347429836e16 0 0 0
46 90 1.4646446401632872e16 1.4646446401632872e16 0 0 0
47 90 1.1438361165098346e16 1.1438361165098346e16 0 0 0
48 90 1.2182753056649742e16 1.2182753056649742e16 0 0 0
49 90 7.011843891763918e15 7.011843891763918e15 0 0 0
40 91 2.999766298525131e16 2.999766298525131e16 0 0 0
41 91 2.5200390925169016e16 2.5200390925169016e16 0 0 0
42 91 1.9543614791978916e16 1.9543614791978916e16 0 0 0
43 91 2.433571329370065e16 2.433571329370065e16 0 0 0
44 91 1.6039404477248806e16 1.6039404477248806e16 0 0 0
45 91 1.0417801435573452e16 1.0417801435573452e16 0 0 0
46 91 6.715406597402669e15 6.715406597402669e15 0 0 0
47 91 8.827220570442737e15 8.827220570442737e15 0 0 0
48 91 5.886163764142544e15 5.886163764142544e15 0 0 0
49 91 4.334511952587729e15 4.334511952587729e15 0 0 0
40 92 2.041750322167493e16 2.041750322167493e16 0 0 0
41 92 1.7392069767694546e16 1.7392069767694546e16 0 0 0
42 92 9.695686433250766e15 9.695686433250766e15 0 0 0
43 92 9.733493335729672e15 9.733493335729672e15 0 0 0
44 92 7.017351191887835e15 7.017351191887835e15 0 0 0
45 92 4.3095540942388695e15 4.3095540942388695e15 0 0 0
46 92 8.197875603453286e15 8.197875603453286e15 0 0 0
47 92 6.260842863394399e15 6.260842863394399e15 0 0 0
48 92 3.970418406781163e15 3.970418406781163e15 0 0 0
49 92 3.0238209199560205e15 3.0238209199560205e15 0 0 0
40 93 7.312576256949473e15 7.312576256949473e15 0 0 0
41 93 5.429483673852616e15 5.429483673852616e15 0 0 0
42 93 1.2429169096382616e16 1.2429169096382616e16 0 0 0
43 93 1.219546243225257e16 1.219546243225257e16 0 0 0
44 93 1.2622215981991382e16 1.2622215981991382e16 0 0 0
45 93 1.08366965181127e16 1.08366965181127e16 0 0 0
46 93 8.048048705977589e15 8.048048705977589e15 0 0 0
47 93 8.222524637246509e15 8.222524637246509e15 0 0 0
48 93 9.519923601224958e15 9.519923601224958e15 0 0 0
49 93 9.71632374676468e15 9.71632374676468e15 0 0 0
40 94 1.1374033315630364e16 1.1374033315630364e16 0 0 0
41 94 1.4919338751025594e16 1.4919338751025594e16 0 0 0
42 94 1.4095774817389644e16 1.4095774817389644e16 0 0 0
43 94 1.521982318213288e16 1.521982318213288e16 0 0 0
44 94 3.2578624695897645e15 3.2578624695897645e15 0 0 0
45 94 3.3914524903180055e15 3.3914524903180055e15 0 0 0
46 94 1.724543080324757e16 1.724543080324757e16 0 0 0
47 94 3.593357658769866e15 3.593357658769866e15 0 0 0
48 94 4.914698780064278e15 4.914698780064278e15 0 0 0
49 94 5.641879924957885e15 5.641879924957885e15 0 0 0
40 95 1.5437353953082862e16 1.5437353953082862e16 0 0 0
41 95 1.5057890741131026e16 1.5057890741131026e16 0 0 0
42 95 4.194251066345418e15 4.194251066345418e15 0 0 0
43 95 5.914823635989492e15 5.914823635989492e15 0 0 0
44 95 6.432860264740032e15 6.432860264740032e15 0 0 0
45 95 7.662293511766276e15 7.662293511766276e15 0 0 0
46 95 9.293885926813328e15 9.293885926813328e15 0 0 0
47 95 1.4771010429702426e16 1.4771010429702426e16 0 0 0
48 95 1.632030553925385e16 1.632030553925385e16 0 0 0
49 95 2.142168601294523e16 2.142168601294523e16 0 0 0
40 96 1.7172268734322912e16 1.7172268734322912e16 0 0 0
41 96 4.72245569882689e15 4.72245569882689e15 0 0 0
42 96 6.817088564303966e15 6.817088564303966e15 0 0 0
43 96 1.0561311969361704e16 1.0561311969361704e16 0 0 0
44 96 1.4912523501378022e16 1.4912523501378022e16 0 0 0
45 96 1.8920451001442936e16 1.8920451001442936e16 0 0 0
46 96 2.3305702103228324e16 2.3305702103228324e16 0 0 0
47 96 8.860650976117012e15 8.860650976117012e15 0 0 0
48 96 1.1671291867414934e16 1.1671291867414934e16 0 0 0
49 96 1.5809416138162286e16 1.5809416138162286e16 0 0 0
40 97 2.1633425923012524e16 2.1633425923012524e16 0 0 0
41 97 9.613740864366196e15 9.613740864366196e15 0 0 0
42 97 1.5283250858060478e16 1.5283250858060478e16 0 0 0
43 97 1.7850769838514964e16 1.7850769838514964e16 0 0 0
44 97 2.4599051033867476e16 2.4599051033867476e16 0 0 0
45 97 1.3940841350205438e16 1.3940841350205438e16 0 0 0
46 97 1.724110127557174e16 1.724110127557174e16 0 0 0
47 97 2.4157124789578172e16 2.4157124789578172e16 0 0 0
48 97 1.0393573853003546e16 1.0393573853003546e16 0 0 0
49 97 1.3614912921961308e16 1.3614912921961308e16 0 0 0
40 98 1.678141437153965e16 1.678141437153965e16 0 0 0
41 98 2.0265732992370004e16 2.0265732992370004e16 0 0 0
42 98 2.4603981474062316e16 2.4603981474062316e16 0 0 0
43 98 1.4867017832067444e16 1.4867017832067444e16 0 0 0
44 98 2.0081266769839504e16 2.0081266769839504e16 0 0 0
45 98 2.6756978270611656e16 2.6756978270611656e16 0 0 0
46 98 1.5235011329179306e16 1.5235011329179306e16 0 0 0
47 98 1.7982820408599096e16 1.7982820408599096e16 0 0 0
48 98 2.156008342525033e16 2.156008342525033e16 0 0 0
49 98 2.3565273426559004e16 2.3565273426559004e16 0 0 0
40 99 1.553268971230159e16 1.553268971230159e16 0 0 0
41 99 1.9996990986687416e16 1.9996990986687416e16 0 0 0
42 99 2.367060284781857e16 2.367060284781857e16 0 0 0
43 99 3.015409737648583e16 3.015409737648583e16 0 0 0
44 99 1.653802723626358e16 1.653802723626358e16 0 0 0
45 99 2.1191457419241308e16 2.1191457419241308e16 0 0 0
46 99 2.053728305796689e16 2.053728305796689e16 0 0 0
47 99 2.2913866936601256e16 2.2913866936601256e16 0 0 0
48 99 2.7810899804604736e16 2.7810899804604736e16 0 0 0
49 99 2.6518776954789224e16 2.6518776954789224e16 0 0 0
50 90 1.002764333080545e16 1.002764333080545e16 0 0 0
51 90 5.871284290749632e15 5.871284290749632e15 0 0 0
52 90 2.737743504362398e15 2.737743504362398e15 0 0 0
53 90 1.978997266700874e15 1.978997266700874e15 0 0 0
54 90 1.1036422069962584e16 1.1036422069962584e16 0 0 0
55 90 1.4657044304297432e16 1.4657044304297432e16 0 0 0
56 90 1.255906491650752e16 1.255906491650752e16 0 0 0
57 90 1.435629879227259e16 1.435629879227259e16 0 0 0
58 90 1.430701651593238e16 1.430701651593238e16 0 0 0
59 90 1.361117740876175e16 1.361117740876175e16 0 0 0
50 91 1.135323455834527e16 1.135323455834527e16 0 0 0
51 91 8.062604491194666e15 8.062604491194666e15 0 0 0
52 91 9.787743208725224e15 9.787743208725224e15 0 0 0
53 91 1.07389050270659e16 1.07389050270659e16 0 0 0
54 91 8.400903059091525e15 8.400903059091525e15 0 0 0
55 91 8.778298711243264e15 8.778298711243264e15 0 0 0
56 91 1.308079011040932e16 1.308079011040932e16 0 0 0
57 91 1.1023652562379514e16 1.1023652562379514e16 0 0 0
58 91 9.783291203895546e15 9.783291203895546e15 0 0 0
59 91 1.0540181906919976e16 1.0540181906919976e16 0 0 0
50 92 3.7590554680334905e15 3.7590554680334905e15 0 0 0
51 92 3.645463589851117e15 3.645463589851117e15 0 0 0
52 92 5.179524061726206e15 5.179524061726206e15 0 0 0
53 92 6.571296603242627e15 6.571296603242627e15 0 0 0
54 92 5.567155860291795e15 5.567155860291795e15 0 0 0
55 92 1.0613550425893158e16 1.0613550425893158e16 0 0 0
56 92 2.66545252070528e16 2.66545252070528e16 0 0 0
57 92 2.010400923461947e16 2.010400923461947e16 0 0 0
58 92 2.3147470115334972e16 2.3147470115334972e16 0 0 0
59 92 2.5832883348097236e16 2.5832883348097236e16 0 0 0
50 93 1.1405675088755196e16 1.1405675088755196e16 0 0 0
51 93 1.3117205451101324e16 1.3117205451101324e16 0 0 0
52 93 1.8970377603185376e16 1.8970377603185376e16 0 0 0
53 93 1.67122618606703e16 1.67122618606703e16 0 0 0
54 93 2.3874939755415364e16 2.3874939755415364e16 0 0 0
55 93 1.9861241218566884e16 1.9861241218566884e16 0 0 0
56 93 2.0198866100364844e16 2.0198866100364844e16 0 0 0
57 93 2.0528886897424348e16 2.0528886897424348e16 0 0 0
58 93 2.4906015589517796e16 2.4906015589517796e16 0 0 0
59 93 2.9024610580842744e16 2.9024610580842744e16 0 0 0
50 94 6.170238432477516e15 6.170238432477516e15 0 0 0
51 94 1.0399585279121084e16 1.0399585279121084e16 0 0 0
52 94 1.6306657501419418e16 1.6306657501419418e16 0 0 0
53 94 1.6192767340709398e16 1.6192767340709398e16 0 0 0
54 94 1.853131326702796e16 1.853131326702796e16 0 0 0
55 94 1.9296049980045236e16 1.9296049980045236e16 0 0 0
56 94 2.1143811808139336e16 2.1143811808139336e16 0 0 0
57 94 2.2758490865074476e16 2.2758490865074476e16 0 0 0
58 94 2.548396371420163e16 2.548396371420163e16 0 0 0
59 94 8.696855959663312e15 8.696855959663312e15 0 0 0
50 95 2.3602852292738012e16 2.3602852292738012e16 0 0 0
51 95 1.1750544456713714e16 1.1750544456713714e16 0 0 0
52 95 1.3025873790682634e16 1.3025873790682634e16 0 0 0
53 95 1.6010926042122892e16 1.6010926042122892e16 0 0 0
54 95 1.6147594413714152e16 1.6147594413714152e16 0 0 0
55 95 1.8905433915559736e16 1.8905433915559736e16 0 0 0
56 95 1.7553628531562656e16 1.7553628531562656e16 0 0 0
57 95 1.6561618973596456e16 1.6561618973596456e16 0 0 0
58 95 1.5142533930284098e16 1.5142533930284098e16 0 0 0
59 95 2.0965208675066562e15 2.0965208675066562e15 0 0 0
50 96 1.929427439996917e16 1.929427439996917e16 0 0 0
51 96 2.3540701560692588e16 2.3540701560692588e16 0 0 0
52 96 2.6912847314377376e16 2.6912847314377376e16 0 0 0
53 96 2.9211060159221516e16 2.9211060159221516e16 0 0 0
54 96 2.9158824156129108e16 2.9158824156129108e16 0 0 0
55 96 2.784741385294253e16 2.784741385294253e16 0 0 0
56 96 1.1390945065966614e16 1.1390945065966614e16 0 0 0
57 96 9.469350197025726e15 9.469350197025726e15 0 0 0
58 96 1.7262635951576405e15 1.7262635951576405e15 0 0 0
59 96 3.302720153410655e14 3.302720153410655e14 0 0 0
50 97 1.7386570933868234e16 1.7386570933868234e16 0 0 0
51 97 1.7558572112750188e16 1.7558572112750188e16 0 0 0
52 97 3.5002125674261304e16 3.5002125674261304e16 0 0 0
53 97 3.554228869748822e16 3.554228869748822e16 0 0 0
54 97 1.5875996180673094e16 1.5875996180673094e16 0 0 0
55 97 1.3160507985163494e16 1.3160507985163494e16 0 0 0
56 97 1.594364889427711e15 1.594364889427711e15 0 0 0
57 97 9.57186257144526e14 9.57186257144526e14 0 0 0
58 97 7.404420658948434e14 7.404420658948434e14 0 0 0
59 97 5.724602130654349e14 5.724602130654349e14 0 0 0
50 98 2.226781524551883e16 2.226781524551883e16 0 0 0
51 98 2.2284246921959748e16 2.2284246921959748e16 0 0 0
52 98 2.1511651971423932e16 2.1511651971423932e16 0 0 0
53 98 6.258877548132104e15 6.258877548132104e15 0 0 0
54 98 5.76396706798289e15 5.76396706798289e15 0 0 0
55 98 1.4822529229130962e15 1.4822529229130962e15 0 0 0
56 98 1.4330744359693008e15 1.4330744359693008e15 0 0 0
57 98 1.0773592247831121e15 1.0773592247831121e15 0 0 0
58 98 6.271412999543334e14 6.271412999543334e14 0 0 0
59 98 5.113294939363633e14 5.113294939363633e14 0 0 0
50 99 2.946544927361487e16 2.946544927361487e16 0 0 0
51 99 8.633270495252248e15 8.633270495252248e15 0 0 0
52 99 5.231852482591107e15 5.231852482591107e15 0 0 0
53 99 1.0108024840866618e15 1.0108024840866618e15 0 0 0
54 99 9.69126410317574e14 9.69126410317574e14 0 0 0
55 99 9.543543159200215e14 9.543543159200215e14 0 0 0
56 99 1.033420056942017e15 1.033420056942017e15 0 0 0
57 99 1.0475749819591059e15 1.0475749819591059e15 0 0 0
58 99 9.714823911422998e14 9.714823911422998e14 0 0 0
59 99 8.925810594241885e14 8.925810594241885e14 0 0 0
60 90 1.02879943557883e16 1.02879943557883e16 0 0 0
61 90 2.6095052720594496e16 2.6095052720594496e16 0 0 0
62 90 1.3217586418340784e16 1.3217586418340784e16 0 0 0
63 90 1.7430596794166126e16 1.7430596794166126e16 0 0 0
64 90 6.846898036425088e15 6.846898036425088e15 0 0 0
65 90 4.3635206374300355e15 4.3635206374300355e15 0 0 0
66 90 8.359475646364071e14 8.359475646364071e14 0 0 0
67 90 8.31556480889042e13 8.31556480889042e13 0 0 0
68 90 3.0306358435142175e14 3.0306358435142175e14 0 0 0
69 90 4.985450419030091e14 4.985450419030091e14 0 0 0
60 91 2.6979325209266444e16 2.6979325209266444e16 0 0 0
61 91 1.475572882377072e16 1.475572882377072e16 0 0 0
62 91 1.762260116739665e16 1.762260116739665e16 0 0 0
63 91 6.329713161519297e15 6.329713161519297e15 0 0 0
64 91 3.1266234876846e15 3.1266234876846e15 0 0 0
65 91 3.782310181792683e14 3.782310181792683e14 0 0 0
66 91 8.490094892251384e14 8.490094892251384e14 0 0 0
67 91 1.299487578524486e15 1.299487578524486e15 0 0 0
68 91 1.8660853994209295e15 1.8660853994209295e15 0 0 0
69 91 6.0143145834195e14 6.0143145834195e14 0 0 0
60 92 3.1652677358037144e16 3.1652677358037144e16 0 0 0
61 92 1.6186076518694028e16 1.6186076518694028e16 0 0 0
62 92 4.346800677682132e15 4.346800677682132e15 0 0 0
63 92 2.492446574931005e15 2.492446574931005e15 0 0 0
64 92 8.566295423823976e14 8.566295423823976e14 0 0 0
65 92 1.1980038884251112e15 1.1980038884251112e15 0 0 0
66 92 1.5885879459207925e15 1.5885879459207925e15 0 0 0
67 92 1.599069699690139e15 1.599069699690139e15 0 0 0
68 92 8.286786831351302e14 8.286786831351302e14 0 0 0
69 92 8.722381988097558e14 8.722381988097558e14 0 0 0
60 93 1.2108349387970544e16 1.2108349387970544e16 0 0 0
61 93 1.0756345267474438e16 1.0756345267474438e16 0 0 0
62 93 1.4489958311769538e15 1.4489958311769538e15 0 0 0
63 93 1.003351442342813e15 1.003351442342813e15 0 0 0
64 93 9.269150846600725e14 9.269150846600725e14 0 0 0
65 93 3.409621055318237e14 3.409621055318237e14 0 0 0
66 93 3.2914815823914944e14 3.2914815823914944e14 0 0 0
67 93 3.844933224694953e14 3.844933224694953e14 0 0 0
68 93 5.680328715234729e14 5.680328715234729e14 0 0 0
69 93 6.475417911908968e14 6.475417911908968e14 0 0 0
60 94 5.326358011711686e15 5.326358011711686e15 0 0 0
61 94 9.587745696583645e14 9.587745696583645e14 0 0 0
62 94 8.29957407056019e14 8.29957407056019e14 0 0 0
63 94 1.8436069780627538e14 1.8436069780627538e14 0 0 0
64 94 1.4250072801964856e14 1.4250072801964856e14 0 0 0
65 94 1.8196042729335216e14 1.8196042729335216e14 0 0 0
66 94 1.5706570002368834e14 1.5706570002368834e14 0 0 0
67 94 2.129697384286957e14 2.129697384286957e14 0 0 0
68 94 2.7342159960830312e14 2.7342159960830312e14 0 0 0
69 94 3.008005172737267e14 3.008005172737267e14 0 0 0
60 95 1.303028685925838e15 1.303028685925838e15 0 0 0
61 95 9.935319107406644e14 9.935319107406644e14 0 0 0
62 95 3.03543645402701e14 3.03543645402701e14 0 0 0
63 95 2.2268685469767384e14 2.2268685469767384e14 0 0 0
64 95 2.2194788842520744e14 2.2194788842520744e14 0 0 0
65 95 2.4184740280586475e14 2.4184740280586475e14 0 0 0
66 95 1.8312964515219903e14 1.8312964515219903e14 0 0 0
67 95 1.5216486883643347e14 1.5216486883643347e14 0 0 0
68 95 2.5699165946346938e14 2.5699165946346938e14 0 0 0
69 95 2.9017698283670906e14 2.9017698283670906e14 0 0 0
60 96 4.2344580548154106e14 4.2344580548154106e14 0 0 0
61 96 4.306994612761165e14 4.306994612761165e14 0 0 0
62 96 5.115387392515623e14 5.115387392515623e14 0 0 0
63 96 5.296594073803964e14 5.296594073803964e14 0 0 0
64 96 4.320369589664102e14 4.320369589664102e14 0 0 0
65 96 5.3517537874450275e14 5.3517537874450275e14 0 0 0
66 96 4.858897254772047e14 4.858897254772047e14 0 0 0
67 96 6.179299317966928e14 6.179299317966928e14 0 0 0
68 96 4.877916420165846e14 4.877916420165846e14 0 0 0
69 96 6.002296327649636e14 6.002296327649636e14 0 0 0
60 97 8.446003742436019e14 8.446003742436019e14 0 0 0
61 97 8.662487284596408e14 8.662487284596408e14 0 0 0
62 97 9.853142844513875e14 9.853142844513875e14 0 0 0
63 97 9.849958931081726e14 9.849958931081726e14 0 0 0
64 97 1.0409086788124449e15 1.0409086788124449e15 0 0 0
65 97 1.665910559830566e14 1.665910559830566e14 0 0 0
66 97 1.4217444757211253e14 1.4217444757211253e14 0 0 0
67 97 1.839621046201339e14 1.839621046201339e14 0 0 0
68 97 1.991598874013502e14 1.991598874013502e14 0 0 0
69 97 1.31225566012783e14 1.31225566012783e14 0 0 0
60 98 4.1514814592116144e14 4.1514814592116144e14 0 0 0
61 98 3.024221520014359e14 3.024221520014359e14 0 0 0
62 98 2.6169197134019116e14 2.6169197134019116e14 0 0 0
63 98 3.005210655368478e14 3.005210655368478e14 0 0 0
64 98 2.862042954220419e14 2.862042954220419e14 0 0 0
65 98 3.51761498602134e14 3.51761498602134e14 0 0 0
66 98 3.463699201312692e14 3.463699201312692e14 0 0 0
67 98 3.748553038523452e14 3.748553038523452e14 0 0 0
68 98 5.587767419307353e14 5.587767419307353e14 0 0 0
69 98 4.5861171657560506e14 4.5861171657560506e14 0 0 0
60 99 6.627281148373611e14 6.627281148373611e14 0 0 0
61 99 4.743950430936815e14 4.743950430936815e14 0 0 0
62 99 2.887245656944379e14 2.887245656944379e14 0 0 0
63 99 2.5072664556449912e14 2.5072664556449912e14 0 0 0
64 99 1.996012384054605e14 1.996012384054605e14 0 0 0
65 99 2.1832984357735744e14 2.1832984357735744e14 0 0 0
66 99 2.470505695148405e14 2.470505695148405e14 0 0 0
67 99 2.7311744337632253e14 2.7311744337632253e14 0 0 0
68 99 2.477070732383772e14 2.477070732383772e14 0 0 0
69 99 1.9769171363841697e14 1.9769171363841697e14 0 0 0
70 90 7.297295618220248e14 7.297295618220248e14 0 0 0
71 90 1.4086870961925355e15 1.4086870961925355e15 0 0 0
72 90 1.4174028583643685e15 1.4174028583643685e15 0 0 0
73 90 1.6856541446791438e15 1.6856541446791438e15 0 0 0
74 90 1.546007031379589e15 1.546007031379589e15 0 0 0
75 90 1.1728956645529568e15 1.1728956645529568e15 0 0 0
76 90 6.60053450592811e14 6.60053450592811e14 0 0 0
77 90 4.096656527786609e14 4.096656527786609e14 0 0 0
78 90 1.0458682839120774e15 1.0458682839120774e15 0 0 0
79 90 7.334695252560489e14 7.334695252560489e14 0 0 0
70 91 2.1619990874455115e15 2.1619990874455115e15 0 0 0
71 91 7.820628605567691e14 7.820628605567691e14 0 0 0
72 91 2.0023008581647675e15 2.0023008581647675e15 0 0 0
73 91 1.4737766754185155e15 1.4737766754185155e15 0 0 0
74 91 1.021550602943992e15 1.021550602943992e15 0 0 0
75 91 8.199961965403109e14 8.199961965403109e14 0 0 0
76 91 5.828489823368871e14 5.828489823368871e14 0 0 0
77 91 3.3421644825451575e14 3.3421644825451575e14 0 0 0
78 91 2.700615287166579e14 2.700615287166579e14 0 0 0
79 91 2.1358808754583606e14 2.1358808754583606e14 0 0 0
70 92 9.111161602962479e14 9.111161602962479e14 0 0 0
71 92 9.333783458985655e14 9.333783458985655e14 0 0 0
72 92 8.266418801222434e14 8.266418801222434e14 0 0 0
73 92 6.998069798466748e14 6.998069798466748e14 0 0 0
74 92 7.37918662905561e14 7.37918662905561e14 0 0 0
75 92 6.017869455772549e14 6.017869455772549e14 0 0 0
76 92 5.0844464155301825e14 5.0844464155301825e14 0 0 0
77 92 4.080360978905273e14 4.080360978905273e14 0 0 0
78 92 3.789546945049954e14 3.789546945049954e14 0 0 0
79 92 2.884139637266217e14 2.884139637266217e14 0 0 0
70 93 6.752111055220504e14 6.752111055220504e14 0 0 0
71 93 2.390313425650251e14 2.390313425650251e14 0 0 0
72 93 2.2733359791371556e14 2.2733359791371556e14 0 0 0
73 93 2.3075128464671666e14 2.3075128464671666e14 0 0 0
74 93 1.6765172207617728e14 1.6765172207617728e14 0 0 0
75 93 1.9079797644863912e14 1.9079797644863912e14 0 0 0
76 93 1.5482700093699947e14 1.5482700093699947e14 0 0 0
77 93 1.5692810304630375e14 1.5692810304630375e14 0 0 0
78 93 1.617992473918324e14 1.617992473918324e14 0 0 0
79 93 1.2280628629980195e14 1.2280628629980195e14 0 0 0
70 94 3.222242889589465e14 3.222242889589465e14 0 0 0
71 94 3.933431160094905e14 3.933431160094905e14 0 0 0
72 94 4.255491235430463e14 4.255491235430463e14 0 0 0
73 94 7.791586338007953e13 7.791586338007953e13 0 0 0
74 94 9.436381232314225e13 9.436381232314225e13 0 0 0
75 94 8.594457903297888e13 8.594457903297888e13 0 0 0
76 94 9.74956243049239e13 9.74956243049239e13 0 0 0
77 94 9.639998195875617e13 9.639998195875617e13 0 0 0
78 94 6.9304680601892375e13 6.9304680601892375e13 0 0 0
79 94 6.516900341812909e13 6.516900341812909e13 0 0 0
70 95 2.4935357018600716e14 2.4935357018600716e14 0 0 0
71 95 3.509619823271303e14 3.509619823271303e14 0 0 0
72 95 4.518563410926379e14 4.518563410926379e14 0 0 0
73 95 4.6436933166951125e13 4.6436933166951125e13 0 0 0
74 95 4.1411946054779445e13 4.1411946054779445e13 0 0 0
75 95 5.431505309543985e13 5.431505309543985e13 0 0 0
76 95 5.301584208091265e13 5.301584208091265e13 0 0 0
77 95 8.012556282003855e13 8.012556282003855e13 0 0 0
78 95 6.9004101384627016e13 6.9004101384627016e13 0 0 0
79 95 6.286903974576255e13 6.286903974576255e13 0 0 0
70 96 4.4327913067683484e13 4.4327913067683484e13 0 0 0
71 96 3.3291440344673844e13 3.3291440344673844e13 0 0 0
72 96 4.528106411130756e13 4.528106411130756e13 0 0 0
73 96 7.549502028264669e13 7.549502028264669e13 0 0 0
74 96 6.747694795976997e13 6.747694795976997e13 0 0 0
75 96 6.3966628419763625e13 6.3966628419763625e13 0 0 0
76 96 7.897642656884777e13 7.897642656884777e13 0 0 0
77 96 1.1267644751600719e14 1.1267644751600719e14 0 0 0
78 96 1.3253778140908047e14 1.3253778140908047e14 0 0 0
79 96 1.4765154273556625e14 1.4765154273556625e14 0 0 0
70 97 1.9403185151759256e14 1.9403185151759256e14 0 0 0
71 97 2.1910357839669116e14 2.1910357839669116e14 0 0 0
72 97 1.772216383513181e14 1.772216383513181e14 0 0 0
73 97 1.652268285854916e14 1.652268285854916e14 0 0 0
74 97 2.557933039528282e14 2.557933039528282e14 0 0 0
75 97 2.792650473126792e14 2.792650473126792e14 0 0 0
76 97 2.229295684751596e14 2.229295684751596e14 0 0 0
77 97 3.1482886335673894e14 3.1482886335673894e14 0 0 0
78 97 3.1130832859464606e14 3.1130832859464606e14 0 0 0
79 97 2.6041772840232388e14 2.6041772840232388e14 0 0 0
70 98 5.545665222619139e14 5.545665222619139e14 0 0 0
71 98 4.422879825592716e14 4.422879825592716e14 0 0 0
72 98 3.993246308199068e14 3.993246308199068e14 0 0 0
73 98 4.612470262763545e14 4.612470262763545e14 0 0 0
74 98 4.684642242164811e14 4.684642242164811e14 0 0 0
75 98 7.235944949067854e14 7.235944949067854e14 0 0 0
76 98 7.011816730001545e14 7.011816730001545e14 0 0 0
77 98 6.191850470987846e14 6.191850470987846e14 0 0 0
78 98 6.161028128757664e14 6.161028128757664e14 0 0 0
79 98 6.883109421825444e14 6.883109421825444e14 0 0 0
70 99 1.839532894648447e14 1.839532894648447e14 0 0 0
71 99 1.8196654744207e14 1.8196654744207e14 0 0 0
72 99 2.093520295669813e14 2.093520295669813e14 0 0 0
73 99 2.5225191735545388e14 2.5225191735545388e14 0 0 0
74 99 3.127406849784943e14 3.127406849784943e14 0 0 0
75 99 4.0038093842338994e14 4.0038093842338994e14 0 0 0
76 99 3.049553929022839e14 3.049553929022839e14 0 0 0
77 99 3.273651175427e14 3.273651175427e14 0 0 0
78 99 6.620306866662811e14 6.620306866662811e14 0 0 0
79 99 6.642259732073272e14 6.642259732073272e14 0 0 0
80 90 6.815866018131376e14 6.815866018131376e14 0 0 0
81 90 3.781330763194535e14 3.781330763194535e14 0 0 0
82 90 2.1446382041617184e14 2.1446382041617184e14 0 0 0
83 90 1.4957143606297816e14 1.4957143606297816e14 0 0 0
84 90 5.3049757367763706e14 5.3049757367763706e14 0 0 0
85 90 3.7015915823494894e14 3.7015915823494894e14 0 0 0
86 90 2.1647644693228562e14 2.1647644693228562e14 0 0 0
87 90 2.080017237209036e14 2.080017237209036e14 0 0 0
88 90 1.201887985492433e14 1.201887985492433e14 0 0 0
89 90 1.1710865368480827e14 1.1710865368480827e14 0 0 0
80 91 6.331675142063818e14 6.331675142063818e14 0 0 0
81 91 4.9557690074177394e14 4.9557690074177394e14 0 0 0
82 91 3.703069954953013e14 3.703069954953013e14 0 0 0
83 91 2.615075947547251e14 2.615075947547251e14 0 0 0
84 91 1.9778738320037025e14 1.9778738320037025e14 0 0 0
85 91 1.9452890658392828e14 1.9452890658392828e14 0 0 0
86 91 1.0307168971918536e14 1.0307168971918536e14 0 0 0
87 91 1.0874199267983188e14 1.0874199267983188e14 0 0 0
88 91 3.919327895797782e13 3.919327895797782e13 0 0 0
89 91 3.447557789527033e13 3.447557789527033e13 0 0 0
80 92 2.6162881446891272e14 2.6162881446891272e14 0 0 0
81 92 1.8554991388313453e14 1.8554991388313453e14 0 0 0
82 92 1.3285744935331816e14 1.3285744935331816e14 0 0 0
83 92 1.246115702838845e14 1.246115702838845e14 0 0 0
84 92 9.151229909639612e13 9.151229909639612e13 0 0 0
85 92 7.129327352654558e13 7.129327352654558e13 0 0 0
86 92 4.157146000617606e13 4.157146000617606e13 0 0 0
87 92 4.457972818824246e13 4.457972818824246e13 0 0 0
88 92 2.1530701188830164e13 2.1530701188830164e13 0 0 0
89 92 3.904606444470115e14 3.904606444470115e14 0 0 0
80 93 1.1615276520376269e14 1.1615276520376269e14 0 0 0
81 93 1.106966480759231e14 1.106966480759231e14 0 0 0
82 93 9.777917888950547e13 9.777917888950547e13 0 0 0
83 93 8.978968651381153e13 8.978968651381153e13 0 0 0
84 93 3.906295495895532e13 3.906295495895532e13 0 0 0
85 93 4.154268274879385e13 4.154268274879385e13 0 0 0
86 93 3.311368659441186e13 3.311368659441186e13 0 0 0
87 93 1.6583661354621795e13 1.6583661354621795e13 0 0 0
88 93 1.2593651226215781e13 1.2593651226215781e13 0 0 0
89 93 4.6419700733963094e14 4.6419700733963094e14 0 0 0
80 94 8.586194122089647e13 8.586194122089647e13 0 0 0
81 94 7.934154867450161e13 7.934154867450161e13 0 0 0
82 94 8.453471131952861e13 8.453471131952861e13 0 0 0
83 94 4.300541621616769e13 4.300541621616769e13 0 0 0
84 94 3.3914073288221535e13 3.3914073288221535e13 0 0 0
85 94 2.5077032233167742e13 2.5077032233167742e13 0 0 0
86 94 3.489539089183531e13 3.489539089183531e13 0 0 0
87 94 2.169332628429802e13 2.169332628429802e13 0 0 0
88 94 2.571952835376476e13 2.571952835376476e13 0 0 0
89 94 4.998466113650913e14 4.998466113650913e14 0 0 0
80 95 1.0822718008854028e14 1.0822718008854028e14 0 0 0
81 95 1.2443002827173995e14 1.2443002827173995e14 0 0 0
82 95 7.202258659448806e13 7.202258659448806e13 0 0 0
83 95 4.511832915321942e13 4.511832915321942e13 0 0 0
84 95 5.741554037056295e13 5.741554037056295e13 0 0 0
85 95 5.6431297744691695e13 5.6431297744691695e13 0 0 0
86 95 7.908081141716173e13 7.908081141716173e13 0 0 0
87 95 6.784395447103006e13 6.784395447103006e13 0 0 0
88 95 7.430624319325148e14 7.430624319325148e14 0 0 0
89 95 1.1213388383130692e14 1.1213388383130692e14 0 0 0
80 96 1.2274581659156342e14 1.2274581659156342e14 0 0 0
81 96 1.5219757667679072e14 1.5219757667679072e14 0 0 0
82 96 1.2632569658554983e14 1.2632569658554983e14 0 0 0
83 96 2.3578525364118178e14 2.3578525364118178e14 0 0 0
84 96 1.6199715730705672e14 1.6199715730705672e14 0 0 0
85 96 1.7496305708892716e14 1.7496305708892716e14 0 0 0
86 96 2.4818995067137256e14 2.4818995067137256e14 0 0 0
87 96 2.8703805290945694e14 2.8703805290945694e14 0 0 0
88 96 5.298734170960861e14 5.298734170960861e14 0 0 0
89 96 4.5695732251488094e14 4.5695732251488094e14 0 0 0
80 97 2.3441920726142528e14 2.3441920726142528e14 0 0 0
81 97 3.538966723880382e14 3.538966723880382e14 0 0 0
82 97 3.805202471695393e14 3.805202471695393e14 0 0 0
83 97 5.124348905243987e14 5.124348905243987e14 0 0 0
84 97 6.569980013593802e14 6.569980013593802e14 0 0 0
85 97 9.607379069801358e14 9.607379069801358e14 0 0 0
86 97 9.187960904073444e14 9.187960904073444e14 0 0 0
87 97 1.2391622526549855e15 1.2391622526549855e15 0 0 0
88 97 1.2461912636479578e15 1.2461912636479578e15 0 0 0
89 97 4.9285050840149544e14 4.9285050840149544e14 0 0 0
80 98 1.2562255508547966e14 1.2562255508547966e14 0 0 0
81 98 1.4575449420451266e14 1.4575449420451266e14 0 0 0
82 98 2.810098475697622e14 2.810098475697622e14 0 0 0
83 98 3.3458393857357e14 3.3458393857357e14 0 0 0
84 98 5.5683056972920144e14 5.5683056972920144e14 0 0 0
85 98 6.443727403929514e14 6.443727403929514e14 0 0 0
86 98 8.896843178880711e14 8.896843178880711e14 0 0 0
87 98 8.703525904863091e14 8.703525904863091e14 0 0 0
88 98 9.171227856218181e14 9.171227856218181e14 0 0 0
89 98 9.111009930070308e14 9.111009930070308e14 0 0 0
80 99 1.1164224808865099e15 1.1164224808865099e15 0 0 0
81 99 1.1446131704717178e15 1.1446131704717178e15 0 0 0
82 99 1.3766949239651035e15 1.3766949239651035e15 0 0 0
83 99 1.149244955502674e15 1.149244955502674e15 0 0 0
84 99 4.348437235689374e14 4.348437235689374e14 0 0 0
85 99 2.957920341651297e14 2.957920341651297e14 0 0 0
86 99 2.874796007529624e14 2.874796007529624e14 0 0 0
87 99 2.422822473270641e14 2.422822473270641e14 0 0 0
88 99 1.9499721717401062e14 1.9499721717401062e14 0 0 0
89 99 9.615348555908948e14 9.615348555908948e14 0 0 0
90 90 3.1131464445337125e13 3.1131464445337125e13 0 0 0
91 90 2.6803579632465844e13 2.6803579632465844e13 0 0 0
92 90 2.5934336408002375e14 2.5934336408002375e14 0 0 0
93 90 1.3083031884534411e14 1.3083031884534411e14 0 0 0
94 90 6.934201661323229e13 6.934201661323229e13 0 0 0
95 90 3.1736687816839484e13 3.1736687816839484e13 0 0 0
96 90 4.029037579914221e13 4.029037579914221e13 0 0 0
97 90 4.824870852900045e14 4.824870852900045e14 0 0 0
98 90 4.048925474651468e14 4.048925474651468e14 0 0 0
99 90 6.218730729519135e14 6.218730729519135e14 0 0 0
90 91 1.4957737168925535e13 1.4957737168925535e13 0 0 0
91 91 2.7423765461955122e14 2.7423765461955122e14 0 0 0
92 91 1.0755361325987873e14 1.0755361325987873e14 0 0 0
93 91 7.979867797786902e13 7.979867797786902e13 0 0 0
94 91 3.581115284192499e13 3.581115284192499e13 0 0 0
95 91 4.392434414986588e13 4.392434414986588e13 0 0 0
96 91 6.090281389991548e14 6.090281389991548e14 0 0 0
97 91 6.825201437974126e14 6.825201437974126e14 0 0 0
98 91 1.2932814692355444e14 1.2932814692355444e14 0 0 0
99 91 9.891539660300485e14 9.891539660300485e14 0 0 0
90 92 2.0362880637265812e14 2.0362880637265812e14 0 0 0
91 92 2.8717298037545925e14 2.8717298037545925e14 0 0 0
92 92 1.603390279465426e14 1.603390279465426e14 0 0 0
93 92 1.4643309168381703e14 1.4643309168381703e14 0 0 0
94 92 1.4106227589802175e14 1.4106227589802175e14 0 0 0
95 92 1.099468237464784e14 1.099468237464784e14 0 0 0
96 92 1.49353460923897e14 1.49353460923897e14 0 0 0
97 92 2.5977438632234975e14 2.5977438632234975e14 0 0 0
98 92 3.5390225596535656e14 3.5390225596535656e14 0 0 0
99 92 5.4774551678729244e14 5.4774551678729244e14 0 0 0
90 93 3.258706167898902e14 3.258706167898902e14 0 0 0
91 93 2.771418765090441e14 2.771418765090441e14 0 0 0
92 93 1.5704028746670628e14 1.5704028746670628e14 0 0 0
93 93 2.5552647607651122e14 2.5552647607651122e14 0 0 0
94 93 2.124337101195984e14 2.124337101195984e14 0 0 0
95 93 3.193792494431279e14 3.193792494431279e14 0 0 0
96 93 5.265651093876828e14 5.265651093876828e14 0 0 0
97 93 8.034849785744964e14 8.034849785744964e14 0 0 0
98 93 1.1370112504933985e15 1.1370112504933985e15 0 0 0
99 93 3.332236010993426e14 3.332236010993426e14 0 0 0
90 94 4.4581646218569506e14 4.4581646218569506e14 0 0 0
91 94 3.8973607792554394e14 3.8973607792554394e14 0 0 0
92 94 4.713547748851513e14 4.713547748851513e14 0 0 0
93 94 7.913396746375361e14 7.913396746375361e14 0 0 0
94 94 7.162961130821714e14 7.162961130821714e14 0 0 0
95 94 3.062658341802661e14 3.062658341802661e14 0 0 0
96 94 4.40300129481707e14 4.40300129481707e14 0 0 0
97 94 4.1524214897743725e14 4.1524214897743725e14 0 0 0
98 94 6.126945370577641e14 6.126945370577641e14 0 0 0
99 94 5.96753870948914e14 5.96753870948914e14 0 0 0
90 95 1.4440572727253625e14 1.4440572727253625e14 0 0 0
91 95 2.3301220804832222e14 2.3301220804832222e14 0 0 0
92 95 3.004604595446458e14 3.004604595446458e14 0 0 0
93 95 4.354139631579623e14 4.354139631579623e14 0 0 0
94 95 6.973378172910215e14 6.973378172910215e14 0 0 0
95 95 7.979728521770565e14 7.979728521770565e14 0 0 0
96 95 8.333166109614636e14 8.333166109614636e14 0 0 0
97 95 1.0914145699299601e15 1.0914145699299601e15 0 0 0
98 95 7.247637731412326e14 7.247637731412326e14 0 0 0
99 95 4.7965596479574544e14 4.7965596479574544e14 0 0 0
90 96 6.61337221086876e14 6.61337221086876e14 0 0 0
91 96 9.890541985960281e14 9.890541985960281e14 0 0 0
92 96 3.424506762652846e14 3.424506762652846e14 0 0 0
93 96 5.138337619096773e14 5.138337619096773e14 0 0 0
94 96 3.2383023019736156e14 3.2383023019736156e14 0 0 0
95 96 2.05437832891894e14 2.05437832891894e14 0 0 0
96 96 1.3732428598275502e14 1.3732428598275502e14 0 0 0
97 96 8.311875410675266e14 8.311875410675266e14 0 0 0
98 96 5.161697578477842e14 5.161697578477842e14 0 0 0
99 96 3.051311573307958e14 3.051311573307958e14 0 0 0
90 97 5.4539329337551806e14 5.4539329337551806e14 0 0 0
91 97 7.014809865791168e14 7.014809865791168e14 0 0 0
92 97 5.761109682366469e14 5.761109682366469e14 0 0 0
93 97 3.797635480311128e14 3.797635480311128e14 0 0 0
94 97 4.0753487616070106e14 4.0753487616070106e14 0 0 0
95 97 1.8299912086232078e14 1.8299912086232078e14 0 0 0
96 97 1.1192511179337508e14 1.1192511179337508e14 0 0 0
97 97 6.122695029360485e14 6.122695029360485e14 0 0 0
98 97 4.4219813511012406e14 4.4219813511012406e14 0 0 0
99 97 1.855956059712192e14 1.855956059712192e14 0 0 0
90 98 8.401495554787196e14 8.401495554787196e14 0 0 0
91 98 6.588738574005455e14 6.588738574005455e14 0 0 0
92 98 4.1783369992058606e14 4.1783369992058606e14 0 0 0
93 98 2.332984168376765e14 2.332984168376765e14 0 0 0
94 98 1.3188095756818289e14 1.3188095756818289e14 0 0 0
95 98 9.667801430305331e14 9.667801430305331e14 0 0 0
96 98 6.638297744160862e14 6.638297744160862e14 0 0 0
97 98 2.889235394877499e14 2.889235394877499e14 0 0 0
98 98 2.3869511505185072e14 2.3869511505185072e14 0 0 0
99 98 6.76002142831088e14 6.76002142831088e14 0 0 0
90 99 7.8692988640445e14 7.8692988640445e14 0 0 0
91 99 6.104522584468168e14 6.104522584468168e14 0 0 0
92 99 3.579697743855142e14 3.579697743855142e14 0 0 0
93 99 1.4990957909479297e14 1.4990957909479297e14 0 0 0
94 99 7.845342376881008e14 7.845342376881008e14 0 0 0
95 99 5.662160968505096e14 5.662160968505096e14 0 0 0
96 99 2.7437634003181106e14 2.7437634003181106e14 0 0 0
97 99 9.30737195356428e14 9.30737195356428e14 0 0 0
98 99 6.48979901943375e14 6.48979901943375e14 0 0 0
99 99 3.178795513632356e14 3.178795513632356e14 0 0 0
