# SRC: M87
# RA: 12 h 30 m 49.42338180542052 s
# DEC: 0 h 49 m 33.86957740783686 s
# MJD: 57854.02228009328
# RF: 230 GHz
# FOVX: 250 pix 0.00019445011655428801 as
# FOVY: 250 pix 0.00019445011655428801 as
# ------------------------------------
# x (as)       y (as)       I (jy/pixel) Q (jy/pixel) U (jy/pixel)
-9.72251e-5 -9.72251e-5 2.0e-10 0.0 0.0
-9.64473e-5 -9.72251e-5 2.0e-10 0.0 0.0
-9.56695e-5 -9.72251e-5 2.0e-10 0.0 0.0
-9.48917e-5 -9.72251e-5 5.0e-10 0.0 0.0
-9.41139e-5 -9.72251e-5 4.0e-10 0.0 0.0
-9.33361e-5 -9.72251e-5 1.0e-9 0.0 0.0
-9.25583e-5 -9.72251e-5 1.4e-9 0.0 0.0
-9.17805e-5 -9.72251e-5 2.2e-9 0.0 0.0
-9.10027e-5 -9.72251e-5 3.5e-9 0.0 0.0
-9.02249e-5 -9.72251e-5 4.3e-9 0.0 0.0
-8.94471e-5 -9.72251e-5 6.2e-9 0.0 0.0
-8.86693e-5 -9.72251e-5 8.5e-9 0.0 0.0
-8.78915e-5 -9.72251e-5 1.02e-8 0.0 0.0
-8.71137e-5 -9.72251e-5 1.22e-8 0.0 0.0
-8.63359e-5 -9.72251e-5 1.31e-8 0.0 0.0
-8.55581e-5 -9.72251e-5 1.32e-8 0.0 0.0
-8.47803e-5 -9.72251e-5 1.08e-8 0.0 0.0
-8.40025e-5 -9.72251e-5 1.31e-8 0.0 0.0
-8.32246e-5 -9.72251e-5 2.96e-8 0.0 0.0
-8.24468e-5 -9.72251e-5 8.1e-9 0.0 0.0
-8.1669e-5 -9.72251e-5 1.092e-7 0.0 0.0
-8.08912e-5 -9.72251e-5 1.84e-8 0.0 0.0
-8.01134e-5 -9.72251e-5 5.493e-7 0.0 0.0
-7.93356e-5 -9.72251e-5 1.064e-7 0.0 0.0
-7.85578e-5 -9.72251e-5 7.059e-7 0.0 0.0
-7.778e-5 -9.72251e-5 3.36e-7 0.0 0.0
-7.70022e-5 -9.72251e-5 9.972e-7 0.0 0.0
-7.62244e-5 -9.72251e-5 2.0971e-5 0.0 0.0
-7.54466e-5 -9.72251e-5 3.3015e-6 0.0 0.0
-7.46688e-5 -9.72251e-5 2.19215e-5 0.0 0.0
-7.3891e-5 -9.72251e-5 5.6783e-6 0.0 0.0
-7.31132e-5 -9.72251e-5 3.09075e-5 0.0 0.0
-7.23354e-5 -9.72251e-5 1.09033e-5 0.0 0.0
-7.15576e-5 -9.72251e-5 2.83953e-5 0.0 0.0
-7.07798e-5 -9.72251e-5 6.59161e-5 0.0 0.0
-7.0002e-5 -9.72251e-5 4.94156e-5 0.0 0.0
-6.92242e-5 -9.72251e-5 7.43005e-5 0.0 0.0
-6.84464e-5 -9.72251e-5 4.67136e-5 0.0 0.0
-6.76686e-5 -9.72251e-5 9.32246e-5 0.0 0.0
-6.68908e-5 -9.72251e-5 3.66657e-5 0.0 0.0
-6.6113e-5 -9.72251e-5 0.0001098465 0.0 0.0
-6.53352e-5 -9.72251e-5 6.02786e-5 0.0 0.0
-6.45574e-5 -9.72251e-5 0.0001202409 0.0 0.0
-6.37796e-5 -9.72251e-5 7.16361e-5 0.0 0.0
-6.30018e-5 -9.72251e-5 0.000130463 0.0 0.0
-6.2224e-5 -9.72251e-5 6.46052e-5 0.0 0.0
-6.14462e-5 -9.72251e-5 0.0001386471 0.0 0.0
-6.06684e-5 -9.72251e-5 6.91422e-5 0.0 0.0
-5.98906e-5 -9.72251e-5 0.0001476621 0.0 0.0
-5.91128e-5 -9.72251e-5 7.92799e-5 0.0 0.0
-5.8335e-5 -9.72251e-5 0.0001349444 0.0 0.0
-5.75572e-5 -9.72251e-5 0.000102306 0.0 0.0
-5.67794e-5 -9.72251e-5 0.0001996988 0.0 0.0
-5.60016e-5 -9.72251e-5 0.0001216378 0.0 0.0
-5.52238e-5 -9.72251e-5 0.000209772 0.0 0.0
-5.4446e-5 -9.72251e-5 0.0001603553 0.0 0.0
-5.36682e-5 -9.72251e-5 6.67773e-5 0.0 0.0
-5.28904e-5 -9.72251e-5 0.000170732 0.0 0.0
-5.21126e-5 -9.72251e-5 5.56674e-5 0.0 0.0
-5.13348e-5 -9.72251e-5 0.0001558182 0.0 0.0
-5.0557e-5 -9.72251e-5 8.09579e-5 0.0 0.0
-4.97792e-5 -9.72251e-5 3.06447e-5 0.0 0.0
-4.90014e-5 -9.72251e-5 8.75979e-5 0.0 0.0
-4.82236e-5 -9.72251e-5 3.00121e-5 0.0 0.0
-4.74458e-5 -9.72251e-5 8.81337e-5 0.0 0.0
-4.6668e-5 -9.72251e-5 2.45456e-5 0.0 0.0
-4.58902e-5 -9.72251e-5 7.6899e-6 0.0 0.0
-4.51124e-5 -9.72251e-5 2.16568e-5 0.0 0.0
-4.43346e-5 -9.72251e-5 6.4248e-6 0.0 0.0
-4.35568e-5 -9.72251e-5 2.388e-7 0.0 0.0
-4.2779e-5 -9.72251e-5 2.7592e-6 0.0 0.0
-4.20012e-5 -9.72251e-5 2.354e-7 0.0 0.0
-4.12234e-5 -9.72251e-5 4.4e-9 0.0 0.0
-4.04456e-5 -9.72251e-5 3.66e-7 0.0 0.0
-3.96678e-5 -9.72251e-5 4.2e-9 0.0 0.0
-3.889e-5 -9.72251e-5 0.0 0.0 0.0
-3.81122e-5 -9.72251e-5 5.1e-9 0.0 0.0
-3.73344e-5 -9.72251e-5 0.0 0.0 0.0
-3.65566e-5 -9.72251e-5 0.0 0.0 0.0
-3.57788e-5 -9.72251e-5 0.0 0.0 0.0
-3.5001e-5 -9.72251e-5 0.0 0.0 0.0
-3.42232e-5 -9.72251e-5 0.0 0.0 0.0
-3.34454e-5 -9.72251e-5 0.0 0.0 0.0
-3.26676e-5 -9.72251e-5 0.0 0.0 0.0
-3.18898e-5 -9.72251e-5 0.0 0.0 0.0
-3.1112e-5 -9.72251e-5 0.0 0.0 0.0
-3.03342e-5 -9.72251e-5 0.0 0.0 0.0
-2.95564e-5 -9.72251e-5 0.0 0.0 0.0
-2.87786e-5 -9.72251e-5 0.0 0.0 0.0
-2.80008e-5 -9.72251e-5 0.0 0.0 0.0
-2.7223e-5 -9.72251e-5 0.0 0.0 0.0
-2.64452e-5 -9.72251e-5 0.0 0.0 0.0
-2.56674e-5 -9.72251e-5 0.0 0.0 0.0
-2.48896e-5 -9.72251e-5 0.0 0.0 0.0
-2.41118e-5 -9.72251e-5 0.0 0.0 0.0
-2.3334e-5 -9.72251e-5 0.0 0.0 0.0
-2.25562e-5 -9.72251e-5 0.0 0.0 0.0
-2.17784e-5 -9.72251e-5 0.0 0.0 0.0
-2.10006e-5 -9.72251e-5 2.0e-10 0.0 0.0
-2.02228e-5 -9.72251e-5 4.0e-10 0.0 0.0
-1.9445e-5 -9.72251e-5 8.0e-10 0.0 0.0
-1.86672e-5 -9.72251e-5 8.0e-10 0.0 0.0
-1.78894e-5 -9.72251e-5 8.0e-10 0.0 0.0
-1.71116e-5 -9.72251e-5 4.0e-10 0.0 0.0
-1.63338e-5 -9.72251e-5 1.0e-10 0.0 0.0
-1.5556e-5 -9.72251e-5 0.0 0.0 0.0
-1.47782e-5 -9.72251e-5 0.0 0.0 0.0
-1.40004e-5 -9.72251e-5 0.0 0.0 0.0
-1.32226e-5 -9.72251e-5 0.0 0.0 0.0
-1.24448e-5 -9.72251e-5 0.0 0.0 0.0
-1.1667e-5 -9.72251e-5 0.0 0.0 0.0
-1.08892e-5 -9.72251e-5 0.0 0.0 0.0
-1.01114e-5 -9.72251e-5 0.0 0.0 0.0
-9.3336e-6 -9.72251e-5 0.0 0.0 0.0
-8.5558e-6 -9.72251e-5 0.0 0.0 0.0
-7.778e-6 -9.72251e-5 0.0 0.0 0.0
-7.0002e-6 -9.72251e-5 0.0 0.0 0.0
-6.2224e-6 -9.72251e-5 0.0 0.0 0.0
-5.4446e-6 -9.72251e-5 0.0 0.0 0.0
-4.6668e-6 -9.72251e-5 0.0 0.0 0.0
-3.889e-6 -9.72251e-5 0.0 0.0 0.0
-3.1112e-6 -9.72251e-5 0.0 0.0 0.0
-2.3334e-6 -9.72251e-5 0.0 0.0 0.0
-1.5556e-6 -9.72251e-5 0.0 0.0 0.0
-7.778e-7 -9.72251e-5 0.0 0.0 0.0
0.0 -9.72251e-5 0.0 0.0 0.0
7.778e-7 -9.72251e-5 0.0 0.0 0.0
1.5556e-6 -9.72251e-5 0.0 0.0 0.0
2.3334e-6 -9.72251e-5 0.0 0.0 0.0
3.1112e-6 -9.72251e-5 0.0 0.0 0.0
3.889e-6 -9.72251e-5 0.0 0.0 0.0
4.6668e-6 -9.72251e-5 0.0 0.0 0.0
5.4446e-6 -9.72251e-5 0.0 0.0 0.0
6.2224e-6 -9.72251e-5 0.0 0.0 0.0
7.0002e-6 -9.72251e-5 0.0 0.0 0.0
7.778e-6 -9.72251e-5 0.0 0.0 0.0
8.5558e-6 -9.72251e-5 0.0 0.0 0.0
9.3336e-6 -9.72251e-5 0.0 0.0 0.0
1.01114e-5 -9.72251e-5 0.0 0.0 0.0
1.08892e-5 -9.72251e-5 0.0 0.0 0.0
1.1667e-5 -9.72251e-5 0.0 0.0 0.0
1.24448e-5 -9.72251e-5 0.0 0.0 0.0
1.32226e-5 -9.72251e-5 0.0 0.0 0.0
1.40004e-5 -9.72251e-5 0.0 0.0 0.0
1.47782e-5 -9.72251e-5 0.0 0.0 0.0
1.5556e-5 -9.72251e-5 0.0 0.0 0.0
1.63338e-5 -9.72251e-5 0.0 0.0 0.0
1.71116e-5 -9.72251e-5 0.0 0.0 0.0
1.78894e-5 -9.72251e-5 0.0 0.0 0.0
1.86672e-5 -9.72251e-5 0.0 0.0 0.0
-9.72251e-5 -9.64473e-5 6.0e-10 0.0 0.0
-9.64473e-5 -9.64473e-5 7.0e-10 0.0 0.0
-9.56695e-5 -9.64473e-5 1.3e-9 0.0 0.0
-9.48917e-5 -9.64473e-5 1.5e-9 0.0 0.0
-9.41139e-5 -9.64473e-5 2.9e-9 0.0 0.0
-9.33361e-5 -9.64473e-5 4.7e-9 0.0 0.0
-9.25583e-5 -9.64473e-5 5.9e-9 0.0 0.0
-9.17805e-5 -9.64473e-5 9.0e-9 0.0 0.0
-9.10027e-5 -9.64473e-5 1.4e-8 0.0 0.0
-9.02249e-5 -9.64473e-5 1.72e-8 0.0 0.0
-8.94471e-5 -9.64473e-5 2.08e-8 0.0 0.0
-8.86693e-5 -9.64473e-5 2.67e-8 0.0 0.0
-8.78915e-5 -9.64473e-5 3.01e-8 0.0 0.0
-8.71137e-5 -9.64473e-5 4.22e-8 0.0 0.0
-8.63359e-5 -9.64473e-5 2.65e-8 0.0 0.0
-8.55581e-5 -9.64473e-5 1.649e-7 0.0 0.0
-8.47803e-5 -9.64473e-5 4.28e-8 0.0 0.0
-8.40025e-5 -9.64473e-5 3.682e-7 0.0 0.0
-8.32246e-5 -9.64473e-5 1.919e-7 0.0 0.0
-8.24468e-5 -9.64473e-5 8.8e-7 0.0 0.0
-8.1669e-5 -9.64473e-5 5.468e-7 0.0 0.0
-8.08912e-5 -9.64473e-5 2.0662e-6 0.0 0.0
-8.01134e-5 -9.64473e-5 1.83276e-5 0.0 0.0
-7.93356e-5 -9.64473e-5 7.9592e-6 0.0 0.0
-7.85578e-5 -9.64473e-5 2.30199e-5 0.0 0.0
-7.778e-5 -9.64473e-5 1.06794e-5 0.0 0.0
-7.70022e-5 -9.64473e-5 3.24797e-5 0.0 0.0
-7.62244e-5 -9.64473e-5 5.59232e-5 0.0 0.0
-7.54466e-5 -9.64473e-5 4.22697e-5 0.0 0.0
-7.46688e-5 -9.64473e-5 7.70744e-5 0.0 0.0
-7.3891e-5 -9.64473e-5 5.11641e-5 0.0 0.0
-7.31132e-5 -9.64473e-5 0.0001049368 0.0 0.0
-7.23354e-5 -9.64473e-5 6.47381e-5 0.0 0.0
-7.15576e-5 -9.64473e-5 9.9784e-5 0.0 0.0
-7.07798e-5 -9.64473e-5 0.000190953 0.0 0.0
-7.0002e-5 -9.64473e-5 0.0001380443 0.0 0.0
-6.92242e-5 -9.64473e-5 0.0002079452 0.0 0.0
-6.84464e-5 -9.64473e-5 0.0001549096 0.0 0.0
-6.76686e-5 -9.64473e-5 0.0002392422 0.0 0.0
-6.68908e-5 -9.64473e-5 0.0001480699 0.0 0.0
-6.6113e-5 -9.64473e-5 0.0002343686 0.0 0.0
-6.53352e-5 -9.64473e-5 0.0001872891 0.0 0.0
-6.45574e-5 -9.64473e-5 0.0002748872 0.0 0.0
-6.37796e-5 -9.64473e-5 0.0001811423 0.0 0.0
-6.30018e-5 -9.64473e-5 0.0002641491 0.0 0.0
-6.2224e-5 -9.64473e-5 0.0001953891 0.0 0.0
-6.14462e-5 -9.64473e-5 0.0002686219 0.0 0.0
-6.06684e-5 -9.64473e-5 0.0001870752 0.0 0.0
-5.98906e-5 -9.64473e-5 0.0002830375 0.0 0.0
-5.91128e-5 -9.64473e-5 0.0002170333 0.0 0.0
-5.8335e-5 -9.64473e-5 0.0003345947 0.0 0.0
-5.75572e-5 -9.64473e-5 0.0002322641 0.0 0.0
-5.67794e-5 -9.64473e-5 0.0003741686 0.0 0.0
-5.60016e-5 -9.64473e-5 0.0002715329 0.0 0.0
-5.52238e-5 -9.64473e-5 0.0004091794 0.0 0.0
-5.4446e-5 -9.64473e-5 0.0003113456 0.0 0.0
-5.36682e-5 -9.64473e-5 0.0002304216 0.0 0.0
-5.28904e-5 -9.64473e-5 0.0003253421 0.0 0.0
-5.21126e-5 -9.64473e-5 0.000232105 0.0 0.0
-5.13348e-5 -9.64473e-5 0.0003497699 0.0 0.0
-5.0557e-5 -9.64473e-5 0.0002348636 0.0 0.0
-4.97792e-5 -9.64473e-5 0.0001320032 0.0 0.0
-4.90014e-5 -9.64473e-5 0.0002258543 0.0 0.0
-4.82236e-5 -9.64473e-5 0.000134871 0.0 0.0
-4.74458e-5 -9.64473e-5 0.0001982585 0.0 0.0
-4.6668e-5 -9.64473e-5 0.0001234038 0.0 0.0
-4.58902e-5 -9.64473e-5 6.19705e-5 0.0 0.0
-4.51124e-5 -9.64473e-5 9.67362e-5 0.0 0.0
-4.43346e-5 -9.64473e-5 2.72436e-5 0.0 0.0
-4.35568e-5 -9.64473e-5 1.03412e-5 0.0 0.0
-4.2779e-5 -9.64473e-5 2.47156e-5 0.0 0.0
-4.20012e-5 -9.64473e-5 3.8974e-6 0.0 0.0
-4.12234e-5 -9.64473e-5 6.437e-7 0.0 0.0
-4.04456e-5 -9.64473e-5 1.8513e-6 0.0 0.0
-3.96678e-5 -9.64473e-5 3.329e-7 0.0 0.0
-3.889e-5 -9.64473e-5 1.06e-8 0.0 0.0
-3.81122e-5 -9.64473e-5 5.658e-7 0.0 0.0
-3.73344e-5 -9.64473e-5 7.8e-9 0.0 0.0
-3.65566e-5 -9.64473e-5 1.0e-10 0.0 0.0
-3.57788e-5 -9.64473e-5 1.2e-9 0.0 0.0
-3.5001e-5 -9.64473e-5 0.0 0.0 0.0
-3.42232e-5 -9.64473e-5 0.0 0.0 0.0
-3.34454e-5 -9.64473e-5 0.0 0.0 0.0
-3.26676e-5 -9.64473e-5 0.0 0.0 0.0
-3.18898e-5 -9.64473e-5 0.0 0.0 0.0
-3.1112e-5 -9.64473e-5 0.0 0.0 0.0
-3.03342e-5 -9.64473e-5 0.0 0.0 0.0
-2.95564e-5 -9.64473e-5 0.0 0.0 0.0
-2.87786e-5 -9.64473e-5 0.0 0.0 0.0
-2.80008e-5 -9.64473e-5 0.0 0.0 0.0
-2.7223e-5 -9.64473e-5 0.0 0.0 0.0
-2.64452e-5 -9.64473e-5 0.0 0.0 0.0
-2.56674e-5 -9.64473e-5 0.0 0.0 0.0
-2.48896e-5 -9.64473e-5 0.0 0.0 0.0
-2.41118e-5 -9.64473e-5 0.0 0.0 0.0
-2.3334e-5 -9.64473e-5 0.0 0.0 0.0
-2.25562e-5 -9.64473e-5 0.0 0.0 0.0
-2.17784e-5 -9.64473e-5 0.0 0.0 0.0
-2.10006e-5 -9.64473e-5 0.0 0.0 0.0
-2.02228e-5 -9.64473e-5 2.0e-10 0.0 0.0
-1.9445e-5 -9.64473e-5 6.0e-10 0.0 0.0
-1.86672e-5 -9.64473e-5 9.0e-10 0.0 0.0
-1.78894e-5 -9.64473e-5 1.2e-9 0.0 0.0
-1.71116e-5 -9.64473e-5 8.0e-10 0.0 0.0
-1.63338e-5 -9.64473e-5 5.0e-10 0.0 0.0
-1.5556e-5 -9.64473e-5 1.0e-10 0.0 0.0
-1.47782e-5 -9.64473e-5 0.0 0.0 0.0
-1.40004e-5 -9.64473e-5 0.0 0.0 0.0
-1.32226e-5 -9.64473e-5 0.0 0.0 0.0
-1.24448e-5 -9.64473e-5 0.0 0.0 0.0
-1.1667e-5 -9.64473e-5 0.0 0.0 0.0
-1.08892e-5 -9.64473e-5 0.0 0.0 0.0
-1.01114e-5 -9.64473e-5 0.0 0.0 0.0
-9.3336e-6 -9.64473e-5 0.0 0.0 0.0
-8.5558e-6 -9.64473e-5 0.0 0.0 0.0
-7.778e-6 -9.64473e-5 0.0 0.0 0.0
-7.0002e-6 -9.64473e-5 0.0 0.0 0.0
-6.2224e-6 -9.64473e-5 0.0 0.0 0.0
-5.4446e-6 -9.64473e-5 0.0 0.0 0.0
-4.6668e-6 -9.64473e-5 0.0 0.0 0.0
-3.889e-6 -9.64473e-5 0.0 0.0 0.0
-3.1112e-6 -9.64473e-5 0.0 0.0 0.0
-2.3334e-6 -9.64473e-5 0.0 0.0 0.0
-1.5556e-6 -9.64473e-5 0.0 0.0 0.0
-7.778e-7 -9.64473e-5 0.0 0.0 0.0
0.0 -9.64473e-5 0.0 0.0 0.0
7.778e-7 -9.64473e-5 0.0 0.0 0.0
1.5556e-6 -9.64473e-5 0.0 0.0 0.0
2.3334e-6 -9.64473e-5 0.0 0.0 0.0
3.1112e-6 -9.64473e-5 0.0 0.0 0.0
3.889e-6 -9.64473e-5 0.0 0.0 0.0
4.6668e-6 -9.64473e-5 0.0 0.0 0.0
5.4446e-6 -9.64473e-5 0.0 0.0 0.0
6.2224e-6 -9.64473e-5 0.0 0.0 0.0
7.0002e-6 -9.64473e-5 0.0 0.0 0.0
7.778e-6 -9.64473e-5 0.0 0.0 0.0
8.5558e-6 -9.64473e-5 0.0 0.0 0.0
9.3336e-6 -9.64473e-5 0.0 0.0 0.0
1.01114e-5 -9.64473e-5 0.0 0.0 0.0
1.08892e-5 -9.64473e-5 0.0 0.0 0.0
1.1667e-5 -9.64473e-5 0.0 0.0 0.0
1.24448e-5 -9.64473e-5 0.0 0.0 0.0
1.32226e-5 -9.64473e-5 0.0 0.0 0.0
1.40004e-5 -9.64473e-5 0.0 0.0 0.0
1.47782e-5 -9.64473e-5 0.0 0.0 0.0
1.5556e-5 -9.64473e-5 0.0 0.0 0.0
1.63338e-5 -9.64473e-5 0.0 0.0 0.0
1.71116e-5 -9.64473e-5 0.0 0.0 0.0
1.78894e-5 -9.64473e-5 0.0 0.0 0.0
1.86672e-5 -9.64473e-5 0.0 0.0 0.0
-9.72251e-5 -9.56695e-5 1.5e-9 0.0 0.0
-9.64473e-5 -9.56695e-5 2.9e-9 0.0 0.0
-9.56695e-5 -9.56695e-5 4.2e-9 0.0 0.0
-9.48917e-5 -9.56695e-5 5.5e-9 0.0 0.0
-9.41139e-5 -9.56695e-5 8.1e-9 0.0 0.0
-9.33361e-5 -9.56695e-5 1.13e-8 0.0 0.0
-9.25583e-5 -9.56695e-5 1.63e-8 0.0 0.0
-9.17805e-5 -9.56695e-5 2.22e-8 0.0 0.0
-9.10027e-5 -9.56695e-5 2.93e-8 0.0 0.0
-9.02249e-5 -9.56695e-5 3.57e-8 0.0 0.0
-8.94471e-5 -9.56695e-5 4.13e-8 0.0 0.0
-8.86693e-5 -9.56695e-5 5.38e-8 0.0 0.0
-8.78915e-5 -9.56695e-5 2.378e-7 0.0 0.0
-8.71137e-5 -9.56695e-5 9.81e-8 0.0 0.0
-8.63359e-5 -9.56695e-5 6.285e-7 0.0 0.0
-8.55581e-5 -9.56695e-5 5.6931e-6 0.0 0.0
-8.47803e-5 -9.56695e-5 2.1071e-6 0.0 0.0
-8.40025e-5 -9.56695e-5 1.54032e-5 0.0 0.0
-8.32246e-5 -9.56695e-5 4.2371e-6 0.0 0.0
-8.24468e-5 -9.56695e-5 2.08694e-5 0.0 0.0
-8.1669e-5 -9.56695e-5 7.7651e-6 0.0 0.0
-8.08912e-5 -9.56695e-5 2.56989e-5 0.0 0.0
-8.01134e-5 -9.56695e-5 1.96491e-5 0.0 0.0
-7.93356e-5 -9.56695e-5 3.86012e-5 0.0 0.0
-7.85578e-5 -9.56695e-5 8.12098e-5 0.0 0.0
-7.778e-5 -9.56695e-5 5.62128e-5 0.0 0.0
-7.70022e-5 -9.56695e-5 0.0001074299 0.0 0.0
-7.62244e-5 -9.56695e-5 0.0001448218 0.0 0.0
-7.54466e-5 -9.56695e-5 0.0001171129 0.0 0.0
-7.46688e-5 -9.56695e-5 0.0001849237 0.0 0.0
-7.3891e-5 -9.56695e-5 0.0001601349 0.0 0.0
-7.31132e-5 -9.56695e-5 0.0002139121 0.0 0.0
-7.23354e-5 -9.56695e-5 0.0001739179 0.0 0.0
-7.15576e-5 -9.56695e-5 0.0002590264 0.0 0.0
-7.07798e-5 -9.56695e-5 0.0001969678 0.0 0.0
-7.0002e-5 -9.56695e-5 0.0002817215 0.0 0.0
-6.92242e-5 -9.56695e-5 0.0003657337 0.0 0.0
-6.84464e-5 -9.56695e-5 0.0003209419 0.0 0.0
-6.76686e-5 -9.56695e-5 0.0004080295 0.0 0.0
-6.68908e-5 -9.56695e-5 0.0003465415 0.0 0.0
-6.6113e-5 -9.56695e-5 0.0004442471 0.0 0.0
-6.53352e-5 -9.56695e-5 0.0003548889 0.0 0.0
-6.45574e-5 -9.56695e-5 0.0004687989 0.0 0.0
-6.37796e-5 -9.56695e-5 0.0003491252 0.0 0.0
-6.30018e-5 -9.56695e-5 0.0004305059 0.0 0.0
-6.2224e-5 -9.56695e-5 0.0003560383 0.0 0.0
-6.14462e-5 -9.56695e-5 0.0004338734 0.0 0.0
-6.06684e-5 -9.56695e-5 0.0003471168 0.0 0.0
-5.98906e-5 -9.56695e-5 0.0004724096 0.0 0.0
-5.91128e-5 -9.56695e-5 0.0003697095 0.0 0.0
-5.8335e-5 -9.56695e-5 0.0005220296 0.0 0.0
-5.75572e-5 -9.56695e-5 0.0003902178 0.0 0.0
-5.67794e-5 -9.56695e-5 0.0005597499 0.0 0.0
-5.60016e-5 -9.56695e-5 0.0004182675 0.0 0.0
-5.52238e-5 -9.56695e-5 0.0003351536 0.0 0.0
-5.4446e-5 -9.56695e-5 0.0004768742 0.0 0.0
-5.36682e-5 -9.56695e-5 0.0003747061 0.0 0.0
-5.28904e-5 -9.56695e-5 0.000279975 0.0 0.0
-5.21126e-5 -9.56695e-5 0.0004057606 0.0 0.0
-5.13348e-5 -9.56695e-5 0.0002876688 0.0 0.0
-5.0557e-5 -9.56695e-5 0.0004008693 0.0 0.0
-4.97792e-5 -9.56695e-5 0.0002819992 0.0 0.0
-4.90014e-5 -9.56695e-5 0.0004156683 0.0 0.0
-4.82236e-5 -9.56695e-5 0.0002593172 0.0 0.0
-4.74458e-5 -9.56695e-5 0.0004030071 0.0 0.0
-4.6668e-5 -9.56695e-5 0.0002605076 0.0 0.0
-4.58902e-5 -9.56695e-5 0.0001860108 0.0 0.0
-4.51124e-5 -9.56695e-5 0.0002513227 0.0 0.0
-4.43346e-5 -9.56695e-5 0.0001516938 0.0 0.0
-4.35568e-5 -9.56695e-5 0.0002111205 0.0 0.0
-4.2779e-5 -9.56695e-5 0.0001026477 0.0 0.0
-4.20012e-5 -9.56695e-5 3.38715e-5 0.0 0.0
-4.12234e-5 -9.56695e-5 6.2822e-5 0.0 0.0
-4.04456e-5 -9.56695e-5 2.17376e-5 0.0 0.0
-3.96678e-5 -9.56695e-5 6.2083e-6 0.0 0.0
-3.889e-5 -9.56695e-5 1.50326e-5 0.0 0.0
-3.81122e-5 -9.56695e-5 3.4126e-6 0.0 0.0
-3.73344e-5 -9.56695e-5 2.551e-7 0.0 0.0
-3.65566e-5 -9.56695e-5 2.888e-6 0.0 0.0
-3.57788e-5 -9.56695e-5 7.71e-8 0.0 0.0
-3.5001e-5 -9.56695e-5 3.1e-9 0.0 0.0
-3.42232e-5 -9.56695e-5 7.8e-9 0.0 0.0
-3.34454e-5 -9.56695e-5 3.0e-10 0.0 0.0
-3.26676e-5 -9.56695e-5 0.0 0.0 0.0
-3.18898e-5 -9.56695e-5 0.0 0.0 0.0
-3.1112e-5 -9.56695e-5 0.0 0.0 0.0
-3.03342e-5 -9.56695e-5 0.0 0.0 0.0
-2.95564e-5 -9.56695e-5 0.0 0.0 0.0
-2.87786e-5 -9.56695e-5 0.0 0.0 0.0
-2.80008e-5 -9.56695e-5 0.0 0.0 0.0
-2.7223e-5 -9.56695e-5 0.0 0.0 0.0
-2.64452e-5 -9.56695e-5 0.0 0.0 0.0
-2.56674e-5 -9.56695e-5 0.0 0.0 0.0
-2.48896e-5 -9.56695e-5 0.0 0.0 0.0
-2.41118e-5 -9.56695e-5 0.0 0.0 0.0
-2.3334e-5 -9.56695e-5 0.0 0.0 0.0
-2.25562e-5 -9.56695e-5 0.0 0.0 0.0
-2.17784e-5 -9.56695e-5 0.0 0.0 0.0
-2.10006e-5 -9.56695e-5 0.0 0.0 0.0
-2.02228e-5 -9.56695e-5 0.0 0.0 0.0
-1.9445e-5 -9.56695e-5 3.0e-10 0.0 0.0
-1.86672e-5 -9.56695e-5 7.0e-10 0.0 0.0
-1.78894e-5 -9.56695e-5 1.2e-9 0.0 0.0
-1.71116e-5 -9.56695e-5 1.2e-9 0.0 0.0
-1.63338e-5 -9.56695e-5 9.0e-10 0.0 0.0
-1.5556e-5 -9.56695e-5 3.0e-10 0.0 0.0
-1.47782e-5 -9.56695e-5 0.0 0.0 0.0
-1.40004e-5 -9.56695e-5 0.0 0.0 0.0
-1.32226e-5 -9.56695e-5 0.0 0.0 0.0
-1.24448e-5 -9.56695e-5 0.0 0.0 0.0
-1.1667e-5 -9.56695e-5 0.0 0.0 0.0
-1.08892e-5 -9.56695e-5 0.0 0.0 0.0
-1.01114e-5 -9.56695e-5 0.0 0.0 0.0
-9.3336e-6 -9.56695e-5 0.0 0.0 0.0
-8.5558e-6 -9.56695e-5 0.0 0.0 0.0
-7.778e-6 -9.56695e-5 0.0 0.0 0.0
-7.0002e-6 -9.56695e-5 0.0 0.0 0.0
-6.2224e-6 -9.56695e-5 0.0 0.0 0.0
-5.4446e-6 -9.56695e-5 0.0 0.0 0.0
-4.6668e-6 -9.56695e-5 0.0 0.0 0.0
-3.889e-6 -9.56695e-5 0.0 0.0 0.0
-3.1112e-6 -9.56695e-5 0.0 0.0 0.0
-2.3334e-6 -9.56695e-5 0.0 0.0 0.0
-1.5556e-6 -9.56695e-5 0.0 0.0 0.0
-7.778e-7 -9.56695e-5 0.0 0.0 0.0
0.0 -9.56695e-5 0.0 0.0 0.0
7.778e-7 -9.56695e-5 0.0 0.0 0.0
1.5556e-6 -9.56695e-5 0.0 0.0 0.0
2.3334e-6 -9.56695e-5 0.0 0.0 0.0
3.1112e-6 -9.56695e-5 0.0 0.0 0.0
3.889e-6 -9.56695e-5 0.0 0.0 0.0
4.6668e-6 -9.56695e-5 0.0 0.0 0.0
5.4446e-6 -9.56695e-5 0.0 0.0 0.0
6.2224e-6 -9.56695e-5 0.0 0.0 0.0
7.0002e-6 -9.56695e-5 0.0 0.0 0.0
7.778e-6 -9.56695e-5 0.0 0.0 0.0
8.5558e-6 -9.56695e-5 0.0 0.0 0.0
9.3336e-6 -9.56695e-5 0.0 0.0 0.0
1.01114e-5 -9.56695e-5 0.0 0.0 0.0
1.08892e-5 -9.56695e-5 0.0 0.0 0.0
1.1667e-5 -9.56695e-5 0.0 0.0 0.0
1.24448e-5 -9.56695e-5 0.0 0.0 0.0
1.32226e-5 -9.56695e-5 0.0 0.0 0.0
1.40004e-5 -9.56695e-5 0.0 0.0 0.0
1.47782e-5 -9.56695e-5 0.0 0.0 0.0
1.5556e-5 -9.56695e-5 0.0 0.0 0.0
1.63338e-5 -9.56695e-5 0.0 0.0 0.0
1.71116e-5 -9.56695e-5 0.0 0.0 0.0
1.78894e-5 -9.56695e-5 0.0 0.0 0.0
1.86672e-5 -9.56695e-5 0.0 0.0 0.0
-9.72251e-5 -9.48917e-5 3.6e-9 0.0 0.0
-9.64473e-5 -9.48917e-5 5.5e-9 0.0 0.0
-9.56695e-5 -9.48917e-5 7.1e-9 0.0 0.0
-9.48917e-5 -9.48917e-5 1.12e-8 0.0 0.0
-9.41139e-5 -9.48917e-5 1.54e-8 0.0 0.0
-9.33361e-5 -9.48917e-5 1.9e-8 0.0 0.0
-9.25583e-5 -9.48917e-5 2.63e-8 0.0 0.0
-9.17805e-5 -9.48917e-5 3.26e-8 0.0 0.0
-9.10027e-5 -9.48917e-5 4.68e-8 0.0 0.0
-9.02249e-5 -9.48917e-5 1.899e-7 0.0 0.0
-8.94471e-5 -9.48917e-5 8.54e-8 0.0 0.0
-8.86693e-5 -9.48917e-5 6.599e-7 0.0 0.0
-8.78915e-5 -9.48917e-5 6.878e-7 0.0 0.0
-8.71137e-5 -9.48917e-5 2.8381e-6 0.0 0.0
-8.63359e-5 -9.48917e-5 1.69203e-5 0.0 0.0
-8.55581e-5 -9.48917e-5 8.396e-6 0.0 0.0
-8.47803e-5 -9.48917e-5 2.53235e-5 0.0 0.0
-8.40025e-5 -9.48917e-5 1.15167e-5 0.0 0.0
-8.32246e-5 -9.48917e-5 3.25793e-5 0.0 0.0
-8.24468e-5 -9.48917e-5 6.13132e-5 0.0 0.0
-8.1669e-5 -9.48917e-5 4.50888e-5 0.0 0.0
-8.08912e-5 -9.48917e-5 8.28018e-5 0.0 0.0
-8.01134e-5 -9.48917e-5 5.59661e-5 0.0 0.0
-7.93356e-5 -9.48917e-5 0.0001110906 0.0 0.0
-7.85578e-5 -9.48917e-5 8.73256e-5 0.0 0.0
-7.778e-5 -9.48917e-5 0.000128719 0.0 0.0
-7.70022e-5 -9.48917e-5 0.0001872622 0.0 0.0
-7.62244e-5 -9.48917e-5 0.000145136 0.0 0.0
-7.54466e-5 -9.48917e-5 0.0002279234 0.0 0.0
-7.46688e-5 -9.48917e-5 0.0002062004 0.0 0.0
-7.3891e-5 -9.48917e-5 0.0002814966 0.0 0.0
-7.31132e-5 -9.48917e-5 0.0003769156 0.0 0.0
-7.23354e-5 -9.48917e-5 0.0003441203 0.0 0.0
-7.15576e-5 -9.48917e-5 0.0004303662 0.0 0.0
-7.07798e-5 -9.48917e-5 0.0003759833 0.0 0.0
-7.0002e-5 -9.48917e-5 0.0004539402 0.0 0.0
-6.92242e-5 -9.48917e-5 0.0003843904 0.0 0.0
-6.84464e-5 -9.48917e-5 0.0005424252 0.0 0.0
-6.76686e-5 -9.48917e-5 0.000422305 0.0 0.0
-6.68908e-5 -9.48917e-5 0.0005728138 0.0 0.0
-6.6113e-5 -9.48917e-5 0.0006543441 0.0 0.0
-6.53352e-5 -9.48917e-5 0.0005768408 0.0 0.0
-6.45574e-5 -9.48917e-5 0.0006549859 0.0 0.0
-6.37796e-5 -9.48917e-5 0.0005622701 0.0 0.0
-6.30018e-5 -9.48917e-5 0.0006766314 0.0 0.0
-6.2224e-5 -9.48917e-5 0.0005610478 0.0 0.0
-6.14462e-5 -9.48917e-5 0.0006620569 0.0 0.0
-6.06684e-5 -9.48917e-5 0.0005508044 0.0 0.0
-5.98906e-5 -9.48917e-5 0.000673881 0.0 0.0
-5.91128e-5 -9.48917e-5 0.0005612028 0.0 0.0
-5.8335e-5 -9.48917e-5 0.0007465018 0.0 0.0
-5.75572e-5 -9.48917e-5 0.000585388 0.0 0.0
-5.67794e-5 -9.48917e-5 0.0004774761 0.0 0.0
-5.60016e-5 -9.48917e-5 0.0006216543 0.0 0.0
-5.52238e-5 -9.48917e-5 0.0005008411 0.0 0.0
-5.4446e-5 -9.48917e-5 0.0004047865 0.0 0.0
-5.36682e-5 -9.48917e-5 0.0005546995 0.0 0.0
-5.28904e-5 -9.48917e-5 0.0004299031 0.0 0.0
-5.21126e-5 -9.48917e-5 0.0003308935 0.0 0.0
-5.13348e-5 -9.48917e-5 0.0004720975 0.0 0.0
-5.0557e-5 -9.48917e-5 0.0003219178 0.0 0.0
-4.97792e-5 -9.48917e-5 0.000454738 0.0 0.0
-4.90014e-5 -9.48917e-5 0.0003618035 0.0 0.0
-4.82236e-5 -9.48917e-5 0.000480581 0.0 0.0
-4.74458e-5 -9.48917e-5 0.0003467885 0.0 0.0
-4.6668e-5 -9.48917e-5 0.0004703904 0.0 0.0
-4.58902e-5 -9.48917e-5 0.0003266522 0.0 0.0
-4.51124e-5 -9.48917e-5 0.0004526257 0.0 0.0
-4.43346e-5 -9.48917e-5 0.000316708 0.0 0.0
-4.35568e-5 -9.48917e-5 0.0001862666 0.0 0.0
-4.2779e-5 -9.48917e-5 0.0002594111 0.0 0.0
-4.20012e-5 -9.48917e-5 0.0001381297 0.0 0.0
-4.12234e-5 -9.48917e-5 0.0002306166 0.0 0.0
-4.04456e-5 -9.48917e-5 9.37434e-5 0.0 0.0
-3.96678e-5 -9.48917e-5 4.65171e-5 0.0 0.0
-3.889e-5 -9.48917e-5 8.02073e-5 0.0 0.0
-3.81122e-5 -9.48917e-5 2.05973e-5 0.0 0.0
-3.73344e-5 -9.48917e-5 6.381e-6 0.0 0.0
-3.65566e-5 -9.48917e-5 1.42856e-5 0.0 0.0
-3.57788e-5 -9.48917e-5 2.0997e-6 0.0 0.0
-3.5001e-5 -9.48917e-5 8.01e-8 0.0 0.0
-3.42232e-5 -9.48917e-5 2.438e-7 0.0 0.0
-3.34454e-5 -9.48917e-5 1.85e-8 0.0 0.0
-3.26676e-5 -9.48917e-5 0.0 0.0 0.0
-3.18898e-5 -9.48917e-5 7.0e-10 0.0 0.0
-3.1112e-5 -9.48917e-5 0.0 0.0 0.0
-3.03342e-5 -9.48917e-5 0.0 0.0 0.0
-2.95564e-5 -9.48917e-5 0.0 0.0 0.0
-2.87786e-5 -9.48917e-5 0.0 0.0 0.0
-2.80008e-5 -9.48917e-5 0.0 0.0 0.0
-2.7223e-5 -9.48917e-5 0.0 0.0 0.0
-2.64452e-5 -9.48917e-5 0.0 0.0 0.0
-2.56674e-5 -9.48917e-5 0.0 0.0 0.0
-2.48896e-5 -9.48917e-5 0.0 0.0 0.0
-2.41118e-5 -9.48917e-5 0.0 0.0 0.0
-2.3334e-5 -9.48917e-5 0.0 0.0 0.0
-2.25562e-5 -9.48917e-5 0.0 0.0 0.0
-2.17784e-5 -9.48917e-5 0.0 0.0 0.0
-2.10006e-5 -9.48917e-5 0.0 0.0 0.0
-2.02228e-5 -9.48917e-5 0.0 0.0 0.0
-1.9445e-5 -9.48917e-5 1.0e-10 0.0 0.0
-1.86672e-5 -9.48917e-5 2.0e-10 0.0 0.0
-1.78894e-5 -9.48917e-5 6.0e-10 0.0 0.0
-1.71116e-5 -9.48917e-5 1.0e-9 0.0 0.0
-1.63338e-5 -9.48917e-5 1.0e-9 0.0 0.0
-1.5556e-5 -9.48917e-5 6.0e-10 0.0 0.0
-1.47782e-5 -9.48917e-5 2.0e-10 0.0 0.0
-1.40004e-5 -9.48917e-5 0.0 0.0 0.0
-1.32226e-5 -9.48917e-5 0.0 0.0 0.0
-1.24448e-5 -9.48917e-5 0.0 0.0 0.0
-1.1667e-5 -9.48917e-5 0.0 0.0 0.0
-1.08892e-5 -9.48917e-5 0.0 0.0 0.0
-1.01114e-5 -9.48917e-5 0.0 0.0 0.0
-9.3336e-6 -9.48917e-5 0.0 0.0 0.0
-8.5558e-6 -9.48917e-5 0.0 0.0 0.0
-7.778e-6 -9.48917e-5 0.0 0.0 0.0
-7.0002e-6 -9.48917e-5 0.0 0.0 0.0
-6.2224e-6 -9.48917e-5 0.0 0.0 0.0
-5.4446e-6 -9.48917e-5 0.0 0.0 0.0
-4.6668e-6 -9.48917e-5 0.0 0.0 0.0
-3.889e-6 -9.48917e-5 0.0 0.0 0.0
-3.1112e-6 -9.48917e-5 0.0 0.0 0.0
-2.3334e-6 -9.48917e-5 0.0 0.0 0.0
-1.5556e-6 -9.48917e-5 0.0 0.0 0.0
-7.778e-7 -9.48917e-5 0.0 0.0 0.0
0.0 -9.48917e-5 0.0 0.0 0.0
7.778e-7 -9.48917e-5 0.0 0.0 0.0
1.5556e-6 -9.48917e-5 0.0 0.0 0.0
2.3334e-6 -9.48917e-5 0.0 0.0 0.0
3.1112e-6 -9.48917e-5 0.0 0.0 0.0
3.889e-6 -9.48917e-5 0.0 0.0 0.0
4.6668e-6 -9.48917e-5 0.0 0.0 0.0
5.4446e-6 -9.48917e-5 0.0 0.0 0.0
6.2224e-6 -9.48917e-5 0.0 0.0 0.0
7.0002e-6 -9.48917e-5 0.0 0.0 0.0
7.778e-6 -9.48917e-5 0.0 0.0 0.0
8.5558e-6 -9.48917e-5 0.0 0.0 0.0
9.3336e-6 -9.48917e-5 0.0 0.0 0.0
1.01114e-5 -9.48917e-5 0.0 0.0 0.0
1.08892e-5 -9.48917e-5 0.0 0.0 0.0
1.1667e-5 -9.48917e-5 0.0 0.0 0.0
1.24448e-5 -9.48917e-5 0.0 0.0 0.0
1.32226e-5 -9.48917e-5 0.0 0.0 0.0
1.40004e-5 -9.48917e-5 0.0 0.0 0.0
1.47782e-5 -9.48917e-5 0.0 0.0 0.0
1.5556e-5 -9.48917e-5 0.0 0.0 0.0
1.63338e-5 -9.48917e-5 0.0 0.0 0.0
1.71116e-5 -9.48917e-5 0.0 0.0 0.0
1.78894e-5 -9.48917e-5 0.0 0.0 0.0
1.86672e-5 -9.48917e-5 0.0 0.0 0.0
-9.72251e-5 -9.41139e-5 5.5e-9 0.0 0.0
-9.64473e-5 -9.41139e-5 7.6e-9 0.0 0.0
-9.56695e-5 -9.41139e-5 1.02e-8 0.0 0.0
-9.48917e-5 -9.41139e-5 1.61e-8 0.0 0.0
-9.41139e-5 -9.41139e-5 1.94e-8 0.0 0.0
-9.33361e-5 -9.41139e-5 3.3e-8 0.0 0.0
-9.25583e-5 -9.41139e-5 3.99e-8 0.0 0.0
-9.17805e-5 -9.41139e-5 1.307e-7 0.0 0.0
-9.10027e-5 -9.41139e-5 9.179e-7 0.0 0.0
-9.02249e-5 -9.41139e-5 6.588e-7 0.0 0.0
-8.94471e-5 -9.41139e-5 2.6458e-6 0.0 0.0
-8.86693e-5 -9.41139e-5 1.53407e-5 0.0 0.0
-8.78915e-5 -9.41139e-5 6.7604e-6 0.0 0.0
-8.71137e-5 -9.41139e-5 2.23621e-5 0.0 0.0
-8.63359e-5 -9.41139e-5 1.55989e-5 0.0 0.0
-8.55581e-5 -9.41139e-5 3.31744e-5 0.0 0.0
-8.47803e-5 -9.41139e-5 2.9905e-5 0.0 0.0
-8.40025e-5 -9.41139e-5 4.84303e-5 0.0 0.0
-8.32246e-5 -9.41139e-5 9.08091e-5 0.0 0.0
-8.24468e-5 -9.41139e-5 6.05678e-5 0.0 0.0
-8.1669e-5 -9.41139e-5 0.0001166741 0.0 0.0
-8.08912e-5 -9.41139e-5 9.93876e-5 0.0 0.0
-8.01134e-5 -9.41139e-5 0.0001303274 0.0 0.0
-7.93356e-5 -9.41139e-5 0.0001936135 0.0 0.0
-7.85578e-5 -9.41139e-5 0.0001660336 0.0 0.0
-7.778e-5 -9.41139e-5 0.0002297295 0.0 0.0
-7.70022e-5 -9.41139e-5 0.0002041635 0.0 0.0
-7.62244e-5 -9.41139e-5 0.0002844067 0.0 0.0
-7.54466e-5 -9.41139e-5 0.0003612096 0.0 0.0
-7.46688e-5 -9.41139e-5 0.0003286309 0.0 0.0
-7.3891e-5 -9.41139e-5 0.0004358317 0.0 0.0
-7.31132e-5 -9.41139e-5 0.0003982385 0.0 0.0
-7.23354e-5 -9.41139e-5 0.0004940531 0.0 0.0
-7.15576e-5 -9.41139e-5 0.0006242755 0.0 0.0
-7.07798e-5 -9.41139e-5 0.0005523236 0.0 0.0
-7.0002e-5 -9.41139e-5 0.0007054197 0.0 0.0
-6.92242e-5 -9.41139e-5 0.0006023057 0.0 0.0
-6.84464e-5 -9.41139e-5 0.0007620928 0.0 0.0
-6.76686e-5 -9.41139e-5 0.0006514836 0.0 0.0
-6.68908e-5 -9.41139e-5 0.0008157478 0.0 0.0
-6.6113e-5 -9.41139e-5 0.0009523817 0.0 0.0
-6.53352e-5 -9.41139e-5 0.0008416592 0.0 0.0
-6.45574e-5 -9.41139e-5 0.0009644489 0.0 0.0
-6.37796e-5 -9.41139e-5 0.0008020437 0.0 0.0
-6.30018e-5 -9.41139e-5 0.000936487 0.0 0.0
-6.2224e-5 -9.41139e-5 0.0008318358 0.0 0.0
-6.14462e-5 -9.41139e-5 0.0009809 0.0 0.0
-6.06684e-5 -9.41139e-5 0.0008132123 0.0 0.0
-5.98906e-5 -9.41139e-5 0.000981609 0.0 0.0
-5.91128e-5 -9.41139e-5 0.0008107959 0.0 0.0
-5.8335e-5 -9.41139e-5 0.0009558596 0.0 0.0
-5.75572e-5 -9.41139e-5 0.0008313259 0.0 0.0
-5.67794e-5 -9.41139e-5 0.0006844498 0.0 0.0
-5.60016e-5 -9.41139e-5 0.0007907567 0.0 0.0
-5.52238e-5 -9.41139e-5 0.000656196 0.0 0.0
-5.4446e-5 -9.41139e-5 0.000524875 0.0 0.0
-5.36682e-5 -9.41139e-5 0.0007106424 0.0 0.0
-5.28904e-5 -9.41139e-5 0.0005755611 0.0 0.0
-5.21126e-5 -9.41139e-5 0.0004785245 0.0 0.0
-5.13348e-5 -9.41139e-5 0.0006500649 0.0 0.0
-5.0557e-5 -9.41139e-5 0.0004787502 0.0 0.0
-4.97792e-5 -9.41139e-5 0.0003999845 0.0 0.0
-4.90014e-5 -9.41139e-5 0.0005804665 0.0 0.0
-4.82236e-5 -9.41139e-5 0.0004297713 0.0 0.0
-4.74458e-5 -9.41139e-5 0.0005599989 0.0 0.0
-4.6668e-5 -9.41139e-5 0.0004458308 0.0 0.0
-4.58902e-5 -9.41139e-5 0.0005667367 0.0 0.0
-4.51124e-5 -9.41139e-5 0.0004335988 0.0 0.0
-4.43346e-5 -9.41139e-5 0.0003082366 0.0 0.0
-4.35568e-5 -9.41139e-5 0.0004256969 0.0 0.0
-4.2779e-5 -9.41139e-5 0.0002558222 0.0 0.0
-4.20012e-5 -9.41139e-5 0.0003464905 0.0 0.0
-4.12234e-5 -9.41139e-5 0.0002019598 0.0 0.0
-4.04456e-5 -9.41139e-5 0.0003391943 0.0 0.0
-3.96678e-5 -9.41139e-5 0.0001596845 0.0 0.0
-3.889e-5 -9.41139e-5 0.0002627906 0.0 0.0
-3.81122e-5 -9.41139e-5 0.0001365938 0.0 0.0
-3.73344e-5 -9.41139e-5 3.71332e-5 0.0 0.0
-3.65566e-5 -9.41139e-5 5.95044e-5 0.0 0.0
-3.57788e-5 -9.41139e-5 1.90032e-5 0.0 0.0
-3.5001e-5 -9.41139e-5 2.5128e-6 0.0 0.0
-3.42232e-5 -9.41139e-5 8.0466e-6 0.0 0.0
-3.34454e-5 -9.41139e-5 3.408e-7 0.0 0.0
-3.26676e-5 -9.41139e-5 3.17e-8 0.0 0.0
-3.18898e-5 -9.41139e-5 4.99e-8 0.0 0.0
-3.1112e-5 -9.41139e-5 1.0e-10 0.0 0.0
-3.03342e-5 -9.41139e-5 0.0 0.0 0.0
-2.95564e-5 -9.41139e-5 0.0 0.0 0.0
-2.87786e-5 -9.41139e-5 0.0 0.0 0.0
-2.80008e-5 -9.41139e-5 0.0 0.0 0.0
-2.7223e-5 -9.41139e-5 0.0 0.0 0.0
-2.64452e-5 -9.41139e-5 0.0 0.0 0.0
-2.56674e-5 -9.41139e-5 0.0 0.0 0.0
-2.48896e-5 -9.41139e-5 0.0 0.0 0.0
-2.41118e-5 -9.41139e-5 0.0 0.0 0.0
-2.3334e-5 -9.41139e-5 0.0 0.0 0.0
-2.25562e-5 -9.41139e-5 0.0 0.0 0.0
-2.17784e-5 -9.41139e-5 0.0 0.0 0.0
-2.10006e-5 -9.41139e-5 0.0 0.0 0.0
-2.02228e-5 -9.41139e-5 0.0 0.0 0.0
-1.9445e-5 -9.41139e-5 0.0 0.0 0.0
-1.86672e-5 -9.41139e-5 1.0e-10 0.0 0.0
-1.78894e-5 -9.41139e-5 2.0e-10 0.0 0.0
-1.71116e-5 -9.41139e-5 4.0e-10 0.0 0.0
-1.63338e-5 -9.41139e-5 7.0e-10 0.0 0.0
-1.5556e-5 -9.41139e-5 6.0e-10 0.0 0.0
-1.47782e-5 -9.41139e-5 4.0e-10 0.0 0.0
-1.40004e-5 -9.41139e-5 1.0e-10 0.0 0.0
-1.32226e-5 -9.41139e-5 0.0 0.0 0.0
-1.24448e-5 -9.41139e-5 0.0 0.0 0.0
-1.1667e-5 -9.41139e-5 0.0 0.0 0.0
-1.08892e-5 -9.41139e-5 0.0 0.0 0.0
-1.01114e-5 -9.41139e-5 0.0 0.0 0.0
-9.3336e-6 -9.41139e-5 0.0 0.0 0.0
-8.5558e-6 -9.41139e-5 0.0 0.0 0.0
-7.778e-6 -9.41139e-5 0.0 0.0 0.0
-7.0002e-6 -9.41139e-5 0.0 0.0 0.0
-6.2224e-6 -9.41139e-5 0.0 0.0 0.0
-5.4446e-6 -9.41139e-5 0.0 0.0 0.0
-4.6668e-6 -9.41139e-5 0.0 0.0 0.0
-3.889e-6 -9.41139e-5 0.0 0.0 0.0
-3.1112e-6 -9.41139e-5 0.0 0.0 0.0
-2.3334e-6 -9.41139e-5 0.0 0.0 0.0
-1.5556e-6 -9.41139e-5 0.0 0.0 0.0
-7.778e-7 -9.41139e-5 0.0 0.0 0.0
0.0 -9.41139e-5 0.0 0.0 0.0
7.778e-7 -9.41139e-5 0.0 0.0 0.0
1.5556e-6 -9.41139e-5 0.0 0.0 0.0
2.3334e-6 -9.41139e-5 0.0 0.0 0.0
3.1112e-6 -9.41139e-5 0.0 0.0 0.0
3.889e-6 -9.41139e-5 0.0 0.0 0.0
4.6668e-6 -9.41139e-5 0.0 0.0 0.0
5.4446e-6 -9.41139e-5 0.0 0.0 0.0
6.2224e-6 -9.41139e-5 0.0 0.0 0.0
7.0002e-6 -9.41139e-5 0.0 0.0 0.0
7.778e-6 -9.41139e-5 0.0 0.0 0.0
8.5558e-6 -9.41139e-5 0.0 0.0 0.0
9.3336e-6 -9.41139e-5 0.0 0.0 0.0
1.01114e-5 -9.41139e-5 0.0 0.0 0.0
1.08892e-5 -9.41139e-5 0.0 0.0 0.0
1.1667e-5 -9.41139e-5 0.0 0.0 0.0
1.24448e-5 -9.41139e-5 0.0 0.0 0.0
1.32226e-5 -9.41139e-5 0.0 0.0 0.0
1.40004e-5 -9.41139e-5 0.0 0.0 0.0
1.47782e-5 -9.41139e-5 0.0 0.0 0.0
1.5556e-5 -9.41139e-5 0.0 0.0 0.0
1.63338e-5 -9.41139e-5 0.0 0.0 0.0
1.71116e-5 -9.41139e-5 0.0 0.0 0.0
1.78894e-5 -9.41139e-5 0.0 0.0 0.0
1.86672e-5 -9.41139e-5 0.0 0.0 0.0
-9.72251e-5 -9.33361e-5 8.4e-9 0.0 0.0
-9.64473e-5 -9.33361e-5 1.15e-8 0.0 0.0
-9.56695e-5 -9.33361e-5 3.72e-8 0.0 0.0
-9.48917e-5 -9.33361e-5 3.25e-8 0.0 0.0
-9.41139e-5 -9.33361e-5 1.432e-7 0.0 0.0
-9.33361e-5 -9.33361e-5 7.937e-7 0.0 0.0
-9.25583e-5 -9.33361e-5 7.452e-7 0.0 0.0
-9.17805e-5 -9.33361e-5 3.4167e-6 0.0 0.0
-9.10027e-5 -9.33361e-5 1.9681e-6 0.0 0.0
-9.02249e-5 -9.33361e-5 6.2955e-6 0.0 0.0
-8.94471e-5 -9.33361e-5 2.14025e-5 0.0 0.0
-8.86693e-5 -9.33361e-5 1.51057e-5 0.0 0.0
-8.78915e-5 -9.33361e-5 3.49592e-5 0.0 0.0
-8.71137e-5 -9.33361e-5 2.76214e-5 0.0 0.0
-8.63359e-5 -9.33361e-5 4.90178e-5 0.0 0.0
-8.55581e-5 -9.33361e-5 8.90893e-5 0.0 0.0
-8.47803e-5 -9.33361e-5 7.50187e-5 0.0 0.0
-8.40025e-5 -9.33361e-5 0.0001069206 0.0 0.0
-8.32246e-5 -9.33361e-5 9.08336e-5 0.0 0.0
-8.24468e-5 -9.33361e-5 0.0001335999 0.0 0.0
-8.1669e-5 -9.33361e-5 0.0001990788 0.0 0.0
-8.08912e-5 -9.33361e-5 0.00016604 0.0 0.0
-8.01134e-5 -9.33361e-5 0.0002431597 0.0 0.0
-7.93356e-5 -9.33361e-5 0.0003054324 0.0 0.0
-7.85578e-5 -9.33361e-5 0.0002645419 0.0 0.0
-7.778e-5 -9.33361e-5 0.0003543169 0.0 0.0
-7.70022e-5 -9.33361e-5 0.0003182467 0.0 0.0
-7.62244e-5 -9.33361e-5 0.0004361283 0.0 0.0
-7.54466e-5 -9.33361e-5 0.0003842426 0.0 0.0
-7.46688e-5 -9.33361e-5 0.0004977716 0.0 0.0
-7.3891e-5 -9.33361e-5 0.0006604617 0.0 0.0
-7.31132e-5 -9.33361e-5 0.0005887215 0.0 0.0
-7.23354e-5 -9.33361e-5 0.0006725707 0.0 0.0
-7.15576e-5 -9.33361e-5 0.0006285234 0.0 0.0
-7.07798e-5 -9.33361e-5 0.000805823 0.0 0.0
-7.0002e-5 -9.33361e-5 0.0007150107 0.0 0.0
-6.92242e-5 -9.33361e-5 0.0008707387 0.0 0.0
-6.84464e-5 -9.33361e-5 0.0010631159 0.0 0.0
-6.76686e-5 -9.33361e-5 0.000934797 0.0 0.0
-6.68908e-5 -9.33361e-5 0.0011584152 0.0 0.0
-6.6113e-5 -9.33361e-5 0.0009641785 0.0 0.0
-6.53352e-5 -9.33361e-5 0.0011773239 0.0 0.0
-6.45574e-5 -9.33361e-5 0.0010065147 0.0 0.0
-6.37796e-5 -9.33361e-5 0.0011848029 0.0 0.0
-6.30018e-5 -9.33361e-5 0.0013578915 0.0 0.0
-6.2224e-5 -9.33361e-5 0.0011528368 0.0 0.0
-6.14462e-5 -9.33361e-5 0.0013137643 0.0 0.0
-6.06684e-5 -9.33361e-5 0.0011441504 0.0 0.0
-5.98906e-5 -9.33361e-5 0.0012833721 0.0 0.0
-5.91128e-5 -9.33361e-5 0.0010966171 0.0 0.0
-5.8335e-5 -9.33361e-5 0.0009438898 0.0 0.0
-5.75572e-5 -9.33361e-5 0.0010667515 0.0 0.0
-5.67794e-5 -9.33361e-5 0.0009016175 0.0 0.0
-5.60016e-5 -9.33361e-5 0.0007769924 0.0 0.0
-5.52238e-5 -9.33361e-5 0.0009068384 0.0 0.0
-5.4446e-5 -9.33361e-5 0.0007581973 0.0 0.0
-5.36682e-5 -9.33361e-5 0.000921013 0.0 0.0
-5.28904e-5 -9.33361e-5 0.0007829857 0.0 0.0
-5.21126e-5 -9.33361e-5 0.0006237147 0.0 0.0
-5.13348e-5 -9.33361e-5 0.0005327315 0.0 0.0
-5.0557e-5 -9.33361e-5 0.0006985336 0.0 0.0
-4.97792e-5 -9.33361e-5 0.0005949427 0.0 0.0
-4.90014e-5 -9.33361e-5 0.0007478017 0.0 0.0
-4.82236e-5 -9.33361e-5 0.0006344973 0.0 0.0
-4.74458e-5 -9.33361e-5 0.0005478036 0.0 0.0
-4.6668e-5 -9.33361e-5 0.0006255889 0.0 0.0
-4.58902e-5 -9.33361e-5 0.0005325588 0.0 0.0
-4.51124e-5 -9.33361e-5 0.0006538076 0.0 0.0
-4.43346e-5 -9.33361e-5 0.0004956611 0.0 0.0
-4.35568e-5 -9.33361e-5 0.0006517754 0.0 0.0
-4.2779e-5 -9.33361e-5 0.0004636238 0.0 0.0
-4.20012e-5 -9.33361e-5 0.0002929406 0.0 0.0
-4.12234e-5 -9.33361e-5 0.000474792 0.0 0.0
-4.04456e-5 -9.33361e-5 0.0002718938 0.0 0.0
-3.96678e-5 -9.33361e-5 0.0003769325 0.0 0.0
-3.889e-5 -9.33361e-5 0.0002020583 0.0 0.0
-3.81122e-5 -9.33361e-5 8.36503e-5 0.0 0.0
-3.73344e-5 -9.33361e-5 0.0001608127 0.0 0.0
-3.65566e-5 -9.33361e-5 0.0002170299 0.0 0.0
-3.57788e-5 -9.33361e-5 8.17092e-5 0.0 0.0
-3.5001e-5 -9.33361e-5 0.0001482208 0.0 0.0
-3.42232e-5 -9.33361e-5 3.36877e-5 0.0 0.0
-3.34454e-5 -9.33361e-5 5.8287e-6 0.0 0.0
-3.26676e-5 -9.33361e-5 5.394e-7 0.0 0.0
-3.18898e-5 -9.33361e-5 9.754e-7 0.0 0.0
-3.1112e-5 -9.33361e-5 5.76e-8 0.0 0.0
-3.03342e-5 -9.33361e-5 1.0e-10 0.0 0.0
-2.95564e-5 -9.33361e-5 5.0e-10 0.0 0.0
-2.87786e-5 -9.33361e-5 0.0 0.0 0.0
-2.80008e-5 -9.33361e-5 0.0 0.0 0.0
-2.7223e-5 -9.33361e-5 0.0 0.0 0.0
-2.64452e-5 -9.33361e-5 0.0 0.0 0.0
-2.56674e-5 -9.33361e-5 0.0 0.0 0.0
-2.48896e-5 -9.33361e-5 0.0 0.0 0.0
-2.41118e-5 -9.33361e-5 0.0 0.0 0.0
-2.3334e-5 -9.33361e-5 0.0 0.0 0.0
-2.25562e-5 -9.33361e-5 0.0 0.0 0.0
-2.17784e-5 -9.33361e-5 0.0 0.0 0.0
-2.10006e-5 -9.33361e-5 0.0 0.0 0.0
-2.02228e-5 -9.33361e-5 0.0 0.0 0.0
-1.9445e-5 -9.33361e-5 0.0 0.0 0.0
-1.86672e-5 -9.33361e-5 0.0 0.0 0.0
-1.78894e-5 -9.33361e-5 0.0 0.0 0.0
-1.71116e-5 -9.33361e-5 1.0e-10 0.0 0.0
-1.63338e-5 -9.33361e-5 2.0e-10 0.0 0.0
-1.5556e-5 -9.33361e-5 4.0e-10 0.0 0.0
-1.47782e-5 -9.33361e-5 4.0e-10 0.0 0.0
-1.40004e-5 -9.33361e-5 2.0e-10 0.0 0.0
-1.32226e-5 -9.33361e-5 1.0e-10 0.0 0.0
-1.24448e-5 -9.33361e-5 0.0 0.0 0.0
-1.1667e-5 -9.33361e-5 0.0 0.0 0.0
-1.08892e-5 -9.33361e-5 0.0 0.0 0.0
-1.01114e-5 -9.33361e-5 0.0 0.0 0.0
-9.3336e-6 -9.33361e-5 0.0 0.0 0.0
-8.5558e-6 -9.33361e-5 0.0 0.0 0.0
-7.778e-6 -9.33361e-5 0.0 0.0 0.0
-7.0002e-6 -9.33361e-5 0.0 0.0 0.0
-6.2224e-6 -9.33361e-5 0.0 0.0 0.0
-5.4446e-6 -9.33361e-5 0.0 0.0 0.0
-4.6668e-6 -9.33361e-5 0.0 0.0 0.0
-3.889e-6 -9.33361e-5 0.0 0.0 0.0
-3.1112e-6 -9.33361e-5 0.0 0.0 0.0
-2.3334e-6 -9.33361e-5 0.0 0.0 0.0
-1.5556e-6 -9.33361e-5 0.0 0.0 0.0
-7.778e-7 -9.33361e-5 0.0 0.0 0.0
0.0 -9.33361e-5 0.0 0.0 0.0
7.778e-7 -9.33361e-5 0.0 0.0 0.0
1.5556e-6 -9.33361e-5 0.0 0.0 0.0
2.3334e-6 -9.33361e-5 0.0 0.0 0.0
3.1112e-6 -9.33361e-5 0.0 0.0 0.0
3.889e-6 -9.33361e-5 0.0 0.0 0.0
4.6668e-6 -9.33361e-5 0.0 0.0 0.0
5.4446e-6 -9.33361e-5 0.0 0.0 0.0
6.2224e-6 -9.33361e-5 0.0 0.0 0.0
7.0002e-6 -9.33361e-5 0.0 0.0 0.0
7.778e-6 -9.33361e-5 0.0 0.0 0.0
8.5558e-6 -9.33361e-5 0.0 0.0 0.0
9.3336e-6 -9.33361e-5 0.0 0.0 0.0
1.01114e-5 -9.33361e-5 0.0 0.0 0.0
1.08892e-5 -9.33361e-5 0.0 0.0 0.0
1.1667e-5 -9.33361e-5 0.0 0.0 0.0
1.24448e-5 -9.33361e-5 0.0 0.0 0.0
1.32226e-5 -9.33361e-5 0.0 0.0 0.0
1.40004e-5 -9.33361e-5 0.0 0.0 0.0
1.47782e-5 -9.33361e-5 0.0 0.0 0.0
1.5556e-5 -9.33361e-5 0.0 0.0 0.0
1.63338e-5 -9.33361e-5 0.0 0.0 0.0
1.71116e-5 -9.33361e-5 0.0 0.0 0.0
1.78894e-5 -9.33361e-5 0.0 0.0 0.0
1.86672e-5 -9.33361e-5 0.0 0.0 0.0
-9.72251e-5 -9.25583e-5 4.33e-8 0.0 0.0
-9.64473e-5 -9.25583e-5 1.88e-7 0.0 0.0
-9.56695e-5 -9.25583e-5 1.827e-7 0.0 0.0
-9.48917e-5 -9.25583e-5 8.838e-7 0.0 0.0
-9.41139e-5 -9.25583e-5 5.95e-7 0.0 0.0
-9.33361e-5 -9.25583e-5 2.5361e-6 0.0 0.0
-9.25583e-5 -9.25583e-5 9.1113e-6 0.0 0.0
-9.17805e-5 -9.25583e-5 6.4699e-6 0.0 0.0
-9.10027e-5 -9.25583e-5 2.24953e-5 0.0 0.0
-9.02249e-5 -9.25583e-5 3.49343e-5 0.0 0.0
-8.94471e-5 -9.25583e-5 3.15764e-5 0.0 0.0
-8.86693e-5 -9.25583e-5 5.21676e-5 0.0 0.0
-8.78915e-5 -9.25583e-5 7.69932e-5 0.0 0.0
-8.71137e-5 -9.25583e-5 7.27336e-5 0.0 0.0
-8.63359e-5 -9.25583e-5 0.0001127671 0.0 0.0
-8.55581e-5 -9.25583e-5 9.0863e-5 0.0 0.0
-8.47803e-5 -9.25583e-5 0.0001233521 0.0 0.0
-8.40025e-5 -9.25583e-5 0.0001889545 0.0 0.0
-8.32246e-5 -9.25583e-5 0.0001492848 0.0 0.0
-8.24468e-5 -9.25583e-5 0.0002355937 0.0 0.0
-8.1669e-5 -9.25583e-5 0.0001900681 0.0 0.0
-8.08912e-5 -9.25583e-5 0.0002543066 0.0 0.0
-8.01134e-5 -9.25583e-5 0.0003802146 0.0 0.0
-7.93356e-5 -9.25583e-5 0.0002961648 0.0 0.0
-7.85578e-5 -9.25583e-5 0.0004357876 0.0 0.0
-7.778e-5 -9.25583e-5 0.0005319867 0.0 0.0
-7.70022e-5 -9.25583e-5 0.0005084887 0.0 0.0
-7.62244e-5 -9.25583e-5 0.0006339155 0.0 0.0
-7.54466e-5 -9.25583e-5 0.0005937857 0.0 0.0
-7.46688e-5 -9.25583e-5 0.0007520618 0.0 0.0
-7.3891e-5 -9.25583e-5 0.0006394543 0.0 0.0
-7.31132e-5 -9.25583e-5 0.0008115603 0.0 0.0
-7.23354e-5 -9.25583e-5 0.0011521223 0.0 0.0
-7.15576e-5 -9.25583e-5 0.0008719885 0.0 0.0
-7.07798e-5 -9.25583e-5 0.0012273375 0.0 0.0
-7.0002e-5 -9.25583e-5 0.0010032541 0.0 0.0
-6.92242e-5 -9.25583e-5 0.0012313995 0.0 0.0
-6.84464e-5 -9.25583e-5 0.0016045583 0.0 0.0
-6.76686e-5 -9.25583e-5 0.0012914254 0.0 0.0
-6.68908e-5 -9.25583e-5 0.0017094733 0.0 0.0
-6.6113e-5 -9.25583e-5 0.0013498943 0.0 0.0
-6.53352e-5 -9.25583e-5 0.0016332827 0.0 0.0
-6.45574e-5 -9.25583e-5 0.0013782459 0.0 0.0
-6.37796e-5 -9.25583e-5 0.0016703456 0.0 0.0
-6.30018e-5 -9.25583e-5 0.0013824774 0.0 0.0
-6.2224e-5 -9.25583e-5 0.0015510027 0.0 0.0
-6.14462e-5 -9.25583e-5 0.0017442695 0.0 0.0
-6.06684e-5 -9.25583e-5 0.0014370864 0.0 0.0
-5.98906e-5 -9.25583e-5 0.0016786991 0.0 0.0
-5.91128e-5 -9.25583e-5 0.0014838427 0.0 0.0
-5.8335e-5 -9.25583e-5 0.0011931482 0.0 0.0
-5.75572e-5 -9.25583e-5 0.0013813938 0.0 0.0
-5.67794e-5 -9.25583e-5 0.001236429 0.0 0.0
-5.60016e-5 -9.25583e-5 0.0010189332 0.0 0.0
-5.52238e-5 -9.25583e-5 0.0011845691 0.0 0.0
-5.4446e-5 -9.25583e-5 0.001013806 0.0 0.0
-5.36682e-5 -9.25583e-5 0.0011436553 0.0 0.0
-5.28904e-5 -9.25583e-5 0.0009905604 0.0 0.0
-5.21126e-5 -9.25583e-5 0.0008202875 0.0 0.0
-5.13348e-5 -9.25583e-5 0.0006908653 0.0 0.0
-5.0557e-5 -9.25583e-5 0.0008812192 0.0 0.0
-4.97792e-5 -9.25583e-5 0.0007334342 0.0 0.0
-4.90014e-5 -9.25583e-5 0.0009124287 0.0 0.0
-4.82236e-5 -9.25583e-5 0.0007527848 0.0 0.0
-4.74458e-5 -9.25583e-5 0.0006899935 0.0 0.0
-4.6668e-5 -9.25583e-5 0.0005519624 0.0 0.0
-4.58902e-5 -9.25583e-5 0.0007190669 0.0 0.0
-4.51124e-5 -9.25583e-5 0.0006002301 0.0 0.0
-4.43346e-5 -9.25583e-5 0.0007054667 0.0 0.0
-4.35568e-5 -9.25583e-5 0.0005978851 0.0 0.0
-4.2779e-5 -9.25583e-5 0.0007271842 0.0 0.0
-4.20012e-5 -9.25583e-5 0.0005651883 0.0 0.0
-4.12234e-5 -9.25583e-5 0.0003966238 0.0 0.0
-4.04456e-5 -9.25583e-5 0.0005353745 0.0 0.0
-3.96678e-5 -9.25583e-5 0.0003555112 0.0 0.0
-3.889e-5 -9.25583e-5 0.0002160949 0.0 0.0
-3.81122e-5 -9.25583e-5 0.0002974514 0.0 0.0
-3.73344e-5 -9.25583e-5 0.0001053594 0.0 0.0
-3.65566e-5 -9.25583e-5 0.000175882 0.0 0.0
-3.57788e-5 -9.25583e-5 6.68219e-5 0.0 0.0
-3.5001e-5 -9.25583e-5 0.0001245725 0.0 0.0
-3.42232e-5 -9.25583e-5 0.000152112 0.0 0.0
-3.34454e-5 -9.25583e-5 5.88374e-5 0.0 0.0
-3.26676e-5 -9.25583e-5 5.02011e-5 0.0 0.0
-3.18898e-5 -9.25583e-5 1.0515e-5 0.0 0.0
-3.1112e-5 -9.25583e-5 1.2018e-6 0.0 0.0
-3.03342e-5 -9.25583e-5 6.095e-7 0.0 0.0
-2.95564e-5 -9.25583e-5 5.93e-8 0.0 0.0
-2.87786e-5 -9.25583e-5 1.0e-10 0.0 0.0
-2.80008e-5 -9.25583e-5 1.0e-10 0.0 0.0
-2.7223e-5 -9.25583e-5 0.0 0.0 0.0
-2.64452e-5 -9.25583e-5 0.0 0.0 0.0
-2.56674e-5 -9.25583e-5 0.0 0.0 0.0
-2.48896e-5 -9.25583e-5 0.0 0.0 0.0
-2.41118e-5 -9.25583e-5 0.0 0.0 0.0
-2.3334e-5 -9.25583e-5 0.0 0.0 0.0
-2.25562e-5 -9.25583e-5 0.0 0.0 0.0
-2.17784e-5 -9.25583e-5 0.0 0.0 0.0
-2.10006e-5 -9.25583e-5 0.0 0.0 0.0
-2.02228e-5 -9.25583e-5 0.0 0.0 0.0
-1.9445e-5 -9.25583e-5 0.0 0.0 0.0
-1.86672e-5 -9.25583e-5 0.0 0.0 0.0
-1.78894e-5 -9.25583e-5 0.0 0.0 0.0
-1.71116e-5 -9.25583e-5 0.0 0.0 0.0
-1.63338e-5 -9.25583e-5 1.0e-10 0.0 0.0
-1.5556e-5 -9.25583e-5 1.0e-10 0.0 0.0
-1.47782e-5 -9.25583e-5 2.0e-10 0.0 0.0
-1.40004e-5 -9.25583e-5 2.0e-10 0.0 0.0
-1.32226e-5 -9.25583e-5 1.0e-10 0.0 0.0
-1.24448e-5 -9.25583e-5 1.0e-10 0.0 0.0
-1.1667e-5 -9.25583e-5 0.0 0.0 0.0
-1.08892e-5 -9.25583e-5 0.0 0.0 0.0
-1.01114e-5 -9.25583e-5 0.0 0.0 0.0
-9.3336e-6 -9.25583e-5 0.0 0.0 0.0
-8.5558e-6 -9.25583e-5 0.0 0.0 0.0
-7.778e-6 -9.25583e-5 0.0 0.0 0.0
-7.0002e-6 -9.25583e-5 0.0 0.0 0.0
-6.2224e-6 -9.25583e-5 0.0 0.0 0.0
-5.4446e-6 -9.25583e-5 0.0 0.0 0.0
-4.6668e-6 -9.25583e-5 0.0 0.0 0.0
-3.889e-6 -9.25583e-5 0.0 0.0 0.0
-3.1112e-6 -9.25583e-5 0.0 0.0 0.0
-2.3334e-6 -9.25583e-5 0.0 0.0 0.0
-1.5556e-6 -9.25583e-5 0.0 0.0 0.0
-7.778e-7 -9.25583e-5 0.0 0.0 0.0
0.0 -9.25583e-5 0.0 0.0 0.0
7.778e-7 -9.25583e-5 0.0 0.0 0.0
1.5556e-6 -9.25583e-5 0.0 0.0 0.0
2.3334e-6 -9.25583e-5 0.0 0.0 0.0
3.1112e-6 -9.25583e-5 0.0 0.0 0.0
3.889e-6 -9.25583e-5 0.0 0.0 0.0
4.6668e-6 -9.25583e-5 0.0 0.0 0.0
5.4446e-6 -9.25583e-5 0.0 0.0 0.0
6.2224e-6 -9.25583e-5 0.0 0.0 0.0
7.0002e-6 -9.25583e-5 0.0 0.0 0.0
7.778e-6 -9.25583e-5 0.0 0.0 0.0
8.5558e-6 -9.25583e-5 0.0 0.0 0.0
9.3336e-6 -9.25583e-5 0.0 0.0 0.0
1.01114e-5 -9.25583e-5 0.0 0.0 0.0
1.08892e-5 -9.25583e-5 0.0 0.0 0.0
1.1667e-5 -9.25583e-5 0.0 0.0 0.0
1.24448e-5 -9.25583e-5 0.0 0.0 0.0
1.32226e-5 -9.25583e-5 0.0 0.0 0.0
1.40004e-5 -9.25583e-5 0.0 0.0 0.0
1.47782e-5 -9.25583e-5 0.0 0.0 0.0
1.5556e-5 -9.25583e-5 0.0 0.0 0.0
1.63338e-5 -9.25583e-5 0.0 0.0 0.0
1.71116e-5 -9.25583e-5 0.0 0.0 0.0
1.78894e-5 -9.25583e-5 0.0 0.0 0.0
1.86672e-5 -9.25583e-5 0.0 0.0 0.0
-9.72251e-5 -9.17805e-5 2.108e-7 0.0 0.0
-9.64473e-5 -9.17805e-5 8.092e-7 0.0 0.0
-9.56695e-5 -9.17805e-5 2.553e-6 0.0 0.0
-9.48917e-5 -9.17805e-5 3.3002e-6 0.0 0.0
-9.41139e-5 -9.17805e-5 6.6963e-6 0.0 0.0
-9.33361e-5 -9.17805e-5 2.0862e-5 0.0 0.0
-9.25583e-5 -9.17805e-5 1.43619e-5 0.0 0.0
-9.17805e-5 -9.17805e-5 3.22925e-5 0.0 0.0
-9.10027e-5 -9.17805e-5 6.29283e-5 0.0 0.0
-9.02249e-5 -9.17805e-5 4.67831e-5 0.0 0.0
-8.94471e-5 -9.17805e-5 8.00796e-5 0.0 0.0
-8.86693e-5 -9.17805e-5 0.0001210194 0.0 0.0
-8.78915e-5 -9.17805e-5 0.0001134551 0.0 0.0
-8.71137e-5 -9.17805e-5 0.0001592038 0.0 0.0
-8.63359e-5 -9.17805e-5 0.0001213858 0.0 0.0
-8.55581e-5 -9.17805e-5 0.0001630414 0.0 0.0
-8.47803e-5 -9.17805e-5 0.0002422892 0.0 0.0
-8.40025e-5 -9.17805e-5 0.0001907728 0.0 0.0
-8.32246e-5 -9.17805e-5 0.0002963963 0.0 0.0
-8.24468e-5 -9.17805e-5 0.0002419161 0.0 0.0
-8.1669e-5 -9.17805e-5 0.0003475739 0.0 0.0
-8.08912e-5 -9.17805e-5 0.0004508178 0.0 0.0
-8.01134e-5 -9.17805e-5 0.0004105323 0.0 0.0
-7.93356e-5 -9.17805e-5 0.0005637738 0.0 0.0
-7.85578e-5 -9.17805e-5 0.0008546984 0.0 0.0
-7.778e-5 -9.17805e-5 0.0006551163 0.0 0.0
-7.70022e-5 -9.17805e-5 0.0010665293 0.0 0.0
-7.62244e-5 -9.17805e-5 0.0007400335 0.0 0.0
-7.54466e-5 -9.17805e-5 0.0011218891 0.0 0.0
-7.46688e-5 -9.17805e-5 0.0014714648 0.0 0.0
-7.3891e-5 -9.17805e-5 0.0011900953 0.0 0.0
-7.31132e-5 -9.17805e-5 0.0016277793 0.0 0.0
-7.23354e-5 -9.17805e-5 0.0010936038 0.0 0.0
-7.15576e-5 -9.17805e-5 0.0016254352 0.0 0.0
-7.07798e-5 -9.17805e-5 0.0019945648 0.0 0.0
-7.0002e-5 -9.17805e-5 0.0015760638 0.0 0.0
-6.92242e-5 -9.17805e-5 0.0020413741 0.0 0.0
-6.84464e-5 -9.17805e-5 0.0016215345 0.0 0.0
-6.76686e-5 -9.17805e-5 0.0021580829 0.0 0.0
-6.68908e-5 -9.17805e-5 0.0024962594 0.0 0.0
-6.6113e-5 -9.17805e-5 0.0020744851 0.0 0.0
-6.53352e-5 -9.17805e-5 0.0026598617 0.0 0.0
-6.45574e-5 -9.17805e-5 0.0019359862 0.0 0.0
-6.37796e-5 -9.17805e-5 0.0024997093 0.0 0.0
-6.30018e-5 -9.17805e-5 0.0018415842 0.0 0.0
-6.2224e-5 -9.17805e-5 0.0021902627 0.0 0.0
-6.14462e-5 -9.17805e-5 0.0017877892 0.0 0.0
-6.06684e-5 -9.17805e-5 0.0020411845 0.0 0.0
-5.98906e-5 -9.17805e-5 0.0016978841 0.0 0.0
-5.91128e-5 -9.17805e-5 0.0019286072 0.0 0.0
-5.8335e-5 -9.17805e-5 0.0016578448 0.0 0.0
-5.75572e-5 -9.17805e-5 0.0013506906 0.0 0.0
-5.67794e-5 -9.17805e-5 0.0015590159 0.0 0.0
-5.60016e-5 -9.17805e-5 0.0013948141 0.0 0.0
-5.52238e-5 -9.17805e-5 0.0015509426 0.0 0.0
-5.4446e-5 -9.17805e-5 0.0013287774 0.0 0.0
-5.36682e-5 -9.17805e-5 0.0015132719 0.0 0.0
-5.28904e-5 -9.17805e-5 0.001277397 0.0 0.0
-5.21126e-5 -9.17805e-5 0.0010957837 0.0 0.0
-5.13348e-5 -9.17805e-5 0.0009044243 0.0 0.0
-5.0557e-5 -9.17805e-5 0.0010884511 0.0 0.0
-4.97792e-5 -9.17805e-5 0.000956973 0.0 0.0
-4.90014e-5 -9.17805e-5 0.0008408021 0.0 0.0
-4.82236e-5 -9.17805e-5 0.0010181202 0.0 0.0
-4.74458e-5 -9.17805e-5 0.0008365135 0.0 0.0
-4.6668e-5 -9.17805e-5 0.0007500661 0.0 0.0
-4.58902e-5 -9.17805e-5 0.0008959376 0.0 0.0
-4.51124e-5 -9.17805e-5 0.0007524996 0.0 0.0
-4.43346e-5 -9.17805e-5 0.0009051782 0.0 0.0
-4.35568e-5 -9.17805e-5 0.0008157507 0.0 0.0
-4.2779e-5 -9.17805e-5 0.0009338184 0.0 0.0
-4.20012e-5 -9.17805e-5 0.0008134415 0.0 0.0
-4.12234e-5 -9.17805e-5 0.0006525248 0.0 0.0
-4.04456e-5 -9.17805e-5 0.000497335 0.0 0.0
-3.96678e-5 -9.17805e-5 0.0006507516 0.0 0.0
-3.889e-5 -9.17805e-5 0.0004272639 0.0 0.0
-3.81122e-5 -9.17805e-5 0.0002396025 0.0 0.0
-3.73344e-5 -9.17805e-5 0.0003653168 0.0 0.0
-3.65566e-5 -9.17805e-5 0.0001613049 0.0 0.0
-3.57788e-5 -9.17805e-5 0.0002453529 0.0 0.0
-3.5001e-5 -9.17805e-5 0.0001031913 0.0 0.0
-3.42232e-5 -9.17805e-5 0.0001299134 0.0 0.0
-3.34454e-5 -9.17805e-5 0.0002284413 0.0 0.0
-3.26676e-5 -9.17805e-5 0.0002035014 0.0 0.0
-3.18898e-5 -9.17805e-5 8.53367e-5 0.0 0.0
-3.1112e-5 -9.17805e-5 1.00517e-5 0.0 0.0
-3.03342e-5 -9.17805e-5 8.2652e-6 0.0 0.0
-2.95564e-5 -9.17805e-5 6.023e-7 0.0 0.0
-2.87786e-5 -9.17805e-5 1.28e-8 0.0 0.0
-2.80008e-5 -9.17805e-5 7.8e-9 0.0 0.0
-2.7223e-5 -9.17805e-5 0.0 0.0 0.0
-2.64452e-5 -9.17805e-5 0.0 0.0 0.0
-2.56674e-5 -9.17805e-5 0.0 0.0 0.0
-2.48896e-5 -9.17805e-5 0.0 0.0 0.0
-2.41118e-5 -9.17805e-5 0.0 0.0 0.0
-2.3334e-5 -9.17805e-5 0.0 0.0 0.0
-2.25562e-5 -9.17805e-5 0.0 0.0 0.0
-2.17784e-5 -9.17805e-5 0.0 0.0 0.0
-2.10006e-5 -9.17805e-5 0.0 0.0 0.0
-2.02228e-5 -9.17805e-5 0.0 0.0 0.0
-1.9445e-5 -9.17805e-5 0.0 0.0 0.0
-1.86672e-5 -9.17805e-5 0.0 0.0 0.0
-1.78894e-5 -9.17805e-5 0.0 0.0 0.0
-1.71116e-5 -9.17805e-5 0.0 0.0 0.0
-1.63338e-5 -9.17805e-5 0.0 0.0 0.0
-1.5556e-5 -9.17805e-5 0.0 0.0 0.0
-1.47782e-5 -9.17805e-5 0.0 0.0 0.0
-1.40004e-5 -9.17805e-5 1.0e-10 0.0 0.0
-1.32226e-5 -9.17805e-5 1.0e-10 0.0 0.0
-1.24448e-5 -9.17805e-5 1.0e-10 0.0 0.0
-1.1667e-5 -9.17805e-5 0.0 0.0 0.0
-1.08892e-5 -9.17805e-5 0.0 0.0 0.0
-1.01114e-5 -9.17805e-5 0.0 0.0 0.0
-9.3336e-6 -9.17805e-5 0.0 0.0 0.0
-8.5558e-6 -9.17805e-5 0.0 0.0 0.0
-7.778e-6 -9.17805e-5 0.0 0.0 0.0
-7.0002e-6 -9.17805e-5 0.0 0.0 0.0
-6.2224e-6 -9.17805e-5 0.0 0.0 0.0
-5.4446e-6 -9.17805e-5 0.0 0.0 0.0
-4.6668e-6 -9.17805e-5 0.0 0.0 0.0
-3.889e-6 -9.17805e-5 0.0 0.0 0.0
-3.1112e-6 -9.17805e-5 0.0 0.0 0.0
-2.3334e-6 -9.17805e-5 0.0 0.0 0.0
-1.5556e-6 -9.17805e-5 0.0 0.0 0.0
-7.778e-7 -9.17805e-5 0.0 0.0 0.0
0.0 -9.17805e-5 0.0 0.0 0.0
7.778e-7 -9.17805e-5 0.0 0.0 0.0
1.5556e-6 -9.17805e-5 0.0 0.0 0.0
2.3334e-6 -9.17805e-5 0.0 0.0 0.0
3.1112e-6 -9.17805e-5 0.0 0.0 0.0
3.889e-6 -9.17805e-5 0.0 0.0 0.0
4.6668e-6 -9.17805e-5 0.0 0.0 0.0
5.4446e-6 -9.17805e-5 0.0 0.0 0.0
6.2224e-6 -9.17805e-5 0.0 0.0 0.0
7.0002e-6 -9.17805e-5 0.0 0.0 0.0
7.778e-6 -9.17805e-5 0.0 0.0 0.0
8.5558e-6 -9.17805e-5 0.0 0.0 0.0
9.3336e-6 -9.17805e-5 0.0 0.0 0.0
1.01114e-5 -9.17805e-5 0.0 0.0 0.0
1.08892e-5 -9.17805e-5 0.0 0.0 0.0
1.1667e-5 -9.17805e-5 0.0 0.0 0.0
1.24448e-5 -9.17805e-5 0.0 0.0 0.0
1.32226e-5 -9.17805e-5 0.0 0.0 0.0
1.40004e-5 -9.17805e-5 0.0 0.0 0.0
1.47782e-5 -9.17805e-5 0.0 0.0 0.0
1.5556e-5 -9.17805e-5 0.0 0.0 0.0
1.63338e-5 -9.17805e-5 0.0 0.0 0.0
1.71116e-5 -9.17805e-5 0.0 0.0 0.0
1.78894e-5 -9.17805e-5 0.0 0.0 0.0
1.86672e-5 -9.17805e-5 0.0 0.0 0.0
-9.72251e-5 -9.10027e-5 3.4e-6 0.0 0.0
-9.64473e-5 -9.10027e-5 3.4571e-6 0.0 0.0
-9.56695e-5 -9.10027e-5 7.4199e-6 0.0 0.0
-9.48917e-5 -9.10027e-5 1.79087e-5 0.0 0.0
-9.41139e-5 -9.10027e-5 1.57771e-5 0.0 0.0
-9.33361e-5 -9.10027e-5 3.21844e-5 0.0 0.0
-9.25583e-5 -9.10027e-5 4.71211e-5 0.0 0.0
-9.17805e-5 -9.10027e-5 9.65421e-5 0.0 0.0
-9.10027e-5 -9.10027e-5 7.20967e-5 0.0 0.0
-9.02249e-5 -9.10027e-5 0.0001290704 0.0 0.0
-8.94471e-5 -9.10027e-5 0.0001648227 0.0 0.0
-8.86693e-5 -9.10027e-5 0.0001557071 0.0 0.0
-8.78915e-5 -9.10027e-5 0.0001972563 0.0 0.0
-8.71137e-5 -9.10027e-5 0.0001747165 0.0 0.0
-8.63359e-5 -9.10027e-5 0.0002364078 0.0 0.0
-8.55581e-5 -9.10027e-5 0.0003416529 0.0 0.0
-8.47803e-5 -9.10027e-5 0.0002530374 0.0 0.0
-8.40025e-5 -9.10027e-5 0.0003972235 0.0 0.0
-8.32246e-5 -9.10027e-5 0.0005276107 0.0 0.0
-8.24468e-5 -9.10027e-5 0.0004644927 0.0 0.0
-8.1669e-5 -9.10027e-5 0.0006340682 0.0 0.0
-8.08912e-5 -9.10027e-5 0.0010422769 0.0 0.0
-8.01134e-5 -9.10027e-5 0.0010020502 0.0 0.0
-7.93356e-5 -9.10027e-5 0.0013561511 0.0 0.0
-7.85578e-5 -9.10027e-5 0.0010485045 0.0 0.0
-7.778e-5 -9.10027e-5 0.0015950794 0.0 0.0
-7.70022e-5 -9.10027e-5 0.0012987967 0.0 0.0
-7.62244e-5 -9.10027e-5 0.0016942911 0.0 0.0
-7.54466e-5 -9.10027e-5 0.0022811331 0.0 0.0
-7.46688e-5 -9.10027e-5 0.0018756685 0.0 0.0
-7.3891e-5 -9.10027e-5 0.002411123 0.0 0.0
-7.31132e-5 -9.10027e-5 0.0020050103 0.0 0.0
-7.23354e-5 -9.10027e-5 0.0023637177 0.0 0.0
-7.15576e-5 -9.10027e-5 0.002985106 0.0 0.0
-7.07798e-5 -9.10027e-5 0.0024361651 0.0 0.0
-7.0002e-5 -9.10027e-5 0.002863109 0.0 0.0
-6.92242e-5 -9.10027e-5 0.0024195559 0.0 0.0
-6.84464e-5 -9.10027e-5 0.0029096537 0.0 0.0
-6.76686e-5 -9.10027e-5 0.0024895435 0.0 0.0
-6.68908e-5 -9.10027e-5 0.0028940001 0.0 0.0
-6.6113e-5 -9.10027e-5 0.0024223018 0.0 0.0
-6.53352e-5 -9.10027e-5 0.0028563395 0.0 0.0
-6.45574e-5 -9.10027e-5 0.0034148655 0.0 0.0
-6.37796e-5 -9.10027e-5 0.0025411895 0.0 0.0
-6.30018e-5 -9.10027e-5 0.003013975 0.0 0.0
-6.2224e-5 -9.10027e-5 0.0022732466 0.0 0.0
-6.14462e-5 -9.10027e-5 0.0026461007 0.0 0.0
-6.06684e-5 -9.10027e-5 0.0021447038 0.0 0.0
-5.98906e-5 -9.10027e-5 0.0023569673 0.0 0.0
-5.91128e-5 -9.10027e-5 0.0019618977 0.0 0.0
-5.8335e-5 -9.10027e-5 0.0022240698 0.0 0.0
-5.75572e-5 -9.10027e-5 0.0018756306 0.0 0.0
-5.67794e-5 -9.10027e-5 0.0015983305 0.0 0.0
-5.60016e-5 -9.10027e-5 0.0017470793 0.0 0.0
-5.52238e-5 -9.10027e-5 0.001930216 0.0 0.0
-5.4446e-5 -9.10027e-5 0.0016691215 0.0 0.0
-5.36682e-5 -9.10027e-5 0.0019225194 0.0 0.0
-5.28904e-5 -9.10027e-5 0.0016786185 0.0 0.0
-5.21126e-5 -9.10027e-5 0.001438787 0.0 0.0
-5.13348e-5 -9.10027e-5 0.0011935824 0.0 0.0
-5.0557e-5 -9.10027e-5 0.0014211922 0.0 0.0
-4.97792e-5 -9.10027e-5 0.001175845 0.0 0.0
-4.90014e-5 -9.10027e-5 0.0014123076 0.0 0.0
-4.82236e-5 -9.10027e-5 0.0011897295 0.0 0.0
-4.74458e-5 -9.10027e-5 0.0010625421 0.0 0.0
-4.6668e-5 -9.10027e-5 0.0012026624 0.0 0.0
-4.58902e-5 -9.10027e-5 0.0010555738 0.0 0.0
-4.51124e-5 -9.10027e-5 0.0009231017 0.0 0.0
-4.43346e-5 -9.10027e-5 0.0011013846 0.0 0.0
-4.35568e-5 -9.10027e-5 0.0009812411 0.0 0.0
-4.2779e-5 -9.10027e-5 0.0011718844 0.0 0.0
-4.20012e-5 -9.10027e-5 0.0010385904 0.0 0.0
-4.12234e-5 -9.10027e-5 0.0008940802 0.0 0.0
-4.04456e-5 -9.10027e-5 0.0007578993 0.0 0.0
-3.96678e-5 -9.10027e-5 0.0009331398 0.0 0.0
-3.889e-5 -9.10027e-5 0.000751286 0.0 0.0
-3.81122e-5 -9.10027e-5 0.0005384127 0.0 0.0
-3.73344e-5 -9.10027e-5 0.0003166918 0.0 0.0
-3.65566e-5 -9.10027e-5 0.0004382882 0.0 0.0
-3.57788e-5 -9.10027e-5 0.0005493466 0.0 0.0
-3.5001e-5 -9.10027e-5 0.0003046395 0.0 0.0
-3.42232e-5 -9.10027e-5 0.0003814482 0.0 0.0
-3.34454e-5 -9.10027e-5 0.0001427358 0.0 0.0
-3.26676e-5 -9.10027e-5 0.0002131838 0.0 0.0
-3.18898e-5 -9.10027e-5 0.0002666862 0.0 0.0
-3.1112e-5 -9.10027e-5 0.0002276379 0.0 0.0
-3.03342e-5 -9.10027e-5 7.76701e-5 0.0 0.0
-2.95564e-5 -9.10027e-5 7.3288e-6 0.0 0.0
-2.87786e-5 -9.10027e-5 3.5096e-6 0.0 0.0
-2.80008e-5 -9.10027e-5 2.35e-7 0.0 0.0
-2.7223e-5 -9.10027e-5 1.6e-9 0.0 0.0
-2.64452e-5 -9.10027e-5 0.0 0.0 0.0
-2.56674e-5 -9.10027e-5 0.0 0.0 0.0
-2.48896e-5 -9.10027e-5 0.0 0.0 0.0
-2.41118e-5 -9.10027e-5 0.0 0.0 0.0
-2.3334e-5 -9.10027e-5 0.0 0.0 0.0
-2.25562e-5 -9.10027e-5 0.0 0.0 0.0
-2.17784e-5 -9.10027e-5 0.0 0.0 0.0
-2.10006e-5 -9.10027e-5 0.0 0.0 0.0
-2.02228e-5 -9.10027e-5 0.0 0.0 0.0
-1.9445e-5 -9.10027e-5 0.0 0.0 0.0
-1.86672e-5 -9.10027e-5 0.0 0.0 0.0
-1.78894e-5 -9.10027e-5 0.0 0.0 0.0
-1.71116e-5 -9.10027e-5 0.0 0.0 0.0
-1.63338e-5 -9.10027e-5 0.0 0.0 0.0
-1.5556e-5 -9.10027e-5 0.0 0.0 0.0
-1.47782e-5 -9.10027e-5 0.0 0.0 0.0
-1.40004e-5 -9.10027e-5 0.0 0.0 0.0
-1.32226e-5 -9.10027e-5 0.0 0.0 0.0
-1.24448e-5 -9.10027e-5 0.0 0.0 0.0
-1.1667e-5 -9.10027e-5 0.0 0.0 0.0
-1.08892e-5 -9.10027e-5 0.0 0.0 0.0
-1.01114e-5 -9.10027e-5 0.0 0.0 0.0
-9.3336e-6 -9.10027e-5 0.0 0.0 0.0
-8.5558e-6 -9.10027e-5 0.0 0.0 0.0
-7.778e-6 -9.10027e-5 0.0 0.0 0.0
-7.0002e-6 -9.10027e-5 0.0 0.0 0.0
-6.2224e-6 -9.10027e-5 0.0 0.0 0.0
-5.4446e-6 -9.10027e-5 0.0 0.0 0.0
-4.6668e-6 -9.10027e-5 0.0 0.0 0.0
-3.889e-6 -9.10027e-5 0.0 0.0 0.0
-3.1112e-6 -9.10027e-5 0.0 0.0 0.0
-2.3334e-6 -9.10027e-5 0.0 0.0 0.0
-1.5556e-6 -9.10027e-5 0.0 0.0 0.0
-7.778e-7 -9.10027e-5 0.0 0.0 0.0
0.0 -9.10027e-5 0.0 0.0 0.0
7.778e-7 -9.10027e-5 0.0 0.0 0.0
1.5556e-6 -9.10027e-5 0.0 0.0 0.0
2.3334e-6 -9.10027e-5 0.0 0.0 0.0
3.1112e-6 -9.10027e-5 0.0 0.0 0.0
3.889e-6 -9.10027e-5 0.0 0.0 0.0
4.6668e-6 -9.10027e-5 0.0 0.0 0.0
5.4446e-6 -9.10027e-5 0.0 0.0 0.0
6.2224e-6 -9.10027e-5 0.0 0.0 0.0
7.0002e-6 -9.10027e-5 0.0 0.0 0.0
7.778e-6 -9.10027e-5 0.0 0.0 0.0
8.5558e-6 -9.10027e-5 0.0 0.0 0.0
9.3336e-6 -9.10027e-5 0.0 0.0 0.0
1.01114e-5 -9.10027e-5 0.0 0.0 0.0
1.08892e-5 -9.10027e-5 0.0 0.0 0.0
1.1667e-5 -9.10027e-5 0.0 0.0 0.0
1.24448e-5 -9.10027e-5 0.0 0.0 0.0
1.32226e-5 -9.10027e-5 0.0 0.0 0.0
1.40004e-5 -9.10027e-5 0.0 0.0 0.0
1.47782e-5 -9.10027e-5 0.0 0.0 0.0
1.5556e-5 -9.10027e-5 0.0 0.0 0.0
1.63338e-5 -9.10027e-5 0.0 0.0 0.0
1.71116e-5 -9.10027e-5 0.0 0.0 0.0
1.78894e-5 -9.10027e-5 0.0 0.0 0.0
1.86672e-5 -9.10027e-5 0.0 0.0 0.0
-9.72251e-5 -9.02249e-5 6.6394e-6 0.0 0.0
-9.64473e-5 -9.02249e-5 1.56064e-5 0.0 0.0
-9.56695e-5 -9.02249e-5 2.82661e-5 0.0 0.0
-9.48917e-5 -9.02249e-5 2.58592e-5 0.0 0.0
-9.41139e-5 -9.02249e-5 4.34895e-5 0.0 0.0
-9.33361e-5 -9.02249e-5 7.62638e-5 0.0 0.0
-9.25583e-5 -9.02249e-5 0.000128944 0.0 0.0
-9.17805e-5 -9.02249e-5 0.000107489 0.0 0.0
-9.10027e-5 -9.02249e-5 0.0001804288 0.0 0.0
-9.02249e-5 -9.02249e-5 0.0002361187 0.0 0.0
-8.94471e-5 -9.02249e-5 0.0002186904 0.0 0.0
-8.86693e-5 -9.02249e-5 0.0003627067 0.0 0.0
-8.78915e-5 -9.02249e-5 0.000250205 0.0 0.0
-8.71137e-5 -9.02249e-5 0.0004112157 0.0 0.0
-8.63359e-5 -9.02249e-5 0.0005144717 0.0 0.0
-8.55581e-5 -9.02249e-5 0.0005033551 0.0 0.0
-8.47803e-5 -9.02249e-5 0.0006342585 0.0 0.0
-8.40025e-5 -9.02249e-5 0.0010164617 0.0 0.0
-8.32246e-5 -9.02249e-5 0.0006851116 0.0 0.0
-8.24468e-5 -9.02249e-5 0.0011369011 0.0 0.0
-8.1669e-5 -9.02249e-5 0.0016523298 0.0 0.0
-8.08912e-5 -9.02249e-5 0.0017208821 0.0 0.0
-8.01134e-5 -9.02249e-5 0.0022653182 0.0 0.0
-7.93356e-5 -9.02249e-5 0.0020349832 0.0 0.0
-7.85578e-5 -9.02249e-5 0.0025797206 0.0 0.0
-7.778e-5 -9.02249e-5 0.0022279183 0.0 0.0
-7.70022e-5 -9.02249e-5 0.0029628095 0.0 0.0
-7.62244e-5 -9.02249e-5 0.0025331264 0.0 0.0
-7.54466e-5 -9.02249e-5 0.0034003667 0.0 0.0
-7.46688e-5 -9.02249e-5 0.0028187346 0.0 0.0
-7.3891e-5 -9.02249e-5 0.0035766996 0.0 0.0
-7.31132e-5 -9.02249e-5 0.0027739239 0.0 0.0
-7.23354e-5 -9.02249e-5 0.0035293895 0.0 0.0
-7.15576e-5 -9.02249e-5 0.002791727 0.0 0.0
-7.07798e-5 -9.02249e-5 0.0033607683 0.0 0.0
-7.0002e-5 -9.02249e-5 0.0039719368 0.0 0.0
-6.92242e-5 -9.02249e-5 0.0034066285 0.0 0.0
-6.84464e-5 -9.02249e-5 0.0039610294 0.0 0.0
-6.76686e-5 -9.02249e-5 0.0031497661 0.0 0.0
-6.68908e-5 -9.02249e-5 0.0037344362 0.0 0.0
-6.6113e-5 -9.02249e-5 0.0027705519 0.0 0.0
-6.53352e-5 -9.02249e-5 0.0034840554 0.0 0.0
-6.45574e-5 -9.02249e-5 0.0040856801 0.0 0.0
-6.37796e-5 -9.02249e-5 0.0044268037 0.0 0.0
-6.30018e-5 -9.02249e-5 0.0034615871 0.0 0.0
-6.2224e-5 -9.02249e-5 0.0036515161 0.0 0.0
-6.14462e-5 -9.02249e-5 0.0042100282 0.0 0.0
-6.06684e-5 -9.02249e-5 0.0034354897 0.0 0.0
-5.98906e-5 -9.02249e-5 0.0037444463 0.0 0.0
-5.91128e-5 -9.02249e-5 0.002880755 0.0 0.0
-5.8335e-5 -9.02249e-5 0.0024197742 0.0 0.0
-5.75572e-5 -9.02249e-5 0.0025845148 0.0 0.0
-5.67794e-5 -9.02249e-5 0.0021234087 0.0 0.0
-5.60016e-5 -9.02249e-5 0.0022996669 0.0 0.0
-5.52238e-5 -9.02249e-5 0.0019870892 0.0 0.0
-5.4446e-5 -9.02249e-5 0.0021810975 0.0 0.0
-5.36682e-5 -9.02249e-5 0.0018409951 0.0 0.0
-5.28904e-5 -9.02249e-5 0.0020417888 0.0 0.0
-5.21126e-5 -9.02249e-5 0.0017796819 0.0 0.0
-5.13348e-5 -9.02249e-5 0.0019298185 0.0 0.0
-5.0557e-5 -9.02249e-5 0.0017492778 0.0 0.0
-4.97792e-5 -9.02249e-5 0.0014583877 0.0 0.0
-4.90014e-5 -9.02249e-5 0.0017184962 0.0 0.0
-4.82236e-5 -9.02249e-5 0.0014648431 0.0 0.0
-4.74458e-5 -9.02249e-5 0.0016570018 0.0 0.0
-4.6668e-5 -9.02249e-5 0.0015003007 0.0 0.0
-4.58902e-5 -9.02249e-5 0.0012533311 0.0 0.0
-4.51124e-5 -9.02249e-5 0.0011378253 0.0 0.0
-4.43346e-5 -9.02249e-5 0.0013535205 0.0 0.0
-4.35568e-5 -9.02249e-5 0.0011895013 0.0 0.0
-4.2779e-5 -9.02249e-5 0.0014243181 0.0 0.0
-4.20012e-5 -9.02249e-5 0.0012611841 0.0 0.0
-4.12234e-5 -9.02249e-5 0.0010939263 0.0 0.0
-4.04456e-5 -9.02249e-5 0.0009524039 0.0 0.0
-3.96678e-5 -9.02249e-5 0.0012134022 0.0 0.0
-3.889e-5 -9.02249e-5 0.0010008788 0.0 0.0
-3.81122e-5 -9.02249e-5 0.0008165687 0.0 0.0
-3.73344e-5 -9.02249e-5 0.0006444293 0.0 0.0
-3.65566e-5 -9.02249e-5 0.0007649438 0.0 0.0
-3.57788e-5 -9.02249e-5 0.0005202428 0.0 0.0
-3.5001e-5 -9.02249e-5 0.0006430081 0.0 0.0
-3.42232e-5 -9.02249e-5 0.0003860915 0.0 0.0
-3.34454e-5 -9.02249e-5 0.0001211188 0.0 0.0
-3.26676e-5 -9.02249e-5 0.000161683 0.0 0.0
-3.18898e-5 -9.02249e-5 0.0002679398 0.0 0.0
-3.1112e-5 -9.02249e-5 5.45795e-5 0.0 0.0
-3.03342e-5 -9.02249e-5 0.000242991 0.0 0.0
-2.95564e-5 -9.02249e-5 5.50033e-5 0.0 0.0
-2.87786e-5 -9.02249e-5 3.16614e-5 0.0 0.0
-2.80008e-5 -9.02249e-5 2.1759e-6 0.0 0.0
-2.7223e-5 -9.02249e-5 1.47e-7 0.0 0.0
-2.64452e-5 -9.02249e-5 9.85e-8 0.0 0.0
-2.56674e-5 -9.02249e-5 6.06e-8 0.0 0.0
-2.48896e-5 -9.02249e-5 8.83e-8 0.0 0.0
-2.41118e-5 -9.02249e-5 2.034e-7 0.0 0.0
-2.3334e-5 -9.02249e-5 1.472e-7 0.0 0.0
-2.25562e-5 -9.02249e-5 5.3e-8 0.0 0.0
-2.17784e-5 -9.02249e-5 4.24e-8 0.0 0.0
-2.10006e-5 -9.02249e-5 2.4e-8 0.0 0.0
-2.02228e-5 -9.02249e-5 1.86e-8 0.0 0.0
-1.9445e-5 -9.02249e-5 4.8e-9 0.0 0.0
-1.86672e-5 -9.02249e-5 1.2e-9 0.0 0.0
-1.78894e-5 -9.02249e-5 2.0e-10 0.0 0.0
-1.71116e-5 -9.02249e-5 0.0 0.0 0.0
-1.63338e-5 -9.02249e-5 0.0 0.0 0.0
-1.5556e-5 -9.02249e-5 0.0 0.0 0.0
-1.47782e-5 -9.02249e-5 0.0 0.0 0.0
-1.40004e-5 -9.02249e-5 0.0 0.0 0.0
-1.32226e-5 -9.02249e-5 0.0 0.0 0.0
-1.24448e-5 -9.02249e-5 0.0 0.0 0.0
-1.1667e-5 -9.02249e-5 0.0 0.0 0.0
-1.08892e-5 -9.02249e-5 0.0 0.0 0.0
-1.01114e-5 -9.02249e-5 0.0 0.0 0.0
-9.3336e-6 -9.02249e-5 0.0 0.0 0.0
-8.5558e-6 -9.02249e-5 0.0 0.0 0.0
-7.778e-6 -9.02249e-5 0.0 0.0 0.0
-7.0002e-6 -9.02249e-5 0.0 0.0 0.0
-6.2224e-6 -9.02249e-5 0.0 0.0 0.0
-5.4446e-6 -9.02249e-5 0.0 0.0 0.0
-4.6668e-6 -9.02249e-5 0.0 0.0 0.0
-3.889e-6 -9.02249e-5 0.0 0.0 0.0
-3.1112e-6 -9.02249e-5 0.0 0.0 0.0
-2.3334e-6 -9.02249e-5 0.0 0.0 0.0
-1.5556e-6 -9.02249e-5 0.0 0.0 0.0
-7.778e-7 -9.02249e-5 0.0 0.0 0.0
0.0 -9.02249e-5 0.0 0.0 0.0
7.778e-7 -9.02249e-5 0.0 0.0 0.0
1.5556e-6 -9.02249e-5 0.0 0.0 0.0
2.3334e-6 -9.02249e-5 0.0 0.0 0.0
3.1112e-6 -9.02249e-5 0.0 0.0 0.0
3.889e-6 -9.02249e-5 0.0 0.0 0.0
4.6668e-6 -9.02249e-5 0.0 0.0 0.0
5.4446e-6 -9.02249e-5 0.0 0.0 0.0
6.2224e-6 -9.02249e-5 0.0 0.0 0.0
7.0002e-6 -9.02249e-5 0.0 0.0 0.0
7.778e-6 -9.02249e-5 0.0 0.0 0.0
8.5558e-6 -9.02249e-5 0.0 0.0 0.0
9.3336e-6 -9.02249e-5 0.0 0.0 0.0
1.01114e-5 -9.02249e-5 0.0 0.0 0.0
1.08892e-5 -9.02249e-5 0.0 0.0 0.0
1.1667e-5 -9.02249e-5 0.0 0.0 0.0
1.24448e-5 -9.02249e-5 0.0 0.0 0.0
1.32226e-5 -9.02249e-5 0.0 0.0 0.0
1.40004e-5 -9.02249e-5 0.0 0.0 0.0
1.47782e-5 -9.02249e-5 0.0 0.0 0.0
1.5556e-5 -9.02249e-5 0.0 0.0 0.0
1.63338e-5 -9.02249e-5 0.0 0.0 0.0
1.71116e-5 -9.02249e-5 0.0 0.0 0.0
1.78894e-5 -9.02249e-5 0.0 0.0 0.0
1.86672e-5 -9.02249e-5 0.0 0.0 0.0
-9.72251e-5 -8.94471e-5 2.47204e-5 0.0 0.0
-9.64473e-5 -8.94471e-5 2.26375e-5 0.0 0.0
-9.56695e-5 -8.94471e-5 4.15154e-5 0.0 0.0
-9.48917e-5 -8.94471e-5 6.02587e-5 0.0 0.0
-9.41139e-5 -8.94471e-5 0.0001065233 0.0 0.0
-9.33361e-5 -8.94471e-5 8.99737e-5 0.0 0.0
-9.25583e-5 -8.94471e-5 0.0001917303 0.0 0.0
-9.17805e-5 -8.94471e-5 0.0003171959 0.0 0.0
-9.10027e-5 -8.94471e-5 0.0002552279 0.0 0.0
-9.02249e-5 -8.94471e-5 0.0004486392 0.0 0.0
-8.94471e-5 -8.94471e-5 0.0006458875 0.0 0.0
-8.86693e-5 -8.94471e-5 0.0004789487 0.0 0.0
-8.78915e-5 -8.94471e-5 0.0007517055 0.0 0.0
-8.71137e-5 -8.94471e-5 0.0009512617 0.0 0.0
-8.63359e-5 -8.94471e-5 0.0008810329 0.0 0.0
-8.55581e-5 -8.94471e-5 0.0012568601 0.0 0.0
-8.47803e-5 -8.94471e-5 0.0018429352 0.0 0.0
-8.40025e-5 -8.94471e-5 0.0016682832 0.0 0.0
-8.32246e-5 -8.94471e-5 0.0024124656 0.0 0.0
-8.24468e-5 -8.94471e-5 0.0030789273 0.0 0.0
-8.1669e-5 -8.94471e-5 0.0031129227 0.0 0.0
-8.08912e-5 -8.94471e-5 0.0025660243 0.0 0.0
-8.01134e-5 -8.94471e-5 0.0036190834 0.0 0.0
-7.93356e-5 -8.94471e-5 0.0030537274 0.0 0.0
-7.85578e-5 -8.94471e-5 0.0040802922 0.0 0.0
-7.778e-5 -8.94471e-5 0.0034323105 0.0 0.0
-7.70022e-5 -8.94471e-5 0.0046085205 0.0 0.0
-7.62244e-5 -8.94471e-5 0.0041555165 0.0 0.0
-7.54466e-5 -8.94471e-5 0.0050123427 0.0 0.0
-7.46688e-5 -8.94471e-5 0.0044372663 0.0 0.0
-7.3891e-5 -8.94471e-5 0.0052317734 0.0 0.0
-7.31132e-5 -8.94471e-5 0.0044263343 0.0 0.0
-7.23354e-5 -8.94471e-5 0.0051904193 0.0 0.0
-7.15576e-5 -8.94471e-5 0.0042748604 0.0 0.0
-7.07798e-5 -8.94471e-5 0.0049758697 0.0 0.0
-7.0002e-5 -8.94471e-5 0.0038988976 0.0 0.0
-6.92242e-5 -8.94471e-5 0.0046888932 0.0 0.0
-6.84464e-5 -8.94471e-5 0.0055391878 0.0 0.0
-6.76686e-5 -8.94471e-5 0.0042641961 0.0 0.0
-6.68908e-5 -8.94471e-5 0.0051015164 0.0 0.0
-6.6113e-5 -8.94471e-5 0.0056516585 0.0 0.0
-6.53352e-5 -8.94471e-5 0.0043899558 0.0 0.0
-6.45574e-5 -8.94471e-5 0.0048860158 0.0 0.0
-6.37796e-5 -8.94471e-5 0.0054953852 0.0 0.0
-6.30018e-5 -8.94471e-5 0.0044288351 0.0 0.0
-6.2224e-5 -8.94471e-5 0.0049573421 0.0 0.0
-6.14462e-5 -8.94471e-5 0.0051919124 0.0 0.0
-6.06684e-5 -8.94471e-5 0.0057161045 0.0 0.0
-5.98906e-5 -8.94471e-5 0.004445353 0.0 0.0
-5.91128e-5 -8.94471e-5 0.0033937048 0.0 0.0
-5.8335e-5 -8.94471e-5 0.0036398728 0.0 0.0
-5.75572e-5 -8.94471e-5 0.002740757 0.0 0.0
-5.67794e-5 -8.94471e-5 0.0030290269 0.0 0.0
-5.60016e-5 -8.94471e-5 0.0024070165 0.0 0.0
-5.52238e-5 -8.94471e-5 0.0026186819 0.0 0.0
-5.4446e-5 -8.94471e-5 0.0028422917 0.0 0.0
-5.36682e-5 -8.94471e-5 0.0023311537 0.0 0.0
-5.28904e-5 -8.94471e-5 0.0025335232 0.0 0.0
-5.21126e-5 -8.94471e-5 0.002196596 0.0 0.0
-5.13348e-5 -8.94471e-5 0.002374589 0.0 0.0
-5.0557e-5 -8.94471e-5 0.0020698604 0.0 0.0
-4.97792e-5 -8.94471e-5 0.0017452439 0.0 0.0
-4.90014e-5 -8.94471e-5 0.0020309225 0.0 0.0
-4.82236e-5 -8.94471e-5 0.0016869667 0.0 0.0
-4.74458e-5 -8.94471e-5 0.0020122684 0.0 0.0
-4.6668e-5 -8.94471e-5 0.001720436 0.0 0.0
-4.58902e-5 -8.94471e-5 0.0015204178 0.0 0.0
-4.51124e-5 -8.94471e-5 0.001780242 0.0 0.0
-4.43346e-5 -8.94471e-5 0.0014555667 0.0 0.0
-4.35568e-5 -8.94471e-5 0.0013382243 0.0 0.0
-4.2779e-5 -8.94471e-5 0.0015964508 0.0 0.0
-4.20012e-5 -8.94471e-5 0.0014418148 0.0 0.0
-4.12234e-5 -8.94471e-5 0.0013463038 0.0 0.0
-4.04456e-5 -8.94471e-5 0.0011410762 0.0 0.0
-3.96678e-5 -8.94471e-5 0.0014038591 0.0 0.0
-3.889e-5 -8.94471e-5 0.001287335 0.0 0.0
-3.81122e-5 -8.94471e-5 0.0010299597 0.0 0.0
-3.73344e-5 -8.94471e-5 0.0009213957 0.0 0.0
-3.65566e-5 -8.94471e-5 0.0007082112 0.0 0.0
-3.57788e-5 -8.94471e-5 0.0008704439 0.0 0.0
-3.5001e-5 -8.94471e-5 0.0006179128 0.0 0.0
-3.42232e-5 -8.94471e-5 0.0007437045 0.0 0.0
-3.34454e-5 -8.94471e-5 0.000468128 0.0 0.0
-3.26676e-5 -8.94471e-5 0.0001709685 0.0 0.0
-3.18898e-5 -8.94471e-5 0.0001792137 0.0 0.0
-3.1112e-5 -8.94471e-5 0.000276695 0.0 0.0
-3.03342e-5 -8.94471e-5 0.0002253213 0.0 0.0
-2.95564e-5 -8.94471e-5 0.000212373 0.0 0.0
-2.87786e-5 -8.94471e-5 0.0001425761 0.0 0.0
-2.80008e-5 -8.94471e-5 2.67571e-5 0.0 0.0
-2.7223e-5 -8.94471e-5 7.0821e-6 0.0 0.0
-2.64452e-5 -8.94471e-5 8.6792e-6 0.0 0.0
-2.56674e-5 -8.94471e-5 1.69681e-5 0.0 0.0
-2.48896e-5 -8.94471e-5 1.76455e-5 0.0 0.0
-2.41118e-5 -8.94471e-5 1.92797e-5 0.0 0.0
-2.3334e-5 -8.94471e-5 2.80374e-5 0.0 0.0
-2.25562e-5 -8.94471e-5 3.52631e-5 0.0 0.0
-2.17784e-5 -8.94471e-5 3.22737e-5 0.0 0.0
-2.10006e-5 -8.94471e-5 2.04848e-5 0.0 0.0
-2.02228e-5 -8.94471e-5 1.21812e-5 0.0 0.0
-1.9445e-5 -8.94471e-5 7.3413e-6 0.0 0.0
-1.86672e-5 -8.94471e-5 4.4882e-6 0.0 0.0
-1.78894e-5 -8.94471e-5 2.103e-6 0.0 0.0
-1.71116e-5 -8.94471e-5 8.0e-7 0.0 0.0
-1.63338e-5 -8.94471e-5 3.158e-7 0.0 0.0
-1.5556e-5 -8.94471e-5 8.66e-8 0.0 0.0
-1.47782e-5 -8.94471e-5 1.78e-8 0.0 0.0
-1.40004e-5 -8.94471e-5 2.2e-9 0.0 0.0
-1.32226e-5 -8.94471e-5 2.0e-10 0.0 0.0
-1.24448e-5 -8.94471e-5 0.0 0.0 0.0
-1.1667e-5 -8.94471e-5 0.0 0.0 0.0
-1.08892e-5 -8.94471e-5 0.0 0.0 0.0
-1.01114e-5 -8.94471e-5 0.0 0.0 0.0
-9.3336e-6 -8.94471e-5 0.0 0.0 0.0
-8.5558e-6 -8.94471e-5 0.0 0.0 0.0
-7.778e-6 -8.94471e-5 0.0 0.0 0.0
-7.0002e-6 -8.94471e-5 0.0 0.0 0.0
-6.2224e-6 -8.94471e-5 0.0 0.0 0.0
-5.4446e-6 -8.94471e-5 0.0 0.0 0.0
-4.6668e-6 -8.94471e-5 0.0 0.0 0.0
-3.889e-6 -8.94471e-5 0.0 0.0 0.0
-3.1112e-6 -8.94471e-5 0.0 0.0 0.0
-2.3334e-6 -8.94471e-5 0.0 0.0 0.0
-1.5556e-6 -8.94471e-5 0.0 0.0 0.0
-7.778e-7 -8.94471e-5 0.0 0.0 0.0
0.0 -8.94471e-5 0.0 0.0 0.0
7.778e-7 -8.94471e-5 0.0 0.0 0.0
1.5556e-6 -8.94471e-5 0.0 0.0 0.0
2.3334e-6 -8.94471e-5 0.0 0.0 0.0
3.1112e-6 -8.94471e-5 0.0 0.0 0.0
3.889e-6 -8.94471e-5 0.0 0.0 0.0
4.6668e-6 -8.94471e-5 0.0 0.0 0.0
5.4446e-6 -8.94471e-5 0.0 0.0 0.0
6.2224e-6 -8.94471e-5 0.0 0.0 0.0
7.0002e-6 -8.94471e-5 0.0 0.0 0.0
7.778e-6 -8.94471e-5 0.0 0.0 0.0
8.5558e-6 -8.94471e-5 0.0 0.0 0.0
9.3336e-6 -8.94471e-5 0.0 0.0 0.0
1.01114e-5 -8.94471e-5 0.0 0.0 0.0
1.08892e-5 -8.94471e-5 0.0 0.0 0.0
1.1667e-5 -8.94471e-5 0.0 0.0 0.0
1.24448e-5 -8.94471e-5 0.0 0.0 0.0
1.32226e-5 -8.94471e-5 0.0 0.0 0.0
1.40004e-5 -8.94471e-5 0.0 0.0 0.0
1.47782e-5 -8.94471e-5 0.0 0.0 0.0
1.5556e-5 -8.94471e-5 0.0 0.0 0.0
1.63338e-5 -8.94471e-5 0.0 0.0 0.0
1.71116e-5 -8.94471e-5 0.0 0.0 0.0
1.78894e-5 -8.94471e-5 0.0 0.0 0.0
1.86672e-5 -8.94471e-5 0.0 0.0 0.0
-9.72251e-5 -8.86693e-5 3.84107e-5 0.0 0.0
-9.64473e-5 -8.86693e-5 5.94025e-5 0.0 0.0
-9.56695e-5 -8.86693e-5 0.0001112643 0.0 0.0
-9.48917e-5 -8.86693e-5 8.91617e-5 0.0 0.0
-9.41139e-5 -8.86693e-5 0.0001720113 0.0 0.0
-9.33361e-5 -8.86693e-5 0.0002918786 0.0 0.0
-9.25583e-5 -8.86693e-5 0.0005383646 0.0 0.0
-9.17805e-5 -8.86693e-5 0.0004296122 0.0 0.0
-9.10027e-5 -8.86693e-5 0.0008906716 0.0 0.0
-9.02249e-5 -8.86693e-5 0.0010787801 0.0 0.0
-8.94471e-5 -8.86693e-5 0.0010554273 0.0 0.0
-8.86693e-5 -8.86693e-5 0.0014643899 0.0 0.0
-8.78915e-5 -8.86693e-5 0.0022542638 0.0 0.0
-8.71137e-5 -8.86693e-5 0.0018772483 0.0 0.0
-8.63359e-5 -8.86693e-5 0.0027215172 0.0 0.0
-8.55581e-5 -8.86693e-5 0.0033879417 0.0 0.0
-8.47803e-5 -8.86693e-5 0.0032881585 0.0 0.0
-8.40025e-5 -8.86693e-5 0.0028028878 0.0 0.0
-8.32246e-5 -8.86693e-5 0.004001825 0.0 0.0
-8.24468e-5 -8.86693e-5 0.003522596 0.0 0.0
-8.1669e-5 -8.86693e-5 0.0030780492 0.0 0.0
-8.08912e-5 -8.86693e-5 0.0026208183 0.0 0.0
-8.01134e-5 -8.86693e-5 0.0034515439 0.0 0.0
-7.93356e-5 -8.86693e-5 0.0031121114 0.0 0.0
-7.85578e-5 -8.86693e-5 0.0040444968 0.0 0.0
-7.778e-5 -8.86693e-5 0.0032573996 0.0 0.0
-7.70022e-5 -8.86693e-5 0.0028342291 0.0 0.0
-7.62244e-5 -8.86693e-5 0.0038549227 0.0 0.0
-7.54466e-5 -8.86693e-5 0.0028123374 0.0 0.0
-7.46688e-5 -8.86693e-5 0.0042683339 0.0 0.0
-7.3891e-5 -8.86693e-5 0.0031640614 0.0 0.0
-7.31132e-5 -8.86693e-5 0.0040458933 0.0 0.0
-7.23354e-5 -8.86693e-5 0.0032544 0.0 0.0
-7.15576e-5 -8.86693e-5 0.0038476805 0.0 0.0
-7.07798e-5 -8.86693e-5 0.0049073126 0.0 0.0
-7.0002e-5 -8.86693e-5 0.0057131036 0.0 0.0
-6.92242e-5 -8.86693e-5 0.0064867523 0.0 0.0
-6.84464e-5 -8.86693e-5 0.004729596 0.0 0.0
-6.76686e-5 -8.86693e-5 0.0055929468 0.0 0.0
-6.68908e-5 -8.86693e-5 0.0066921675 0.0 0.0
-6.6113e-5 -8.86693e-5 0.0072425671 0.0 0.0
-6.53352e-5 -8.86693e-5 0.0058989277 0.0 0.0
-6.45574e-5 -8.86693e-5 0.0062083817 0.0 0.0
-6.37796e-5 -8.86693e-5 0.0071936342 0.0 0.0
-6.30018e-5 -8.86693e-5 0.005462693 0.0 0.0
-6.2224e-5 -8.86693e-5 0.0061206989 0.0 0.0
-6.14462e-5 -8.86693e-5 0.0065714541 0.0 0.0
-6.06684e-5 -8.86693e-5 0.004918419 0.0 0.0
-5.98906e-5 -8.86693e-5 0.0075449335 0.0 0.0
-5.91128e-5 -8.86693e-5 0.0058615286 0.0 0.0
-5.8335e-5 -8.86693e-5 0.0043178528 0.0 0.0
-5.75572e-5 -8.86693e-5 0.004547049 0.0 0.0
-5.67794e-5 -8.86693e-5 0.0047758917 0.0 0.0
-5.60016e-5 -8.86693e-5 0.0035553285 0.0 0.0
-5.52238e-5 -8.86693e-5 0.0036124632 0.0 0.0
-5.4446e-5 -8.86693e-5 0.0036881912 0.0 0.0
-5.36682e-5 -8.86693e-5 0.0029129181 0.0 0.0
-5.28904e-5 -8.86693e-5 0.0032163832 0.0 0.0
-5.21126e-5 -8.86693e-5 0.0026462711 0.0 0.0
-5.13348e-5 -8.86693e-5 0.0029732061 0.0 0.0
-5.0557e-5 -8.86693e-5 0.0024876226 0.0 0.0
-4.97792e-5 -8.86693e-5 0.0021060696 0.0 0.0
-4.90014e-5 -8.86693e-5 0.002306418 0.0 0.0
-4.82236e-5 -8.86693e-5 0.0019621246 0.0 0.0
-4.74458e-5 -8.86693e-5 0.0022435074 0.0 0.0
-4.6668e-5 -8.86693e-5 0.0020264811 0.0 0.0
-4.58902e-5 -8.86693e-5 0.0017421992 0.0 0.0
-4.51124e-5 -8.86693e-5 0.0019770756 0.0 0.0
-4.43346e-5 -8.86693e-5 0.0017673554 0.0 0.0
-4.35568e-5 -8.86693e-5 0.0019901849 0.0 0.0
-4.2779e-5 -8.86693e-5 0.0018508461 0.0 0.0
-4.20012e-5 -8.86693e-5 0.0015895371 0.0 0.0
-4.12234e-5 -8.86693e-5 0.0015267597 0.0 0.0
-4.04456e-5 -8.86693e-5 0.0017160104 0.0 0.0
-3.96678e-5 -8.86693e-5 0.0016386309 0.0 0.0
-3.889e-5 -8.86693e-5 0.0014941753 0.0 0.0
-3.81122e-5 -8.86693e-5 0.0012655313 0.0 0.0
-3.73344e-5 -8.86693e-5 0.0011013561 0.0 0.0
-3.65566e-5 -8.86693e-5 0.001335945 0.0 0.0
-3.57788e-5 -8.86693e-5 0.0012042858 0.0 0.0
-3.5001e-5 -8.86693e-5 0.0009181024 0.0 0.0
-3.42232e-5 -8.86693e-5 0.0007193798 0.0 0.0
-3.34454e-5 -8.86693e-5 0.0008928439 0.0 0.0
-3.26676e-5 -8.86693e-5 0.0005199812 0.0 0.0
-3.18898e-5 -8.86693e-5 0.0006740684 0.0 0.0
-3.1112e-5 -8.86693e-5 0.0002586132 0.0 0.0
-3.03342e-5 -8.86693e-5 0.0002573773 0.0 0.0
-2.95564e-5 -8.86693e-5 0.0002948063 0.0 0.0
-2.87786e-5 -8.86693e-5 0.0002471837 0.0 0.0
-2.80008e-5 -8.86693e-5 0.0002070372 0.0 0.0
-2.7223e-5 -8.86693e-5 0.0001648223 0.0 0.0
-2.64452e-5 -8.86693e-5 0.0001096766 0.0 0.0
-2.56674e-5 -8.86693e-5 0.0001280914 0.0 0.0
-2.48896e-5 -8.86693e-5 3.76067e-5 0.0 0.0
-2.41118e-5 -8.86693e-5 4.06741e-5 0.0 0.0
-2.3334e-5 -8.86693e-5 4.16871e-5 0.0 0.0
-2.25562e-5 -8.86693e-5 4.62375e-5 0.0 0.0
-2.17784e-5 -8.86693e-5 5.11748e-5 0.0 0.0
-2.10006e-5 -8.86693e-5 0.0001094747 0.0 0.0
-2.02228e-5 -8.86693e-5 9.70799e-5 0.0 0.0
-1.9445e-5 -8.86693e-5 8.41669e-5 0.0 0.0
-1.86672e-5 -8.86693e-5 0.0001112393 0.0 0.0
-1.78894e-5 -8.86693e-5 8.42664e-5 0.0 0.0
-1.71116e-5 -8.86693e-5 0.0001253485 0.0 0.0
-1.63338e-5 -8.86693e-5 7.63357e-5 0.0 0.0
-1.5556e-5 -8.86693e-5 4.78084e-5 0.0 0.0
-1.47782e-5 -8.86693e-5 2.67318e-5 0.0 0.0
-1.40004e-5 -8.86693e-5 1.6158e-5 0.0 0.0
-1.32226e-5 -8.86693e-5 4.9853e-6 0.0 0.0
-1.24448e-5 -8.86693e-5 1.0282e-6 0.0 0.0
-1.1667e-5 -8.86693e-5 1.223e-7 0.0 0.0
-1.08892e-5 -8.86693e-5 8.3e-9 0.0 0.0
-1.01114e-5 -8.86693e-5 4.0e-10 0.0 0.0
-9.3336e-6 -8.86693e-5 0.0 0.0 0.0
-8.5558e-6 -8.86693e-5 0.0 0.0 0.0
-7.778e-6 -8.86693e-5 0.0 0.0 0.0
-7.0002e-6 -8.86693e-5 0.0 0.0 0.0
-6.2224e-6 -8.86693e-5 0.0 0.0 0.0
-5.4446e-6 -8.86693e-5 0.0 0.0 0.0
-4.6668e-6 -8.86693e-5 0.0 0.0 0.0
-3.889e-6 -8.86693e-5 0.0 0.0 0.0
-3.1112e-6 -8.86693e-5 0.0 0.0 0.0
-2.3334e-6 -8.86693e-5 0.0 0.0 0.0
-1.5556e-6 -8.86693e-5 0.0 0.0 0.0
-7.778e-7 -8.86693e-5 0.0 0.0 0.0
0.0 -8.86693e-5 0.0 0.0 0.0
7.778e-7 -8.86693e-5 0.0 0.0 0.0
1.5556e-6 -8.86693e-5 0.0 0.0 0.0
2.3334e-6 -8.86693e-5 0.0 0.0 0.0
3.1112e-6 -8.86693e-5 0.0 0.0 0.0
3.889e-6 -8.86693e-5 0.0 0.0 0.0
4.6668e-6 -8.86693e-5 0.0 0.0 0.0
5.4446e-6 -8.86693e-5 0.0 0.0 0.0
6.2224e-6 -8.86693e-5 0.0 0.0 0.0
7.0002e-6 -8.86693e-5 0.0 0.0 0.0
7.778e-6 -8.86693e-5 0.0 0.0 0.0
8.5558e-6 -8.86693e-5 0.0 0.0 0.0
9.3336e-6 -8.86693e-5 0.0 0.0 0.0
1.01114e-5 -8.86693e-5 0.0 0.0 0.0
1.08892e-5 -8.86693e-5 0.0 0.0 0.0
1.1667e-5 -8.86693e-5 0.0 0.0 0.0
1.24448e-5 -8.86693e-5 0.0 0.0 0.0
1.32226e-5 -8.86693e-5 0.0 0.0 0.0
1.40004e-5 -8.86693e-5 0.0 0.0 0.0
1.47782e-5 -8.86693e-5 0.0 0.0 0.0
1.5556e-5 -8.86693e-5 0.0 0.0 0.0
1.63338e-5 -8.86693e-5 0.0 0.0 0.0
1.71116e-5 -8.86693e-5 0.0 0.0 0.0
1.78894e-5 -8.86693e-5 0.0 0.0 0.0
1.86672e-5 -8.86693e-5 0.0 0.0 0.0
-9.72251e-5 -8.78915e-5 0.000112738 0.0 0.0
-9.64473e-5 -8.78915e-5 9.67802e-5 0.0 0.0
-9.56695e-5 -8.78915e-5 0.0002292092 0.0 0.0
-9.48917e-5 -8.78915e-5 0.0003558829 0.0 0.0
-9.41139e-5 -8.78915e-5 0.0006881205 0.0 0.0
-9.33361e-5 -8.78915e-5 0.0005168941 0.0 0.0
-9.25583e-5 -8.78915e-5 0.0011984597 0.0 0.0
-9.17805e-5 -8.78915e-5 0.0015456342 0.0 0.0
-9.10027e-5 -8.78915e-5 0.0013753261 0.0 0.0
-9.02249e-5 -8.78915e-5 0.0019673158 0.0 0.0
-8.94471e-5 -8.78915e-5 0.0030341454 0.0 0.0
-8.86693e-5 -8.78915e-5 0.0024394285 0.0 0.0
-8.78915e-5 -8.78915e-5 0.0036250845 0.0 0.0
-8.71137e-5 -8.78915e-5 0.0033862828 0.0 0.0
-8.63359e-5 -8.78915e-5 0.0043107447 0.0 0.0
-8.55581e-5 -8.78915e-5 0.0022804324 0.0 0.0
-8.47803e-5 -8.78915e-5 0.0038477569 0.0 0.0
-8.40025e-5 -8.78915e-5 0.0030923625 0.0 0.0
-8.32246e-5 -8.78915e-5 0.0027035088 0.0 0.0
-8.24468e-5 -8.78915e-5 0.0041329905 0.0 0.0
-8.1669e-5 -8.78915e-5 0.0036617246 0.0 0.0
-8.08912e-5 -8.78915e-5 0.0049330245 0.0 0.0
-8.01134e-5 -8.78915e-5 0.0042310769 0.0 0.0
-7.93356e-5 -8.78915e-5 0.0058807546 0.0 0.0
-7.85578e-5 -8.78915e-5 0.0051490963 0.0 0.0
-7.778e-5 -8.78915e-5 0.0049236313 0.0 0.0
-7.70022e-5 -8.78915e-5 0.006080051 0.0 0.0
-7.62244e-5 -8.78915e-5 0.0049847894 0.0 0.0
-7.54466e-5 -8.78915e-5 0.0041854122 0.0 0.0
-7.46688e-5 -8.78915e-5 0.0056516289 0.0 0.0
-7.3891e-5 -8.78915e-5 0.0062930233 0.0 0.0
-7.31132e-5 -8.78915e-5 0.0053363272 0.0 0.0
-7.23354e-5 -8.78915e-5 0.0064041425 0.0 0.0
-7.15576e-5 -8.78915e-5 0.0050077683 0.0 0.0
-7.07798e-5 -8.78915e-5 0.0055227143 0.0 0.0
-7.0002e-5 -8.78915e-5 0.0065090784 0.0 0.0
-6.92242e-5 -8.78915e-5 0.0047199922 0.0 0.0
-6.84464e-5 -8.78915e-5 0.0052045928 0.0 0.0
-6.76686e-5 -8.78915e-5 0.0059556214 0.0 0.0
-6.68908e-5 -8.78915e-5 0.0066788807 0.0 0.0
-6.6113e-5 -8.78915e-5 0.0069055832 0.0 0.0
-6.53352e-5 -8.78915e-5 0.0076664887 0.0 0.0
-6.45574e-5 -8.78915e-5 0.0060957446 0.0 0.0
-6.37796e-5 -8.78915e-5 0.0064383401 0.0 0.0
-6.30018e-5 -8.78915e-5 0.0072659757 0.0 0.0
-6.2224e-5 -8.78915e-5 0.0075873343 0.0 0.0
-6.14462e-5 -8.78915e-5 0.0059647941 0.0 0.0
-6.06684e-5 -8.78915e-5 0.0062557105 0.0 0.0
-5.98906e-5 -8.78915e-5 0.0067760102 0.0 0.0
-5.91128e-5 -8.78915e-5 0.0073141675 0.0 0.0
-5.8335e-5 -8.78915e-5 0.0074437456 0.0 0.0
-5.75572e-5 -8.78915e-5 0.0075123865 0.0 0.0
-5.67794e-5 -8.78915e-5 0.0056134145 0.0 0.0
-5.60016e-5 -8.78915e-5 0.0059600736 0.0 0.0
-5.52238e-5 -8.78915e-5 0.0060233437 0.0 0.0
-5.4446e-5 -8.78915e-5 0.004277743 0.0 0.0
-5.36682e-5 -8.78915e-5 0.0042833336 0.0 0.0
-5.28904e-5 -8.78915e-5 0.0047019473 0.0 0.0
-5.21126e-5 -8.78915e-5 0.0033822283 0.0 0.0
-5.13348e-5 -8.78915e-5 0.0037022086 0.0 0.0
-5.0557e-5 -8.78915e-5 0.0030259796 0.0 0.0
-4.97792e-5 -8.78915e-5 0.0032636756 0.0 0.0
-4.90014e-5 -8.78915e-5 0.002571838 0.0 0.0
-4.82236e-5 -8.78915e-5 0.0023340007 0.0 0.0
-4.74458e-5 -8.78915e-5 0.0026631291 0.0 0.0
-4.6668e-5 -8.78915e-5 0.002285717 0.0 0.0
-4.58902e-5 -8.78915e-5 0.0020204648 0.0 0.0
-4.51124e-5 -8.78915e-5 0.0022859271 0.0 0.0
-4.43346e-5 -8.78915e-5 0.0020597593 0.0 0.0
-4.35568e-5 -8.78915e-5 0.0022711162 0.0 0.0
-4.2779e-5 -8.78915e-5 0.0019958409 0.0 0.0
-4.20012e-5 -8.78915e-5 0.0018140676 0.0 0.0
-4.12234e-5 -8.78915e-5 0.0020575249 0.0 0.0
-4.04456e-5 -8.78915e-5 0.0019103165 0.0 0.0
-3.96678e-5 -8.78915e-5 0.0017720493 0.0 0.0
-3.889e-5 -8.78915e-5 0.0016658842 0.0 0.0
-3.81122e-5 -8.78915e-5 0.0014949166 0.0 0.0
-3.73344e-5 -8.78915e-5 0.0013767945 0.0 0.0
-3.65566e-5 -8.78915e-5 0.0011962332 0.0 0.0
-3.57788e-5 -8.78915e-5 0.0014500649 0.0 0.0
-3.5001e-5 -8.78915e-5 0.001227187 0.0 0.0
-3.42232e-5 -8.78915e-5 0.0011083934 0.0 0.0
-3.34454e-5 -8.78915e-5 0.0008976285 0.0 0.0
-3.26676e-5 -8.78915e-5 0.0010863368 0.0 0.0
-3.18898e-5 -8.78915e-5 0.0006567535 0.0 0.0
-3.1112e-5 -8.78915e-5 0.0008119548 0.0 0.0
-3.03342e-5 -8.78915e-5 0.0003917175 0.0 0.0
-2.95564e-5 -8.78915e-5 0.0007209849 0.0 0.0
-2.87786e-5 -8.78915e-5 0.0003319162 0.0 0.0
-2.80008e-5 -8.78915e-5 0.0002845754 0.0 0.0
-2.7223e-5 -8.78915e-5 0.000374833 0.0 0.0
-2.64452e-5 -8.78915e-5 0.0001600096 0.0 0.0
-2.56674e-5 -8.78915e-5 0.0001323517 0.0 0.0
-2.48896e-5 -8.78915e-5 0.0001091208 0.0 0.0
-2.41118e-5 -8.78915e-5 8.93553e-5 0.0 0.0
-2.3334e-5 -8.78915e-5 9.67238e-5 0.0 0.0
-2.25562e-5 -8.78915e-5 4.91516e-5 0.0 0.0
-2.17784e-5 -8.78915e-5 7.26227e-5 0.0 0.0
-2.10006e-5 -8.78915e-5 6.89986e-5 0.0 0.0
-2.02228e-5 -8.78915e-5 4.95393e-5 0.0 0.0
-1.9445e-5 -8.78915e-5 6.88484e-5 0.0 0.0
-1.86672e-5 -8.78915e-5 5.36834e-5 0.0 0.0
-1.78894e-5 -8.78915e-5 4.76822e-5 0.0 0.0
-1.71116e-5 -8.78915e-5 3.9986e-5 0.0 0.0
-1.63338e-5 -8.78915e-5 3.67024e-5 0.0 0.0
-1.5556e-5 -8.78915e-5 3.31457e-5 0.0 0.0
-1.47782e-5 -8.78915e-5 0.0001048112 0.0 0.0
-1.40004e-5 -8.78915e-5 0.00011585 0.0 0.0
-1.32226e-5 -8.78915e-5 0.0001495844 0.0 0.0
-1.24448e-5 -8.78915e-5 8.63249e-5 0.0 0.0
-1.1667e-5 -8.78915e-5 3.52298e-5 0.0 0.0
-1.08892e-5 -8.78915e-5 1.09994e-5 0.0 0.0
-1.01114e-5 -8.78915e-5 3.8097e-6 0.0 0.0
-9.3336e-6 -8.78915e-5 8.565e-7 0.0 0.0
-8.5558e-6 -8.78915e-5 4.9e-8 0.0 0.0
-7.778e-6 -8.78915e-5 1.8e-9 0.0 0.0
-7.0002e-6 -8.78915e-5 0.0 0.0 0.0
-6.2224e-6 -8.78915e-5 0.0 0.0 0.0
-5.4446e-6 -8.78915e-5 0.0 0.0 0.0
-4.6668e-6 -8.78915e-5 0.0 0.0 0.0
-3.889e-6 -8.78915e-5 0.0 0.0 0.0
-3.1112e-6 -8.78915e-5 0.0 0.0 0.0
-2.3334e-6 -8.78915e-5 0.0 0.0 0.0
-1.5556e-6 -8.78915e-5 0.0 0.0 0.0
-7.778e-7 -8.78915e-5 0.0 0.0 0.0
0.0 -8.78915e-5 0.0 0.0 0.0
7.778e-7 -8.78915e-5 0.0 0.0 0.0
1.5556e-6 -8.78915e-5 0.0 0.0 0.0
2.3334e-6 -8.78915e-5 0.0 0.0 0.0
3.1112e-6 -8.78915e-5 0.0 0.0 0.0
3.889e-6 -8.78915e-5 0.0 0.0 0.0
4.6668e-6 -8.78915e-5 0.0 0.0 0.0
5.4446e-6 -8.78915e-5 0.0 0.0 0.0
6.2224e-6 -8.78915e-5 0.0 0.0 0.0
7.0002e-6 -8.78915e-5 0.0 0.0 0.0
7.778e-6 -8.78915e-5 0.0 0.0 0.0
8.5558e-6 -8.78915e-5 0.0 0.0 0.0
9.3336e-6 -8.78915e-5 0.0 0.0 0.0
1.01114e-5 -8.78915e-5 0.0 0.0 0.0
1.08892e-5 -8.78915e-5 0.0 0.0 0.0
1.1667e-5 -8.78915e-5 0.0 0.0 0.0
1.24448e-5 -8.78915e-5 0.0 0.0 0.0
1.32226e-5 -8.78915e-5 0.0 0.0 0.0
1.40004e-5 -8.78915e-5 0.0 0.0 0.0
1.47782e-5 -8.78915e-5 0.0 0.0 0.0
1.5556e-5 -8.78915e-5 0.0 0.0 0.0
1.63338e-5 -8.78915e-5 0.0 0.0 0.0
1.71116e-5 -8.78915e-5 0.0 0.0 0.0
1.78894e-5 -8.78915e-5 0.0 0.0 0.0
1.86672e-5 -8.78915e-5 0.0 0.0 0.0
-9.72251e-5 -8.71137e-5 0.0002179024 0.0 0.0
-9.64473e-5 -8.71137e-5 0.0004495583 0.0 0.0
-9.56695e-5 -8.71137e-5 0.0008345778 0.0 0.0
-9.48917e-5 -8.71137e-5 0.0006990003 0.0 0.0
-9.41139e-5 -8.71137e-5 0.0013546978 0.0 0.0
-9.33361e-5 -8.71137e-5 0.0020499234 0.0 0.0
-9.25583e-5 -8.71137e-5 0.0028243685 0.0 0.0
-9.17805e-5 -8.71137e-5 0.0027064142 0.0 0.0
-9.10027e-5 -8.71137e-5 0.002419334 0.0 0.0
-9.02249e-5 -8.71137e-5 0.0020119262 0.0 0.0
-8.94471e-5 -8.71137e-5 0.0032621527 0.0 0.0
-8.86693e-5 -8.71137e-5 0.0028383788 0.0 0.0
-8.78915e-5 -8.71137e-5 0.004236885 0.0 0.0
-8.71137e-5 -8.71137e-5 0.0037728665 0.0 0.0
-8.63359e-5 -8.71137e-5 0.003614396 0.0 0.0
-8.55581e-5 -8.71137e-5 0.0055799783 0.0 0.0
-8.47803e-5 -8.71137e-5 0.0050833673 0.0 0.0
-8.40025e-5 -8.71137e-5 0.0050609764 0.0 0.0
-8.32246e-5 -8.71137e-5 0.0066587203 0.0 0.0
-8.24468e-5 -8.71137e-5 0.0068971976 0.0 0.0
-8.1669e-5 -8.71137e-5 0.0068002636 0.0 0.0
-8.08912e-5 -8.71137e-5 0.009197007 0.0 0.0
-8.01134e-5 -8.71137e-5 0.009562447 0.0 0.0
-7.93356e-5 -8.71137e-5 0.0099165986 0.0 0.0
-7.85578e-5 -8.71137e-5 0.0128219297 0.0 0.0
-7.778e-5 -8.71137e-5 0.0155447687 0.0 0.0
-7.70022e-5 -8.71137e-5 0.0158268515 0.0 0.0
-7.62244e-5 -8.71137e-5 0.01530782 0.0 0.0
-7.54466e-5 -8.71137e-5 0.0176627347 0.0 0.0
-7.46688e-5 -8.71137e-5 0.0173099821 0.0 0.0
-7.3891e-5 -8.71137e-5 0.0200731649 0.0 0.0
-7.31132e-5 -8.71137e-5 0.0183150473 0.0 0.0
-7.23354e-5 -8.71137e-5 0.020096431 0.0 0.0
-7.15576e-5 -8.71137e-5 0.0199931177 0.0 0.0
-7.07798e-5 -8.71137e-5 0.0206237305 0.0 0.0
-7.0002e-5 -8.71137e-5 0.0172073385 0.0 0.0
-6.92242e-5 -8.71137e-5 0.0178167785 0.0 0.0
-6.84464e-5 -8.71137e-5 0.0164557455 0.0 0.0
-6.76686e-5 -8.71137e-5 0.0122281408 0.0 0.0
-6.68908e-5 -8.71137e-5 0.0112804487 0.0 0.0
-6.6113e-5 -8.71137e-5 0.011002114 0.0 0.0
-6.53352e-5 -8.71137e-5 0.0077094504 0.0 0.0
-6.45574e-5 -8.71137e-5 0.0068198587 0.0 0.0
-6.37796e-5 -8.71137e-5 0.0074602257 0.0 0.0
-6.30018e-5 -8.71137e-5 0.0073797526 0.0 0.0
-6.2224e-5 -8.71137e-5 0.0076518958 0.0 0.0
-6.14462e-5 -8.71137e-5 0.0079748368 0.0 0.0
-6.06684e-5 -8.71137e-5 0.0085164009 0.0 0.0
-5.98906e-5 -8.71137e-5 0.0084619186 0.0 0.0
-5.91128e-5 -8.71137e-5 0.0090615731 0.0 0.0
-5.8335e-5 -8.71137e-5 0.0089678022 0.0 0.0
-5.75572e-5 -8.71137e-5 0.0098169805 0.0 0.0
-5.67794e-5 -8.71137e-5 0.0093790546 0.0 0.0
-5.60016e-5 -8.71137e-5 0.0096395241 0.0 0.0
-5.52238e-5 -8.71137e-5 0.009473177 0.0 0.0
-5.4446e-5 -8.71137e-5 0.0072495908 0.0 0.0
-5.36682e-5 -8.71137e-5 0.0069070946 0.0 0.0
-5.28904e-5 -8.71137e-5 0.0070894448 0.0 0.0
-5.21126e-5 -8.71137e-5 0.0053896176 0.0 0.0
-5.13348e-5 -8.71137e-5 0.0050739387 0.0 0.0
-5.0557e-5 -8.71137e-5 0.0037832637 0.0 0.0
-4.97792e-5 -8.71137e-5 0.0030231915 0.0 0.0
-4.90014e-5 -8.71137e-5 0.0033631424 0.0 0.0
-4.82236e-5 -8.71137e-5 0.0027284696 0.0 0.0
-4.74458e-5 -8.71137e-5 0.0029736375 0.0 0.0
-4.6668e-5 -8.71137e-5 0.0024946694 0.0 0.0
-4.58902e-5 -8.71137e-5 0.002755737 0.0 0.0
-4.51124e-5 -8.71137e-5 0.0023564081 0.0 0.0
-4.43346e-5 -8.71137e-5 0.0021977572 0.0 0.0
-4.35568e-5 -8.71137e-5 0.0024579706 0.0 0.0
-4.2779e-5 -8.71137e-5 0.0026632628 0.0 0.0
-4.20012e-5 -8.71137e-5 0.0025144002 0.0 0.0
-4.12234e-5 -8.71137e-5 0.0022360545 0.0 0.0
-4.04456e-5 -8.71137e-5 0.0020338405 0.0 0.0
-3.96678e-5 -8.71137e-5 0.0018577313 0.0 0.0
-3.889e-5 -8.71137e-5 0.0017709867 0.0 0.0
-3.81122e-5 -8.71137e-5 0.0017093659 0.0 0.0
-3.73344e-5 -8.71137e-5 0.0015419189 0.0 0.0
-3.65566e-5 -8.71137e-5 0.0015032529 0.0 0.0
-3.57788e-5 -8.71137e-5 0.0018566507 0.0 0.0
-3.5001e-5 -8.71137e-5 0.0016657311 0.0 0.0
-3.42232e-5 -8.71137e-5 0.0014928171 0.0 0.0
-3.34454e-5 -8.71137e-5 0.0017466212 0.0 0.0
-3.26676e-5 -8.71137e-5 0.0015007861 0.0 0.0
-3.18898e-5 -8.71137e-5 0.0013384043 0.0 0.0
-3.1112e-5 -8.71137e-5 0.0015644355 0.0 0.0
-3.03342e-5 -8.71137e-5 0.001138201 0.0 0.0
-2.95564e-5 -8.71137e-5 0.0011950654 0.0 0.0
-2.87786e-5 -8.71137e-5 0.0007233422 0.0 0.0
-2.80008e-5 -8.71137e-5 0.0007075028 0.0 0.0
-2.7223e-5 -8.71137e-5 0.0008314482 0.0 0.0
-2.64452e-5 -8.71137e-5 0.0007080268 0.0 0.0
-2.56674e-5 -8.71137e-5 0.0005349345 0.0 0.0
-2.48896e-5 -8.71137e-5 0.0004127898 0.0 0.0
-2.41118e-5 -8.71137e-5 0.0003591943 0.0 0.0
-2.3334e-5 -8.71137e-5 0.0003301575 0.0 0.0
-2.25562e-5 -8.71137e-5 0.0002860183 0.0 0.0
-2.17784e-5 -8.71137e-5 0.0002286686 0.0 0.0
-2.10006e-5 -8.71137e-5 0.000183244 0.0 0.0
-2.02228e-5 -8.71137e-5 0.0001309412 0.0 0.0
-1.9445e-5 -8.71137e-5 8.09463e-5 0.0 0.0
-1.86672e-5 -8.71137e-5 3.98034e-5 0.0 0.0
-1.78894e-5 -8.71137e-5 2.24159e-5 0.0 0.0
-1.71116e-5 -8.71137e-5 1.67115e-5 0.0 0.0
-1.63338e-5 -8.71137e-5 2.39872e-5 0.0 0.0
-1.5556e-5 -8.71137e-5 1.91427e-5 0.0 0.0
-1.47782e-5 -8.71137e-5 4.97298e-5 0.0 0.0
-1.40004e-5 -8.71137e-5 6.1884e-5 0.0 0.0
-1.32226e-5 -8.71137e-5 7.30787e-5 0.0 0.0
-1.24448e-5 -8.71137e-5 5.30547e-5 0.0 0.0
-1.1667e-5 -8.71137e-5 4.11715e-5 0.0 0.0
-1.08892e-5 -8.71137e-5 0.0001593983 0.0 0.0
-1.01114e-5 -8.71137e-5 0.0001615755 0.0 0.0
-9.3336e-6 -8.71137e-5 6.64943e-5 0.0 0.0
-8.5558e-6 -8.71137e-5 2.43201e-5 0.0 0.0
-7.778e-6 -8.71137e-5 5.1918e-6 0.0 0.0
-7.0002e-6 -8.71137e-5 6.345e-7 0.0 0.0
-6.2224e-6 -8.71137e-5 2.68e-8 0.0 0.0
-5.4446e-6 -8.71137e-5 7.0e-10 0.0 0.0
-4.6668e-6 -8.71137e-5 0.0 0.0 0.0
-3.889e-6 -8.71137e-5 0.0 0.0 0.0
-3.1112e-6 -8.71137e-5 0.0 0.0 0.0
-2.3334e-6 -8.71137e-5 0.0 0.0 0.0
-1.5556e-6 -8.71137e-5 0.0 0.0 0.0
-7.778e-7 -8.71137e-5 0.0 0.0 0.0
0.0 -8.71137e-5 0.0 0.0 0.0
7.778e-7 -8.71137e-5 0.0 0.0 0.0
1.5556e-6 -8.71137e-5 0.0 0.0 0.0
2.3334e-6 -8.71137e-5 0.0 0.0 0.0
3.1112e-6 -8.71137e-5 0.0 0.0 0.0
3.889e-6 -8.71137e-5 0.0 0.0 0.0
4.6668e-6 -8.71137e-5 0.0 0.0 0.0
5.4446e-6 -8.71137e-5 0.0 0.0 0.0
6.2224e-6 -8.71137e-5 0.0 0.0 0.0
7.0002e-6 -8.71137e-5 0.0 0.0 0.0
7.778e-6 -8.71137e-5 0.0 0.0 0.0
8.5558e-6 -8.71137e-5 0.0 0.0 0.0
9.3336e-6 -8.71137e-5 0.0 0.0 0.0
1.01114e-5 -8.71137e-5 0.0 0.0 0.0
1.08892e-5 -8.71137e-5 0.0 0.0 0.0
1.1667e-5 -8.71137e-5 0.0 0.0 0.0
1.24448e-5 -8.71137e-5 0.0 0.0 0.0
1.32226e-5 -8.71137e-5 0.0 0.0 0.0
1.40004e-5 -8.71137e-5 0.0 0.0 0.0
1.47782e-5 -8.71137e-5 0.0 0.0 0.0
1.5556e-5 -8.71137e-5 0.0 0.0 0.0
1.63338e-5 -8.71137e-5 0.0 0.0 0.0
1.71116e-5 -8.71137e-5 0.0 0.0 0.0
1.78894e-5 -8.71137e-5 0.0 0.0 0.0
1.86672e-5 -8.71137e-5 0.0 0.0 0.0
-9.72251e-5 -8.63359e-5 0.0005122834 0.0 0.0
-9.64473e-5 -8.63359e-5 0.0009748822 0.0 0.0
-9.56695e-5 -8.63359e-5 0.0018130361 0.0 0.0
-9.48917e-5 -8.63359e-5 0.0026599164 0.0 0.0
-9.41139e-5 -8.63359e-5 0.0024700194 0.0 0.0
-9.33361e-5 -8.63359e-5 0.0021788092 0.0 0.0
-9.25583e-5 -8.63359e-5 0.0035709601 0.0 0.0
-9.17805e-5 -8.63359e-5 0.0029709896 0.0 0.0
-9.10027e-5 -8.63359e-5 0.0029314027 0.0 0.0
-9.02249e-5 -8.63359e-5 0.0047114419 0.0 0.0
-8.94471e-5 -8.63359e-5 0.004474931 0.0 0.0
-8.86693e-5 -8.63359e-5 0.004474944 0.0 0.0
-8.78915e-5 -8.63359e-5 0.006543644 0.0 0.0
-8.71137e-5 -8.63359e-5 0.0068428202 0.0 0.0
-8.63359e-5 -8.63359e-5 0.0069927995 0.0 0.0
-8.55581e-5 -8.63359e-5 0.009607303 0.0 0.0
-8.47803e-5 -8.63359e-5 0.0078235398 0.0 0.0
-8.40025e-5 -8.63359e-5 0.0110347942 0.0 0.0
-8.32246e-5 -8.63359e-5 0.0119866709 0.0 0.0
-8.24468e-5 -8.63359e-5 0.0145079414 0.0 0.0
-8.1669e-5 -8.63359e-5 0.0156138334 0.0 0.0
-8.08912e-5 -8.63359e-5 0.0189316138 0.0 0.0
-8.01134e-5 -8.63359e-5 0.0249946173 0.0 0.0
-7.93356e-5 -8.63359e-5 0.0264801861 0.0 0.0
-7.85578e-5 -8.63359e-5 0.0308192146 0.0 0.0
-7.778e-5 -8.63359e-5 0.0320983639 0.0 0.0
-7.70022e-5 -8.63359e-5 0.0365567384 0.0 0.0
-7.62244e-5 -8.63359e-5 0.0353292525 0.0 0.0
-7.54466e-5 -8.63359e-5 0.0325695123 0.0 0.0
-7.46688e-5 -8.63359e-5 0.0383313378 0.0 0.0
-7.3891e-5 -8.63359e-5 0.0287618399 0.0 0.0
-7.31132e-5 -8.63359e-5 0.0390223682 0.0 0.0
-7.23354e-5 -8.63359e-5 0.0281654409 0.0 0.0
-7.15576e-5 -8.63359e-5 0.0420843653 0.0 0.0
-7.07798e-5 -8.63359e-5 0.0384486452 0.0 0.0
-7.0002e-5 -8.63359e-5 0.043431757 0.0 0.0
-6.92242e-5 -8.63359e-5 0.0383963151 0.0 0.0
-6.84464e-5 -8.63359e-5 0.0371594675 0.0 0.0
-6.76686e-5 -8.63359e-5 0.0384076909 0.0 0.0
-6.68908e-5 -8.63359e-5 0.0364946529 0.0 0.0
-6.6113e-5 -8.63359e-5 0.0308047013 0.0 0.0
-6.53352e-5 -8.63359e-5 0.0271793749 0.0 0.0
-6.45574e-5 -8.63359e-5 0.0246561939 0.0 0.0
-6.37796e-5 -8.63359e-5 0.0215765811 0.0 0.0
-6.30018e-5 -8.63359e-5 0.014898519 0.0 0.0
-6.2224e-5 -8.63359e-5 0.0123045879 0.0 0.0
-6.14462e-5 -8.63359e-5 0.0108416334 0.0 0.0
-6.06684e-5 -8.63359e-5 0.0098618814 0.0 0.0
-5.98906e-5 -8.63359e-5 0.0090967114 0.0 0.0
-5.91128e-5 -8.63359e-5 0.0092921418 0.0 0.0
-5.8335e-5 -8.63359e-5 0.0094953706 0.0 0.0
-5.75572e-5 -8.63359e-5 0.012641539 0.0 0.0
-5.67794e-5 -8.63359e-5 0.0122172265 0.0 0.0
-5.60016e-5 -8.63359e-5 0.0099356685 0.0 0.0
-5.52238e-5 -8.63359e-5 0.0096776363 0.0 0.0
-5.4446e-5 -8.63359e-5 0.0119099226 0.0 0.0
-5.36682e-5 -8.63359e-5 0.009316849 0.0 0.0
-5.28904e-5 -8.63359e-5 0.0087714494 0.0 0.0
-5.21126e-5 -8.63359e-5 0.0085045882 0.0 0.0
-5.13348e-5 -8.63359e-5 0.0062192185 0.0 0.0
-5.0557e-5 -8.63359e-5 0.0057396361 0.0 0.0
-4.97792e-5 -8.63359e-5 0.0041519803 0.0 0.0
-4.90014e-5 -8.63359e-5 0.0039808707 0.0 0.0
-4.82236e-5 -8.63359e-5 0.004036107 0.0 0.0
-4.74458e-5 -8.63359e-5 0.0034990903 0.0 0.0
-4.6668e-5 -8.63359e-5 0.0027342319 0.0 0.0
-4.58902e-5 -8.63359e-5 0.0031473463 0.0 0.0
-4.51124e-5 -8.63359e-5 0.0026785247 0.0 0.0
-4.43346e-5 -8.63359e-5 0.0024195519 0.0 0.0
-4.35568e-5 -8.63359e-5 0.002545754 0.0 0.0
-4.2779e-5 -8.63359e-5 0.0023784031 0.0 0.0
-4.20012e-5 -8.63359e-5 0.0026767159 0.0 0.0
-4.12234e-5 -8.63359e-5 0.0024205839 0.0 0.0
-4.04456e-5 -8.63359e-5 0.002748043 0.0 0.0
-3.96678e-5 -8.63359e-5 0.0021736522 0.0 0.0
-3.889e-5 -8.63359e-5 0.0026359308 0.0 0.0
-3.81122e-5 -8.63359e-5 0.0023785929 0.0 0.0
-3.73344e-5 -8.63359e-5 0.0023687784 0.0 0.0
-3.65566e-5 -8.63359e-5 0.0023674116 0.0 0.0
-3.57788e-5 -8.63359e-5 0.0021888505 0.0 0.0
-3.5001e-5 -8.63359e-5 0.002149794 0.0 0.0
-3.42232e-5 -8.63359e-5 0.0021095023 0.0 0.0
-3.34454e-5 -8.63359e-5 0.0020315358 0.0 0.0
-3.26676e-5 -8.63359e-5 0.002396302 0.0 0.0
-3.18898e-5 -8.63359e-5 0.0023164951 0.0 0.0
-3.1112e-5 -8.63359e-5 0.0020646122 0.0 0.0
-3.03342e-5 -8.63359e-5 0.0021666832 0.0 0.0
-2.95564e-5 -8.63359e-5 0.0024085305 0.0 0.0
-2.87786e-5 -8.63359e-5 0.0018289427 0.0 0.0
-2.80008e-5 -8.63359e-5 0.0017142643 0.0 0.0
-2.7223e-5 -8.63359e-5 0.0018825329 0.0 0.0
-2.64452e-5 -8.63359e-5 0.0017256448 0.0 0.0
-2.56674e-5 -8.63359e-5 0.0017517654 0.0 0.0
-2.48896e-5 -8.63359e-5 0.0013743913 0.0 0.0
-2.41118e-5 -8.63359e-5 0.0012414105 0.0 0.0
-2.3334e-5 -8.63359e-5 0.0011169419 0.0 0.0
-2.25562e-5 -8.63359e-5 0.0010090596 0.0 0.0
-2.17784e-5 -8.63359e-5 0.0009243953 0.0 0.0
-2.10006e-5 -8.63359e-5 0.0008265607 0.0 0.0
-2.02228e-5 -8.63359e-5 0.0007428118 0.0 0.0
-1.9445e-5 -8.63359e-5 0.0006551079 0.0 0.0
-1.86672e-5 -8.63359e-5 0.0005504503 0.0 0.0
-1.78894e-5 -8.63359e-5 0.0004038603 0.0 0.0
-1.71116e-5 -8.63359e-5 0.0002205847 0.0 0.0
-1.63338e-5 -8.63359e-5 8.49417e-5 0.0 0.0
-1.5556e-5 -8.63359e-5 2.67922e-5 0.0 0.0
-1.47782e-5 -8.63359e-5 3.7712e-5 0.0 0.0
-1.40004e-5 -8.63359e-5 1.28382e-5 0.0 0.0
-1.32226e-5 -8.63359e-5 1.28032e-5 0.0 0.0
-1.24448e-5 -8.63359e-5 4.73335e-5 0.0 0.0
-1.1667e-5 -8.63359e-5 4.59159e-5 0.0 0.0
-1.08892e-5 -8.63359e-5 4.49589e-5 0.0 0.0
-1.01114e-5 -8.63359e-5 4.88618e-5 0.0 0.0
-9.3336e-6 -8.63359e-5 3.41806e-5 0.0 0.0
-8.5558e-6 -8.63359e-5 9.60623e-5 0.0 0.0
-7.778e-6 -8.63359e-5 0.0001339686 0.0 0.0
-7.0002e-6 -8.63359e-5 9.0179e-5 0.0 0.0
-6.2224e-6 -8.63359e-5 2.28651e-5 0.0 0.0
-5.4446e-6 -8.63359e-5 2.8468e-6 0.0 0.0
-4.6668e-6 -8.63359e-5 2.104e-7 0.0 0.0
-3.889e-6 -8.63359e-5 7.2e-9 0.0 0.0
-3.1112e-6 -8.63359e-5 1.0e-10 0.0 0.0
-2.3334e-6 -8.63359e-5 0.0 0.0 0.0
-1.5556e-6 -8.63359e-5 0.0 0.0 0.0
-7.778e-7 -8.63359e-5 0.0 0.0 0.0
0.0 -8.63359e-5 0.0 0.0 0.0
7.778e-7 -8.63359e-5 0.0 0.0 0.0
1.5556e-6 -8.63359e-5 0.0 0.0 0.0
2.3334e-6 -8.63359e-5 0.0 0.0 0.0
3.1112e-6 -8.63359e-5 0.0 0.0 0.0
3.889e-6 -8.63359e-5 0.0 0.0 0.0
4.6668e-6 -8.63359e-5 0.0 0.0 0.0
5.4446e-6 -8.63359e-5 0.0 0.0 0.0
6.2224e-6 -8.63359e-5 0.0 0.0 0.0
7.0002e-6 -8.63359e-5 0.0 0.0 0.0
7.778e-6 -8.63359e-5 0.0 0.0 0.0
8.5558e-6 -8.63359e-5 0.0 0.0 0.0
9.3336e-6 -8.63359e-5 0.0 0.0 0.0
1.01114e-5 -8.63359e-5 0.0 0.0 0.0
1.08892e-5 -8.63359e-5 0.0 0.0 0.0
1.1667e-5 -8.63359e-5 0.0 0.0 0.0
1.24448e-5 -8.63359e-5 0.0 0.0 0.0
1.32226e-5 -8.63359e-5 0.0 0.0 0.0
1.40004e-5 -8.63359e-5 0.0 0.0 0.0
1.47782e-5 -8.63359e-5 0.0 0.0 0.0
1.5556e-5 -8.63359e-5 0.0 0.0 0.0
1.63338e-5 -8.63359e-5 0.0 0.0 0.0
1.71116e-5 -8.63359e-5 0.0 0.0 0.0
1.78894e-5 -8.63359e-5 0.0 0.0 0.0
1.86672e-5 -8.63359e-5 0.0 0.0 0.0
-9.72251e-5 -8.55581e-5 0.0024102912 0.0 0.0
-9.64473e-5 -8.55581e-5 0.0021358104 0.0 0.0
-9.56695e-5 -8.55581e-5 0.0032050196 0.0 0.0
-9.48917e-5 -8.55581e-5 0.0032439205 0.0 0.0
-9.41139e-5 -8.55581e-5 0.0031677611 0.0 0.0
-9.33361e-5 -8.55581e-5 0.0025750961 0.0 0.0
-9.25583e-5 -8.55581e-5 0.0044021477 0.0 0.0
-9.17805e-5 -8.55581e-5 0.0049628974 0.0 0.0
-9.10027e-5 -8.55581e-5 0.0050678902 0.0 0.0
-9.02249e-5 -8.55581e-5 0.0076826909 0.0 0.0
-8.94471e-5 -8.55581e-5 0.0084763086 0.0 0.0
-8.86693e-5 -8.55581e-5 0.0088559293 0.0 0.0
-8.78915e-5 -8.55581e-5 0.0097415307 0.0 0.0
-8.71137e-5 -8.55581e-5 0.0111354534 0.0 0.0
-8.63359e-5 -8.55581e-5 0.0098423005 0.0 0.0
-8.55581e-5 -8.55581e-5 0.0157594937 0.0 0.0
-8.47803e-5 -8.55581e-5 0.0176571735 0.0 0.0
-8.40025e-5 -8.55581e-5 0.0238445505 0.0 0.0
-8.32246e-5 -8.55581e-5 0.026928818 0.0 0.0
-8.24468e-5 -8.55581e-5 0.0247260033 0.0 0.0
-8.1669e-5 -8.55581e-5 0.0286956577 0.0 0.0
-8.08912e-5 -8.55581e-5 0.0178904364 0.0 0.0
-8.01134e-5 -8.55581e-5 0.0135659673 0.0 0.0
-7.93356e-5 -8.55581e-5 0.0054269966 0.0 0.0
-7.85578e-5 -8.55581e-5 0.0045327553 0.0 0.0
-7.778e-5 -8.55581e-5 0.0057437321 0.0 0.0
-7.70022e-5 -8.55581e-5 0.0044960138 0.0 0.0
-7.62244e-5 -8.55581e-5 0.006525328 0.0 0.0
-7.54466e-5 -8.55581e-5 0.0048815485 0.0 0.0
-7.46688e-5 -8.55581e-5 0.0068418457 0.0 0.0
-7.3891e-5 -8.55581e-5 0.0086760919 0.0 0.0
-7.31132e-5 -8.55581e-5 0.0060716569 0.0 0.0
-7.23354e-5 -8.55581e-5 0.0077348085 0.0 0.0
-7.15576e-5 -8.55581e-5 0.0092646482 0.0 0.0
-7.07798e-5 -8.55581e-5 0.0070993181 0.0 0.0
-7.0002e-5 -8.55581e-5 0.0076914259 0.0 0.0
-6.92242e-5 -8.55581e-5 0.0093714212 0.0 0.0
-6.84464e-5 -8.55581e-5 0.0098995072 0.0 0.0
-6.76686e-5 -8.55581e-5 0.0102624136 0.0 0.0
-6.68908e-5 -8.55581e-5 0.0145383644 0.0 0.0
-6.6113e-5 -8.55581e-5 0.0149658307 0.0 0.0
-6.53352e-5 -8.55581e-5 0.0144212549 0.0 0.0
-6.45574e-5 -8.55581e-5 0.0320322844 0.0 0.0
-6.37796e-5 -8.55581e-5 0.0336123416 0.0 0.0
-6.30018e-5 -8.55581e-5 0.0334400447 0.0 0.0
-6.2224e-5 -8.55581e-5 0.0333936798 0.0 0.0
-6.14462e-5 -8.55581e-5 0.0286513797 0.0 0.0
-6.06684e-5 -8.55581e-5 0.0202860168 0.0 0.0
-5.98906e-5 -8.55581e-5 0.0166827996 0.0 0.0
-5.91128e-5 -8.55581e-5 0.0134498902 0.0 0.0
-5.8335e-5 -8.55581e-5 0.0114272139 0.0 0.0
-5.75572e-5 -8.55581e-5 0.0104975918 0.0 0.0
-5.67794e-5 -8.55581e-5 0.0100241883 0.0 0.0
-5.60016e-5 -8.55581e-5 0.013064312 0.0 0.0
-5.52238e-5 -8.55581e-5 0.0130241522 0.0 0.0
-5.4446e-5 -8.55581e-5 0.0125693316 0.0 0.0
-5.36682e-5 -8.55581e-5 0.0117418887 0.0 0.0
-5.28904e-5 -8.55581e-5 0.0116611133 0.0 0.0
-5.21126e-5 -8.55581e-5 0.0108901113 0.0 0.0
-5.13348e-5 -8.55581e-5 0.0103229795 0.0 0.0
-5.0557e-5 -8.55581e-5 0.0097435439 0.0 0.0
-4.97792e-5 -8.55581e-5 0.0069743674 0.0 0.0
-4.90014e-5 -8.55581e-5 0.0067935413 0.0 0.0
-4.82236e-5 -8.55581e-5 0.0047617308 0.0 0.0
-4.74458e-5 -8.55581e-5 0.0046364411 0.0 0.0
-4.6668e-5 -8.55581e-5 0.0035057291 0.0 0.0
-4.58902e-5 -8.55581e-5 0.0037532566 0.0 0.0
-4.51124e-5 -8.55581e-5 0.0028805474 0.0 0.0
-4.43346e-5 -8.55581e-5 0.0034103058 0.0 0.0
-4.35568e-5 -8.55581e-5 0.002933172 0.0 0.0
-4.2779e-5 -8.55581e-5 0.0033718137 0.0 0.0
-4.20012e-5 -8.55581e-5 0.0030389862 0.0 0.0
-4.12234e-5 -8.55581e-5 0.0029187262 0.0 0.0
-4.04456e-5 -8.55581e-5 0.0032108 0.0 0.0
-3.96678e-5 -8.55581e-5 0.0030393483 0.0 0.0
-3.889e-5 -8.55581e-5 0.0029330309 0.0 0.0
-3.81122e-5 -8.55581e-5 0.0028448127 0.0 0.0
-3.73344e-5 -8.55581e-5 0.0027050968 0.0 0.0
-3.65566e-5 -8.55581e-5 0.0025845995 0.0 0.0
-3.57788e-5 -8.55581e-5 0.0025045398 0.0 0.0
-3.5001e-5 -8.55581e-5 0.0023017066 0.0 0.0
-3.42232e-5 -8.55581e-5 0.0021796309 0.0 0.0
-3.34454e-5 -8.55581e-5 0.0024540694 0.0 0.0
-3.26676e-5 -8.55581e-5 0.0023386103 0.0 0.0
-3.18898e-5 -8.55581e-5 0.0020447682 0.0 0.0
-3.1112e-5 -8.55581e-5 0.001679895 0.0 0.0
-3.03342e-5 -8.55581e-5 0.0019470385 0.0 0.0
-2.95564e-5 -8.55581e-5 0.001524737 0.0 0.0
-2.87786e-5 -8.55581e-5 0.0019323934 0.0 0.0
-2.80008e-5 -8.55581e-5 0.0012690349 0.0 0.0
-2.7223e-5 -8.55581e-5 0.0011652205 0.0 0.0
-2.64452e-5 -8.55581e-5 0.0010086228 0.0 0.0
-2.56674e-5 -8.55581e-5 0.0007744676 0.0 0.0
-2.48896e-5 -8.55581e-5 0.0011024221 0.0 0.0
-2.41118e-5 -8.55581e-5 0.0008042748 0.0 0.0
-2.3334e-5 -8.55581e-5 0.0006577062 0.0 0.0
-2.25562e-5 -8.55581e-5 0.0005907339 0.0 0.0
-2.17784e-5 -8.55581e-5 0.00084718 0.0 0.0
-2.10006e-5 -8.55581e-5 0.0008430372 0.0 0.0
-2.02228e-5 -8.55581e-5 0.000807986 0.0 0.0
-1.9445e-5 -8.55581e-5 0.0012348236 0.0 0.0
-1.86672e-5 -8.55581e-5 0.0013199865 0.0 0.0
-1.78894e-5 -8.55581e-5 0.0012078901 0.0 0.0
-1.71116e-5 -8.55581e-5 0.0011649324 0.0 0.0
-1.63338e-5 -8.55581e-5 0.0009980051 0.0 0.0
-1.5556e-5 -8.55581e-5 0.000791401 0.0 0.0
-1.47782e-5 -8.55581e-5 0.0005806827 0.0 0.0
-1.40004e-5 -8.55581e-5 0.0002914702 0.0 0.0
-1.32226e-5 -8.55581e-5 0.0001235599 0.0 0.0
-1.24448e-5 -8.55581e-5 4.89019e-5 0.0 0.0
-1.1667e-5 -8.55581e-5 2.27341e-5 0.0 0.0
-1.08892e-5 -8.55581e-5 1.60261e-5 0.0 0.0
-1.01114e-5 -8.55581e-5 4.13406e-5 0.0 0.0
-9.3336e-6 -8.55581e-5 3.71096e-5 0.0 0.0
-8.5558e-6 -8.55581e-5 4.19053e-5 0.0 0.0
-7.778e-6 -8.55581e-5 2.25139e-5 0.0 0.0
-7.0002e-6 -8.55581e-5 5.74013e-5 0.0 0.0
-6.2224e-6 -8.55581e-5 6.85856e-5 0.0 0.0
-5.4446e-6 -8.55581e-5 0.0001216879 0.0 0.0
-4.6668e-6 -8.55581e-5 6.07072e-5 0.0 0.0
-3.889e-6 -8.55581e-5 1.07302e-5 0.0 0.0
-3.1112e-6 -8.55581e-5 8.364e-7 0.0 0.0
-2.3334e-6 -8.55581e-5 1.83e-8 0.0 0.0
-1.5556e-6 -8.55581e-5 2.0e-10 0.0 0.0
-7.778e-7 -8.55581e-5 0.0 0.0 0.0
0.0 -8.55581e-5 0.0 0.0 0.0
7.778e-7 -8.55581e-5 0.0 0.0 0.0
1.5556e-6 -8.55581e-5 0.0 0.0 0.0
2.3334e-6 -8.55581e-5 0.0 0.0 0.0
3.1112e-6 -8.55581e-5 0.0 0.0 0.0
3.889e-6 -8.55581e-5 0.0 0.0 0.0
4.6668e-6 -8.55581e-5 0.0 0.0 0.0
5.4446e-6 -8.55581e-5 0.0 0.0 0.0
6.2224e-6 -8.55581e-5 0.0 0.0 0.0
7.0002e-6 -8.55581e-5 0.0 0.0 0.0
7.778e-6 -8.55581e-5 0.0 0.0 0.0
8.5558e-6 -8.55581e-5 0.0 0.0 0.0
9.3336e-6 -8.55581e-5 0.0 0.0 0.0
1.01114e-5 -8.55581e-5 0.0 0.0 0.0
1.08892e-5 -8.55581e-5 0.0 0.0 0.0
1.1667e-5 -8.55581e-5 0.0 0.0 0.0
1.24448e-5 -8.55581e-5 0.0 0.0 0.0
1.32226e-5 -8.55581e-5 0.0 0.0 0.0
1.40004e-5 -8.55581e-5 0.0 0.0 0.0
1.47782e-5 -8.55581e-5 0.0 0.0 0.0
1.5556e-5 -8.55581e-5 0.0 0.0 0.0
1.63338e-5 -8.55581e-5 0.0 0.0 0.0
1.71116e-5 -8.55581e-5 0.0 0.0 0.0
1.78894e-5 -8.55581e-5 0.0 0.0 0.0
1.86672e-5 -8.55581e-5 0.0 0.0 0.0
-9.72251e-5 -8.47803e-5 0.0026135727 0.0 0.0
-9.64473e-5 -8.47803e-5 0.0023954761 0.0 0.0
-9.56695e-5 -8.47803e-5 0.0026750164 0.0 0.0
-9.48917e-5 -8.47803e-5 0.0041719783 0.0 0.0
-9.41139e-5 -8.47803e-5 0.005025666 0.0 0.0
-9.33361e-5 -8.47803e-5 0.005419598 0.0 0.0
-9.25583e-5 -8.47803e-5 0.0083494317 0.0 0.0
-9.17805e-5 -8.47803e-5 0.0089973804 0.0 0.0
-9.10027e-5 -8.47803e-5 0.0072450045 0.0 0.0
-9.02249e-5 -8.47803e-5 0.0108532356 0.0 0.0
-8.94471e-5 -8.47803e-5 0.0100940908 0.0 0.0
-8.86693e-5 -8.47803e-5 0.0146495105 0.0 0.0
-8.78915e-5 -8.47803e-5 0.0148631243 0.0 0.0
-8.71137e-5 -8.47803e-5 0.0212437611 0.0 0.0
-8.63359e-5 -8.47803e-5 0.0221815699 0.0 0.0
-8.55581e-5 -8.47803e-5 0.0239815313 0.0 0.0
-8.47803e-5 -8.47803e-5 0.022293593 0.0 0.0
-8.40025e-5 -8.47803e-5 0.0045993383 0.0 0.0
-8.32246e-5 -8.47803e-5 0.0035094679 0.0 0.0
-8.24468e-5 -8.47803e-5 0.0058039713 0.0 0.0
-8.1669e-5 -8.47803e-5 0.0046395973 0.0 0.0
-8.08912e-5 -8.47803e-5 0.0033842069 0.0 0.0
-8.01134e-5 -8.47803e-5 0.0053198495 0.0 0.0
-7.93356e-5 -8.47803e-5 0.0039979974 0.0 0.0
-7.85578e-5 -8.47803e-5 0.0058642638 0.0 0.0
-7.778e-5 -8.47803e-5 0.0046365963 0.0 0.0
-7.70022e-5 -8.47803e-5 0.0037226476 0.0 0.0
-7.62244e-5 -8.47803e-5 0.005429288 0.0 0.0
-7.54466e-5 -8.47803e-5 0.0046455618 0.0 0.0
-7.46688e-5 -8.47803e-5 0.0060497928 0.0 0.0
-7.3891e-5 -8.47803e-5 0.0047840481 0.0 0.0
-7.31132e-5 -8.47803e-5 0.006840369 0.0 0.0
-7.23354e-5 -8.47803e-5 0.0057319547 0.0 0.0
-7.15576e-5 -8.47803e-5 0.0076236598 0.0 0.0
-7.07798e-5 -8.47803e-5 0.0103231102 0.0 0.0
-7.0002e-5 -8.47803e-5 0.0114984642 0.0 0.0
-6.92242e-5 -8.47803e-5 0.0108215903 0.0 0.0
-6.84464e-5 -8.47803e-5 0.0158314944 0.0 0.0
-6.76686e-5 -8.47803e-5 0.0178334701 0.0 0.0
-6.68908e-5 -8.47803e-5 0.0184470106 0.0 0.0
-6.6113e-5 -8.47803e-5 0.0190479851 0.0 0.0
-6.53352e-5 -8.47803e-5 0.0140262423 0.0 0.0
-6.45574e-5 -8.47803e-5 0.0171588141 0.0 0.0
-6.37796e-5 -8.47803e-5 0.0200158755 0.0 0.0
-6.30018e-5 -8.47803e-5 0.0179668183 0.0 0.0
-6.2224e-5 -8.47803e-5 0.0155829581 0.0 0.0
-6.14462e-5 -8.47803e-5 0.0276482187 0.0 0.0
-6.06684e-5 -8.47803e-5 0.0284517063 0.0 0.0
-5.98906e-5 -8.47803e-5 0.0276554386 0.0 0.0
-5.91128e-5 -8.47803e-5 0.0266194013 0.0 0.0
-5.8335e-5 -8.47803e-5 0.0212837952 0.0 0.0
-5.75572e-5 -8.47803e-5 0.0169089287 0.0 0.0
-5.67794e-5 -8.47803e-5 0.0136199781 0.0 0.0
-5.60016e-5 -8.47803e-5 0.0115772807 0.0 0.0
-5.52238e-5 -8.47803e-5 0.0107540798 0.0 0.0
-5.4446e-5 -8.47803e-5 0.0132002995 0.0 0.0
-5.36682e-5 -8.47803e-5 0.0161791087 0.0 0.0
-5.28904e-5 -8.47803e-5 0.0155593331 0.0 0.0
-5.21126e-5 -8.47803e-5 0.0149825728 0.0 0.0
-5.13348e-5 -8.47803e-5 0.0138399168 0.0 0.0
-5.0557e-5 -8.47803e-5 0.0129282688 0.0 0.0
-4.97792e-5 -8.47803e-5 0.01185477 0.0 0.0
-4.90014e-5 -8.47803e-5 0.008329607 0.0 0.0
-4.82236e-5 -8.47803e-5 0.0074986497 0.0 0.0
-4.74458e-5 -8.47803e-5 0.0070429949 0.0 0.0
-4.6668e-5 -8.47803e-5 0.0048833328 0.0 0.0
-4.58902e-5 -8.47803e-5 0.004963494 0.0 0.0
-4.51124e-5 -8.47803e-5 0.0039848139 0.0 0.0
-4.43346e-5 -8.47803e-5 0.0041310216 0.0 0.0
-4.35568e-5 -8.47803e-5 0.003650412 0.0 0.0
-4.2779e-5 -8.47803e-5 0.0039558487 0.0 0.0
-4.20012e-5 -8.47803e-5 0.0033283664 0.0 0.0
-4.12234e-5 -8.47803e-5 0.0031905795 0.0 0.0
-4.04456e-5 -8.47803e-5 0.0034659415 0.0 0.0
-3.96678e-5 -8.47803e-5 0.0031881997 0.0 0.0
-3.889e-5 -8.47803e-5 0.0027882232 0.0 0.0
-3.81122e-5 -8.47803e-5 0.002550508 0.0 0.0
-3.73344e-5 -8.47803e-5 0.0023246648 0.0 0.0
-3.65566e-5 -8.47803e-5 0.0022873199 0.0 0.0
-3.57788e-5 -8.47803e-5 0.0025415538 0.0 0.0
-3.5001e-5 -8.47803e-5 0.0019279625 0.0 0.0
-3.42232e-5 -8.47803e-5 0.0016897061 0.0 0.0
-3.34454e-5 -8.47803e-5 0.0022489631 0.0 0.0
-3.26676e-5 -8.47803e-5 0.0020457705 0.0 0.0
-3.18898e-5 -8.47803e-5 0.0018182233 0.0 0.0
-3.1112e-5 -8.47803e-5 0.0016282562 0.0 0.0
-3.03342e-5 -8.47803e-5 0.0020093835 0.0 0.0
-2.95564e-5 -8.47803e-5 0.0016486035 0.0 0.0
-2.87786e-5 -8.47803e-5 0.0019536405 0.0 0.0
-2.80008e-5 -8.47803e-5 0.0016256233 0.0 0.0
-2.7223e-5 -8.47803e-5 0.0010058786 0.0 0.0
-2.64452e-5 -8.47803e-5 0.0009222718 0.0 0.0
-2.56674e-5 -8.47803e-5 0.0007488099 0.0 0.0
-2.48896e-5 -8.47803e-5 0.0005727274 0.0 0.0
-2.41118e-5 -8.47803e-5 0.0007806005 0.0 0.0
-2.3334e-5 -8.47803e-5 0.0003391166 0.0 0.0
-2.25562e-5 -8.47803e-5 0.0005065391 0.0 0.0
-2.17784e-5 -8.47803e-5 0.0004610548 0.0 0.0
-2.10006e-5 -8.47803e-5 0.0004853005 0.0 0.0
-2.02228e-5 -8.47803e-5 0.0004919521 0.0 0.0
-1.9445e-5 -8.47803e-5 0.0005377629 0.0 0.0
-1.86672e-5 -8.47803e-5 0.0005906014 0.0 0.0
-1.78894e-5 -8.47803e-5 0.0008719368 0.0 0.0
-1.71116e-5 -8.47803e-5 0.0009257632 0.0 0.0
-1.63338e-5 -8.47803e-5 0.0011479143 0.0 0.0
-1.5556e-5 -8.47803e-5 0.0012705095 0.0 0.0
-1.47782e-5 -8.47803e-5 0.0012069554 0.0 0.0
-1.40004e-5 -8.47803e-5 0.001121138 0.0 0.0
-1.32226e-5 -8.47803e-5 0.00090121 0.0 0.0
-1.24448e-5 -8.47803e-5 0.0006913328 0.0 0.0
-1.1667e-5 -8.47803e-5 0.0004359074 0.0 0.0
-1.08892e-5 -8.47803e-5 0.0002407403 0.0 0.0
-1.01114e-5 -8.47803e-5 9.97615e-5 0.0 0.0
-9.3336e-6 -8.47803e-5 7.79599e-5 0.0 0.0
-8.5558e-6 -8.47803e-5 4.25658e-5 0.0 0.0
-7.778e-6 -8.47803e-5 5.36962e-5 0.0 0.0
-7.0002e-6 -8.47803e-5 4.0582e-5 0.0 0.0
-6.2224e-6 -8.47803e-5 3.11479e-5 0.0 0.0
-5.4446e-6 -8.47803e-5 2.72699e-5 0.0 0.0
-4.6668e-6 -8.47803e-5 4.94236e-5 0.0 0.0
-3.889e-6 -8.47803e-5 0.0001085519 0.0 0.0
-3.1112e-6 -8.47803e-5 9.64241e-5 0.0 0.0
-2.3334e-6 -8.47803e-5 1.94886e-5 0.0 0.0
-1.5556e-6 -8.47803e-5 1.6046e-6 0.0 0.0
-7.778e-7 -8.47803e-5 4.19e-8 0.0 0.0
0.0 -8.47803e-5 3.0e-10 0.0 0.0
7.778e-7 -8.47803e-5 0.0 0.0 0.0
1.5556e-6 -8.47803e-5 0.0 0.0 0.0
2.3334e-6 -8.47803e-5 0.0 0.0 0.0
3.1112e-6 -8.47803e-5 0.0 0.0 0.0
3.889e-6 -8.47803e-5 0.0 0.0 0.0
4.6668e-6 -8.47803e-5 0.0 0.0 0.0
5.4446e-6 -8.47803e-5 0.0 0.0 0.0
6.2224e-6 -8.47803e-5 0.0 0.0 0.0
7.0002e-6 -8.47803e-5 0.0 0.0 0.0
7.778e-6 -8.47803e-5 0.0 0.0 0.0
8.5558e-6 -8.47803e-5 0.0 0.0 0.0
9.3336e-6 -8.47803e-5 0.0 0.0 0.0
1.01114e-5 -8.47803e-5 0.0 0.0 0.0
1.08892e-5 -8.47803e-5 0.0 0.0 0.0
1.1667e-5 -8.47803e-5 0.0 0.0 0.0
1.24448e-5 -8.47803e-5 0.0 0.0 0.0
1.32226e-5 -8.47803e-5 0.0 0.0 0.0
1.40004e-5 -8.47803e-5 0.0 0.0 0.0
1.47782e-5 -8.47803e-5 0.0 0.0 0.0
1.5556e-5 -8.47803e-5 0.0 0.0 0.0
1.63338e-5 -8.47803e-5 0.0 0.0 0.0
1.71116e-5 -8.47803e-5 0.0 0.0 0.0
1.78894e-5 -8.47803e-5 0.0 0.0 0.0
1.86672e-5 -8.47803e-5 0.0 0.0 0.0
-9.72251e-5 -8.40025e-5 0.0038232385 0.0 0.0
-9.64473e-5 -8.40025e-5 0.0042743121 0.0 0.0
-9.56695e-5 -8.40025e-5 0.0047308014 0.0 0.0
-9.48917e-5 -8.40025e-5 0.0078647129 0.0 0.0
-9.41139e-5 -8.40025e-5 0.0066036485 0.0 0.0
-9.33361e-5 -8.40025e-5 0.0103433931 0.0 0.0
-9.25583e-5 -8.40025e-5 0.0088820689 0.0 0.0
-9.17805e-5 -8.40025e-5 0.0098963389 0.0 0.0
-9.10027e-5 -8.40025e-5 0.0127938194 0.0 0.0
-9.02249e-5 -8.40025e-5 0.0150035316 0.0 0.0
-8.94471e-5 -8.40025e-5 0.0195549577 0.0 0.0
-8.86693e-5 -8.40025e-5 0.0214193941 0.0 0.0
-8.78915e-5 -8.40025e-5 0.0210170284 0.0 0.0
-8.71137e-5 -8.40025e-5 0.0043306339 0.0 0.0
-8.63359e-5 -8.40025e-5 0.0038989019 0.0 0.0
-8.55581e-5 -8.40025e-5 0.0051222934 0.0 0.0
-8.47803e-5 -8.40025e-5 0.0044996801 0.0 0.0
-8.40025e-5 -8.40025e-5 0.003240426 0.0 0.0
-8.32246e-5 -8.40025e-5 0.0049410848 0.0 0.0
-8.24468e-5 -8.40025e-5 0.0046153046 0.0 0.0
-8.1669e-5 -8.40025e-5 0.0029142351 0.0 0.0
-8.08912e-5 -8.40025e-5 0.0054225903 0.0 0.0
-8.01134e-5 -8.40025e-5 0.0040561094 0.0 0.0
-7.93356e-5 -8.40025e-5 0.0033542582 0.0 0.0
-7.85578e-5 -8.40025e-5 0.0048593046 0.0 0.0
-7.778e-5 -8.40025e-5 0.0043682944 0.0 0.0
-7.70022e-5 -8.40025e-5 0.0035804536 0.0 0.0
-7.62244e-5 -8.40025e-5 0.0058465137 0.0 0.0
-7.54466e-5 -8.40025e-5 0.0054523703 0.0 0.0
-7.46688e-5 -8.40025e-5 0.0073049886 0.0 0.0
-7.3891e-5 -8.40025e-5 0.0030422301 0.0 0.0
-7.31132e-5 -8.40025e-5 0.0050146412 0.0 0.0
-7.23354e-5 -8.40025e-5 0.0048623214 0.0 0.0
-7.15576e-5 -8.40025e-5 0.006929632 0.0 0.0
-7.07798e-5 -8.40025e-5 0.0059441407 0.0 0.0
-7.0002e-5 -8.40025e-5 0.0076928595 0.0 0.0
-6.92242e-5 -8.40025e-5 0.0065832173 0.0 0.0
-6.84464e-5 -8.40025e-5 0.0054079694 0.0 0.0
-6.76686e-5 -8.40025e-5 0.003622867 0.0 0.0
-6.68908e-5 -8.40025e-5 0.0055273478 0.0 0.0
-6.6113e-5 -8.40025e-5 0.0065304412 0.0 0.0
-6.53352e-5 -8.40025e-5 0.0061860137 0.0 0.0
-6.45574e-5 -8.40025e-5 0.0069691931 0.0 0.0
-6.37796e-5 -8.40025e-5 0.0150004052 0.0 0.0
-6.30018e-5 -8.40025e-5 0.0314560683 0.0 0.0
-6.2224e-5 -8.40025e-5 0.0343170313 0.0 0.0
-6.14462e-5 -8.40025e-5 0.0305021691 0.0 0.0
-6.06684e-5 -8.40025e-5 0.0290010708 0.0 0.0
-5.98906e-5 -8.40025e-5 0.0281322882 0.0 0.0
-5.91128e-5 -8.40025e-5 0.0374816787 0.0 0.0
-5.8335e-5 -8.40025e-5 0.033709675 0.0 0.0
-5.75572e-5 -8.40025e-5 0.0267387629 0.0 0.0
-5.67794e-5 -8.40025e-5 0.0249058737 0.0 0.0
-5.60016e-5 -8.40025e-5 0.0227373123 0.0 0.0
-5.52238e-5 -8.40025e-5 0.0180113361 0.0 0.0
-5.4446e-5 -8.40025e-5 0.011943577 0.0 0.0
-5.36682e-5 -8.40025e-5 0.0132383081 0.0 0.0
-5.28904e-5 -8.40025e-5 0.0123444346 0.0 0.0
-5.21126e-5 -8.40025e-5 0.0114895454 0.0 0.0
-5.13348e-5 -8.40025e-5 0.0149632876 0.0 0.0
-5.0557e-5 -8.40025e-5 0.0173970039 0.0 0.0
-4.97792e-5 -8.40025e-5 0.0164373173 0.0 0.0
-4.90014e-5 -8.40025e-5 0.0148022906 0.0 0.0
-4.82236e-5 -8.40025e-5 0.0132502803 0.0 0.0
-4.74458e-5 -8.40025e-5 0.0096930323 0.0 0.0
-4.6668e-5 -8.40025e-5 0.0087037804 0.0 0.0
-4.58902e-5 -8.40025e-5 0.0061973668 0.0 0.0
-4.51124e-5 -8.40025e-5 0.0055513959 0.0 0.0
-4.43346e-5 -8.40025e-5 0.0055558872 0.0 0.0
-4.35568e-5 -8.40025e-5 0.0045217581 0.0 0.0
-4.2779e-5 -8.40025e-5 0.0045295874 0.0 0.0
-4.20012e-5 -8.40025e-5 0.0035842685 0.0 0.0
-4.12234e-5 -8.40025e-5 0.003006951 0.0 0.0
-4.04456e-5 -8.40025e-5 0.0031811354 0.0 0.0
-3.96678e-5 -8.40025e-5 0.0027598377 0.0 0.0
-3.889e-5 -8.40025e-5 0.0024730283 0.0 0.0
-3.81122e-5 -8.40025e-5 0.0028862342 0.0 0.0
-3.73344e-5 -8.40025e-5 0.0027012099 0.0 0.0
-3.65566e-5 -8.40025e-5 0.0024594387 0.0 0.0
-3.57788e-5 -8.40025e-5 0.0022539575 0.0 0.0
-3.5001e-5 -8.40025e-5 0.0022145219 0.0 0.0
-3.42232e-5 -8.40025e-5 0.0020671355 0.0 0.0
-3.34454e-5 -8.40025e-5 0.0018941017 0.0 0.0
-3.26676e-5 -8.40025e-5 0.0017996484 0.0 0.0
-3.18898e-5 -8.40025e-5 0.0017274441 0.0 0.0
-3.1112e-5 -8.40025e-5 0.0015505657 0.0 0.0
-3.03342e-5 -8.40025e-5 0.0019243379 0.0 0.0
-2.95564e-5 -8.40025e-5 0.0017021731 0.0 0.0
-2.87786e-5 -8.40025e-5 0.001476771 0.0 0.0
-2.80008e-5 -8.40025e-5 0.0016559954 0.0 0.0
-2.7223e-5 -8.40025e-5 0.0012284211 0.0 0.0
-2.64452e-5 -8.40025e-5 0.0012482382 0.0 0.0
-2.56674e-5 -8.40025e-5 0.0005952042 0.0 0.0
-2.48896e-5 -8.40025e-5 0.0004498845 0.0 0.0
-2.41118e-5 -8.40025e-5 0.0005976064 0.0 0.0
-2.3334e-5 -8.40025e-5 0.0005350932 0.0 0.0
-2.25562e-5 -8.40025e-5 0.0002141433 0.0 0.0
-2.17784e-5 -8.40025e-5 0.0001616496 0.0 0.0
-2.10006e-5 -8.40025e-5 0.0001873548 0.0 0.0
-2.02228e-5 -8.40025e-5 0.0003325221 0.0 0.0
-1.9445e-5 -8.40025e-5 0.0003919521 0.0 0.0
-1.86672e-5 -8.40025e-5 0.0004445648 0.0 0.0
-1.78894e-5 -8.40025e-5 0.0005233393 0.0 0.0
-1.71116e-5 -8.40025e-5 0.0006102198 0.0 0.0
-1.63338e-5 -8.40025e-5 0.0007262278 0.0 0.0
-1.5556e-5 -8.40025e-5 0.0008443952 0.0 0.0
-1.47782e-5 -8.40025e-5 0.0011124911 0.0 0.0
-1.40004e-5 -8.40025e-5 0.0011644769 0.0 0.0
-1.32226e-5 -8.40025e-5 0.0011603939 0.0 0.0
-1.24448e-5 -8.40025e-5 0.0012388175 0.0 0.0
-1.1667e-5 -8.40025e-5 0.0011921756 0.0 0.0
-1.08892e-5 -8.40025e-5 0.0009845104 0.0 0.0
-1.01114e-5 -8.40025e-5 0.0006608121 0.0 0.0
-9.3336e-6 -8.40025e-5 0.0004150747 0.0 0.0
-8.5558e-6 -8.40025e-5 0.0002377096 0.0 0.0
-7.778e-6 -8.40025e-5 0.0001563063 0.0 0.0
-7.0002e-6 -8.40025e-5 8.02533e-5 0.0 0.0
-6.2224e-6 -8.40025e-5 8.1135e-5 0.0 0.0
-5.4446e-6 -8.40025e-5 7.69875e-5 0.0 0.0
-4.6668e-6 -8.40025e-5 5.21746e-5 0.0 0.0
-3.889e-6 -8.40025e-5 3.79246e-5 0.0 0.0
-3.1112e-6 -8.40025e-5 8.41699e-5 0.0 0.0
-2.3334e-6 -8.40025e-5 0.0001100567 0.0 0.0
-1.5556e-6 -8.40025e-5 0.0001099639 0.0 0.0
-7.778e-7 -8.40025e-5 2.86312e-5 0.0 0.0
0.0 -8.40025e-5 2.9009e-6 0.0 0.0
7.778e-7 -8.40025e-5 8.56e-8 0.0 0.0
1.5556e-6 -8.40025e-5 8.0e-10 0.0 0.0
2.3334e-6 -8.40025e-5 0.0 0.0 0.0
3.1112e-6 -8.40025e-5 0.0 0.0 0.0
3.889e-6 -8.40025e-5 0.0 0.0 0.0
4.6668e-6 -8.40025e-5 0.0 0.0 0.0
5.4446e-6 -8.40025e-5 0.0 0.0 0.0
6.2224e-6 -8.40025e-5 0.0 0.0 0.0
7.0002e-6 -8.40025e-5 0.0 0.0 0.0
7.778e-6 -8.40025e-5 0.0 0.0 0.0
8.5558e-6 -8.40025e-5 0.0 0.0 0.0
9.3336e-6 -8.40025e-5 0.0 0.0 0.0
1.01114e-5 -8.40025e-5 0.0 0.0 0.0
1.08892e-5 -8.40025e-5 0.0 0.0 0.0
1.1667e-5 -8.40025e-5 0.0 0.0 0.0
1.24448e-5 -8.40025e-5 0.0 0.0 0.0
1.32226e-5 -8.40025e-5 0.0 0.0 0.0
1.40004e-5 -8.40025e-5 0.0 0.0 0.0
1.47782e-5 -8.40025e-5 0.0 0.0 0.0
1.5556e-5 -8.40025e-5 0.0 0.0 0.0
1.63338e-5 -8.40025e-5 0.0 0.0 0.0
1.71116e-5 -8.40025e-5 0.0 0.0 0.0
1.78894e-5 -8.40025e-5 0.0 0.0 0.0
1.86672e-5 -8.40025e-5 0.0 0.0 0.0
-9.72251e-5 -8.32246e-5 0.0069768356 0.0 0.0
-9.64473e-5 -8.32246e-5 0.0077590901 0.0 0.0
-9.56695e-5 -8.32246e-5 0.0095259843 0.0 0.0
-9.48917e-5 -8.32246e-5 0.0110311834 0.0 0.0
-9.41139e-5 -8.32246e-5 0.009580636 0.0 0.0
-9.33361e-5 -8.32246e-5 0.0120612481 0.0 0.0
-9.25583e-5 -8.32246e-5 0.0149637842 0.0 0.0
-9.17805e-5 -8.32246e-5 0.0173781189 0.0 0.0
-9.10027e-5 -8.32246e-5 0.0171043313 0.0 0.0
-9.02249e-5 -8.32246e-5 0.0073181292 0.0 0.0
-8.94471e-5 -8.32246e-5 0.0027354266 0.0 0.0
-8.86693e-5 -8.32246e-5 0.0047292254 0.0 0.0
-8.78915e-5 -8.32246e-5 0.0042225806 0.0 0.0
-8.71137e-5 -8.32246e-5 0.0029906673 0.0 0.0
-8.63359e-5 -8.32246e-5 0.002451524 0.0 0.0
-8.55581e-5 -8.32246e-5 0.0036773908 0.0 0.0
-8.47803e-5 -8.32246e-5 0.0029396196 0.0 0.0
-8.40025e-5 -8.32246e-5 0.0021562855 0.0 0.0
-8.32246e-5 -8.32246e-5 0.0038287079 0.0 0.0
-8.24468e-5 -8.32246e-5 0.0033631684 0.0 0.0
-8.1669e-5 -8.32246e-5 0.0021824837 0.0 0.0
-8.08912e-5 -8.32246e-5 0.0019616623 0.0 0.0
-8.01134e-5 -8.32246e-5 0.0037826564 0.0 0.0
-7.93356e-5 -8.32246e-5 0.0035079227 0.0 0.0
-7.85578e-5 -8.32246e-5 0.0022010553 0.0 0.0
-7.778e-5 -8.32246e-5 0.0022377525 0.0 0.0
-7.70022e-5 -8.32246e-5 0.0040801625 0.0 0.0
-7.62244e-5 -8.32246e-5 0.0010951585 0.0 0.0
-7.54466e-5 -8.32246e-5 0.0024846452 0.0 0.0
-7.46688e-5 -8.32246e-5 0.0019913014 0.0 0.0
-7.3891e-5 -8.32246e-5 0.0032367102 0.0 0.0
-7.31132e-5 -8.32246e-5 0.0030736807 0.0 0.0
-7.23354e-5 -8.32246e-5 0.0015301986 0.0 0.0
-7.15576e-5 -8.32246e-5 0.0035482415 0.0 0.0
-7.07798e-5 -8.32246e-5 0.0023705763 0.0 0.0
-7.0002e-5 -8.32246e-5 0.0017153771 0.0 0.0
-6.92242e-5 -8.32246e-5 0.0029150652 0.0 0.0
-6.84464e-5 -8.32246e-5 0.0017941721 0.0 0.0
-6.76686e-5 -8.32246e-5 0.0011662764 0.0 0.0
-6.68908e-5 -8.32246e-5 0.0022740092 0.0 0.0
-6.6113e-5 -8.32246e-5 0.001170739 0.0 0.0
-6.53352e-5 -8.32246e-5 0.0022339089 0.0 0.0
-6.45574e-5 -8.32246e-5 0.0040839372 0.0 0.0
-6.37796e-5 -8.32246e-5 0.0022238526 0.0 0.0
-6.30018e-5 -8.32246e-5 0.0040392577 0.0 0.0
-6.2224e-5 -8.32246e-5 0.0020554321 0.0 0.0
-6.14462e-5 -8.32246e-5 0.0033496467 0.0 0.0
-6.06684e-5 -8.32246e-5 0.0103788337 0.0 0.0
-5.98906e-5 -8.32246e-5 0.0166706073 0.0 0.0
-5.91128e-5 -8.32246e-5 0.0235971954 0.0 0.0
-5.8335e-5 -8.32246e-5 0.0348668362 0.0 0.0
-5.75572e-5 -8.32246e-5 0.0411336344 0.0 0.0
-5.67794e-5 -8.32246e-5 0.04854327 0.0 0.0
-5.60016e-5 -8.32246e-5 0.0415937275 0.0 0.0
-5.52238e-5 -8.32246e-5 0.0289582514 0.0 0.0
-5.4446e-5 -8.32246e-5 0.0208741574 0.0 0.0
-5.36682e-5 -8.32246e-5 0.0142631863 0.0 0.0
-5.28904e-5 -8.32246e-5 0.0145996575 0.0 0.0
-5.21126e-5 -8.32246e-5 0.0122382248 0.0 0.0
-5.13348e-5 -8.32246e-5 0.0111923484 0.0 0.0
-5.0557e-5 -8.32246e-5 0.010066448 0.0 0.0
-4.97792e-5 -8.32246e-5 0.0137683012 0.0 0.0
-4.90014e-5 -8.32246e-5 0.0165783065 0.0 0.0
-4.82236e-5 -8.32246e-5 0.0156866334 0.0 0.0
-4.74458e-5 -8.32246e-5 0.0138756589 0.0 0.0
-4.6668e-5 -8.32246e-5 0.0123224776 0.0 0.0
-4.58902e-5 -8.32246e-5 0.0105680507 0.0 0.0
-4.51124e-5 -8.32246e-5 0.0096233394 0.0 0.0
-4.43346e-5 -8.32246e-5 0.0059540136 0.0 0.0
-4.35568e-5 -8.32246e-5 0.0056045113 0.0 0.0
-4.2779e-5 -8.32246e-5 0.0051826893 0.0 0.0
-4.20012e-5 -8.32246e-5 0.0038119712 0.0 0.0
-4.12234e-5 -8.32246e-5 0.0029676452 0.0 0.0
-4.04456e-5 -8.32246e-5 0.0029266822 0.0 0.0
-3.96678e-5 -8.32246e-5 0.0032283638 0.0 0.0
-3.889e-5 -8.32246e-5 0.0029060867 0.0 0.0
-3.81122e-5 -8.32246e-5 0.0024594672 0.0 0.0
-3.73344e-5 -8.32246e-5 0.0025150565 0.0 0.0
-3.65566e-5 -8.32246e-5 0.0022644142 0.0 0.0
-3.57788e-5 -8.32246e-5 0.002184687 0.0 0.0
-3.5001e-5 -8.32246e-5 0.0020205762 0.0 0.0
-3.42232e-5 -8.32246e-5 0.0019383276 0.0 0.0
-3.34454e-5 -8.32246e-5 0.0017928412 0.0 0.0
-3.26676e-5 -8.32246e-5 0.0016329863 0.0 0.0
-3.18898e-5 -8.32246e-5 0.0015671185 0.0 0.0
-3.1112e-5 -8.32246e-5 0.002120626 0.0 0.0
-3.03342e-5 -8.32246e-5 0.0020138039 0.0 0.0
-2.95564e-5 -8.32246e-5 0.0018065968 0.0 0.0
-2.87786e-5 -8.32246e-5 0.0015940966 0.0 0.0
-2.80008e-5 -8.32246e-5 0.0020959897 0.0 0.0
-2.7223e-5 -8.32246e-5 0.0015846748 0.0 0.0
-2.64452e-5 -8.32246e-5 0.0017723193 0.0 0.0
-2.56674e-5 -8.32246e-5 0.0011054292 0.0 0.0
-2.48896e-5 -8.32246e-5 0.0009365448 0.0 0.0
-2.41118e-5 -8.32246e-5 0.0007123578 0.0 0.0
-2.3334e-5 -8.32246e-5 0.0007602748 0.0 0.0
-2.25562e-5 -8.32246e-5 0.0004949765 0.0 0.0
-2.17784e-5 -8.32246e-5 0.0001282751 0.0 0.0
-2.10006e-5 -8.32246e-5 9.83522e-5 0.0 0.0
-2.02228e-5 -8.32246e-5 0.000111524 0.0 0.0
-1.9445e-5 -8.32246e-5 0.0001333787 0.0 0.0
-1.86672e-5 -8.32246e-5 0.0001770217 0.0 0.0
-1.78894e-5 -8.32246e-5 0.0002132066 0.0 0.0
-1.71116e-5 -8.32246e-5 0.0002970823 0.0 0.0
-1.63338e-5 -8.32246e-5 0.0004083227 0.0 0.0
-1.5556e-5 -8.32246e-5 0.0005213048 0.0 0.0
-1.47782e-5 -8.32246e-5 0.0007958091 0.0 0.0
-1.40004e-5 -8.32246e-5 0.0009338552 0.0 0.0
-1.32226e-5 -8.32246e-5 0.0010783228 0.0 0.0
-1.24448e-5 -8.32246e-5 0.0011965226 0.0 0.0
-1.1667e-5 -8.32246e-5 0.001257533 0.0 0.0
-1.08892e-5 -8.32246e-5 0.001126513 0.0 0.0
-1.01114e-5 -8.32246e-5 0.0011331924 0.0 0.0
-9.3336e-6 -8.32246e-5 0.0009213393 0.0 0.0
-8.5558e-6 -8.32246e-5 0.000815596 0.0 0.0
-7.778e-6 -8.32246e-5 0.000646612 0.0 0.0
-7.0002e-6 -8.32246e-5 0.0003760214 0.0 0.0
-6.2224e-6 -8.32246e-5 0.0001876237 0.0 0.0
-5.4446e-6 -8.32246e-5 0.0001000695 0.0 0.0
-4.6668e-6 -8.32246e-5 0.0001479281 0.0 0.0
-3.889e-6 -8.32246e-5 9.6487e-5 0.0 0.0
-3.1112e-6 -8.32246e-5 5.53963e-5 0.0 0.0
-2.3334e-6 -8.32246e-5 6.52087e-5 0.0 0.0
-1.5556e-6 -8.32246e-5 8.75839e-5 0.0 0.0
-7.778e-7 -8.32246e-5 7.40706e-5 0.0 0.0
0.0 -8.32246e-5 0.0001048393 0.0 0.0
7.778e-7 -8.32246e-5 2.62898e-5 0.0 0.0
1.5556e-6 -8.32246e-5 3.0575e-6 0.0 0.0
2.3334e-6 -8.32246e-5 1.549e-7 0.0 0.0
3.1112e-6 -8.32246e-5 2.3e-9 0.0 0.0
3.889e-6 -8.32246e-5 0.0 0.0 0.0
4.6668e-6 -8.32246e-5 0.0 0.0 0.0
5.4446e-6 -8.32246e-5 0.0 0.0 0.0
6.2224e-6 -8.32246e-5 0.0 0.0 0.0
7.0002e-6 -8.32246e-5 0.0 0.0 0.0
7.778e-6 -8.32246e-5 0.0 0.0 0.0
8.5558e-6 -8.32246e-5 0.0 0.0 0.0
9.3336e-6 -8.32246e-5 0.0 0.0 0.0
1.01114e-5 -8.32246e-5 0.0 0.0 0.0
1.08892e-5 -8.32246e-5 0.0 0.0 0.0
1.1667e-5 -8.32246e-5 0.0 0.0 0.0
1.24448e-5 -8.32246e-5 0.0 0.0 0.0
1.32226e-5 -8.32246e-5 0.0 0.0 0.0
1.40004e-5 -8.32246e-5 0.0 0.0 0.0
1.47782e-5 -8.32246e-5 0.0 0.0 0.0
1.5556e-5 -8.32246e-5 0.0 0.0 0.0
1.63338e-5 -8.32246e-5 0.0 0.0 0.0
1.71116e-5 -8.32246e-5 0.0 0.0 0.0
1.78894e-5 -8.32246e-5 0.0 0.0 0.0
1.86672e-5 -8.32246e-5 0.0 0.0 0.0
-9.72251e-5 -8.24468e-5 0.0090513539 0.0 0.0
-9.64473e-5 -8.24468e-5 0.0106601228 0.0 0.0
-9.56695e-5 -8.24468e-5 0.0126116869 0.0 0.0
-9.48917e-5 -8.24468e-5 0.0083205916 0.0 0.0
-9.41139e-5 -8.24468e-5 0.0146929757 0.0 0.0
-9.33361e-5 -8.24468e-5 0.013908111 0.0 0.0
-9.25583e-5 -8.24468e-5 0.0088601732 0.0 0.0
-9.17805e-5 -8.24468e-5 0.0042844908 0.0 0.0
-9.10027e-5 -8.24468e-5 0.0036228098 0.0 0.0
-9.02249e-5 -8.24468e-5 0.0026049743 0.0 0.0
-8.94471e-5 -8.24468e-5 0.0020194512 0.0 0.0
-8.86693e-5 -8.24468e-5 0.0034622151 0.0 0.0
-8.78915e-5 -8.24468e-5 0.0026911286 0.0 0.0
-8.71137e-5 -8.24468e-5 0.001846714 0.0 0.0
-8.63359e-5 -8.24468e-5 0.003082318 0.0 0.0
-8.55581e-5 -8.24468e-5 0.0025237635 0.0 0.0
-8.47803e-5 -8.24468e-5 0.0019756422 0.0 0.0
-8.40025e-5 -8.24468e-5 0.0017035326 0.0 0.0
-8.32246e-5 -8.24468e-5 0.0034758992 0.0 0.0
-8.24468e-5 -8.24468e-5 0.0020432326 0.0 0.0
-8.1669e-5 -8.24468e-5 0.0021233295 0.0 0.0
-8.08912e-5 -8.24468e-5 0.001679403 0.0 0.0
-8.01134e-5 -8.24468e-5 0.0036827439 0.0 0.0
-7.93356e-5 -8.24468e-5 0.0029113266 0.0 0.0
-7.85578e-5 -8.24468e-5 0.0028005577 0.0 0.0
-7.778e-5 -8.24468e-5 0.001764084 0.0 0.0
-7.70022e-5 -8.24468e-5 0.0011157611 0.0 0.0
-7.62244e-5 -8.24468e-5 0.0006827404 0.0 0.0
-7.54466e-5 -8.24468e-5 0.0020375297 0.0 0.0
-7.46688e-5 -8.24468e-5 0.0011476304 0.0 0.0
-7.3891e-5 -8.24468e-5 0.0004212245 0.0 0.0
-7.31132e-5 -8.24468e-5 0.001625331 0.0 0.0
-7.23354e-5 -8.24468e-5 0.0007600668 0.0 0.0
-7.15576e-5 -8.24468e-5 0.0003323615 0.0 0.0
-7.07798e-5 -8.24468e-5 0.0010639981 0.0 0.0
-7.0002e-5 -8.24468e-5 0.0004988905 0.0 0.0
-6.92242e-5 -8.24468e-5 0.0017579083 0.0 0.0
-6.84464e-5 -8.24468e-5 0.0009368407 0.0 0.0
-6.76686e-5 -8.24468e-5 0.001968867 0.0 0.0
-6.68908e-5 -8.24468e-5 0.001463687 0.0 0.0
-6.6113e-5 -8.24468e-5 0.0030974742 0.0 0.0
-6.53352e-5 -8.24468e-5 0.0019842061 0.0 0.0
-6.45574e-5 -8.24468e-5 0.0033367051 0.0 0.0
-6.37796e-5 -8.24468e-5 0.0023757211 0.0 0.0
-6.30018e-5 -8.24468e-5 0.0033315571 0.0 0.0
-6.2224e-5 -8.24468e-5 0.002455051 0.0 0.0
-6.14462e-5 -8.24468e-5 0.0033240036 0.0 0.0
-6.06684e-5 -8.24468e-5 0.0023144659 0.0 0.0
-5.98906e-5 -8.24468e-5 0.002809148 0.0 0.0
-5.91128e-5 -8.24468e-5 0.0038889273 0.0 0.0
-5.8335e-5 -8.24468e-5 0.0046811585 0.0 0.0
-5.75572e-5 -8.24468e-5 0.0177361183 0.0 0.0
-5.67794e-5 -8.24468e-5 0.0228785596 0.0 0.0
-5.60016e-5 -8.24468e-5 0.0295279457 0.0 0.0
-5.52238e-5 -8.24468e-5 0.0473985987 0.0 0.0
-5.4446e-5 -8.24468e-5 0.054339302 0.0 0.0
-5.36682e-5 -8.24468e-5 0.0417634453 0.0 0.0
-5.28904e-5 -8.24468e-5 0.0282459377 0.0 0.0
-5.21126e-5 -8.24468e-5 0.0194782506 0.0 0.0
-5.13348e-5 -8.24468e-5 0.0138097827 0.0 0.0
-5.0557e-5 -8.24468e-5 0.0114958727 0.0 0.0
-4.97792e-5 -8.24468e-5 0.0137365661 0.0 0.0
-4.90014e-5 -8.24468e-5 0.0125654985 0.0 0.0
-4.82236e-5 -8.24468e-5 0.0153111334 0.0 0.0
-4.74458e-5 -8.24468e-5 0.0179784673 0.0 0.0
-4.6668e-5 -8.24468e-5 0.0165287844 0.0 0.0
-4.58902e-5 -8.24468e-5 0.013966987 0.0 0.0
-4.51124e-5 -8.24468e-5 0.0123888087 0.0 0.0
-4.43346e-5 -8.24468e-5 0.0102424495 0.0 0.0
-4.35568e-5 -8.24468e-5 0.0070299104 0.0 0.0
-4.2779e-5 -8.24468e-5 0.00602044 0.0 0.0
-4.20012e-5 -8.24468e-5 0.0054012678 0.0 0.0
-4.12234e-5 -8.24468e-5 0.0047808907 0.0 0.0
-4.04456e-5 -8.24468e-5 0.0035681206 0.0 0.0
-3.96678e-5 -8.24468e-5 0.0026589366 0.0 0.0
-3.889e-5 -8.24468e-5 0.0028983013 0.0 0.0
-3.81122e-5 -8.24468e-5 0.0025711577 0.0 0.0
-3.73344e-5 -8.24468e-5 0.0020980329 0.0 0.0
-3.65566e-5 -8.24468e-5 0.0020567066 0.0 0.0
-3.57788e-5 -8.24468e-5 0.0019102902 0.0 0.0
-3.5001e-5 -8.24468e-5 0.0017397537 0.0 0.0
-3.42232e-5 -8.24468e-5 0.001698818 0.0 0.0
-3.34454e-5 -8.24468e-5 0.0016227397 0.0 0.0
-3.26676e-5 -8.24468e-5 0.0019805728 0.0 0.0
-3.18898e-5 -8.24468e-5 0.0020176599 0.0 0.0
-3.1112e-5 -8.24468e-5 0.0018999483 0.0 0.0
-3.03342e-5 -8.24468e-5 0.0018259424 0.0 0.0
-2.95564e-5 -8.24468e-5 0.0017507471 0.0 0.0
-2.87786e-5 -8.24468e-5 0.0023925914 0.0 0.0
-2.80008e-5 -8.24468e-5 0.002141282 0.0 0.0
-2.7223e-5 -8.24468e-5 0.0017610177 0.0 0.0
-2.64452e-5 -8.24468e-5 0.0022682254 0.0 0.0
-2.56674e-5 -8.24468e-5 0.0014482513 0.0 0.0
-2.48896e-5 -8.24468e-5 0.0014601996 0.0 0.0
-2.41118e-5 -8.24468e-5 0.0012032588 0.0 0.0
-2.3334e-5 -8.24468e-5 0.0004242918 0.0 0.0
-2.25562e-5 -8.24468e-5 0.0004817028 0.0 0.0
-2.17784e-5 -8.24468e-5 0.0003010297 0.0 0.0
-2.10006e-5 -8.24468e-5 5.34033e-5 0.0 0.0
-2.02228e-5 -8.24468e-5 4.34809e-5 0.0 0.0
-1.9445e-5 -8.24468e-5 0.000111952 0.0 0.0
-1.86672e-5 -8.24468e-5 6.40536e-5 0.0 0.0
-1.78894e-5 -8.24468e-5 0.0001466007 0.0 0.0
-1.71116e-5 -8.24468e-5 0.0001929419 0.0 0.0
-1.63338e-5 -8.24468e-5 0.0002636872 0.0 0.0
-1.5556e-5 -8.24468e-5 0.0003697017 0.0 0.0
-1.47782e-5 -8.24468e-5 0.0004978774 0.0 0.0
-1.40004e-5 -8.24468e-5 0.0006405065 0.0 0.0
-1.32226e-5 -8.24468e-5 0.000806214 0.0 0.0
-1.24448e-5 -8.24468e-5 0.0009753163 0.0 0.0
-1.1667e-5 -8.24468e-5 0.0010942581 0.0 0.0
-1.08892e-5 -8.24468e-5 0.0012281136 0.0 0.0
-1.01114e-5 -8.24468e-5 0.0012234864 0.0 0.0
-9.3336e-6 -8.24468e-5 0.0011723358 0.0 0.0
-8.5558e-6 -8.24468e-5 0.0010514495 0.0 0.0
-7.778e-6 -8.24468e-5 0.0010358945 0.0 0.0
-7.0002e-6 -8.24468e-5 0.0007780582 0.0 0.0
-6.2224e-6 -8.24468e-5 0.0005489422 0.0 0.0
-5.4446e-6 -8.24468e-5 0.000319209 0.0 0.0
-4.6668e-6 -8.24468e-5 0.0002641646 0.0 0.0
-3.889e-6 -8.24468e-5 0.00021422 0.0 0.0
-3.1112e-6 -8.24468e-5 0.0001375536 0.0 0.0
-2.3334e-6 -8.24468e-5 8.41294e-5 0.0 0.0
-1.5556e-6 -8.24468e-5 9.63985e-5 0.0 0.0
-7.778e-7 -8.24468e-5 9.98189e-5 0.0 0.0
0.0 -8.24468e-5 6.26489e-5 0.0 0.0
7.778e-7 -8.24468e-5 9.39809e-5 0.0 0.0
1.5556e-6 -8.24468e-5 8.87602e-5 0.0 0.0
2.3334e-6 -8.24468e-5 2.3544e-5 0.0 0.0
3.1112e-6 -8.24468e-5 3.1261e-6 0.0 0.0
3.889e-6 -8.24468e-5 1.769e-7 0.0 0.0
4.6668e-6 -8.24468e-5 4.6e-9 0.0 0.0
5.4446e-6 -8.24468e-5 2.0e-10 0.0 0.0
6.2224e-6 -8.24468e-5 0.0 0.0 0.0
7.0002e-6 -8.24468e-5 0.0 0.0 0.0
7.778e-6 -8.24468e-5 0.0 0.0 0.0
8.5558e-6 -8.24468e-5 0.0 0.0 0.0
9.3336e-6 -8.24468e-5 0.0 0.0 0.0
1.01114e-5 -8.24468e-5 0.0 0.0 0.0
1.08892e-5 -8.24468e-5 0.0 0.0 0.0
1.1667e-5 -8.24468e-5 0.0 0.0 0.0
1.24448e-5 -8.24468e-5 0.0 0.0 0.0
1.32226e-5 -8.24468e-5 0.0 0.0 0.0
1.40004e-5 -8.24468e-5 0.0 0.0 0.0
1.47782e-5 -8.24468e-5 0.0 0.0 0.0
1.5556e-5 -8.24468e-5 0.0 0.0 0.0
1.63338e-5 -8.24468e-5 0.0 0.0 0.0
1.71116e-5 -8.24468e-5 0.0 0.0 0.0
1.78894e-5 -8.24468e-5 0.0 0.0 0.0
1.86672e-5 -8.24468e-5 0.0 0.0 0.0
-9.72251e-5 -8.1669e-5 0.0079700679 0.0 0.0
-9.64473e-5 -8.1669e-5 0.0111007254 0.0 0.0
-9.56695e-5 -8.1669e-5 0.0132546536 0.0 0.0
-9.48917e-5 -8.1669e-5 0.008623641 0.0 0.0
-9.41139e-5 -8.1669e-5 0.0057089892 0.0 0.0
-9.33361e-5 -8.1669e-5 0.0026932357 0.0 0.0
-9.25583e-5 -8.1669e-5 0.0019556457 0.0 0.0
-9.17805e-5 -8.1669e-5 0.0029890416 0.0 0.0
-9.10027e-5 -8.1669e-5 0.0023870387 0.0 0.0
-9.02249e-5 -8.1669e-5 0.0016544486 0.0 0.0
-8.94471e-5 -8.1669e-5 0.0029996359 0.0 0.0
-8.86693e-5 -8.1669e-5 0.0022722112 0.0 0.0
-8.78915e-5 -8.1669e-5 0.0016622264 0.0 0.0
-8.71137e-5 -8.1669e-5 0.0029275827 0.0 0.0
-8.63359e-5 -8.1669e-5 0.0024912954 0.0 0.0
-8.55581e-5 -8.1669e-5 0.0018618124 0.0 0.0
-8.47803e-5 -8.1669e-5 0.0018596275 0.0 0.0
-8.40025e-5 -8.1669e-5 0.0011998638 0.0 0.0
-8.32246e-5 -8.1669e-5 0.000801133 0.0 0.0
-8.24468e-5 -8.1669e-5 0.0025277701 0.0 0.0
-8.1669e-5 -8.1669e-5 0.0020286639 0.0 0.0
-8.08912e-5 -8.1669e-5 0.0017601083 0.0 0.0
-8.01134e-5 -8.1669e-5 0.0010224854 0.0 0.0
-7.93356e-5 -8.1669e-5 0.0005114572 0.0 0.0
-7.85578e-5 -8.1669e-5 0.0016452721 0.0 0.0
-7.778e-5 -8.1669e-5 0.0007757867 0.0 0.0
-7.70022e-5 -8.1669e-5 0.0004213331 0.0 0.0
-7.62244e-5 -8.1669e-5 0.0013932793 0.0 0.0
-7.54466e-5 -8.1669e-5 0.0006311859 0.0 0.0
-7.46688e-5 -8.1669e-5 0.0001986943 0.0 0.0
-7.3891e-5 -8.1669e-5 0.000966619 0.0 0.0
-7.31132e-5 -8.1669e-5 0.0004009812 0.0 0.0
-7.23354e-5 -8.1669e-5 0.0012900095 0.0 0.0
-7.15576e-5 -8.1669e-5 0.0007361784 0.0 0.0
-7.07798e-5 -8.1669e-5 0.0006690064 0.0 0.0
-7.0002e-5 -8.1669e-5 0.0014229192 0.0 0.0
-6.92242e-5 -8.1669e-5 0.0012924982 0.0 0.0
-6.84464e-5 -8.1669e-5 0.0013204449 0.0 0.0
-6.76686e-5 -8.1669e-5 0.000796547 0.0 0.0
-6.68908e-5 -8.1669e-5 0.0007697094 0.0 0.0
-6.6113e-5 -8.1669e-5 0.0006705591 0.0 0.0
-6.53352e-5 -8.1669e-5 0.0005160534 0.0 0.0
-6.45574e-5 -8.1669e-5 0.0003420224 0.0 0.0
-6.37796e-5 -8.1669e-5 0.0005119312 0.0 0.0
-6.30018e-5 -8.1669e-5 0.0006006175 0.0 0.0
-6.2224e-5 -8.1669e-5 0.0003978265 0.0 0.0
-6.14462e-5 -8.1669e-5 0.0005169687 0.0 0.0
-6.06684e-5 -8.1669e-5 0.0006288481 0.0 0.0
-5.98906e-5 -8.1669e-5 0.000688909 0.0 0.0
-5.91128e-5 -8.1669e-5 0.0004676559 0.0 0.0
-5.8335e-5 -8.1669e-5 0.0005012147 0.0 0.0
-5.75572e-5 -8.1669e-5 0.0006571194 0.0 0.0
-5.67794e-5 -8.1669e-5 0.0003762295 0.0 0.0
-5.60016e-5 -8.1669e-5 0.0004312763 0.0 0.0
-5.52238e-5 -8.1669e-5 0.0232726383 0.0 0.0
-5.4446e-5 -8.1669e-5 0.0317543934 0.0 0.0
-5.36682e-5 -8.1669e-5 0.0568748103 0.0 0.0
-5.28904e-5 -8.1669e-5 0.0503726572 0.0 0.0
-5.21126e-5 -8.1669e-5 0.0434130854 0.0 0.0
-5.13348e-5 -8.1669e-5 0.0388632261 0.0 0.0
-5.0557e-5 -8.1669e-5 0.0261650195 0.0 0.0
-4.97792e-5 -8.1669e-5 0.0170816682 0.0 0.0
-4.90014e-5 -8.1669e-5 0.0124456193 0.0 0.0
-4.82236e-5 -8.1669e-5 0.0110056523 0.0 0.0
-4.74458e-5 -8.1669e-5 0.0130070267 0.0 0.0
-4.6668e-5 -8.1669e-5 0.0158355764 0.0 0.0
-4.58902e-5 -8.1669e-5 0.0186020219 0.0 0.0
-4.51124e-5 -8.1669e-5 0.0161112642 0.0 0.0
-4.43346e-5 -8.1669e-5 0.0137378959 0.0 0.0
-4.35568e-5 -8.1669e-5 0.0114923092 0.0 0.0
-4.2779e-5 -8.1669e-5 0.0099761514 0.0 0.0
-4.20012e-5 -8.1669e-5 0.0067475356 0.0 0.0
-4.12234e-5 -8.1669e-5 0.005462581 0.0 0.0
-4.04456e-5 -8.1669e-5 0.0052633536 0.0 0.0
-3.96678e-5 -8.1669e-5 0.0035235361 0.0 0.0
-3.889e-5 -8.1669e-5 0.0035978121 0.0 0.0
-3.81122e-5 -8.1669e-5 0.0026632466 0.0 0.0
-3.73344e-5 -8.1669e-5 0.0021236555 0.0 0.0
-3.65566e-5 -8.1669e-5 0.0025921485 0.0 0.0
-3.57788e-5 -8.1669e-5 0.0022031897 0.0 0.0
-3.5001e-5 -8.1669e-5 0.002072507 0.0 0.0
-3.42232e-5 -8.1669e-5 0.0020411586 0.0 0.0
-3.34454e-5 -8.1669e-5 0.001741091 0.0 0.0
-3.26676e-5 -8.1669e-5 0.0017682784 0.0 0.0
-3.18898e-5 -8.1669e-5 0.0018342485 0.0 0.0
-3.1112e-5 -8.1669e-5 0.0016780785 0.0 0.0
-3.03342e-5 -8.1669e-5 0.0017652495 0.0 0.0
-2.95564e-5 -8.1669e-5 0.0022272259 0.0 0.0
-2.87786e-5 -8.1669e-5 0.0022356618 0.0 0.0
-2.80008e-5 -8.1669e-5 0.0020521851 0.0 0.0
-2.7223e-5 -8.1669e-5 0.0019206311 0.0 0.0
-2.64452e-5 -8.1669e-5 0.0025302014 0.0 0.0
-2.56674e-5 -8.1669e-5 0.0019255116 0.0 0.0
-2.48896e-5 -8.1669e-5 0.0012600532 0.0 0.0
-2.41118e-5 -8.1669e-5 0.0012505711 0.0 0.0
-2.3334e-5 -8.1669e-5 0.0010263683 0.0 0.0
-2.25562e-5 -8.1669e-5 0.0007552201 0.0 0.0
-2.17784e-5 -8.1669e-5 0.0007503181 0.0 0.0
-2.10006e-5 -8.1669e-5 0.0002141782 0.0 0.0
-2.02228e-5 -8.1669e-5 6.64853e-5 0.0 0.0
-1.9445e-5 -8.1669e-5 7.5916e-5 0.0 0.0
-1.86672e-5 -8.1669e-5 8.2779e-5 0.0 0.0
-1.78894e-5 -8.1669e-5 9.52903e-5 0.0 0.0
-1.71116e-5 -8.1669e-5 0.0001328257 0.0 0.0
-1.63338e-5 -8.1669e-5 0.0001720714 0.0 0.0
-1.5556e-5 -8.1669e-5 0.0002354502 0.0 0.0
-1.47782e-5 -8.1669e-5 0.0003183027 0.0 0.0
-1.40004e-5 -8.1669e-5 0.0004256376 0.0 0.0
-1.32226e-5 -8.1669e-5 0.0005487659 0.0 0.0
-1.24448e-5 -8.1669e-5 0.0006913252 0.0 0.0
-1.1667e-5 -8.1669e-5 0.0008517672 0.0 0.0
-1.08892e-5 -8.1669e-5 0.0009944279 0.0 0.0
-1.01114e-5 -8.1669e-5 0.0011523301 0.0 0.0
-9.3336e-6 -8.1669e-5 0.001244983 0.0 0.0
-8.5558e-6 -8.1669e-5 0.0012671027 0.0 0.0
-7.778e-6 -8.1669e-5 0.0011888928 0.0 0.0
-7.0002e-6 -8.1669e-5 0.0010316599 0.0 0.0
-6.2224e-6 -8.1669e-5 0.0008695836 0.0 0.0
-5.4446e-6 -8.1669e-5 0.0006015417 0.0 0.0
-4.6668e-6 -8.1669e-5 0.0005206888 0.0 0.0
-3.889e-6 -8.1669e-5 0.0004444406 0.0 0.0
-3.1112e-6 -8.1669e-5 0.000296019 0.0 0.0
-2.3334e-6 -8.1669e-5 0.0001607676 0.0 0.0
-1.5556e-6 -8.1669e-5 8.82952e-5 0.0 0.0
-7.778e-7 -8.1669e-5 0.0001136057 0.0 0.0
0.0 -8.1669e-5 7.59433e-5 0.0 0.0
7.778e-7 -8.1669e-5 0.0001496555 0.0 0.0
1.5556e-6 -8.1669e-5 6.26795e-5 0.0 0.0
2.3334e-6 -8.1669e-5 9.05198e-5 0.0 0.0
3.1112e-6 -8.1669e-5 7.22813e-5 0.0 0.0
3.889e-6 -8.1669e-5 1.85695e-5 0.0 0.0
4.6668e-6 -8.1669e-5 2.3218e-6 0.0 0.0
5.4446e-6 -8.1669e-5 1.951e-7 0.0 0.0
6.2224e-6 -8.1669e-5 1.21e-8 0.0 0.0
7.0002e-6 -8.1669e-5 2.5e-9 0.0 0.0
7.778e-6 -8.1669e-5 1.0e-10 0.0 0.0
8.5558e-6 -8.1669e-5 1.0e-10 0.0 0.0
9.3336e-6 -8.1669e-5 0.0 0.0 0.0
1.01114e-5 -8.1669e-5 0.0 0.0 0.0
1.08892e-5 -8.1669e-5 0.0 0.0 0.0
1.1667e-5 -8.1669e-5 0.0 0.0 0.0
1.24448e-5 -8.1669e-5 0.0 0.0 0.0
1.32226e-5 -8.1669e-5 0.0 0.0 0.0
1.40004e-5 -8.1669e-5 0.0 0.0 0.0
1.47782e-5 -8.1669e-5 0.0 0.0 0.0
1.5556e-5 -8.1669e-5 0.0 0.0 0.0
1.63338e-5 -8.1669e-5 0.0 0.0 0.0
1.71116e-5 -8.1669e-5 0.0 0.0 0.0
1.78894e-5 -8.1669e-5 0.0 0.0 0.0
1.86672e-5 -8.1669e-5 0.0 0.0 0.0
-9.72251e-5 -8.08912e-5 0.0110885809 0.0 0.0
-9.64473e-5 -8.08912e-5 0.0070829772 0.0 0.0
-9.56695e-5 -8.08912e-5 0.0037014512 0.0 0.0
-9.48917e-5 -8.08912e-5 0.0030356615 0.0 0.0
-9.41139e-5 -8.08912e-5 0.0025739341 0.0 0.0
-9.33361e-5 -8.08912e-5 0.0015815911 0.0 0.0
-9.25583e-5 -8.08912e-5 0.0027560913 0.0 0.0
-9.17805e-5 -8.08912e-5 0.0021651201 0.0 0.0
-9.10027e-5 -8.08912e-5 0.0013984695 0.0 0.0
-9.02249e-5 -8.08912e-5 0.0027095283 0.0 0.0
-8.94471e-5 -8.08912e-5 0.0018187071 0.0 0.0
-8.86693e-5 -8.08912e-5 0.0015241097 0.0 0.0
-8.78915e-5 -8.08912e-5 0.0011167832 0.0 0.0
-8.71137e-5 -8.08912e-5 0.0023019576 0.0 0.0
-8.63359e-5 -8.08912e-5 0.0006003839 0.0 0.0
-8.55581e-5 -8.08912e-5 0.0016586308 0.0 0.0
-8.47803e-5 -8.08912e-5 0.0015517805 0.0 0.0
-8.40025e-5 -8.08912e-5 0.0011921765 0.0 0.0
-8.32246e-5 -8.08912e-5 0.000790269 0.0 0.0
-8.24468e-5 -8.08912e-5 0.0002949358 0.0 0.0
-8.1669e-5 -8.08912e-5 0.0015396283 0.0 0.0
-8.08912e-5 -8.08912e-5 0.0008678786 0.0 0.0
-8.01134e-5 -8.08912e-5 0.000383183 0.0 0.0
-7.93356e-5 -8.08912e-5 0.0012113832 0.0 0.0
-7.85578e-5 -8.08912e-5 0.0004842178 0.0 0.0
-7.778e-5 -8.08912e-5 0.0001348505 0.0 0.0
-7.70022e-5 -8.08912e-5 0.0007251933 0.0 0.0
-7.62244e-5 -8.08912e-5 0.0002427949 0.0 0.0
-7.54466e-5 -8.08912e-5 0.0007798374 0.0 0.0
-7.46688e-5 -8.08912e-5 0.0006602861 0.0 0.0
-7.3891e-5 -8.08912e-5 0.0013870826 0.0 0.0
-7.31132e-5 -8.08912e-5 0.0008818292 0.0 0.0
-7.23354e-5 -8.08912e-5 0.0008139631 0.0 0.0
-7.15576e-5 -8.08912e-5 0.0008267903 0.0 0.0
-7.07798e-5 -8.08912e-5 0.0016370508 0.0 0.0
-7.0002e-5 -8.08912e-5 0.0014795506 0.0 0.0
-6.92242e-5 -8.08912e-5 0.0008186193 0.0 0.0
-6.84464e-5 -8.08912e-5 0.0006713359 0.0 0.0
-6.76686e-5 -8.08912e-5 0.0006031809 0.0 0.0
-6.68908e-5 -8.08912e-5 0.0004085958 0.0 0.0
-6.6113e-5 -8.08912e-5 0.0002339435 0.0 0.0
-6.53352e-5 -8.08912e-5 0.000478209 0.0 0.0
-6.45574e-5 -8.08912e-5 0.0002401229 0.0 0.0
-6.37796e-5 -8.08912e-5 0.0003555077 0.0 0.0
-6.30018e-5 -8.08912e-5 0.0004933913 0.0 0.0
-6.2224e-5 -8.08912e-5 0.0002495136 0.0 0.0
-6.14462e-5 -8.08912e-5 0.0004060805 0.0 0.0
-6.06684e-5 -8.08912e-5 0.0005646082 0.0 0.0
-5.98906e-5 -8.08912e-5 0.0002213377 0.0 0.0
-5.91128e-5 -8.08912e-5 0.0003821531 0.0 0.0
-5.8335e-5 -8.08912e-5 0.0005186367 0.0 0.0
-5.75572e-5 -8.08912e-5 0.0002714552 0.0 0.0
-5.67794e-5 -8.08912e-5 0.0001582056 0.0 0.0
-5.60016e-5 -8.08912e-5 0.0002077301 0.0 0.0
-5.52238e-5 -8.08912e-5 0.0004760223 0.0 0.0
-5.4446e-5 -8.08912e-5 0.0005984674 0.0 0.0
-5.36682e-5 -8.08912e-5 0.0188656182 0.0 0.0
-5.28904e-5 -8.08912e-5 0.0347845477 0.0 0.0
-5.21126e-5 -8.08912e-5 0.0513700391 0.0 0.0
-5.13348e-5 -8.08912e-5 0.0491840298 0.0 0.0
-5.0557e-5 -8.08912e-5 0.0423755836 0.0 0.0
-4.97792e-5 -8.08912e-5 0.0412363307 0.0 0.0
-4.90014e-5 -8.08912e-5 0.0317345138 0.0 0.0
-4.82236e-5 -8.08912e-5 0.0201223473 0.0 0.0
-4.74458e-5 -8.08912e-5 0.0142494414 0.0 0.0
-4.6668e-5 -8.08912e-5 0.011269809 0.0 0.0
-4.58902e-5 -8.08912e-5 0.0138802858 0.0 0.0
-4.51124e-5 -8.08912e-5 0.0163224645 0.0 0.0
-4.43346e-5 -8.08912e-5 0.0192030913 0.0 0.0
-4.35568e-5 -8.08912e-5 0.0162723608 0.0 0.0
-4.2779e-5 -8.08912e-5 0.0136106155 0.0 0.0
-4.20012e-5 -8.08912e-5 0.0114734244 0.0 0.0
-4.12234e-5 -8.08912e-5 0.0100142324 0.0 0.0
-4.04456e-5 -8.08912e-5 0.0084754715 0.0 0.0
-3.96678e-5 -8.08912e-5 0.0050872996 0.0 0.0
-3.889e-5 -8.08912e-5 0.0042663645 0.0 0.0
-3.81122e-5 -8.08912e-5 0.0033299157 0.0 0.0
-3.73344e-5 -8.08912e-5 0.0023614671 0.0 0.0
-3.65566e-5 -8.08912e-5 0.0026337254 0.0 0.0
-3.57788e-5 -8.08912e-5 0.0020451212 0.0 0.0
-3.5001e-5 -8.08912e-5 0.0018940374 0.0 0.0
-3.42232e-5 -8.08912e-5 0.001855145 0.0 0.0
-3.34454e-5 -8.08912e-5 0.0015864178 0.0 0.0
-3.26676e-5 -8.08912e-5 0.0014903051 0.0 0.0
-3.18898e-5 -8.08912e-5 0.0015388003 0.0 0.0
-3.1112e-5 -8.08912e-5 0.0015480915 0.0 0.0
-3.03342e-5 -8.08912e-5 0.0015125701 0.0 0.0
-2.95564e-5 -8.08912e-5 0.0021476429 0.0 0.0
-2.87786e-5 -8.08912e-5 0.0020929465 0.0 0.0
-2.80008e-5 -8.08912e-5 0.0019934347 0.0 0.0
-2.7223e-5 -8.08912e-5 0.001812424 0.0 0.0
-2.64452e-5 -8.08912e-5 0.0026143014 0.0 0.0
-2.56674e-5 -8.08912e-5 0.0021959113 0.0 0.0
-2.48896e-5 -8.08912e-5 0.001751662 0.0 0.0
-2.41118e-5 -8.08912e-5 0.0017298717 0.0 0.0
-2.3334e-5 -8.08912e-5 0.0017215418 0.0 0.0
-2.25562e-5 -8.08912e-5 0.001364821 0.0 0.0
-2.17784e-5 -8.08912e-5 0.0008925834 0.0 0.0
-2.10006e-5 -8.08912e-5 0.0007854168 0.0 0.0
-2.02228e-5 -8.08912e-5 0.0001319325 0.0 0.0
-1.9445e-5 -8.08912e-5 7.37463e-5 0.0 0.0
-1.86672e-5 -8.08912e-5 7.00602e-5 0.0 0.0
-1.78894e-5 -8.08912e-5 7.47155e-5 0.0 0.0
-1.71116e-5 -8.08912e-5 8.9343e-5 0.0 0.0
-1.63338e-5 -8.08912e-5 0.0001132401 0.0 0.0
-1.5556e-5 -8.08912e-5 0.0001549218 0.0 0.0
-1.47782e-5 -8.08912e-5 0.0002139807 0.0 0.0
-1.40004e-5 -8.08912e-5 0.0002875726 0.0 0.0
-1.32226e-5 -8.08912e-5 0.0003800524 0.0 0.0
-1.24448e-5 -8.08912e-5 0.0004961697 0.0 0.0
-1.1667e-5 -8.08912e-5 0.0006225344 0.0 0.0
-1.08892e-5 -8.08912e-5 0.0007647111 0.0 0.0
-1.01114e-5 -8.08912e-5 0.0009293067 0.0 0.0
-9.3336e-6 -8.08912e-5 0.0010874351 0.0 0.0
-8.5558e-6 -8.08912e-5 0.0012022599 0.0 0.0
-7.778e-6 -8.08912e-5 0.0012628228 0.0 0.0
-7.0002e-6 -8.08912e-5 0.001146254 0.0 0.0
-6.2224e-6 -8.08912e-5 0.0009963269 0.0 0.0
-5.4446e-6 -8.08912e-5 0.000996922 0.0 0.0
-4.6668e-6 -8.08912e-5 0.0007492376 0.0 0.0
-3.889e-6 -8.08912e-5 0.0006682453 0.0 0.0
-3.1112e-6 -8.08912e-5 0.0004667011 0.0 0.0
-2.3334e-6 -8.08912e-5 0.0003839872 0.0 0.0
-1.5556e-6 -8.08912e-5 0.0002341637 0.0 0.0
-7.778e-7 -8.08912e-5 0.0001396323 0.0 0.0
0.0 -8.08912e-5 8.4178e-5 0.0 0.0
7.778e-7 -8.08912e-5 0.0001274481 0.0 0.0
1.5556e-6 -8.08912e-5 0.0001162525 0.0 0.0
2.3334e-6 -8.08912e-5 0.0001599082 0.0 0.0
3.1112e-6 -8.08912e-5 0.0001261598 0.0 0.0
3.889e-6 -8.08912e-5 7.99499e-5 0.0 0.0
4.6668e-6 -8.08912e-5 4.63431e-5 0.0 0.0
5.4446e-6 -8.08912e-5 1.27577e-5 0.0 0.0
6.2224e-6 -8.08912e-5 2.0166e-6 0.0 0.0
7.0002e-6 -8.08912e-5 1.942e-7 0.0 0.0
7.778e-6 -8.08912e-5 1.59e-8 0.0 0.0
8.5558e-6 -8.08912e-5 4.3e-9 0.0 0.0
9.3336e-6 -8.08912e-5 1.5e-9 0.0 0.0
1.01114e-5 -8.08912e-5 7.0e-10 0.0 0.0
1.08892e-5 -8.08912e-5 0.0 0.0 0.0
1.1667e-5 -8.08912e-5 0.0 0.0 0.0
1.24448e-5 -8.08912e-5 0.0 0.0 0.0
1.32226e-5 -8.08912e-5 0.0 0.0 0.0
1.40004e-5 -8.08912e-5 0.0 0.0 0.0
1.47782e-5 -8.08912e-5 0.0 0.0 0.0
1.5556e-5 -8.08912e-5 0.0 0.0 0.0
1.63338e-5 -8.08912e-5 0.0 0.0 0.0
1.71116e-5 -8.08912e-5 0.0 0.0 0.0
1.78894e-5 -8.08912e-5 0.0 0.0 0.0
1.86672e-5 -8.08912e-5 0.0 0.0 0.0
-9.72251e-5 -8.01134e-5 0.0039922636 0.0 0.0
-9.64473e-5 -8.01134e-5 0.001739482 0.0 0.0
-9.56695e-5 -8.01134e-5 0.0031315818 0.0 0.0
-9.48917e-5 -8.01134e-5 0.0023100916 0.0 0.0
-9.41139e-5 -8.01134e-5 0.0015870981 0.0 0.0
-9.33361e-5 -8.01134e-5 0.0010050127 0.0 0.0
-9.25583e-5 -8.01134e-5 0.001847312 0.0 0.0
-9.17805e-5 -8.01134e-5 0.001647185 0.0 0.0
-9.10027e-5 -8.01134e-5 0.0009222694 0.0 0.0
-9.02249e-5 -8.01134e-5 0.0006519591 0.0 0.0
-8.94471e-5 -8.01134e-5 0.0013839896 0.0 0.0
-8.86693e-5 -8.01134e-5 0.0010574205 0.0 0.0
-8.78915e-5 -8.01134e-5 0.0008413856 0.0 0.0
-8.71137e-5 -8.01134e-5 0.0006952323 0.0 0.0
-8.63359e-5 -8.01134e-5 0.0004433748 0.0 0.0
-8.55581e-5 -8.01134e-5 0.0015584664 0.0 0.0
-8.47803e-5 -8.01134e-5 0.0010954182 0.0 0.0
-8.40025e-5 -8.01134e-5 0.0006992073 0.0 0.0
-8.32246e-5 -8.01134e-5 0.000199136 0.0 0.0
-8.24468e-5 -8.01134e-5 0.0011623715 0.0 0.0
-8.1669e-5 -8.01134e-5 0.0005802554 0.0 0.0
-8.08912e-5 -8.01134e-5 0.0001803605 0.0 0.0
-8.01134e-5 -8.01134e-5 0.0007789401 0.0 0.0
-7.93356e-5 -8.01134e-5 0.0003639858 0.0 0.0
-7.85578e-5 -8.01134e-5 0.0010067114 0.0 0.0
-7.778e-5 -8.01134e-5 0.0005108912 0.0 0.0
-7.70022e-5 -8.01134e-5 0.0012814785 0.0 0.0
-7.62244e-5 -8.01134e-5 0.0007584238 0.0 0.0
-7.54466e-5 -8.01134e-5 0.0004422802 0.0 0.0
-7.46688e-5 -8.01134e-5 0.0012764198 0.0 0.0
-7.3891e-5 -8.01134e-5 0.000916338 0.0 0.0
-7.31132e-5 -8.01134e-5 0.001779456 0.0 0.0
-7.23354e-5 -8.01134e-5 0.0014110782 0.0 0.0
-7.15576e-5 -8.01134e-5 0.001213758 0.0 0.0
-7.07798e-5 -8.01134e-5 0.0012999169 0.0 0.0
-7.0002e-5 -8.01134e-5 0.0011044753 0.0 0.0
-6.92242e-5 -8.01134e-5 0.0009413119 0.0 0.0
-6.84464e-5 -8.01134e-5 0.000715446 0.0 0.0
-6.76686e-5 -8.01134e-5 0.0005899758 0.0 0.0
-6.68908e-5 -8.01134e-5 0.0004103246 0.0 0.0
-6.6113e-5 -8.01134e-5 0.0006215089 0.0 0.0
-6.53352e-5 -8.01134e-5 0.000353067 0.0 0.0
-6.45574e-5 -8.01134e-5 0.0004834109 0.0 0.0
-6.37796e-5 -8.01134e-5 0.0003084045 0.0 0.0
-6.30018e-5 -8.01134e-5 0.000497319 0.0 0.0
-6.2224e-5 -8.01134e-5 0.0002321284 0.0 0.0
-6.14462e-5 -8.01134e-5 0.0003147776 0.0 0.0
-6.06684e-5 -8.01134e-5 0.0005048063 0.0 0.0
-5.98906e-5 -8.01134e-5 0.0002008449 0.0 0.0
-5.91128e-5 -8.01134e-5 0.0004226953 0.0 0.0
-5.8335e-5 -8.01134e-5 0.0005998251 0.0 0.0
-5.75572e-5 -8.01134e-5 0.0002852247 0.0 0.0
-5.67794e-5 -8.01134e-5 0.0006810686 0.0 0.0
-5.60016e-5 -8.01134e-5 0.0006151022 0.0 0.0
-5.52238e-5 -8.01134e-5 0.000927966 0.0 0.0
-5.4446e-5 -8.01134e-5 0.0006701282 0.0 0.0
-5.36682e-5 -8.01134e-5 0.0007539402 0.0 0.0
-5.28904e-5 -8.01134e-5 0.0004645636 0.0 0.0
-5.21126e-5 -8.01134e-5 0.0139641845 0.0 0.0
-5.13348e-5 -8.01134e-5 0.0299091478 0.0 0.0
-5.0557e-5 -8.01134e-5 0.0603409514 0.0 0.0
-4.97792e-5 -8.01134e-5 0.0428281514 0.0 0.0
-4.90014e-5 -8.01134e-5 0.0362566795 0.0 0.0
-4.82236e-5 -8.01134e-5 0.0365216293 0.0 0.0
-4.74458e-5 -8.01134e-5 0.0378465122 0.0 0.0
-4.6668e-5 -8.01134e-5 0.0227747228 0.0 0.0
-4.58902e-5 -8.01134e-5 0.0157535572 0.0 0.0
-4.51124e-5 -8.01134e-5 0.0162724308 0.0 0.0
-4.43346e-5 -8.01134e-5 0.0185597917 0.0 0.0
-4.35568e-5 -8.01134e-5 0.0163685683 0.0 0.0
-4.2779e-5 -8.01134e-5 0.0238660613 0.0 0.0
-4.20012e-5 -8.01134e-5 0.0167593485 0.0 0.0
-4.12234e-5 -8.01134e-5 0.0133259957 0.0 0.0
-4.04456e-5 -8.01134e-5 0.0106715276 0.0 0.0
-3.96678e-5 -8.01134e-5 0.008826554 0.0 0.0
-3.889e-5 -8.01134e-5 0.0071046125 0.0 0.0
-3.81122e-5 -8.01134e-5 0.0046116505 0.0 0.0
-3.73344e-5 -8.01134e-5 0.0028983812 0.0 0.0
-3.65566e-5 -8.01134e-5 0.0032462578 0.0 0.0
-3.57788e-5 -8.01134e-5 0.0025115398 0.0 0.0
-3.5001e-5 -8.01134e-5 0.0017912724 0.0 0.0
-3.42232e-5 -8.01134e-5 0.0022190084 0.0 0.0
-3.34454e-5 -8.01134e-5 0.0015041165 0.0 0.0
-3.26676e-5 -8.01134e-5 0.0013715191 0.0 0.0
-3.18898e-5 -8.01134e-5 0.0018710709 0.0 0.0
-3.1112e-5 -8.01134e-5 0.0018629703 0.0 0.0
-3.03342e-5 -8.01134e-5 0.0017552148 0.0 0.0
-2.95564e-5 -8.01134e-5 0.001778091 0.0 0.0
-2.87786e-5 -8.01134e-5 0.0018153969 0.0 0.0
-2.80008e-5 -8.01134e-5 0.0017299417 0.0 0.0
-2.7223e-5 -8.01134e-5 0.0024644595 0.0 0.0
-2.64452e-5 -8.01134e-5 0.0025620273 0.0 0.0
-2.56674e-5 -8.01134e-5 0.0021840654 0.0 0.0
-2.48896e-5 -8.01134e-5 0.0029667948 0.0 0.0
-2.41118e-5 -8.01134e-5 0.002091157 0.0 0.0
-2.3334e-5 -8.01134e-5 0.0014386487 0.0 0.0
-2.25562e-5 -8.01134e-5 0.0011988107 0.0 0.0
-2.17784e-5 -8.01134e-5 0.000949516 0.0 0.0
-2.10006e-5 -8.01134e-5 0.0013566817 0.0 0.0
-2.02228e-5 -8.01134e-5 0.0005140775 0.0 0.0
-1.9445e-5 -8.01134e-5 0.000146249 0.0 0.0
-1.86672e-5 -8.01134e-5 0.0001211285 0.0 0.0
-1.78894e-5 -8.01134e-5 0.0001086845 0.0 0.0
-1.71116e-5 -8.01134e-5 0.0001033008 0.0 0.0
-1.63338e-5 -8.01134e-5 0.0001047442 0.0 0.0
-1.5556e-5 -8.01134e-5 0.0001188176 0.0 0.0
-1.47782e-5 -8.01134e-5 0.0001536001 0.0 0.0
-1.40004e-5 -8.01134e-5 0.000206147 0.0 0.0
-1.32226e-5 -8.01134e-5 0.0002835522 0.0 0.0
-1.24448e-5 -8.01134e-5 0.0003668095 0.0 0.0
-1.1667e-5 -8.01134e-5 0.0004533496 0.0 0.0
-1.08892e-5 -8.01134e-5 0.0005623133 0.0 0.0
-1.01114e-5 -8.01134e-5 0.0006955773 0.0 0.0
-9.3336e-6 -8.01134e-5 0.0008526166 0.0 0.0
-8.5558e-6 -8.01134e-5 0.0009938566 0.0 0.0
-7.778e-6 -8.01134e-5 0.0010997304 0.0 0.0
-7.0002e-6 -8.01134e-5 0.0011567975 0.0 0.0
-6.2224e-6 -8.01134e-5 0.0010961043 0.0 0.0
-5.4446e-6 -8.01134e-5 0.000971164 0.0 0.0
-4.6668e-6 -8.01134e-5 0.0010328653 0.0 0.0
-3.889e-6 -8.01134e-5 0.0008573744 0.0 0.0
-3.1112e-6 -8.01134e-5 0.0007206014 0.0 0.0
-2.3334e-6 -8.01134e-5 0.0005070136 0.0 0.0
-1.5556e-6 -8.01134e-5 0.0004363064 0.0 0.0
-7.778e-7 -8.01134e-5 0.0002921883 0.0 0.0
0.0 -8.01134e-5 0.000197549 0.0 0.0
7.778e-7 -8.01134e-5 0.0001297589 0.0 0.0
1.5556e-6 -8.01134e-5 0.0001451811 0.0 0.0
2.3334e-6 -8.01134e-5 8.56304e-5 0.0 0.0
3.1112e-6 -8.01134e-5 0.0001201161 0.0 0.0
3.889e-6 -8.01134e-5 0.00019051 0.0 0.0
4.6668e-6 -8.01134e-5 0.0001092912 0.0 0.0
5.4446e-6 -8.01134e-5 5.65769e-5 0.0 0.0
6.2224e-6 -8.01134e-5 2.30559e-5 0.0 0.0
7.0002e-6 -8.01134e-5 8.7058e-6 0.0 0.0
7.778e-6 -8.01134e-5 1.478e-6 0.0 0.0
8.5558e-6 -8.01134e-5 2.161e-7 0.0 0.0
9.3336e-6 -8.01134e-5 3.15e-8 0.0 0.0
1.01114e-5 -8.01134e-5 8.1e-9 0.0 0.0
1.08892e-5 -8.01134e-5 2.2e-9 0.0 0.0
1.1667e-5 -8.01134e-5 1.4e-9 0.0 0.0
1.24448e-5 -8.01134e-5 1.8e-9 0.0 0.0
1.32226e-5 -8.01134e-5 4.0e-10 0.0 0.0
1.40004e-5 -8.01134e-5 1.0e-10 0.0 0.0
1.47782e-5 -8.01134e-5 0.0 0.0 0.0
1.5556e-5 -8.01134e-5 0.0 0.0 0.0
1.63338e-5 -8.01134e-5 0.0 0.0 0.0
1.71116e-5 -8.01134e-5 0.0 0.0 0.0
1.78894e-5 -8.01134e-5 0.0 0.0 0.0
1.86672e-5 -8.01134e-5 0.0 0.0 0.0
-9.72251e-5 -7.93356e-5 0.0013726507 0.0 0.0
-9.64473e-5 -7.93356e-5 0.0027648465 0.0 0.0
-9.56695e-5 -7.93356e-5 0.0019171826 0.0 0.0
-9.48917e-5 -7.93356e-5 0.0012520115 0.0 0.0
-9.41139e-5 -7.93356e-5 0.0008595454 0.0 0.0
-9.33361e-5 -7.93356e-5 0.0018854379 0.0 0.0
-9.25583e-5 -7.93356e-5 0.0012945771 0.0 0.0
-9.17805e-5 -7.93356e-5 0.0009330459 0.0 0.0
-9.10027e-5 -7.93356e-5 0.0004997412 0.0 0.0
-9.02249e-5 -7.93356e-5 0.0004060205 0.0 0.0
-8.94471e-5 -7.93356e-5 0.0012411427 0.0 0.0
-8.86693e-5 -7.93356e-5 0.0009694497 0.0 0.0
-8.78915e-5 -7.93356e-5 0.0005336484 0.0 0.0
-8.71137e-5 -7.93356e-5 0.0003391029 0.0 0.0
-8.63359e-5 -7.93356e-5 0.00019064 0.0 0.0
-8.55581e-5 -7.93356e-5 0.000754701 0.0 0.0
-8.47803e-5 -7.93356e-5 0.0005196564 0.0 0.0
-8.40025e-5 -7.93356e-5 0.0001691027 0.0 0.0
-8.32246e-5 -7.93356e-5 0.0010210679 0.0 0.0
-8.24468e-5 -7.93356e-5 0.0004304792 0.0 0.0
-8.1669e-5 -7.93356e-5 0.0001964207 0.0 0.0
-8.08912e-5 -7.93356e-5 0.0005300347 0.0 0.0
-8.01134e-5 -7.93356e-5 0.0002798457 0.0 0.0
-7.93356e-5 -7.93356e-5 0.000800604 0.0 0.0
-7.85578e-5 -7.93356e-5 0.0017087961 0.0 0.0
-7.778e-5 -7.93356e-5 0.0010917487 0.0 0.0
-7.70022e-5 -7.93356e-5 0.0017728053 0.0 0.0
-7.62244e-5 -7.93356e-5 0.0012879148 0.0 0.0
-7.54466e-5 -7.93356e-5 0.0009053986 0.0 0.0
-7.46688e-5 -7.93356e-5 0.0016817173 0.0 0.0
-7.3891e-5 -7.93356e-5 0.00130753 0.0 0.0
-7.31132e-5 -7.93356e-5 0.001161482 0.0 0.0
-7.23354e-5 -7.93356e-5 0.0018408933 0.0 0.0
-7.15576e-5 -7.93356e-5 0.0015560269 0.0 0.0
-7.07798e-5 -7.93356e-5 0.0013890307 0.0 0.0
-7.0002e-5 -7.93356e-5 0.0012242202 0.0 0.0
-6.92242e-5 -7.93356e-5 0.0009130136 0.0 0.0
-6.84464e-5 -7.93356e-5 0.0007114518 0.0 0.0
-6.76686e-5 -7.93356e-5 0.0005847965 0.0 0.0
-6.68908e-5 -7.93356e-5 0.0009129243 0.0 0.0
-6.6113e-5 -7.93356e-5 0.0005836797 0.0 0.0
-6.53352e-5 -7.93356e-5 0.0003510381 0.0 0.0
-6.45574e-5 -7.93356e-5 0.0006407516 0.0 0.0
-6.37796e-5 -7.93356e-5 0.000333375 0.0 0.0
-6.30018e-5 -7.93356e-5 0.0005253917 0.0 0.0
-6.2224e-5 -7.93356e-5 0.0002607567 0.0 0.0
-6.14462e-5 -7.93356e-5 0.0004697264 0.0 0.0
-6.06684e-5 -7.93356e-5 0.0001808615 0.0 0.0
-5.98906e-5 -7.93356e-5 0.0004572694 0.0 0.0
-5.91128e-5 -7.93356e-5 0.0006599127 0.0 0.0
-5.8335e-5 -7.93356e-5 0.0003506948 0.0 0.0
-5.75572e-5 -7.93356e-5 0.0008623309 0.0 0.0
-5.67794e-5 -7.93356e-5 0.0005995414 0.0 0.0
-5.60016e-5 -7.93356e-5 0.0007788553 0.0 0.0
-5.52238e-5 -7.93356e-5 0.0005124831 0.0 0.0
-5.4446e-5 -7.93356e-5 0.0004975797 0.0 0.0
-5.36682e-5 -7.93356e-5 0.0006694163 0.0 0.0
-5.28904e-5 -7.93356e-5 0.0003800962 0.0 0.0
-5.21126e-5 -7.93356e-5 0.0005345444 0.0 0.0
-5.13348e-5 -7.93356e-5 0.0003044311 0.0 0.0
-5.0557e-5 -7.93356e-5 0.0150779882 0.0 0.0
-4.97792e-5 -7.93356e-5 0.0485044853 0.0 0.0
-4.90014e-5 -7.93356e-5 0.0512594857 0.0 0.0
-4.82236e-5 -7.93356e-5 0.0457187213 0.0 0.0
-4.74458e-5 -7.93356e-5 0.0331197939 0.0 0.0
-4.6668e-5 -7.93356e-5 0.0372389398 0.0 0.0
-4.58902e-5 -7.93356e-5 0.0440464381 0.0 0.0
-4.51124e-5 -7.93356e-5 0.0256334862 0.0 0.0
-4.43346e-5 -7.93356e-5 0.0170324879 0.0 0.0
-4.35568e-5 -7.93356e-5 0.0166996258 0.0 0.0
-4.2779e-5 -7.93356e-5 0.019208118 0.0 0.0
-4.20012e-5 -7.93356e-5 0.017131492 0.0 0.0
-4.12234e-5 -7.93356e-5 0.0235355339 0.0 0.0
-4.04456e-5 -7.93356e-5 0.0197353951 0.0 0.0
-3.96678e-5 -7.93356e-5 0.0130034742 0.0 0.0
-3.889e-5 -7.93356e-5 0.0102149969 0.0 0.0
-3.81122e-5 -7.93356e-5 0.0087054769 0.0 0.0
-3.73344e-5 -7.93356e-5 0.0052743109 0.0 0.0
-3.65566e-5 -7.93356e-5 0.0046356028 0.0 0.0
-3.57788e-5 -7.93356e-5 0.0030745671 0.0 0.0
-3.5001e-5 -7.93356e-5 0.0021374739 0.0 0.0
-3.42232e-5 -7.93356e-5 0.0024808635 0.0 0.0
-3.34454e-5 -7.93356e-5 0.0020073286 0.0 0.0
-3.26676e-5 -7.93356e-5 0.0018241744 0.0 0.0
-3.18898e-5 -7.93356e-5 0.0016768015 0.0 0.0
-3.1112e-5 -7.93356e-5 0.0015524208 0.0 0.0
-3.03342e-5 -7.93356e-5 0.0016133004 0.0 0.0
-2.95564e-5 -7.93356e-5 0.0016251244 0.0 0.0
-2.87786e-5 -7.93356e-5 0.0015045131 0.0 0.0
-2.80008e-5 -7.93356e-5 0.0015474842 0.0 0.0
-2.7223e-5 -7.93356e-5 0.0021835151 0.0 0.0
-2.64452e-5 -7.93356e-5 0.0022513793 0.0 0.0
-2.56674e-5 -7.93356e-5 0.0021304883 0.0 0.0
-2.48896e-5 -7.93356e-5 0.0027150292 0.0 0.0
-2.41118e-5 -7.93356e-5 0.0024843911 0.0 0.0
-2.3334e-5 -7.93356e-5 0.001766452 0.0 0.0
-2.25562e-5 -7.93356e-5 0.0018796256 0.0 0.0
-2.17784e-5 -7.93356e-5 0.0017018429 0.0 0.0
-2.10006e-5 -7.93356e-5 0.0011909454 0.0 0.0
-2.02228e-5 -7.93356e-5 0.0014549869 0.0 0.0
-1.9445e-5 -7.93356e-5 0.0003695494 0.0 0.0
-1.86672e-5 -7.93356e-5 0.0002096675 0.0 0.0
-1.78894e-5 -7.93356e-5 0.0001855187 0.0 0.0
-1.71116e-5 -7.93356e-5 0.0001646698 0.0 0.0
-1.63338e-5 -7.93356e-5 0.0001673042 0.0 0.0
-1.5556e-5 -7.93356e-5 0.0001533866 0.0 0.0
-1.47782e-5 -7.93356e-5 0.0001639078 0.0 0.0
-1.40004e-5 -7.93356e-5 0.0001882955 0.0 0.0
-1.32226e-5 -7.93356e-5 0.0002174798 0.0 0.0
-1.24448e-5 -7.93356e-5 0.0002807367 0.0 0.0
-1.1667e-5 -7.93356e-5 0.000352723 0.0 0.0
-1.08892e-5 -7.93356e-5 0.0004376573 0.0 0.0
-1.01114e-5 -7.93356e-5 0.0005311213 0.0 0.0
-9.3336e-6 -7.93356e-5 0.0006226073 0.0 0.0
-8.5558e-6 -7.93356e-5 0.0007295504 0.0 0.0
-7.778e-6 -7.93356e-5 0.0008452551 0.0 0.0
-7.0002e-6 -7.93356e-5 0.0009578452 0.0 0.0
-6.2224e-6 -7.93356e-5 0.0010221262 0.0 0.0
-5.4446e-6 -7.93356e-5 0.001010014 0.0 0.0
-4.6668e-6 -7.93356e-5 0.0009682546 0.0 0.0
-3.889e-6 -7.93356e-5 0.0010662475 0.0 0.0
-3.1112e-6 -7.93356e-5 0.000906105 0.0 0.0
-2.3334e-6 -7.93356e-5 0.0007695534 0.0 0.0
-1.5556e-6 -7.93356e-5 0.0005479998 0.0 0.0
-7.778e-7 -7.93356e-5 0.0004842288 0.0 0.0
0.0 -7.93356e-5 0.0003534691 0.0 0.0
7.778e-7 -7.93356e-5 0.0002572582 0.0 0.0
1.5556e-6 -7.93356e-5 0.0001504203 0.0 0.0
2.3334e-6 -7.93356e-5 7.8138e-5 0.0 0.0
3.1112e-6 -7.93356e-5 0.00010053 0.0 0.0
3.889e-6 -7.93356e-5 6.83397e-5 0.0 0.0
4.6668e-6 -7.93356e-5 0.0001694074 0.0 0.0
5.4446e-6 -7.93356e-5 0.0001156689 0.0 0.0
6.2224e-6 -7.93356e-5 6.65124e-5 0.0 0.0
7.0002e-6 -7.93356e-5 3.39741e-5 0.0 0.0
7.778e-6 -7.93356e-5 6.641e-6 0.0 0.0
8.5558e-6 -7.93356e-5 5.9053e-6 0.0 0.0
9.3336e-6 -7.93356e-5 1.4105e-6 0.0 0.0
1.01114e-5 -7.93356e-5 2.463e-7 0.0 0.0
1.08892e-5 -7.93356e-5 5.79e-8 0.0 0.0
1.1667e-5 -7.93356e-5 1.47e-8 0.0 0.0
1.24448e-5 -7.93356e-5 7.2e-9 0.0 0.0
1.32226e-5 -7.93356e-5 4.2e-9 0.0 0.0
1.40004e-5 -7.93356e-5 3.9e-9 0.0 0.0
1.47782e-5 -7.93356e-5 2.4e-9 0.0 0.0
1.5556e-5 -7.93356e-5 7.0e-10 0.0 0.0
1.63338e-5 -7.93356e-5 0.0 0.0 0.0
1.71116e-5 -7.93356e-5 0.0 0.0 0.0
1.78894e-5 -7.93356e-5 0.0 0.0 0.0
1.86672e-5 -7.93356e-5 0.0 0.0 0.0
-9.72251e-5 -7.85578e-5 0.0011061855 0.0 0.0
-9.64473e-5 -7.85578e-5 0.0022075952 0.0 0.0
-9.56695e-5 -7.85578e-5 0.0014352909 0.0 0.0
-9.48917e-5 -7.85578e-5 0.0007926878 0.0 0.0
-9.41139e-5 -7.85578e-5 0.0017380815 0.0 0.0
-9.33361e-5 -7.85578e-5 0.001314591 0.0 0.0
-9.25583e-5 -7.85578e-5 0.0009139635 0.0 0.0
-9.17805e-5 -7.85578e-5 0.0006823609 0.0 0.0
-9.10027e-5 -7.85578e-5 0.0004021312 0.0 0.0
-9.02249e-5 -7.85578e-5 0.0012623766 0.0 0.0
-8.94471e-5 -7.85578e-5 0.0008548899 0.0 0.0
-8.86693e-5 -7.85578e-5 0.0008062385 0.0 0.0
-8.78915e-5 -7.85578e-5 0.0003199123 0.0 0.0
-8.71137e-5 -7.85578e-5 0.0002872035 0.0 0.0
-8.63359e-5 -7.85578e-5 0.0008943537 0.0 0.0
-8.55581e-5 -7.85578e-5 0.0005913697 0.0 0.0
-8.47803e-5 -7.85578e-5 0.0001826683 0.0 0.0
-8.40025e-5 -7.85578e-5 0.0007004269 0.0 0.0
-8.32246e-5 -7.85578e-5 0.0004274834 0.0 0.0
-8.24468e-5 -7.85578e-5 0.0002988767 0.0 0.0
-8.1669e-5 -7.85578e-5 0.0007616133 0.0 0.0
-8.08912e-5 -7.85578e-5 0.001468185 0.0 0.0
-8.01134e-5 -7.85578e-5 0.0021816934 0.0 0.0
-7.93356e-5 -7.85578e-5 0.0017270306 0.0 0.0
-7.85578e-5 -7.85578e-5 0.0019240454 0.0 0.0
-7.778e-5 -7.85578e-5 0.0029894649 0.0 0.0
-7.70022e-5 -7.85578e-5 0.0019536873 0.0 0.0
-7.62244e-5 -7.85578e-5 0.0027335711 0.0 0.0
-7.54466e-5 -7.85578e-5 0.0020786027 0.0 0.0
-7.46688e-5 -7.85578e-5 0.0017653184 0.0 0.0
-7.3891e-5 -7.85578e-5 0.0012580028 0.0 0.0
-7.31132e-5 -7.85578e-5 0.0011716207 0.0 0.0
-7.23354e-5 -7.85578e-5 0.000870308 0.0 0.0
-7.15576e-5 -7.85578e-5 0.0014871401 0.0 0.0
-7.07798e-5 -7.85578e-5 0.0012083064 0.0 0.0
-7.0002e-5 -7.85578e-5 0.0010660672 0.0 0.0
-6.92242e-5 -7.85578e-5 0.0007473161 0.0 0.0
-6.84464e-5 -7.85578e-5 0.0006368452 0.0 0.0
-6.76686e-5 -7.85578e-5 0.0009720662 0.0 0.0
-6.68908e-5 -7.85578e-5 0.0007344942 0.0 0.0
-6.6113e-5 -7.85578e-5 0.0004782628 0.0 0.0
-6.53352e-5 -7.85578e-5 0.0003584326 0.0 0.0
-6.45574e-5 -7.85578e-5 0.0006526607 0.0 0.0
-6.37796e-5 -7.85578e-5 0.0003221939 0.0 0.0
-6.30018e-5 -7.85578e-5 0.0002609166 0.0 0.0
-6.2224e-5 -7.85578e-5 0.0004034125 0.0 0.0
-6.14462e-5 -7.85578e-5 0.0007507524 0.0 0.0
-6.06684e-5 -7.85578e-5 0.0004170087 0.0 0.0
-5.98906e-5 -7.85578e-5 0.0002925407 0.0 0.0
-5.91128e-5 -7.85578e-5 0.0007818262 0.0 0.0
-5.8335e-5 -7.85578e-5 0.0005822087 0.0 0.0
-5.75572e-5 -7.85578e-5 0.000770157 0.0 0.0
-5.67794e-5 -7.85578e-5 0.0009881513 0.0 0.0
-5.60016e-5 -7.85578e-5 0.0006057774 0.0 0.0
-5.52238e-5 -7.85578e-5 0.0007110232 0.0 0.0
-5.4446e-5 -7.85578e-5 0.000311725 0.0 0.0
-5.36682e-5 -7.85578e-5 0.0002106862 0.0 0.0
-5.28904e-5 -7.85578e-5 0.0004567042 0.0 0.0
-5.21126e-5 -7.85578e-5 0.0002192357 0.0 0.0
-5.13348e-5 -7.85578e-5 0.0002943767 0.0 0.0
-5.0557e-5 -7.85578e-5 0.0002039029 0.0 0.0
-4.97792e-5 -7.85578e-5 0.0002240124 0.0 0.0
-4.90014e-5 -7.85578e-5 0.0166307011 0.0 0.0
-4.82236e-5 -7.85578e-5 0.063912987 0.0 0.0
-4.74458e-5 -7.85578e-5 0.0627885031 0.0 0.0
-4.6668e-5 -7.85578e-5 0.0412590635 0.0 0.0
-4.58902e-5 -7.85578e-5 0.0362777103 0.0 0.0
-4.51124e-5 -7.85578e-5 0.0384274099 0.0 0.0
-4.43346e-5 -7.85578e-5 0.0511188914 0.0 0.0
-4.35568e-5 -7.85578e-5 0.0308439078 0.0 0.0
-4.2779e-5 -7.85578e-5 0.0208724729 0.0 0.0
-4.20012e-5 -7.85578e-5 0.0169362023 0.0 0.0
-4.12234e-5 -7.85578e-5 0.014062556 0.0 0.0
-4.04456e-5 -7.85578e-5 0.0265936772 0.0 0.0
-3.96678e-5 -7.85578e-5 0.0218489845 0.0 0.0
-3.889e-5 -7.85578e-5 0.017984698 0.0 0.0
-3.81122e-5 -7.85578e-5 0.0150283052 0.0 0.0
-3.73344e-5 -7.85578e-5 0.0110873655 0.0 0.0
-3.65566e-5 -7.85578e-5 0.0078294094 0.0 0.0
-3.57788e-5 -7.85578e-5 0.0044321891 0.0 0.0
-3.5001e-5 -7.85578e-5 0.0040300406 0.0 0.0
-3.42232e-5 -7.85578e-5 0.0028163461 0.0 0.0
-3.34454e-5 -7.85578e-5 0.0020129515 0.0 0.0
-3.26676e-5 -7.85578e-5 0.0017766285 0.0 0.0
-3.18898e-5 -7.85578e-5 0.0015795588 0.0 0.0
-3.1112e-5 -7.85578e-5 0.0013743743 0.0 0.0
-3.03342e-5 -7.85578e-5 0.0013254189 0.0 0.0
-2.95564e-5 -7.85578e-5 0.001279055 0.0 0.0
-2.87786e-5 -7.85578e-5 0.0012747275 0.0 0.0
-2.80008e-5 -7.85578e-5 0.001879947 0.0 0.0
-2.7223e-5 -7.85578e-5 0.0019521644 0.0 0.0
-2.64452e-5 -7.85578e-5 0.0019300134 0.0 0.0
-2.56674e-5 -7.85578e-5 0.0018694344 0.0 0.0
-2.48896e-5 -7.85578e-5 0.0026910222 0.0 0.0
-2.41118e-5 -7.85578e-5 0.0025464566 0.0 0.0
-2.3334e-5 -7.85578e-5 0.0029902418 0.0 0.0
-2.25562e-5 -7.85578e-5 0.0023953681 0.0 0.0
-2.17784e-5 -7.85578e-5 0.0021505627 0.0 0.0
-2.10006e-5 -7.85578e-5 0.0011754589 0.0 0.0
-2.02228e-5 -7.85578e-5 0.0016763937 0.0 0.0
-1.9445e-5 -7.85578e-5 0.0008698901 0.0 0.0
-1.86672e-5 -7.85578e-5 0.0002529607 0.0 0.0
-1.78894e-5 -7.85578e-5 0.0002082327 0.0 0.0
-1.71116e-5 -7.85578e-5 0.0002581855 0.0 0.0
-1.63338e-5 -7.85578e-5 0.000231582 0.0 0.0
-1.5556e-5 -7.85578e-5 0.0002273066 0.0 0.0
-1.47782e-5 -7.85578e-5 0.0002010832 0.0 0.0
-1.40004e-5 -7.85578e-5 0.0001932931 0.0 0.0
-1.32226e-5 -7.85578e-5 0.000209429 0.0 0.0
-1.24448e-5 -7.85578e-5 0.0002484919 0.0 0.0
-1.1667e-5 -7.85578e-5 0.0003043737 0.0 0.0
-1.08892e-5 -7.85578e-5 0.0003380185 0.0 0.0
-1.01114e-5 -7.85578e-5 0.0003971542 0.0 0.0
-9.3336e-6 -7.85578e-5 0.0004749442 0.0 0.0
-8.5558e-6 -7.85578e-5 0.0005290863 0.0 0.0
-7.778e-6 -7.85578e-5 0.0006093269 0.0 0.0
-7.0002e-6 -7.85578e-5 0.0007005163 0.0 0.0
-6.2224e-6 -7.85578e-5 0.0008179779 0.0 0.0
-5.4446e-6 -7.85578e-5 0.0007319584 0.0 0.0
-4.6668e-6 -7.85578e-5 0.000964549 0.0 0.0
-3.889e-6 -7.85578e-5 0.0009362094 0.0 0.0
-3.1112e-6 -7.85578e-5 0.0008532306 0.0 0.0
-2.3334e-6 -7.85578e-5 0.0008861078 0.0 0.0
-1.5556e-6 -7.85578e-5 0.0008037264 0.0 0.0
-7.778e-7 -7.85578e-5 0.0005802965 0.0 0.0
0.0 -7.85578e-5 0.0005282807 0.0 0.0
7.778e-7 -7.85578e-5 0.0004015808 0.0 0.0
1.5556e-6 -7.85578e-5 0.0002929702 0.0 0.0
2.3334e-6 -7.85578e-5 0.0001668805 0.0 0.0
3.1112e-6 -7.85578e-5 0.0001801447 0.0 0.0
3.889e-6 -7.85578e-5 0.0001222504 0.0 0.0
4.6668e-6 -7.85578e-5 8.84558e-5 0.0 0.0
5.4446e-6 -7.85578e-5 0.0001425575 0.0 0.0
6.2224e-6 -7.85578e-5 0.0001568357 0.0 0.0
7.0002e-6 -7.85578e-5 8.76027e-5 0.0 0.0
7.778e-6 -7.85578e-5 5.342e-5 0.0 0.0
8.5558e-6 -7.85578e-5 1.34023e-5 0.0 0.0
9.3336e-6 -7.85578e-5 5.718e-6 0.0 0.0
1.01114e-5 -7.85578e-5 4.5323e-6 0.0 0.0
1.08892e-5 -7.85578e-5 1.139e-6 0.0 0.0
1.1667e-5 -7.85578e-5 2.203e-7 0.0 0.0
1.24448e-5 -7.85578e-5 3.51e-8 0.0 0.0
1.32226e-5 -7.85578e-5 1.13e-8 0.0 0.0
1.40004e-5 -7.85578e-5 2.4e-9 0.0 0.0
1.47782e-5 -7.85578e-5 5.0e-10 0.0 0.0
1.5556e-5 -7.85578e-5 1.0e-10 0.0 0.0
1.63338e-5 -7.85578e-5 0.0 0.0 0.0
1.71116e-5 -7.85578e-5 0.0 0.0 0.0
1.78894e-5 -7.85578e-5 0.0 0.0 0.0
1.86672e-5 -7.85578e-5 0.0 0.0 0.0
-9.72251e-5 -7.778e-5 0.0019781374 0.0 0.0
-9.64473e-5 -7.778e-5 0.0016088645 0.0 0.0
-9.56695e-5 -7.778e-5 0.0008628264 0.0 0.0
-9.48917e-5 -7.778e-5 0.0006006111 0.0 0.0
-9.41139e-5 -7.778e-5 0.00144096 0.0 0.0
-9.33361e-5 -7.778e-5 0.0009790841 0.0 0.0
-9.25583e-5 -7.778e-5 0.0007973696 0.0 0.0
-9.17805e-5 -7.778e-5 0.0004854068 0.0 0.0
-9.10027e-5 -7.778e-5 0.0003058845 0.0 0.0
-9.02249e-5 -7.778e-5 0.0010781362 0.0 0.0
-8.94471e-5 -7.778e-5 0.0007269497 0.0 0.0
-8.86693e-5 -7.778e-5 0.0005121078 0.0 0.0
-8.78915e-5 -7.778e-5 0.0003659043 0.0 0.0
-8.71137e-5 -7.778e-5 0.0001674349 0.0 0.0
-8.63359e-5 -7.778e-5 0.000482192 0.0 0.0
-8.55581e-5 -7.778e-5 0.0003998735 0.0 0.0
-8.47803e-5 -7.778e-5 0.000982675 0.0 0.0
-8.40025e-5 -7.778e-5 0.0007141873 0.0 0.0
-8.32246e-5 -7.778e-5 0.0013639038 0.0 0.0
-8.24468e-5 -7.778e-5 0.0022543995 0.0 0.0
-8.1669e-5 -7.778e-5 0.0029665691 0.0 0.0
-8.08912e-5 -7.778e-5 0.0037231626 0.0 0.0
-8.01134e-5 -7.778e-5 0.0038913318 0.0 0.0
-7.93356e-5 -7.778e-5 0.002557319 0.0 0.0
-7.85578e-5 -7.778e-5 0.0030551439 0.0 0.0
-7.778e-5 -7.778e-5 0.0020474277 0.0 0.0
-7.70022e-5 -7.778e-5 0.0025765938 0.0 0.0
-7.62244e-5 -7.778e-5 0.0022220056 0.0 0.0
-7.54466e-5 -7.778e-5 0.0016360729 0.0 0.0
-7.46688e-5 -7.778e-5 0.0012716674 0.0 0.0
-7.3891e-5 -7.778e-5 0.0009774842 0.0 0.0
-7.31132e-5 -7.778e-5 0.0007964783 0.0 0.0
-7.23354e-5 -7.778e-5 0.0005718381 0.0 0.0
-7.15576e-5 -7.778e-5 0.0010288477 0.0 0.0
-7.07798e-5 -7.778e-5 0.0009190806 0.0 0.0
-7.0002e-5 -7.778e-5 0.0007058977 0.0 0.0
-6.92242e-5 -7.778e-5 0.0005240943 0.0 0.0
-6.84464e-5 -7.778e-5 0.0004059824 0.0 0.0
-6.76686e-5 -7.778e-5 0.0007329218 0.0 0.0
-6.68908e-5 -7.778e-5 0.0006141092 0.0 0.0
-6.6113e-5 -7.778e-5 0.0004954488 0.0 0.0
-6.53352e-5 -7.778e-5 0.0008179936 0.0 0.0
-6.45574e-5 -7.778e-5 0.0006892372 0.0 0.0
-6.37796e-5 -7.778e-5 0.0004691093 0.0 0.0
-6.30018e-5 -7.778e-5 0.0003699658 0.0 0.0
-6.2224e-5 -7.778e-5 0.0007115258 0.0 0.0
-6.14462e-5 -7.778e-5 0.0006582804 0.0 0.0
-6.06684e-5 -7.778e-5 0.0011535981 0.0 0.0
-5.98906e-5 -7.778e-5 0.0011826536 0.0 0.0
-5.91128e-5 -7.778e-5 0.0008643878 0.0 0.0
-5.8335e-5 -7.778e-5 0.0012796628 0.0 0.0
-5.75572e-5 -7.778e-5 0.0009095637 0.0 0.0
-5.67794e-5 -7.778e-5 0.0005713926 0.0 0.0
-5.60016e-5 -7.778e-5 0.00065774 0.0 0.0
-5.52238e-5 -7.778e-5 0.0006034234 0.0 0.0
-5.4446e-5 -7.778e-5 0.0001874561 0.0 0.0
-5.36682e-5 -7.778e-5 0.0001828282 0.0 0.0
-5.28904e-5 -7.778e-5 0.0002548427 0.0 0.0
-5.21126e-5 -7.778e-5 0.0003204186 0.0 0.0
-5.13348e-5 -7.778e-5 0.000219436 0.0 0.0
-5.0557e-5 -7.778e-5 0.0002755461 0.0 0.0
-4.97792e-5 -7.778e-5 0.0003154963 0.0 0.0
-4.90014e-5 -7.778e-5 0.000414241 0.0 0.0
-4.82236e-5 -7.778e-5 0.0004529931 0.0 0.0
-4.74458e-5 -7.778e-5 0.034274023 0.0 0.0
-4.6668e-5 -7.778e-5 0.0661895296 0.0 0.0
-4.58902e-5 -7.778e-5 0.0604847288 0.0 0.0
-4.51124e-5 -7.778e-5 0.0339411949 0.0 0.0
-4.43346e-5 -7.778e-5 0.0314070791 0.0 0.0
-4.35568e-5 -7.778e-5 0.0417681754 0.0 0.0
-4.2779e-5 -7.778e-5 0.0518301411 0.0 0.0
-4.20012e-5 -7.778e-5 0.0310834791 0.0 0.0
-4.12234e-5 -7.778e-5 0.0215231176 0.0 0.0
-4.04456e-5 -7.778e-5 0.0170228143 0.0 0.0
-3.96678e-5 -7.778e-5 0.0142142156 0.0 0.0
-3.889e-5 -7.778e-5 0.025245227 0.0 0.0
-3.81122e-5 -7.778e-5 0.0207512857 0.0 0.0
-3.73344e-5 -7.778e-5 0.0163467231 0.0 0.0
-3.65566e-5 -7.778e-5 0.0134017527 0.0 0.0
-3.57788e-5 -7.778e-5 0.008231064 0.0 0.0
-3.5001e-5 -7.778e-5 0.0071408908 0.0 0.0
-3.42232e-5 -7.778e-5 0.0043059543 0.0 0.0
-3.34454e-5 -7.778e-5 0.0024238649 0.0 0.0
-3.26676e-5 -7.778e-5 0.0028162146 0.0 0.0
-3.18898e-5 -7.778e-5 0.0015380047 0.0 0.0
-3.1112e-5 -7.778e-5 0.0018591048 0.0 0.0
-3.03342e-5 -7.778e-5 0.0017876237 0.0 0.0
-2.95564e-5 -7.778e-5 0.0010740683 0.0 0.0
-2.87786e-5 -7.778e-5 0.0016137858 0.0 0.0
-2.80008e-5 -7.778e-5 0.0016761602 0.0 0.0
-2.7223e-5 -7.778e-5 0.0015914676 0.0 0.0
-2.64452e-5 -7.778e-5 0.0016053505 0.0 0.0
-2.56674e-5 -7.778e-5 0.0025258613 0.0 0.0
-2.48896e-5 -7.778e-5 0.002456886 0.0 0.0
-2.41118e-5 -7.778e-5 0.0021654087 0.0 0.0
-2.3334e-5 -7.778e-5 0.0031230468 0.0 0.0
-2.25562e-5 -7.778e-5 0.0024355024 0.0 0.0
-2.17784e-5 -7.778e-5 0.0026683343 0.0 0.0
-2.10006e-5 -7.778e-5 0.0016052844 0.0 0.0
-2.02228e-5 -7.778e-5 0.0011977297 0.0 0.0
-1.9445e-5 -7.778e-5 0.001696452 0.0 0.0
-1.86672e-5 -7.778e-5 0.0004767033 0.0 0.0
-1.78894e-5 -7.778e-5 0.0001644937 0.0 0.0
-1.71116e-5 -7.778e-5 0.0002279757 0.0 0.0
-1.63338e-5 -7.778e-5 0.0002300847 0.0 0.0
-1.5556e-5 -7.778e-5 0.0002784452 0.0 0.0
-1.47782e-5 -7.778e-5 0.0002527156 0.0 0.0
-1.40004e-5 -7.778e-5 0.0002428547 0.0 0.0
-1.32226e-5 -7.778e-5 0.0002311644 0.0 0.0
-1.24448e-5 -7.778e-5 0.0002299944 0.0 0.0
-1.1667e-5 -7.778e-5 0.0002488544 0.0 0.0
-1.08892e-5 -7.778e-5 0.0002856331 0.0 0.0
-1.01114e-5 -7.778e-5 0.0002989126 0.0 0.0
-9.3336e-6 -7.778e-5 0.0003444633 0.0 0.0
-8.5558e-6 -7.778e-5 0.0003983068 0.0 0.0
-7.778e-6 -7.778e-5 0.0004610281 0.0 0.0
-7.0002e-6 -7.778e-5 0.0005273095 0.0 0.0
-6.2224e-6 -7.778e-5 0.0005203444 0.0 0.0
-5.4446e-6 -7.778e-5 0.0005926462 0.0 0.0
-4.6668e-6 -7.778e-5 0.0006549816 0.0 0.0
-3.889e-6 -7.778e-5 0.0006790705 0.0 0.0
-3.1112e-6 -7.778e-5 0.0008563157 0.0 0.0
-2.3334e-6 -7.778e-5 0.0007621745 0.0 0.0
-1.5556e-6 -7.778e-5 0.0008616419 0.0 0.0
-7.778e-7 -7.778e-5 0.000665818 0.0 0.0
0.0 -7.778e-5 0.0006096175 0.0 0.0
7.778e-7 -7.778e-5 0.0005528391 0.0 0.0
1.5556e-6 -7.778e-5 0.0004214225 0.0 0.0
2.3334e-6 -7.778e-5 0.0003353574 0.0 0.0
3.1112e-6 -7.778e-5 0.0002533801 0.0 0.0
3.889e-6 -7.778e-5 0.0002047396 0.0 0.0
4.6668e-6 -7.778e-5 0.0001496972 0.0 0.0
5.4446e-6 -7.778e-5 9.5718e-5 0.0 0.0
6.2224e-6 -7.778e-5 0.0001136751 0.0 0.0
7.0002e-6 -7.778e-5 0.0001149962 0.0 0.0
7.778e-6 -7.778e-5 0.0001068401 0.0 0.0
8.5558e-6 -7.778e-5 6.4495e-5 0.0 0.0
9.3336e-6 -7.778e-5 2.30398e-5 0.0 0.0
1.01114e-5 -7.778e-5 3.9787e-6 0.0 0.0
1.08892e-5 -7.778e-5 3.3084e-6 0.0 0.0
1.1667e-5 -7.778e-5 2.7444e-6 0.0 0.0
1.24448e-5 -7.778e-5 8.586e-7 0.0 0.0
1.32226e-5 -7.778e-5 2.138e-7 0.0 0.0
1.40004e-5 -7.778e-5 2.55e-8 0.0 0.0
1.47782e-5 -7.778e-5 2.3e-9 0.0 0.0
1.5556e-5 -7.778e-5 3.0e-10 0.0 0.0
1.63338e-5 -7.778e-5 2.1e-9 0.0 0.0
1.71116e-5 -7.778e-5 6.0e-10 0.0 0.0
1.78894e-5 -7.778e-5 4.0e-10 0.0 0.0
1.86672e-5 -7.778e-5 3.0e-10 0.0 0.0
-9.72251e-5 -7.70022e-5 0.0015016145 0.0 0.0
-9.64473e-5 -7.70022e-5 0.0010222932 0.0 0.0
-9.56695e-5 -7.70022e-5 0.0006228525 0.0 0.0
-9.48917e-5 -7.70022e-5 0.0003470738 0.0 0.0
-9.41139e-5 -7.70022e-5 0.0010875404 0.0 0.0
-9.33361e-5 -7.70022e-5 0.0008028849 0.0 0.0
-9.25583e-5 -7.70022e-5 0.0006288078 0.0 0.0
-9.17805e-5 -7.70022e-5 0.0003096447 0.0 0.0
-9.10027e-5 -7.70022e-5 0.000210885 0.0 0.0
-9.02249e-5 -7.70022e-5 0.0006719368 0.0 0.0
-8.94471e-5 -7.70022e-5 0.0008735205 0.0 0.0
-8.86693e-5 -7.70022e-5 0.0005748527 0.0 0.0
-8.78915e-5 -7.70022e-5 0.000363659 0.0 0.0
-8.71137e-5 -7.70022e-5 0.0006958064 0.0 0.0
-8.63359e-5 -7.70022e-5 0.0005771401 0.0 0.0
-8.55581e-5 -7.70022e-5 0.0011167748 0.0 0.0
-8.47803e-5 -7.70022e-5 0.0008321981 0.0 0.0
-8.40025e-5 -7.70022e-5 0.002840258 0.0 0.0
-8.32246e-5 -7.70022e-5 0.0034854627 0.0 0.0
-8.24468e-5 -7.70022e-5 0.0034619338 0.0 0.0
-8.1669e-5 -7.70022e-5 0.0035071085 0.0 0.0
-8.08912e-5 -7.70022e-5 0.0036632842 0.0 0.0
-8.01134e-5 -7.70022e-5 0.0019788654 0.0 0.0
-7.93356e-5 -7.70022e-5 0.0025091656 0.0 0.0
-7.85578e-5 -7.70022e-5 0.0018644609 0.0 0.0
-7.778e-5 -7.70022e-5 0.0010790033 0.0 0.0
-7.70022e-5 -7.70022e-5 0.0007973464 0.0 0.0
-7.62244e-5 -7.70022e-5 0.001379375 0.0 0.0
-7.54466e-5 -7.70022e-5 0.0011053264 0.0 0.0
-7.46688e-5 -7.70022e-5 0.0008567463 0.0 0.0
-7.3891e-5 -7.70022e-5 0.0006583562 0.0 0.0
-7.31132e-5 -7.70022e-5 0.0004719081 0.0 0.0
-7.23354e-5 -7.70022e-5 0.0003894688 0.0 0.0
-7.15576e-5 -7.70022e-5 0.0007743762 0.0 0.0
-7.07798e-5 -7.70022e-5 0.0006440739 0.0 0.0
-7.0002e-5 -7.70022e-5 0.0004865088 0.0 0.0
-6.92242e-5 -7.70022e-5 0.0003936239 0.0 0.0
-6.84464e-5 -7.70022e-5 0.0007615533 0.0 0.0
-6.76686e-5 -7.70022e-5 0.0005944428 0.0 0.0
-6.68908e-5 -7.70022e-5 0.0004617669 0.0 0.0
-6.6113e-5 -7.70022e-5 0.0004085048 0.0 0.0
-6.53352e-5 -7.70022e-5 0.0007169005 0.0 0.0
-6.45574e-5 -7.70022e-5 0.0006568139 0.0 0.0
-6.37796e-5 -7.70022e-5 0.0010852618 0.0 0.0
-6.30018e-5 -7.70022e-5 0.0009728891 0.0 0.0
-6.2224e-5 -7.70022e-5 0.0016088503 0.0 0.0
-6.14462e-5 -7.70022e-5 0.0017661743 0.0 0.0
-6.06684e-5 -7.70022e-5 0.0016689952 0.0 0.0
-5.98906e-5 -7.70022e-5 0.0016677033 0.0 0.0
-5.91128e-5 -7.70022e-5 0.0014465898 0.0 0.0
-5.8335e-5 -7.70022e-5 0.0012583793 0.0 0.0
-5.75572e-5 -7.70022e-5 0.0009419664 0.0 0.0
-5.67794e-5 -7.70022e-5 0.0011311867 0.0 0.0
-5.60016e-5 -7.70022e-5 0.000615878 0.0 0.0
-5.52238e-5 -7.70022e-5 0.0006779008 0.0 0.0
-5.4446e-5 -7.70022e-5 0.0004102302 0.0 0.0
-5.36682e-5 -7.70022e-5 0.0003659492 0.0 0.0
-5.28904e-5 -7.70022e-5 0.0003877822 0.0 0.0
-5.21126e-5 -7.70022e-5 0.0003363619 0.0 0.0
-5.13348e-5 -7.70022e-5 0.0003914741 0.0 0.0
-5.0557e-5 -7.70022e-5 0.0006060836 0.0 0.0
-4.97792e-5 -7.70022e-5 0.0005983722 0.0 0.0
-4.90014e-5 -7.70022e-5 0.0008650171 0.0 0.0
-4.82236e-5 -7.70022e-5 0.0008329986 0.0 0.0
-4.74458e-5 -7.70022e-5 0.00099112 0.0 0.0
-4.6668e-5 -7.70022e-5 0.0008519492 0.0 0.0
-4.58902e-5 -7.70022e-5 0.0744538848 0.0 0.0
-4.51124e-5 -7.70022e-5 0.05638713 0.0 0.0
-4.43346e-5 -7.70022e-5 0.0480355922 0.0 0.0
-4.35568e-5 -7.70022e-5 0.0413866311 0.0 0.0
-4.2779e-5 -7.70022e-5 0.0235148736 0.0 0.0
-4.20012e-5 -7.70022e-5 0.0420752261 0.0 0.0
-4.12234e-5 -7.70022e-5 0.050027061 0.0 0.0
-4.04456e-5 -7.70022e-5 0.029040506 0.0 0.0
-3.96678e-5 -7.70022e-5 0.0201284497 0.0 0.0
-3.889e-5 -7.70022e-5 0.0157585337 0.0 0.0
-3.81122e-5 -7.70022e-5 0.0216926784 0.0 0.0
-3.73344e-5 -7.70022e-5 0.022949886 0.0 0.0
-3.65566e-5 -7.70022e-5 0.0189034749 0.0 0.0
-3.57788e-5 -7.70022e-5 0.0141860665 0.0 0.0
-3.5001e-5 -7.70022e-5 0.0114273538 0.0 0.0
-3.42232e-5 -7.70022e-5 0.0069613381 0.0 0.0
-3.34454e-5 -7.70022e-5 0.003858676 0.0 0.0
-3.26676e-5 -7.70022e-5 0.0038123793 0.0 0.0
-3.18898e-5 -7.70022e-5 0.0025095223 0.0 0.0
-3.1112e-5 -7.70022e-5 0.0022305305 0.0 0.0
-3.03342e-5 -7.70022e-5 0.0017407486 0.0 0.0
-2.95564e-5 -7.70022e-5 0.0016860275 0.0 0.0
-2.87786e-5 -7.70022e-5 0.0014359272 0.0 0.0
-2.80008e-5 -7.70022e-5 0.0013564543 0.0 0.0
-2.7223e-5 -7.70022e-5 0.0012186887 0.0 0.0
-2.64452e-5 -7.70022e-5 0.0013625513 0.0 0.0
-2.56674e-5 -7.70022e-5 0.0021592953 0.0 0.0
-2.48896e-5 -7.70022e-5 0.0020005948 0.0 0.0
-2.41118e-5 -7.70022e-5 0.0020590382 0.0 0.0
-2.3334e-5 -7.70022e-5 0.0029702851 0.0 0.0
-2.25562e-5 -7.70022e-5 0.0026142993 0.0 0.0
-2.17784e-5 -7.70022e-5 0.0028864101 0.0 0.0
-2.10006e-5 -7.70022e-5 0.0019996799 0.0 0.0
-2.02228e-5 -7.70022e-5 0.0017705161 0.0 0.0
-1.9445e-5 -7.70022e-5 0.0011398105 0.0 0.0
-1.86672e-5 -7.70022e-5 0.0013780282 0.0 0.0
-1.78894e-5 -7.70022e-5 0.0002098269 0.0 0.0
-1.71116e-5 -7.70022e-5 0.0001788156 0.0 0.0
-1.63338e-5 -7.70022e-5 0.0001561446 0.0 0.0
-1.5556e-5 -7.70022e-5 0.0002213484 0.0 0.0
-1.47782e-5 -7.70022e-5 0.0002715943 0.0 0.0
-1.40004e-5 -7.70022e-5 0.0002661751 0.0 0.0
-1.32226e-5 -7.70022e-5 0.0002257668 0.0 0.0
-1.24448e-5 -7.70022e-5 0.0002043565 0.0 0.0
-1.1667e-5 -7.70022e-5 0.0002086895 0.0 0.0
-1.08892e-5 -7.70022e-5 0.0002471522 0.0 0.0
-1.01114e-5 -7.70022e-5 0.0002483245 0.0 0.0
-9.3336e-6 -7.70022e-5 0.0002725383 0.0 0.0
-8.5558e-6 -7.70022e-5 0.0003051848 0.0 0.0
-7.778e-6 -7.70022e-5 0.0003544237 0.0 0.0
-7.0002e-6 -7.70022e-5 0.0004157331 0.0 0.0
-6.2224e-6 -7.70022e-5 0.0004049043 0.0 0.0
-5.4446e-6 -7.70022e-5 0.0004773106 0.0 0.0
-4.6668e-6 -7.70022e-5 0.0005487747 0.0 0.0
-3.889e-6 -7.70022e-5 0.0006149807 0.0 0.0
-3.1112e-6 -7.70022e-5 0.0006444822 0.0 0.0
-2.3334e-6 -7.70022e-5 0.0008318683 0.0 0.0
-1.5556e-6 -7.70022e-5 0.0007246281 0.0 0.0
-7.778e-7 -7.70022e-5 0.0006084757 0.0 0.0
0.0 -7.70022e-5 0.0006439916 0.0 0.0
7.778e-7 -7.70022e-5 0.000622752 0.0 0.0
1.5556e-6 -7.70022e-5 0.000550899 0.0 0.0
2.3334e-6 -7.70022e-5 0.0004301153 0.0 0.0
3.1112e-6 -7.70022e-5 0.0003516813 0.0 0.0
3.889e-6 -7.70022e-5 0.0002596678 0.0 0.0
4.6668e-6 -7.70022e-5 0.0002145249 0.0 0.0
5.4446e-6 -7.70022e-5 0.0001559544 0.0 0.0
6.2224e-6 -7.70022e-5 8.88214e-5 0.0 0.0
7.0002e-6 -7.70022e-5 0.0001181899 0.0 0.0
7.778e-6 -7.70022e-5 7.13639e-5 0.0 0.0
8.5558e-6 -7.70022e-5 0.0001587907 0.0 0.0
9.3336e-6 -7.70022e-5 6.49643e-5 0.0 0.0
1.01114e-5 -7.70022e-5 1.93743e-5 0.0 0.0
1.08892e-5 -7.70022e-5 8.7111e-6 0.0 0.0
1.1667e-5 -7.70022e-5 3.8114e-6 0.0 0.0
1.24448e-5 -7.70022e-5 3.8849e-6 0.0 0.0
1.32226e-5 -7.70022e-5 2.0898e-6 0.0 0.0
1.40004e-5 -7.70022e-5 7.317e-7 0.0 0.0
1.47782e-5 -7.70022e-5 1.457e-7 0.0 0.0
1.5556e-5 -7.70022e-5 2.14e-8 0.0 0.0
1.63338e-5 -7.70022e-5 4.4e-9 0.0 0.0
1.71116e-5 -7.70022e-5 1.5e-9 0.0 0.0
1.78894e-5 -7.70022e-5 8.0e-10 0.0 0.0
1.86672e-5 -7.70022e-5 3.9e-9 0.0 0.0
-9.72251e-5 -7.62244e-5 0.0009668528 0.0 0.0
-9.64473e-5 -7.62244e-5 0.0005939661 0.0 0.0
-9.56695e-5 -7.62244e-5 0.0004498017 0.0 0.0
-9.48917e-5 -7.62244e-5 0.0011805806 0.0 0.0
-9.41139e-5 -7.62244e-5 0.0007706987 0.0 0.0
-9.33361e-5 -7.62244e-5 0.0007075941 0.0 0.0
-9.25583e-5 -7.62244e-5 0.0005844898 0.0 0.0
-9.17805e-5 -7.62244e-5 0.0003812427 0.0 0.0
-9.10027e-5 -7.62244e-5 0.0011309748 0.0 0.0
-9.02249e-5 -7.62244e-5 0.0002078604 0.0 0.0
-8.94471e-5 -7.62244e-5 0.0006413658 0.0 0.0
-8.86693e-5 -7.62244e-5 0.0004330465 0.0 0.0
-8.78915e-5 -7.62244e-5 0.0003240229 0.0 0.0
-8.71137e-5 -7.62244e-5 0.0005494897 0.0 0.0
-8.63359e-5 -7.62244e-5 0.0005164931 0.0 0.0
-8.55581e-5 -7.62244e-5 0.0033185482 0.0 0.0
-8.47803e-5 -7.62244e-5 0.0054160545 0.0 0.0
-8.40025e-5 -7.62244e-5 0.0049200101 0.0 0.0
-8.32246e-5 -7.62244e-5 0.0030188195 0.0 0.0
-8.24468e-5 -7.62244e-5 0.0029017099 0.0 0.0
-8.1669e-5 -7.62244e-5 0.0032426718 0.0 0.0
-8.08912e-5 -7.62244e-5 0.0016082947 0.0 0.0
-8.01134e-5 -7.62244e-5 0.0024113081 0.0 0.0
-7.93356e-5 -7.62244e-5 0.0015736274 0.0 0.0
-7.85578e-5 -7.62244e-5 0.0008902898 0.0 0.0
-7.778e-5 -7.62244e-5 0.000678018 0.0 0.0
-7.70022e-5 -7.62244e-5 0.0005177222 0.0 0.0
-7.62244e-5 -7.62244e-5 0.0003904474 0.0 0.0
-7.54466e-5 -7.62244e-5 0.0002516154 0.0 0.0
-7.46688e-5 -7.62244e-5 0.0005738834 0.0 0.0
-7.3891e-5 -7.62244e-5 0.0005138026 0.0 0.0
-7.31132e-5 -7.62244e-5 0.000321346 0.0 0.0
-7.23354e-5 -7.62244e-5 0.0006883399 0.0 0.0
-7.15576e-5 -7.62244e-5 0.0005690779 0.0 0.0
-7.07798e-5 -7.62244e-5 0.0003537461 0.0 0.0
-7.0002e-5 -7.62244e-5 0.0003104849 0.0 0.0
-6.92242e-5 -7.62244e-5 0.0006554606 0.0 0.0
-6.84464e-5 -7.62244e-5 0.0005011631 0.0 0.0
-6.76686e-5 -7.62244e-5 0.0009253591 0.0 0.0
-6.68908e-5 -7.62244e-5 0.0007406397 0.0 0.0
-6.6113e-5 -7.62244e-5 0.0006488833 0.0 0.0
-6.53352e-5 -7.62244e-5 0.0010971299 0.0 0.0
-6.45574e-5 -7.62244e-5 0.0009563365 0.0 0.0
-6.37796e-5 -7.62244e-5 0.0014393805 0.0 0.0
-6.30018e-5 -7.62244e-5 0.0015162249 0.0 0.0
-6.2224e-5 -7.62244e-5 0.0021777682 0.0 0.0
-6.14462e-5 -7.62244e-5 0.0019771521 0.0 0.0
-6.06684e-5 -7.62244e-5 0.0019749616 0.0 0.0
-5.98906e-5 -7.62244e-5 0.0029144998 0.0 0.0
-5.91128e-5 -7.62244e-5 0.0029364947 0.0 0.0
-5.8335e-5 -7.62244e-5 0.0029493321 0.0 0.0
-5.75572e-5 -7.62244e-5 0.0025168029 0.0 0.0
-5.67794e-5 -7.62244e-5 0.0011083959 0.0 0.0
-5.60016e-5 -7.62244e-5 0.0018227831 0.0 0.0
-5.52238e-5 -7.62244e-5 0.0013858294 0.0 0.0
-5.4446e-5 -7.62244e-5 0.0010789745 0.0 0.0
-5.36682e-5 -7.62244e-5 0.0012367518 0.0 0.0
-5.28904e-5 -7.62244e-5 0.0010075129 0.0 0.0
-5.21126e-5 -7.62244e-5 0.0011959355 0.0 0.0
-5.13348e-5 -7.62244e-5 0.0013669391 0.0 0.0
-5.0557e-5 -7.62244e-5 0.0013927747 0.0 0.0
-4.97792e-5 -7.62244e-5 0.0011013514 0.0 0.0
-4.90014e-5 -7.62244e-5 0.001482673 0.0 0.0
-4.82236e-5 -7.62244e-5 0.0009500872 0.0 0.0
-4.74458e-5 -7.62244e-5 0.0011979028 0.0 0.0
-4.6668e-5 -7.62244e-5 0.001356116 0.0 0.0
-4.58902e-5 -7.62244e-5 0.0012838363 0.0 0.0
-4.51124e-5 -7.62244e-5 0.041842942 0.0 0.0
-4.43346e-5 -7.62244e-5 0.0707544629 0.0 0.0
-4.35568e-5 -7.62244e-5 0.0567243181 0.0 0.0
-4.2779e-5 -7.62244e-5 0.0358565366 0.0 0.0
-4.20012e-5 -7.62244e-5 0.0334123771 0.0 0.0
-4.12234e-5 -7.62244e-5 0.0321141547 0.0 0.0
-4.04456e-5 -7.62244e-5 0.0655874811 0.0 0.0
-3.96678e-5 -7.62244e-5 0.045325197 0.0 0.0
-3.889e-5 -7.62244e-5 0.0262916736 0.0 0.0
-3.81122e-5 -7.62244e-5 0.0193207161 0.0 0.0
-3.73344e-5 -7.62244e-5 0.0190456785 0.0 0.0
-3.65566e-5 -7.62244e-5 0.0260453741 0.0 0.0
-3.57788e-5 -7.62244e-5 0.0241935416 0.0 0.0
-3.5001e-5 -7.62244e-5 0.0187571265 0.0 0.0
-3.42232e-5 -7.62244e-5 0.0120581145 0.0 0.0
-3.34454e-5 -7.62244e-5 0.0068612485 0.0 0.0
-3.26676e-5 -7.62244e-5 0.0059897809 0.0 0.0
-3.18898e-5 -7.62244e-5 0.0034169256 0.0 0.0
-3.1112e-5 -7.62244e-5 0.0026753325 0.0 0.0
-3.03342e-5 -7.62244e-5 0.0018070968 0.0 0.0
-2.95564e-5 -7.62244e-5 0.0018922499 0.0 0.0
-2.87786e-5 -7.62244e-5 0.001413941 0.0 0.0
-2.80008e-5 -7.62244e-5 0.0011668145 0.0 0.0
-2.7223e-5 -7.62244e-5 0.0012521012 0.0 0.0
-2.64452e-5 -7.62244e-5 0.0011924519 0.0 0.0
-2.56674e-5 -7.62244e-5 0.0018277168 0.0 0.0
-2.48896e-5 -7.62244e-5 0.0016451295 0.0 0.0
-2.41118e-5 -7.62244e-5 0.0016348754 0.0 0.0
-2.3334e-5 -7.62244e-5 0.0025962881 0.0 0.0
-2.25562e-5 -7.62244e-5 0.0023961304 0.0 0.0
-2.17784e-5 -7.62244e-5 0.0032482256 0.0 0.0
-2.10006e-5 -7.62244e-5 0.002358766 0.0 0.0
-2.02228e-5 -7.62244e-5 0.0024747451 0.0 0.0
-1.9445e-5 -7.62244e-5 0.0019418393 0.0 0.0
-1.86672e-5 -7.62244e-5 0.0018138911 0.0 0.0
-1.78894e-5 -7.62244e-5 0.0006311571 0.0 0.0
-1.71116e-5 -7.62244e-5 0.0001271294 0.0 0.0
-1.63338e-5 -7.62244e-5 0.0001045294 0.0 0.0
-1.5556e-5 -7.62244e-5 0.0001947005 0.0 0.0
-1.47782e-5 -7.62244e-5 0.0002599636 0.0 0.0
-1.40004e-5 -7.62244e-5 0.0002276399 0.0 0.0
-1.32226e-5 -7.62244e-5 0.0002693163 0.0 0.0
-1.24448e-5 -7.62244e-5 0.0002616492 0.0 0.0
-1.1667e-5 -7.62244e-5 0.0002286969 0.0 0.0
-1.08892e-5 -7.62244e-5 0.0002112593 0.0 0.0
-1.01114e-5 -7.62244e-5 0.0002229355 0.0 0.0
-9.3336e-6 -7.62244e-5 0.0002371425 0.0 0.0
-8.5558e-6 -7.62244e-5 0.0002764967 0.0 0.0
-7.778e-6 -7.62244e-5 0.0002743535 0.0 0.0
-7.0002e-6 -7.62244e-5 0.0003209362 0.0 0.0
-6.2224e-6 -7.62244e-5 0.0003846901 0.0 0.0
-5.4446e-6 -7.62244e-5 0.0003854378 0.0 0.0
-4.6668e-6 -7.62244e-5 0.0004465333 0.0 0.0
-3.889e-6 -7.62244e-5 0.0005252131 0.0 0.0
-3.1112e-6 -7.62244e-5 0.0005868522 0.0 0.0
-2.3334e-6 -7.62244e-5 0.0005814603 0.0 0.0
-1.5556e-6 -7.62244e-5 0.000520714 0.0 0.0
-7.778e-7 -7.62244e-5 0.0006843721 0.0 0.0
0.0 -7.62244e-5 0.0005764619 0.0 0.0
7.778e-7 -7.62244e-5 0.000638961 0.0 0.0
1.5556e-6 -7.62244e-5 0.0006095438 0.0 0.0
2.3334e-6 -7.62244e-5 0.0005370715 0.0 0.0
3.1112e-6 -7.62244e-5 0.0004471684 0.0 0.0
3.889e-6 -7.62244e-5 0.0003465926 0.0 0.0
4.6668e-6 -7.62244e-5 0.0002626307 0.0 0.0
5.4446e-6 -7.62244e-5 0.0002225802 0.0 0.0
6.2224e-6 -7.62244e-5 0.0001566236 0.0 0.0
7.0002e-6 -7.62244e-5 8.51086e-5 0.0 0.0
7.778e-6 -7.62244e-5 0.0001177884 0.0 0.0
8.5558e-6 -7.62244e-5 8.37465e-5 0.0 0.0
9.3336e-6 -7.62244e-5 0.0001653103 0.0 0.0
1.01114e-5 -7.62244e-5 9.24589e-5 0.0 0.0
1.08892e-5 -7.62244e-5 3.61527e-5 0.0 0.0
1.1667e-5 -7.62244e-5 9.3032e-6 0.0 0.0
1.24448e-5 -7.62244e-5 2.6188e-6 0.0 0.0
1.32226e-5 -7.62244e-5 1.3474e-6 0.0 0.0
1.40004e-5 -7.62244e-5 3.513e-6 0.0 0.0
1.47782e-5 -7.62244e-5 1.795e-6 0.0 0.0
1.5556e-5 -7.62244e-5 4.121e-7 0.0 0.0
1.63338e-5 -7.62244e-5 7.42e-8 0.0 0.0
1.71116e-5 -7.62244e-5 7.8e-9 0.0 0.0
1.78894e-5 -7.62244e-5 1.24e-8 0.0 0.0
1.86672e-5 -7.62244e-5 1.38e-8 0.0 0.0
-9.72251e-5 -7.54466e-5 0.0006566188 0.0 0.0
-9.64473e-5 -7.54466e-5 0.0004105413 0.0 0.0
-9.56695e-5 -7.54466e-5 0.0002768913 0.0 0.0
-9.48917e-5 -7.54466e-5 0.0008993199 0.0 0.0
-9.41139e-5 -7.54466e-5 0.0008449114 0.0 0.0
-9.33361e-5 -7.54466e-5 0.0005992059 0.0 0.0
-9.25583e-5 -7.54466e-5 0.0005960546 0.0 0.0
-9.17805e-5 -7.54466e-5 0.0003815581 0.0 0.0
-9.10027e-5 -7.54466e-5 0.0002994369 0.0 0.0
-9.02249e-5 -7.54466e-5 0.0002605411 0.0 0.0
-8.94471e-5 -7.54466e-5 0.0006548697 0.0 0.0
-8.86693e-5 -7.54466e-5 0.0004521404 0.0 0.0
-8.78915e-5 -7.54466e-5 0.0002222981 0.0 0.0
-8.71137e-5 -7.54466e-5 0.0028675609 0.0 0.0
-8.63359e-5 -7.54466e-5 0.0039782395 0.0 0.0
-8.55581e-5 -7.54466e-5 0.0034164789 0.0 0.0
-8.47803e-5 -7.54466e-5 0.0029240365 0.0 0.0
-8.40025e-5 -7.54466e-5 0.0022084606 0.0 0.0
-8.32246e-5 -7.54466e-5 0.0024906696 0.0 0.0
-8.24468e-5 -7.54466e-5 0.00120768 0.0 0.0
-8.1669e-5 -7.54466e-5 0.0005953637 0.0 0.0
-8.08912e-5 -7.54466e-5 0.0009955013 0.0 0.0
-8.01134e-5 -7.54466e-5 0.0005966139 0.0 0.0
-7.93356e-5 -7.54466e-5 0.0003228588 0.0 0.0
-7.85578e-5 -7.54466e-5 0.0007744932 0.0 0.0
-7.778e-5 -7.54466e-5 0.0001900591 0.0 0.0
-7.70022e-5 -7.54466e-5 0.0004940489 0.0 0.0
-7.62244e-5 -7.54466e-5 0.0002211631 0.0 0.0
-7.54466e-5 -7.54466e-5 0.0002192418 0.0 0.0
-7.46688e-5 -7.54466e-5 0.0004608698 0.0 0.0
-7.3891e-5 -7.54466e-5 0.0003720502 0.0 0.0
-7.31132e-5 -7.54466e-5 0.0002640537 0.0 0.0
-7.23354e-5 -7.54466e-5 0.0006869046 0.0 0.0
-7.15576e-5 -7.54466e-5 0.000459708 0.0 0.0
-7.07798e-5 -7.54466e-5 0.0003682785 0.0 0.0
-7.0002e-5 -7.54466e-5 0.0006925422 0.0 0.0
-6.92242e-5 -7.54466e-5 0.0006846625 0.0 0.0
-6.84464e-5 -7.54466e-5 0.0012984453 0.0 0.0
-6.76686e-5 -7.54466e-5 0.0011028051 0.0 0.0
-6.68908e-5 -7.54466e-5 0.0009971045 0.0 0.0
-6.6113e-5 -7.54466e-5 0.0014439846 0.0 0.0
-6.53352e-5 -7.54466e-5 0.0013490771 0.0 0.0
-6.45574e-5 -7.54466e-5 0.0021469017 0.0 0.0
-6.37796e-5 -7.54466e-5 0.0019884895 0.0 0.0
-6.30018e-5 -7.54466e-5 0.0029871391 0.0 0.0
-6.2224e-5 -7.54466e-5 0.0021771506 0.0 0.0
-6.14462e-5 -7.54466e-5 0.0034903054 0.0 0.0
-6.06684e-5 -7.54466e-5 0.0027945247 0.0 0.0
-5.98906e-5 -7.54466e-5 0.0036426996 0.0 0.0
-5.91128e-5 -7.54466e-5 0.003414044 0.0 0.0
-5.8335e-5 -7.54466e-5 0.0029797559 0.0 0.0
-5.75572e-5 -7.54466e-5 0.0043883289 0.0 0.0
-5.67794e-5 -7.54466e-5 0.004508502 0.0 0.0
-5.60016e-5 -7.54466e-5 0.0047083475 0.0 0.0
-5.52238e-5 -7.54466e-5 0.0023842209 0.0 0.0
-5.4446e-5 -7.54466e-5 0.0021136349 0.0 0.0
-5.36682e-5 -7.54466e-5 0.0020636684 0.0 0.0
-5.28904e-5 -7.54466e-5 0.0029559624 0.0 0.0
-5.21126e-5 -7.54466e-5 0.0024036546 0.0 0.0
-5.13348e-5 -7.54466e-5 0.002669169 0.0 0.0
-5.0557e-5 -7.54466e-5 0.0023858913 0.0 0.0
-4.97792e-5 -7.54466e-5 0.0013855094 0.0 0.0
-4.90014e-5 -7.54466e-5 0.0017522868 0.0 0.0
-4.82236e-5 -7.54466e-5 0.0017618217 0.0 0.0
-4.74458e-5 -7.54466e-5 0.0018940561 0.0 0.0
-4.6668e-5 -7.54466e-5 0.0018251771 0.0 0.0
-4.58902e-5 -7.54466e-5 0.0010864214 0.0 0.0
-4.51124e-5 -7.54466e-5 0.0013673197 0.0 0.0
-4.43346e-5 -7.54466e-5 0.0137752566 0.0 0.0
-4.35568e-5 -7.54466e-5 0.0685042975 0.0 0.0
-4.2779e-5 -7.54466e-5 0.0540583686 0.0 0.0
-4.20012e-5 -7.54466e-5 0.0403001795 0.0 0.0
-4.12234e-5 -7.54466e-5 0.0365414044 0.0 0.0
-4.04456e-5 -7.54466e-5 0.0322773623 0.0 0.0
-3.96678e-5 -7.54466e-5 0.0429157814 0.0 0.0
-3.889e-5 -7.54466e-5 0.0701384973 0.0 0.0
-3.81122e-5 -7.54466e-5 0.0370249012 0.0 0.0
-3.73344e-5 -7.54466e-5 0.0231641796 0.0 0.0
-3.65566e-5 -7.54466e-5 0.0170168136 0.0 0.0
-3.57788e-5 -7.54466e-5 0.027444935 0.0 0.0
-3.5001e-5 -7.54466e-5 0.0223168469 0.0 0.0
-3.42232e-5 -7.54466e-5 0.0164747117 0.0 0.0
-3.34454e-5 -7.54466e-5 0.0128198026 0.0 0.0
-3.26676e-5 -7.54466e-5 0.0101292701 0.0 0.0
-3.18898e-5 -7.54466e-5 0.0056018754 0.0 0.0
-3.1112e-5 -7.54466e-5 0.0044817328 0.0 0.0
-3.03342e-5 -7.54466e-5 0.0034637461 0.0 0.0
-2.95564e-5 -7.54466e-5 0.0025440459 0.0 0.0
-2.87786e-5 -7.54466e-5 0.0024339325 0.0 0.0
-2.80008e-5 -7.54466e-5 0.0016994939 0.0 0.0
-2.7223e-5 -7.54466e-5 0.001910515 0.0 0.0
-2.64452e-5 -7.54466e-5 0.0016403988 0.0 0.0
-2.56674e-5 -7.54466e-5 0.0016384955 0.0 0.0
-2.48896e-5 -7.54466e-5 0.0014368524 0.0 0.0
-2.41118e-5 -7.54466e-5 0.0024068648 0.0 0.0
-2.3334e-5 -7.54466e-5 0.0023045497 0.0 0.0
-2.25562e-5 -7.54466e-5 0.0021774092 0.0 0.0
-2.17784e-5 -7.54466e-5 0.0032129881 0.0 0.0
-2.10006e-5 -7.54466e-5 0.0025343277 0.0 0.0
-2.02228e-5 -7.54466e-5 0.0027338907 0.0 0.0
-1.9445e-5 -7.54466e-5 0.0015488859 0.0 0.0
-1.86672e-5 -7.54466e-5 0.0018663987 0.0 0.0
-1.78894e-5 -7.54466e-5 0.0016957773 0.0 0.0
-1.71116e-5 -7.54466e-5 0.0001863092 0.0 0.0
-1.63338e-5 -7.54466e-5 0.000126933 0.0 0.0
-1.5556e-5 -7.54466e-5 0.000118367 0.0 0.0
-1.47782e-5 -7.54466e-5 0.0001924409 0.0 0.0
-1.40004e-5 -7.54466e-5 0.0001797558 0.0 0.0
-1.32226e-5 -7.54466e-5 0.0002489586 0.0 0.0
-1.24448e-5 -7.54466e-5 0.0002368518 0.0 0.0
-1.1667e-5 -7.54466e-5 0.0002706843 0.0 0.0
-1.08892e-5 -7.54466e-5 0.0002516089 0.0 0.0
-1.01114e-5 -7.54466e-5 0.0002463928 0.0 0.0
-9.3336e-6 -7.54466e-5 0.0002316765 0.0 0.0
-8.5558e-6 -7.54466e-5 0.0002259083 0.0 0.0
-7.778e-6 -7.54466e-5 0.00022913 0.0 0.0
-7.0002e-6 -7.54466e-5 0.0002510392 0.0 0.0
-6.2224e-6 -7.54466e-5 0.0002944043 0.0 0.0
-5.4446e-6 -7.54466e-5 0.0003553247 0.0 0.0
-4.6668e-6 -7.54466e-5 0.0003642976 0.0 0.0
-3.889e-6 -7.54466e-5 0.0004336954 0.0 0.0
-3.1112e-6 -7.54466e-5 0.0005106202 0.0 0.0
-2.3334e-6 -7.54466e-5 0.000550112 0.0 0.0
-1.5556e-6 -7.54466e-5 0.0005589345 0.0 0.0
-7.778e-7 -7.54466e-5 0.0005061135 0.0 0.0
0.0 -7.54466e-5 0.0006679465 0.0 0.0
7.778e-7 -7.54466e-5 0.0005613261 0.0 0.0
1.5556e-6 -7.54466e-5 0.0006141251 0.0 0.0
2.3334e-6 -7.54466e-5 0.0005911678 0.0 0.0
3.1112e-6 -7.54466e-5 0.0004910713 0.0 0.0
3.889e-6 -7.54466e-5 0.0004374251 0.0 0.0
4.6668e-6 -7.54466e-5 0.0003322013 0.0 0.0
5.4446e-6 -7.54466e-5 0.0002622507 0.0 0.0
6.2224e-6 -7.54466e-5 0.0002077473 0.0 0.0
7.0002e-6 -7.54466e-5 0.000130499 0.0 0.0
7.778e-6 -7.54466e-5 8.93449e-5 0.0 0.0
8.5558e-6 -7.54466e-5 6.24983e-5 0.0 0.0
9.3336e-6 -7.54466e-5 9.40212e-5 0.0 0.0
1.01114e-5 -7.54466e-5 0.0001227827 0.0 0.0
1.08892e-5 -7.54466e-5 0.0001062895 0.0 0.0
1.1667e-5 -7.54466e-5 5.31845e-5 0.0 0.0
1.24448e-5 -7.54466e-5 1.00285e-5 0.0 0.0
1.32226e-5 -7.54466e-5 4.5751e-6 0.0 0.0
1.40004e-5 -7.54466e-5 1.9522e-6 0.0 0.0
1.47782e-5 -7.54466e-5 4.4327e-6 0.0 0.0
1.5556e-5 -7.54466e-5 2.8388e-6 0.0 0.0
1.63338e-5 -7.54466e-5 1.2964e-6 0.0 0.0
1.71116e-5 -7.54466e-5 2.082e-7 0.0 0.0
1.78894e-5 -7.54466e-5 4.77e-8 0.0 0.0
1.86672e-5 -7.54466e-5 1.08e-8 0.0 0.0
-9.72251e-5 -7.46688e-5 0.0005913038 0.0 0.0
-9.64473e-5 -7.46688e-5 0.0003511901 0.0 0.0
-9.56695e-5 -7.46688e-5 0.0002353286 0.0 0.0
-9.48917e-5 -7.46688e-5 0.0009828029 0.0 0.0
-9.41139e-5 -7.46688e-5 0.0007343323 0.0 0.0
-9.33361e-5 -7.46688e-5 0.0006695547 0.0 0.0
-9.25583e-5 -7.46688e-5 0.0005717455 0.0 0.0
-9.17805e-5 -7.46688e-5 0.0004089159 0.0 0.0
-9.10027e-5 -7.46688e-5 0.0003274201 0.0 0.0
-9.02249e-5 -7.46688e-5 0.0001543477 0.0 0.0
-8.94471e-5 -7.46688e-5 0.0005861667 0.0 0.0
-8.86693e-5 -7.46688e-5 0.0002687279 0.0 0.0
-8.78915e-5 -7.46688e-5 0.0038438202 0.0 0.0
-8.71137e-5 -7.46688e-5 0.0043154402 0.0 0.0
-8.63359e-5 -7.46688e-5 0.0032070331 0.0 0.0
-8.55581e-5 -7.46688e-5 0.0028422782 0.0 0.0
-8.47803e-5 -7.46688e-5 0.0011219539 0.0 0.0
-8.40025e-5 -7.46688e-5 0.0015038741 0.0 0.0
-8.32246e-5 -7.46688e-5 0.0004133855 0.0 0.0
-8.24468e-5 -7.46688e-5 0.0011676356 0.0 0.0
-8.1669e-5 -7.46688e-5 0.0005227478 0.0 0.0
-8.08912e-5 -7.46688e-5 0.0002164482 0.0 0.0
-8.01134e-5 -7.46688e-5 0.0001282502 0.0 0.0
-7.93356e-5 -7.46688e-5 0.0005622549 0.0 0.0
-7.85578e-5 -7.46688e-5 0.000334245 0.0 0.0
-7.778e-5 -7.46688e-5 0.0001691584 0.0 0.0
-7.70022e-5 -7.46688e-5 0.0001107278 0.0 0.0
-7.62244e-5 -7.46688e-5 0.0003817901 0.0 0.0
-7.54466e-5 -7.46688e-5 0.0002305545 0.0 0.0
-7.46688e-5 -7.46688e-5 0.0001949918 0.0 0.0
-7.3891e-5 -7.46688e-5 0.0004398762 0.0 0.0
-7.31132e-5 -7.46688e-5 0.0004272945 0.0 0.0
-7.23354e-5 -7.46688e-5 0.0011409482 0.0 0.0
-7.15576e-5 -7.46688e-5 0.0008237644 0.0 0.0
-7.07798e-5 -7.46688e-5 0.0007626684 0.0 0.0
-7.0002e-5 -7.46688e-5 0.0015352427 0.0 0.0
-6.92242e-5 -7.46688e-5 0.0015042703 0.0 0.0
-6.84464e-5 -7.46688e-5 0.0013149266 0.0 0.0
-6.76686e-5 -7.46688e-5 0.0023660265 0.0 0.0
-6.68908e-5 -7.46688e-5 0.0021397876 0.0 0.0
-6.6113e-5 -7.46688e-5 0.0021052013 0.0 0.0
-6.53352e-5 -7.46688e-5 0.0030683527 0.0 0.0
-6.45574e-5 -7.46688e-5 0.0028703525 0.0 0.0
-6.37796e-5 -7.46688e-5 0.0038819053 0.0 0.0
-6.30018e-5 -7.46688e-5 0.0034641729 0.0 0.0
-6.2224e-5 -7.46688e-5 0.004310019 0.0 0.0
-6.14462e-5 -7.46688e-5 0.0038437062 0.0 0.0
-6.06684e-5 -7.46688e-5 0.0044204561 0.0 0.0
-5.98906e-5 -7.46688e-5 0.005341305 0.0 0.0
-5.91128e-5 -7.46688e-5 0.0043393127 0.0 0.0
-5.8335e-5 -7.46688e-5 0.0057326886 0.0 0.0
-5.75572e-5 -7.46688e-5 0.0049060907 0.0 0.0
-5.67794e-5 -7.46688e-5 0.0062458067 0.0 0.0
-5.60016e-5 -7.46688e-5 0.0066730724 0.0 0.0
-5.52238e-5 -7.46688e-5 0.0065801206 0.0 0.0
-5.4446e-5 -7.46688e-5 0.0067691917 0.0 0.0
-5.36682e-5 -7.46688e-5 0.0053985171 0.0 0.0
-5.28904e-5 -7.46688e-5 0.0053658517 0.0 0.0
-5.21126e-5 -7.46688e-5 0.0039536692 0.0 0.0
-5.13348e-5 -7.46688e-5 0.0037720087 0.0 0.0
-5.0557e-5 -7.46688e-5 0.0040610471 0.0 0.0
-4.97792e-5 -7.46688e-5 0.003339214 0.0 0.0
-4.90014e-5 -7.46688e-5 0.0040434736 0.0 0.0
-4.82236e-5 -7.46688e-5 0.0024534285 0.0 0.0
-4.74458e-5 -7.46688e-5 0.0022630453 0.0 0.0
-4.6668e-5 -7.46688e-5 0.0018110634 0.0 0.0
-4.58902e-5 -7.46688e-5 0.0023201319 0.0 0.0
-4.51124e-5 -7.46688e-5 0.0025010596 0.0 0.0
-4.43346e-5 -7.46688e-5 0.0024958902 0.0 0.0
-4.35568e-5 -7.46688e-5 0.0025773509 0.0 0.0
-4.2779e-5 -7.46688e-5 0.0604274763 0.0 0.0
-4.20012e-5 -7.46688e-5 0.051080658 0.0 0.0
-4.12234e-5 -7.46688e-5 0.0437538515 0.0 0.0
-4.04456e-5 -7.46688e-5 0.0356414061 0.0 0.0
-3.96678e-5 -7.46688e-5 0.0329440039 0.0 0.0
-3.889e-5 -7.46688e-5 0.0302616516 0.0 0.0
-3.81122e-5 -7.46688e-5 0.078571877 0.0 0.0
-3.73344e-5 -7.46688e-5 0.0562499416 0.0 0.0
-3.65566e-5 -7.46688e-5 0.0313192444 0.0 0.0
-3.57788e-5 -7.46688e-5 0.0207851134 0.0 0.0
-3.5001e-5 -7.46688e-5 0.0178120978 0.0 0.0
-3.42232e-5 -7.46688e-5 0.0264666299 0.0 0.0
-3.34454e-5 -7.46688e-5 0.021624657 0.0 0.0
-3.26676e-5 -7.46688e-5 0.0156854564 0.0 0.0
-3.18898e-5 -7.46688e-5 0.0102982807 0.0 0.0
-3.1112e-5 -7.46688e-5 0.0073622763 0.0 0.0
-3.03342e-5 -7.46688e-5 0.0051841907 0.0 0.0
-2.95564e-5 -7.46688e-5 0.0033227086 0.0 0.0
-2.87786e-5 -7.46688e-5 0.0030643311 0.0 0.0
-2.80008e-5 -7.46688e-5 0.0022776749 0.0 0.0
-2.7223e-5 -7.46688e-5 0.0023098164 0.0 0.0
-2.64452e-5 -7.46688e-5 0.0016998838 0.0 0.0
-2.56674e-5 -7.46688e-5 0.0018720315 0.0 0.0
-2.48896e-5 -7.46688e-5 0.0014232955 0.0 0.0
-2.41118e-5 -7.46688e-5 0.0022472907 0.0 0.0
-2.3334e-5 -7.46688e-5 0.001956026 0.0 0.0
-2.25562e-5 -7.46688e-5 0.0020139675 0.0 0.0
-2.17784e-5 -7.46688e-5 0.0027941322 0.0 0.0
-2.10006e-5 -7.46688e-5 0.0025165557 0.0 0.0
-2.02228e-5 -7.46688e-5 0.0029079887 0.0 0.0
-1.9445e-5 -7.46688e-5 0.0019535536 0.0 0.0
-1.86672e-5 -7.46688e-5 0.0022199634 0.0 0.0
-1.78894e-5 -7.46688e-5 0.0023594299 0.0 0.0
-1.71116e-5 -7.46688e-5 0.0007338008 0.0 0.0
-1.63338e-5 -7.46688e-5 9.17408e-5 0.0 0.0
-1.5556e-5 -7.46688e-5 6.20491e-5 0.0 0.0
-1.47782e-5 -7.46688e-5 0.000140684 0.0 0.0
-1.40004e-5 -7.46688e-5 0.000140216 0.0 0.0
-1.32226e-5 -7.46688e-5 0.0001904896 0.0 0.0
-1.24448e-5 -7.46688e-5 0.0001828417 0.0 0.0
-1.1667e-5 -7.46688e-5 0.0002536475 0.0 0.0
-1.08892e-5 -7.46688e-5 0.0002448285 0.0 0.0
-1.01114e-5 -7.46688e-5 0.0002731184 0.0 0.0
-9.3336e-6 -7.46688e-5 0.0002582683 0.0 0.0
-8.5558e-6 -7.46688e-5 0.0002382041 0.0 0.0
-7.778e-6 -7.46688e-5 0.0002159203 0.0 0.0
-7.0002e-6 -7.46688e-5 0.0002106405 0.0 0.0
-6.2224e-6 -7.46688e-5 0.0002354259 0.0 0.0
-5.4446e-6 -7.46688e-5 0.0002750096 0.0 0.0
-4.6668e-6 -7.46688e-5 0.0002807769 0.0 0.0
-3.889e-6 -7.46688e-5 0.0003467842 0.0 0.0
-3.1112e-6 -7.46688e-5 0.0004259385 0.0 0.0
-2.3334e-6 -7.46688e-5 0.0004969451 0.0 0.0
-1.5556e-6 -7.46688e-5 0.0005070022 0.0 0.0
-7.778e-7 -7.46688e-5 0.0005214463 0.0 0.0
0.0 -7.46688e-5 0.0004845487 0.0 0.0
7.778e-7 -7.46688e-5 0.0006626936 0.0 0.0
1.5556e-6 -7.46688e-5 0.0005387358 0.0 0.0
2.3334e-6 -7.46688e-5 0.0005698729 0.0 0.0
3.1112e-6 -7.46688e-5 0.0005328385 0.0 0.0
3.889e-6 -7.46688e-5 0.000491252 0.0 0.0
4.6668e-6 -7.46688e-5 0.0004242144 0.0 0.0
5.4446e-6 -7.46688e-5 0.000319126 0.0 0.0
6.2224e-6 -7.46688e-5 0.0002549419 0.0 0.0
7.0002e-6 -7.46688e-5 0.0001877361 0.0 0.0
7.778e-6 -7.46688e-5 0.0001408125 0.0 0.0
8.5558e-6 -7.46688e-5 8.40648e-5 0.0 0.0
9.3336e-6 -7.46688e-5 0.0001278947 0.0 0.0
1.01114e-5 -7.46688e-5 6.74825e-5 0.0 0.0
1.08892e-5 -7.46688e-5 7.8513e-5 0.0 0.0
1.1667e-5 -7.46688e-5 0.0001388999 0.0 0.0
1.24448e-5 -7.46688e-5 5.46098e-5 0.0 0.0
1.32226e-5 -7.46688e-5 8.927e-6 0.0 0.0
1.40004e-5 -7.46688e-5 3.3786e-6 0.0 0.0
1.47782e-5 -7.46688e-5 2.4589e-6 0.0 0.0
1.5556e-5 -7.46688e-5 5.671e-7 0.0 0.0
1.63338e-5 -7.46688e-5 4.316e-6 0.0 0.0
1.71116e-5 -7.46688e-5 1.8448e-6 0.0 0.0
1.78894e-5 -7.46688e-5 6.684e-7 0.0 0.0
1.86672e-5 -7.46688e-5 1.534e-7 0.0 0.0
-9.72251e-5 -7.3891e-5 0.0004658945 0.0 0.0
-9.64473e-5 -7.3891e-5 0.0004988866 0.0 0.0
-9.56695e-5 -7.3891e-5 0.0004040798 0.0 0.0
-9.48917e-5 -7.3891e-5 0.0003341587 0.0 0.0
-9.41139e-5 -7.3891e-5 0.0001947225 0.0 0.0
-9.33361e-5 -7.3891e-5 0.0007140607 0.0 0.0
-9.25583e-5 -7.3891e-5 0.0006105738 0.0 0.0
-9.17805e-5 -7.3891e-5 0.0003736951 0.0 0.0
-9.10027e-5 -7.3891e-5 0.0002624991 0.0 0.0
-9.02249e-5 -7.3891e-5 0.0001114067 0.0 0.0
-8.94471e-5 -7.3891e-5 0.0024925366 0.0 0.0
-8.86693e-5 -7.3891e-5 0.0031484336 0.0 0.0
-8.78915e-5 -7.3891e-5 0.0028789221 0.0 0.0
-8.71137e-5 -7.3891e-5 0.001988975 0.0 0.0
-8.63359e-5 -7.3891e-5 0.0015798273 0.0 0.0
-8.55581e-5 -7.3891e-5 0.0005702181 0.0 0.0
-8.47803e-5 -7.3891e-5 0.0007048637 0.0 0.0
-8.40025e-5 -7.3891e-5 0.0002598372 0.0 0.0
-8.32246e-5 -7.3891e-5 0.0008848713 0.0 0.0
-8.24468e-5 -7.3891e-5 0.0003971356 0.0 0.0
-8.1669e-5 -7.3891e-5 0.0001603932 0.0 0.0
-8.08912e-5 -7.3891e-5 8.16083e-5 0.0 0.0
-8.01134e-5 -7.3891e-5 0.0003505709 0.0 0.0
-7.93356e-5 -7.3891e-5 0.0003043798 0.0 0.0
-7.85578e-5 -7.3891e-5 0.0001380746 0.0 0.0
-7.778e-5 -7.3891e-5 9.46872e-5 0.0 0.0
-7.70022e-5 -7.3891e-5 0.0003524269 0.0 0.0
-7.62244e-5 -7.3891e-5 0.0002214617 0.0 0.0
-7.54466e-5 -7.3891e-5 0.0002570579 0.0 0.0
-7.46688e-5 -7.3891e-5 0.0005629201 0.0 0.0
-7.3891e-5 -7.3891e-5 0.0006075305 0.0 0.0
-7.31132e-5 -7.3891e-5 0.0012691723 0.0 0.0
-7.23354e-5 -7.3891e-5 0.0013099746 0.0 0.0
-7.15576e-5 -7.3891e-5 0.0012282494 0.0 0.0
-7.07798e-5 -7.3891e-5 0.0020884091 0.0 0.0
-7.0002e-5 -7.3891e-5 0.0020819148 0.0 0.0
-6.92242e-5 -7.3891e-5 0.0020501521 0.0 0.0
-6.84464e-5 -7.3891e-5 0.0018630633 0.0 0.0
-6.76686e-5 -7.3891e-5 0.0016230696 0.0 0.0
-6.68908e-5 -7.3891e-5 0.0010195227 0.0 0.0
-6.6113e-5 -7.3891e-5 0.0008976426 0.0 0.0
-6.53352e-5 -7.3891e-5 0.0019905818 0.0 0.0
-6.45574e-5 -7.3891e-5 0.0014064293 0.0 0.0
-6.37796e-5 -7.3891e-5 0.0010907596 0.0 0.0
-6.30018e-5 -7.3891e-5 0.0018479337 0.0 0.0
-6.2224e-5 -7.3891e-5 0.0011883887 0.0 0.0
-6.14462e-5 -7.3891e-5 0.0022450566 0.0 0.0
-6.06684e-5 -7.3891e-5 0.0035680491 0.0 0.0
-5.98906e-5 -7.3891e-5 0.0050076433 0.0 0.0
-5.91128e-5 -7.3891e-5 0.0060338835 0.0 0.0
-5.8335e-5 -7.3891e-5 0.0069634175 0.0 0.0
-5.75572e-5 -7.3891e-5 0.0089837582 0.0 0.0
-5.67794e-5 -7.3891e-5 0.0078473661 0.0 0.0
-5.60016e-5 -7.3891e-5 0.0103503355 0.0 0.0
-5.52238e-5 -7.3891e-5 0.009901177 0.0 0.0
-5.4446e-5 -7.3891e-5 0.0120138317 0.0 0.0
-5.36682e-5 -7.3891e-5 0.0105828889 0.0 0.0
-5.28904e-5 -7.3891e-5 0.0091879184 0.0 0.0
-5.21126e-5 -7.3891e-5 0.00803765 0.0 0.0
-5.13348e-5 -7.3891e-5 0.006021659 0.0 0.0
-5.0557e-5 -7.3891e-5 0.0080198046 0.0 0.0
-4.97792e-5 -7.3891e-5 0.0069231018 0.0 0.0
-4.90014e-5 -7.3891e-5 0.0068158017 0.0 0.0
-4.82236e-5 -7.3891e-5 0.0058569757 0.0 0.0
-4.74458e-5 -7.3891e-5 0.004974662 0.0 0.0
-4.6668e-5 -7.3891e-5 0.0048109841 0.0 0.0
-4.58902e-5 -7.3891e-5 0.0048064164 0.0 0.0
-4.51124e-5 -7.3891e-5 0.0044189578 0.0 0.0
-4.43346e-5 -7.3891e-5 0.0049335753 0.0 0.0
-4.35568e-5 -7.3891e-5 0.0042381373 0.0 0.0
-4.2779e-5 -7.3891e-5 0.0033696885 0.0 0.0
-4.20012e-5 -7.3891e-5 0.040829437 0.0 0.0
-4.12234e-5 -7.3891e-5 0.0483837863 0.0 0.0
-4.04456e-5 -7.3891e-5 0.0506665109 0.0 0.0
-3.96678e-5 -7.3891e-5 0.0414521032 0.0 0.0
-3.889e-5 -7.3891e-5 0.0373606849 0.0 0.0
-3.81122e-5 -7.3891e-5 0.0326501223 0.0 0.0
-3.73344e-5 -7.3891e-5 0.0415549735 0.0 0.0
-3.65566e-5 -7.3891e-5 0.0810110958 0.0 0.0
-3.57788e-5 -7.3891e-5 0.038583947 0.0 0.0
-3.5001e-5 -7.3891e-5 0.0223119308 0.0 0.0
-3.42232e-5 -7.3891e-5 0.015939787 0.0 0.0
-3.34454e-5 -7.3891e-5 0.0210347302 0.0 0.0
-3.26676e-5 -7.3891e-5 0.0205867688 0.0 0.0
-3.18898e-5 -7.3891e-5 0.0149520392 0.0 0.0
-3.1112e-5 -7.3891e-5 0.0120019387 0.0 0.0
-3.03342e-5 -7.3891e-5 0.0064989116 0.0 0.0
-2.95564e-5 -7.3891e-5 0.006061893 0.0 0.0
-2.87786e-5 -7.3891e-5 0.0040189099 0.0 0.0
-2.80008e-5 -7.3891e-5 0.0033870454 0.0 0.0
-2.7223e-5 -7.3891e-5 0.0026625718 0.0 0.0
-2.64452e-5 -7.3891e-5 0.0018646825 0.0 0.0
-2.56674e-5 -7.3891e-5 0.0020442912 0.0 0.0
-2.48896e-5 -7.3891e-5 0.0021790847 0.0 0.0
-2.41118e-5 -7.3891e-5 0.0023247584 0.0 0.0
-2.3334e-5 -7.3891e-5 0.0018529567 0.0 0.0
-2.25562e-5 -7.3891e-5 0.0019897145 0.0 0.0
-2.17784e-5 -7.3891e-5 0.0026164458 0.0 0.0
-2.10006e-5 -7.3891e-5 0.0025762209 0.0 0.0
-2.02228e-5 -7.3891e-5 0.0031464726 0.0 0.0
-1.9445e-5 -7.3891e-5 0.00225874 0.0 0.0
-1.86672e-5 -7.3891e-5 0.0020208044 0.0 0.0
-1.78894e-5 -7.3891e-5 0.0016258284 0.0 0.0
-1.71116e-5 -7.3891e-5 0.0020547594 0.0 0.0
-1.63338e-5 -7.3891e-5 0.0002096821 0.0 0.0
-1.5556e-5 -7.3891e-5 0.000143287 0.0 0.0
-1.47782e-5 -7.3891e-5 9.92983e-5 0.0 0.0
-1.40004e-5 -7.3891e-5 8.24283e-5 0.0 0.0
-1.32226e-5 -7.3891e-5 0.0001780966 0.0 0.0
-1.24448e-5 -7.3891e-5 0.0002429786 0.0 0.0
-1.1667e-5 -7.3891e-5 0.0002189009 0.0 0.0
-1.08892e-5 -7.3891e-5 0.0002676488 0.0 0.0
-1.01114e-5 -7.3891e-5 0.0002461907 0.0 0.0
-9.3336e-6 -7.3891e-5 0.0002305648 0.0 0.0
-8.5558e-6 -7.3891e-5 0.0002411243 0.0 0.0
-7.778e-6 -7.3891e-5 0.000218999 0.0 0.0
-7.0002e-6 -7.3891e-5 0.0002033951 0.0 0.0
-6.2224e-6 -7.3891e-5 0.0001982 0.0 0.0
-5.4446e-6 -7.3891e-5 0.000222552 0.0 0.0
-4.6668e-6 -7.3891e-5 0.0002291784 0.0 0.0
-3.889e-6 -7.3891e-5 0.0002826604 0.0 0.0
-3.1112e-6 -7.3891e-5 0.0003607869 0.0 0.0
-2.3334e-6 -7.3891e-5 0.0004398558 0.0 0.0
-1.5556e-6 -7.3891e-5 0.0003720799 0.0 0.0
-7.778e-7 -7.3891e-5 0.0005525222 0.0 0.0
0.0 -7.3891e-5 0.0004835669 0.0 0.0
7.778e-7 -7.3891e-5 0.0004879177 0.0 0.0
1.5556e-6 -7.3891e-5 0.0006367905 0.0 0.0
2.3334e-6 -7.3891e-5 0.0005174517 0.0 0.0
3.1112e-6 -7.3891e-5 0.0005279184 0.0 0.0
3.889e-6 -7.3891e-5 0.0004894948 0.0 0.0
4.6668e-6 -7.3891e-5 0.0004388461 0.0 0.0
5.4446e-6 -7.3891e-5 0.0003923785 0.0 0.0
6.2224e-6 -7.3891e-5 0.0002990695 0.0 0.0
7.0002e-6 -7.3891e-5 0.000267622 0.0 0.0
7.778e-6 -7.3891e-5 0.0002123114 0.0 0.0
8.5558e-6 -7.3891e-5 0.0001191129 0.0 0.0
9.3336e-6 -7.3891e-5 9.06433e-5 0.0 0.0
1.01114e-5 -7.3891e-5 0.0001105912 0.0 0.0
1.08892e-5 -7.3891e-5 7.46756e-5 0.0 0.0
1.1667e-5 -7.3891e-5 8.30986e-5 0.0 0.0
1.24448e-5 -7.3891e-5 0.0001582973 0.0 0.0
1.32226e-5 -7.3891e-5 6.38169e-5 0.0 0.0
1.40004e-5 -7.3891e-5 1.4058e-5 0.0 0.0
1.47782e-5 -7.3891e-5 3.9156e-6 0.0 0.0
1.5556e-5 -7.3891e-5 1.0472e-6 0.0 0.0
1.63338e-5 -7.3891e-5 1.9844e-6 0.0 0.0
1.71116e-5 -7.3891e-5 7.742e-7 0.0 0.0
1.78894e-5 -7.3891e-5 2.0209e-6 0.0 0.0
1.86672e-5 -7.3891e-5 1.0607e-6 0.0 0.0
-9.72251e-5 -7.31132e-5 0.0005778634 0.0 0.0
-9.64473e-5 -7.31132e-5 0.0005114196 0.0 0.0
-9.56695e-5 -7.31132e-5 0.0003983812 0.0 0.0
-9.48917e-5 -7.31132e-5 0.0003366499 0.0 0.0
-9.41139e-5 -7.31132e-5 0.0001966608 0.0 0.0
-9.33361e-5 -7.31132e-5 0.0006380444 0.0 0.0
-9.25583e-5 -7.31132e-5 0.0005786261 0.0 0.0
-9.17805e-5 -7.31132e-5 0.0003569773 0.0 0.0
-9.10027e-5 -7.31132e-5 0.0001780795 0.0 0.0
-9.02249e-5 -7.31132e-5 0.0036518721 0.0 0.0
-8.94471e-5 -7.31132e-5 0.0043010526 0.0 0.0
-8.86693e-5 -7.31132e-5 0.0032799528 0.0 0.0
-8.78915e-5 -7.31132e-5 0.0012928949 0.0 0.0
-8.71137e-5 -7.31132e-5 0.0011323861 0.0 0.0
-8.63359e-5 -7.31132e-5 0.0003435364 0.0 0.0
-8.55581e-5 -7.31132e-5 0.0005061212 0.0 0.0
-8.47803e-5 -7.31132e-5 0.0001495605 0.0 0.0
-8.40025e-5 -7.31132e-5 0.0009229715 0.0 0.0
-8.32246e-5 -7.31132e-5 0.0001995883 0.0 0.0
-8.24468e-5 -7.31132e-5 0.0001505674 0.0 0.0
-8.1669e-5 -7.31132e-5 6.50555e-5 0.0 0.0
-8.08912e-5 -7.31132e-5 0.0004720126 0.0 0.0
-8.01134e-5 -7.31132e-5 0.0002927226 0.0 0.0
-7.93356e-5 -7.31132e-5 0.0001500103 0.0 0.0
-7.85578e-5 -7.31132e-5 0.0001474281 0.0 0.0
-7.778e-5 -7.31132e-5 0.0005117263 0.0 0.0
-7.70022e-5 -7.31132e-5 0.0004241805 0.0 0.0
-7.62244e-5 -7.31132e-5 0.0004221058 0.0 0.0
-7.54466e-5 -7.31132e-5 0.0010122475 0.0 0.0
-7.46688e-5 -7.31132e-5 0.0009659072 0.0 0.0
-7.3891e-5 -7.31132e-5 0.0009591511 0.0 0.0
-7.31132e-5 -7.31132e-5 0.0007805948 0.0 0.0
-7.23354e-5 -7.31132e-5 0.0004989597 0.0 0.0
-7.15576e-5 -7.31132e-5 0.0002317615 0.0 0.0
-7.07798e-5 -7.31132e-5 0.0009822425 0.0 0.0
-7.0002e-5 -7.31132e-5 0.0005527626 0.0 0.0
-6.92242e-5 -7.31132e-5 0.0002476239 0.0 0.0
-6.84464e-5 -7.31132e-5 0.0007519248 0.0 0.0
-6.76686e-5 -7.31132e-5 0.0003735198 0.0 0.0
-6.68908e-5 -7.31132e-5 0.0012682293 0.0 0.0
-6.6113e-5 -7.31132e-5 0.0009191949 0.0 0.0
-6.53352e-5 -7.31132e-5 0.0004059087 0.0 0.0
-6.45574e-5 -7.31132e-5 0.0012332604 0.0 0.0
-6.37796e-5 -7.31132e-5 0.0006979085 0.0 0.0
-6.30018e-5 -7.31132e-5 0.0014673951 0.0 0.0
-6.2224e-5 -7.31132e-5 0.0006742793 0.0 0.0
-6.14462e-5 -7.31132e-5 0.0003213546 0.0 0.0
-6.06684e-5 -7.31132e-5 0.0009713425 0.0 0.0
-5.98906e-5 -7.31132e-5 0.0022573661 0.0 0.0
-5.91128e-5 -7.31132e-5 0.0015537392 0.0 0.0
-5.8335e-5 -7.31132e-5 0.0009611422 0.0 0.0
-5.75572e-5 -7.31132e-5 0.0023845222 0.0 0.0
-5.67794e-5 -7.31132e-5 0.0043275899 0.0 0.0
-5.60016e-5 -7.31132e-5 0.0056323769 0.0 0.0
-5.52238e-5 -7.31132e-5 0.005263339 0.0 0.0
-5.4446e-5 -7.31132e-5 0.0109332597 0.0 0.0
-5.36682e-5 -7.31132e-5 0.00985911 0.0 0.0
-5.28904e-5 -7.31132e-5 0.0126787281 0.0 0.0
-5.21126e-5 -7.31132e-5 0.0159978632 0.0 0.0
-5.13348e-5 -7.31132e-5 0.0127946855 0.0 0.0
-5.0557e-5 -7.31132e-5 0.0151414654 0.0 0.0
-4.97792e-5 -7.31132e-5 0.013280623 0.0 0.0
-4.90014e-5 -7.31132e-5 0.012843809 0.0 0.0
-4.82236e-5 -7.31132e-5 0.0103315282 0.0 0.0
-4.74458e-5 -7.31132e-5 0.012490831 0.0 0.0
-4.6668e-5 -7.31132e-5 0.0111657451 0.0 0.0
-4.58902e-5 -7.31132e-5 0.0105935495 0.0 0.0
-4.51124e-5 -7.31132e-5 0.0072470102 0.0 0.0
-4.43346e-5 -7.31132e-5 0.0075712511 0.0 0.0
-4.35568e-5 -7.31132e-5 0.0062040827 0.0 0.0
-4.2779e-5 -7.31132e-5 0.0021383361 0.0 0.0
-4.20012e-5 -7.31132e-5 0.0010778089 0.0 0.0
-4.12234e-5 -7.31132e-5 0.0327349164 0.0 0.0
-4.04456e-5 -7.31132e-5 0.0469287008 0.0 0.0
-3.96678e-5 -7.31132e-5 0.0403119427 0.0 0.0
-3.889e-5 -7.31132e-5 0.0392349895 0.0 0.0
-3.81122e-5 -7.31132e-5 0.0335916026 0.0 0.0
-3.73344e-5 -7.31132e-5 0.0313148024 0.0 0.0
-3.65566e-5 -7.31132e-5 0.0388611796 0.0 0.0
-3.57788e-5 -7.31132e-5 0.1157154725 0.0 0.0
-3.5001e-5 -7.31132e-5 0.0480514804 0.0 0.0
-3.42232e-5 -7.31132e-5 0.0227814746 0.0 0.0
-3.34454e-5 -7.31132e-5 0.0151398131 0.0 0.0
-3.26676e-5 -7.31132e-5 0.0118939032 0.0 0.0
-3.18898e-5 -7.31132e-5 0.0207140573 0.0 0.0
-3.1112e-5 -7.31132e-5 0.0149730185 0.0 0.0
-3.03342e-5 -7.31132e-5 0.0102285208 0.0 0.0
-2.95564e-5 -7.31132e-5 0.0080121397 0.0 0.0
-2.87786e-5 -7.31132e-5 0.0045726566 0.0 0.0
-2.80008e-5 -7.31132e-5 0.0039034226 0.0 0.0
-2.7223e-5 -7.31132e-5 0.0026183039 0.0 0.0
-2.64452e-5 -7.31132e-5 0.002841861 0.0 0.0
-2.56674e-5 -7.31132e-5 0.0030286503 0.0 0.0
-2.48896e-5 -7.31132e-5 0.0022892955 0.0 0.0
-2.41118e-5 -7.31132e-5 0.0024490046 0.0 0.0
-2.3334e-5 -7.31132e-5 0.0018796925 0.0 0.0
-2.25562e-5 -7.31132e-5 0.0028963993 0.0 0.0
-2.17784e-5 -7.31132e-5 0.0024858293 0.0 0.0
-2.10006e-5 -7.31132e-5 0.0024827369 0.0 0.0
-2.02228e-5 -7.31132e-5 0.0031976814 0.0 0.0
-1.9445e-5 -7.31132e-5 0.0023125135 0.0 0.0
-1.86672e-5 -7.31132e-5 0.0024107293 0.0 0.0
-1.78894e-5 -7.31132e-5 0.002629223 0.0 0.0
-1.71116e-5 -7.31132e-5 0.0034086992 0.0 0.0
-1.63338e-5 -7.31132e-5 0.0008970259 0.0 0.0
-1.5556e-5 -7.31132e-5 0.0001517689 0.0 0.0
-1.47782e-5 -7.31132e-5 6.92884e-5 0.0 0.0
-1.40004e-5 -7.31132e-5 0.0001557093 0.0 0.0
-1.32226e-5 -7.31132e-5 0.0001157335 0.0 0.0
-1.24448e-5 -7.31132e-5 0.0002040944 0.0 0.0
-1.1667e-5 -7.31132e-5 0.0001705954 0.0 0.0
-1.08892e-5 -7.31132e-5 0.0002570033 0.0 0.0
-1.01114e-5 -7.31132e-5 0.0002127732 0.0 0.0
-9.3336e-6 -7.31132e-5 0.0002386302 0.0 0.0
-8.5558e-6 -7.31132e-5 0.0002132359 0.0 0.0
-7.778e-6 -7.31132e-5 0.0001851213 0.0 0.0
-7.0002e-6 -7.31132e-5 0.0001663828 0.0 0.0
-6.2224e-6 -7.31132e-5 0.0001852002 0.0 0.0
-5.4446e-6 -7.31132e-5 0.0001882053 0.0 0.0
-4.6668e-6 -7.31132e-5 0.000183202 0.0 0.0
-3.889e-6 -7.31132e-5 0.0002419302 0.0 0.0
-3.1112e-6 -7.31132e-5 0.0003137208 0.0 0.0
-2.3334e-6 -7.31132e-5 0.000389167 0.0 0.0
-1.5556e-6 -7.31132e-5 0.0003560818 0.0 0.0
-7.778e-7 -7.31132e-5 0.0003848048 0.0 0.0
0.0 -7.31132e-5 0.0005006295 0.0 0.0
7.778e-7 -7.31132e-5 0.0005152693 0.0 0.0
1.5556e-6 -7.31132e-5 0.0004854103 0.0 0.0
2.3334e-6 -7.31132e-5 0.0006156078 0.0 0.0
3.1112e-6 -7.31132e-5 0.0004584743 0.0 0.0
3.889e-6 -7.31132e-5 0.0005048904 0.0 0.0
4.6668e-6 -7.31132e-5 0.0004660878 0.0 0.0
5.4446e-6 -7.31132e-5 0.0004034687 0.0 0.0
6.2224e-6 -7.31132e-5 0.0003638308 0.0 0.0
7.0002e-6 -7.31132e-5 0.0002676978 0.0 0.0
7.778e-6 -7.31132e-5 0.0002440353 0.0 0.0
8.5558e-6 -7.31132e-5 0.0001994955 0.0 0.0
9.3336e-6 -7.31132e-5 0.0001100585 0.0 0.0
1.01114e-5 -7.31132e-5 0.0001488788 0.0 0.0
1.08892e-5 -7.31132e-5 0.0001155373 0.0 0.0
1.1667e-5 -7.31132e-5 7.26192e-5 0.0 0.0
1.24448e-5 -7.31132e-5 9.1422e-5 0.0 0.0
1.32226e-5 -7.31132e-5 0.0001196103 0.0 0.0
1.40004e-5 -7.31132e-5 6.13842e-5 0.0 0.0
1.47782e-5 -7.31132e-5 2.41087e-5 0.0 0.0
1.5556e-5 -7.31132e-5 2.6701e-6 0.0 0.0
1.63338e-5 -7.31132e-5 1.0706e-6 0.0 0.0
1.71116e-5 -7.31132e-5 4.692e-7 0.0 0.0
1.78894e-5 -7.31132e-5 1.8057e-6 0.0 0.0
1.86672e-5 -7.31132e-5 3.0484e-6 0.0 0.0
-9.72251e-5 -7.23354e-5 0.0005848122 0.0 0.0
-9.64473e-5 -7.23354e-5 0.0005093767 0.0 0.0
-9.56695e-5 -7.23354e-5 0.0004957389 0.0 0.0
-9.48917e-5 -7.23354e-5 0.000268471 0.0 0.0
-9.41139e-5 -7.23354e-5 0.0002724457 0.0 0.0
-9.33361e-5 -7.23354e-5 9.96729e-5 0.0 0.0
-9.25583e-5 -7.23354e-5 0.0004624676 0.0 0.0
-9.17805e-5 -7.23354e-5 0.0027053422 0.0 0.0
-9.10027e-5 -7.23354e-5 0.0037798609 0.0 0.0
-9.02249e-5 -7.23354e-5 0.0030957325 0.0 0.0
-8.94471e-5 -7.23354e-5 0.0025405754 0.0 0.0
-8.86693e-5 -7.23354e-5 0.0009267963 0.0 0.0
-8.78915e-5 -7.23354e-5 0.0010497969 0.0 0.0
-8.71137e-5 -7.23354e-5 0.000255593 0.0 0.0
-8.63359e-5 -7.23354e-5 0.0007810753 0.0 0.0
-8.55581e-5 -7.23354e-5 0.0002146225 0.0 0.0
-8.47803e-5 -7.23354e-5 4.49398e-5 0.0 0.0
-8.40025e-5 -7.23354e-5 0.0003459453 0.0 0.0
-8.32246e-5 -7.23354e-5 0.0002216501 0.0 0.0
-8.24468e-5 -7.23354e-5 7.9453e-5 0.0 0.0
-8.1669e-5 -7.23354e-5 0.000587067 0.0 0.0
-8.08912e-5 -7.23354e-5 0.0004788225 0.0 0.0
-8.01134e-5 -7.23354e-5 0.0002591694 0.0 0.0
-7.93356e-5 -7.23354e-5 0.0003017582 0.0 0.0
-7.85578e-5 -7.23354e-5 0.0003208362 0.0 0.0
-7.778e-5 -7.23354e-5 0.0007079313 0.0 0.0
-7.70022e-5 -7.23354e-5 0.0007839347 0.0 0.0
-7.62244e-5 -7.23354e-5 0.0005698892 0.0 0.0
-7.54466e-5 -7.23354e-5 0.0003303389 0.0 0.0
-7.46688e-5 -7.23354e-5 0.0001767249 0.0 0.0
-7.3891e-5 -7.23354e-5 0.0004493502 0.0 0.0
-7.31132e-5 -7.23354e-5 0.0002495228 0.0 0.0
-7.23354e-5 -7.23354e-5 7.99972e-5 0.0 0.0
-7.15576e-5 -7.23354e-5 0.0003685874 0.0 0.0
-7.07798e-5 -7.23354e-5 0.0001015766 0.0 0.0
-7.0002e-5 -7.23354e-5 0.0006452485 0.0 0.0
-6.92242e-5 -7.23354e-5 0.0001432455 0.0 0.0
-6.84464e-5 -7.23354e-5 0.0008684504 0.0 0.0
-6.76686e-5 -7.23354e-5 0.0005023984 0.0 0.0
-6.68908e-5 -7.23354e-5 0.0003330494 0.0 0.0
-6.6113e-5 -7.23354e-5 0.0006287491 0.0 0.0
-6.53352e-5 -7.23354e-5 0.0004435645 0.0 0.0
-6.45574e-5 -7.23354e-5 0.0010950574 0.0 0.0
-6.37796e-5 -7.23354e-5 0.0004650863 0.0 0.0
-6.30018e-5 -7.23354e-5 0.0011296619 0.0 0.0
-6.2224e-5 -7.23354e-5 0.0002604636 0.0 0.0
-6.14462e-5 -7.23354e-5 0.0009917126 0.0 0.0
-6.06684e-5 -7.23354e-5 0.0004044079 0.0 0.0
-5.98906e-5 -7.23354e-5 0.0018099724 0.0 0.0
-5.91128e-5 -7.23354e-5 0.0011825822 0.0 0.0
-5.8335e-5 -7.23354e-5 0.0030208849 0.0 0.0
-5.75572e-5 -7.23354e-5 0.0017065308 0.0 0.0
-5.67794e-5 -7.23354e-5 0.0029790009 0.0 0.0
-5.60016e-5 -7.23354e-5 0.0025898984 0.0 0.0
-5.52238e-5 -7.23354e-5 0.0049650309 0.0 0.0
-5.4446e-5 -7.23354e-5 0.0039040492 0.0 0.0
-5.36682e-5 -7.23354e-5 0.0073086311 0.0 0.0
-5.28904e-5 -7.23354e-5 0.0091273774 0.0 0.0
-5.21126e-5 -7.23354e-5 0.0134620218 0.0 0.0
-5.13348e-5 -7.23354e-5 0.0176373264 0.0 0.0
-5.0557e-5 -7.23354e-5 0.0211417625 0.0 0.0
-4.97792e-5 -7.23354e-5 0.0248783146 0.0 0.0
-4.90014e-5 -7.23354e-5 0.0208411058 0.0 0.0
-4.82236e-5 -7.23354e-5 0.0184804375 0.0 0.0
-4.74458e-5 -7.23354e-5 0.0126179865 0.0 0.0
-4.6668e-5 -7.23354e-5 0.011048119 0.0 0.0
-4.58902e-5 -7.23354e-5 0.0105029902 0.0 0.0
-4.51124e-5 -7.23354e-5 0.0087106635 0.0 0.0
-4.43346e-5 -7.23354e-5 0.0061743846 0.0 0.0
-4.35568e-5 -7.23354e-5 0.0031779768 0.0 0.0
-4.2779e-5 -7.23354e-5 0.0041909202 0.0 0.0
-4.20012e-5 -7.23354e-5 0.0064221401 0.0 0.0
-4.12234e-5 -7.23354e-5 0.0063019797 0.0 0.0
-4.04456e-5 -7.23354e-5 0.006142573 0.0 0.0
-3.96678e-5 -7.23354e-5 0.0524401433 0.0 0.0
-3.889e-5 -7.23354e-5 0.0433966232 0.0 0.0
-3.81122e-5 -7.23354e-5 0.0412261753 0.0 0.0
-3.73344e-5 -7.23354e-5 0.0356815813 0.0 0.0
-3.65566e-5 -7.23354e-5 0.0403889383 0.0 0.0
-3.57788e-5 -7.23354e-5 0.0436758482 0.0 0.0
-3.5001e-5 -7.23354e-5 0.0844781471 0.0 0.0
-3.42232e-5 -7.23354e-5 0.0676323403 0.0 0.0
-3.34454e-5 -7.23354e-5 0.0249250396 0.0 0.0
-3.26676e-5 -7.23354e-5 0.0166505772 0.0 0.0
-3.18898e-5 -7.23354e-5 0.0183721008 0.0 0.0
-3.1112e-5 -7.23354e-5 0.0216516184 0.0 0.0
-3.03342e-5 -7.23354e-5 0.0168287153 0.0 0.0
-2.95564e-5 -7.23354e-5 0.0118783818 0.0 0.0
-2.87786e-5 -7.23354e-5 0.0076769822 0.0 0.0
-2.80008e-5 -7.23354e-5 0.0044059748 0.0 0.0
-2.7223e-5 -7.23354e-5 0.0026078824 0.0 0.0
-2.64452e-5 -7.23354e-5 0.0027869788 0.0 0.0
-2.56674e-5 -7.23354e-5 0.003017734 0.0 0.0
-2.48896e-5 -7.23354e-5 0.0020340532 0.0 0.0
-2.41118e-5 -7.23354e-5 0.0024248752 0.0 0.0
-2.3334e-5 -7.23354e-5 0.002610779 0.0 0.0
-2.25562e-5 -7.23354e-5 0.0028490483 0.0 0.0
-2.17784e-5 -7.23354e-5 0.0022223431 0.0 0.0
-2.10006e-5 -7.23354e-5 0.00349423 0.0 0.0
-2.02228e-5 -7.23354e-5 0.002912964 0.0 0.0
-1.9445e-5 -7.23354e-5 0.0027918027 0.0 0.0
-1.86672e-5 -7.23354e-5 0.0028813677 0.0 0.0
-1.78894e-5 -7.23354e-5 0.0025362164 0.0 0.0
-1.71116e-5 -7.23354e-5 0.0021303987 0.0 0.0
-1.63338e-5 -7.23354e-5 0.0022593867 0.0 0.0
-1.5556e-5 -7.23354e-5 0.0002378435 0.0 0.0
-1.47782e-5 -7.23354e-5 0.0002166489 0.0 0.0
-1.40004e-5 -7.23354e-5 0.0001470488 0.0 0.0
-1.32226e-5 -7.23354e-5 7.77968e-5 0.0 0.0
-1.24448e-5 -7.23354e-5 0.0001793139 0.0 0.0
-1.1667e-5 -7.23354e-5 0.0001083201 0.0 0.0
-1.08892e-5 -7.23354e-5 0.0001987444 0.0 0.0
-1.01114e-5 -7.23354e-5 0.0001938675 0.0 0.0
-9.3336e-6 -7.23354e-5 0.0002375126 0.0 0.0
-8.5558e-6 -7.23354e-5 0.0001901002 0.0 0.0
-7.778e-6 -7.23354e-5 0.0002097246 0.0 0.0
-7.0002e-6 -7.23354e-5 0.0001778918 0.0 0.0
-6.2224e-6 -7.23354e-5 0.0001493966 0.0 0.0
-5.4446e-6 -7.23354e-5 0.0001464554 0.0 0.0
-4.6668e-6 -7.23354e-5 0.0001599971 0.0 0.0
-3.889e-6 -7.23354e-5 0.0002028812 0.0 0.0
-3.1112e-6 -7.23354e-5 0.0002732461 0.0 0.0
-2.3334e-6 -7.23354e-5 0.0003210408 0.0 0.0
-1.5556e-6 -7.23354e-5 0.0003296776 0.0 0.0
-7.778e-7 -7.23354e-5 0.0003551948 0.0 0.0
0.0 -7.23354e-5 0.0003868049 0.0 0.0
7.778e-7 -7.23354e-5 0.0003509393 0.0 0.0
1.5556e-6 -7.23354e-5 0.000509064 0.0 0.0
2.3334e-6 -7.23354e-5 0.0004541926 0.0 0.0
3.1112e-6 -7.23354e-5 0.0005788284 0.0 0.0
3.889e-6 -7.23354e-5 0.0004208613 0.0 0.0
4.6668e-6 -7.23354e-5 0.0004638877 0.0 0.0
5.4446e-6 -7.23354e-5 0.0004524716 0.0 0.0
6.2224e-6 -7.23354e-5 0.0003806212 0.0 0.0
7.0002e-6 -7.23354e-5 0.0003261881 0.0 0.0
7.778e-6 -7.23354e-5 0.0002326047 0.0 0.0
8.5558e-6 -7.23354e-5 0.0002133375 0.0 0.0
9.3336e-6 -7.23354e-5 0.0001863649 0.0 0.0
1.01114e-5 -7.23354e-5 0.0001698463 0.0 0.0
1.08892e-5 -7.23354e-5 0.0001429724 0.0 0.0
1.1667e-5 -7.23354e-5 9.57724e-5 0.0 0.0
1.24448e-5 -7.23354e-5 7.39912e-5 0.0 0.0
1.32226e-5 -7.23354e-5 9.36091e-5 0.0 0.0
1.40004e-5 -7.23354e-5 0.0001075734 0.0 0.0
1.47782e-5 -7.23354e-5 7.05361e-5 0.0 0.0
1.5556e-5 -7.23354e-5 2.19495e-5 0.0 0.0
1.63338e-5 -7.23354e-5 3.179e-6 0.0 0.0
1.71116e-5 -7.23354e-5 7.546e-7 0.0 0.0
1.78894e-5 -7.23354e-5 5.258e-7 0.0 0.0
1.86672e-5 -7.23354e-5 9.889e-7 0.0 0.0
-9.72251e-5 -7.15576e-5 0.0001390846 0.0 0.0
-9.64473e-5 -7.15576e-5 0.0006018844 0.0 0.0
-9.56695e-5 -7.15576e-5 0.0005359168 0.0 0.0
-9.48917e-5 -7.15576e-5 0.0003386674 0.0 0.0
-9.41139e-5 -7.15576e-5 0.0001478667 0.0 0.0
-9.33361e-5 -7.15576e-5 0.0004646973 0.0 0.0
-9.25583e-5 -7.15576e-5 0.0038057342 0.0 0.0
-9.17805e-5 -7.15576e-5 0.0030606919 0.0 0.0
-9.10027e-5 -7.15576e-5 0.0025841546 0.0 0.0
-9.02249e-5 -7.15576e-5 0.0025668486 0.0 0.0
-8.94471e-5 -7.15576e-5 0.0008489942 0.0 0.0
-8.86693e-5 -7.15576e-5 0.0008958332 0.0 0.0
-8.78915e-5 -7.15576e-5 0.0002822531 0.0 0.0
-8.71137e-5 -7.15576e-5 0.0008244418 0.0 0.0
-8.63359e-5 -7.15576e-5 0.0002849321 0.0 0.0
-8.55581e-5 -7.15576e-5 0.0001410972 0.0 0.0
-8.47803e-5 -7.15576e-5 5.59483e-5 0.0 0.0
-8.40025e-5 -7.15576e-5 0.0005289183 0.0 0.0
-8.32246e-5 -7.15576e-5 0.0002570197 0.0 0.0
-8.24468e-5 -7.15576e-5 0.0001691807 0.0 0.0
-8.1669e-5 -7.15576e-5 0.0001403956 0.0 0.0
-8.08912e-5 -7.15576e-5 0.0007013228 0.0 0.0
-8.01134e-5 -7.15576e-5 0.0004711189 0.0 0.0
-7.93356e-5 -7.15576e-5 0.000368472 0.0 0.0
-7.85578e-5 -7.15576e-5 0.0003256628 0.0 0.0
-7.778e-5 -7.15576e-5 0.0001495977 0.0 0.0
-7.70022e-5 -7.15576e-5 0.0004908942 0.0 0.0
-7.62244e-5 -7.15576e-5 0.0002325687 0.0 0.0
-7.54466e-5 -7.15576e-5 7.21826e-5 0.0 0.0
-7.46688e-5 -7.15576e-5 0.0001681991 0.0 0.0
-7.3891e-5 -7.15576e-5 2.43711e-5 0.0 0.0
-7.31132e-5 -7.15576e-5 0.0003405396 0.0 0.0
-7.23354e-5 -7.15576e-5 4.28195e-5 0.0 0.0
-7.15576e-5 -7.15576e-5 0.0005529732 0.0 0.0
-7.07798e-5 -7.15576e-5 5.93822e-5 0.0 0.0
-7.0002e-5 -7.15576e-5 0.0006807718 0.0 0.0
-6.92242e-5 -7.15576e-5 0.0001256519 0.0 0.0
-6.84464e-5 -7.15576e-5 0.0011365867 0.0 0.0
-6.76686e-5 -7.15576e-5 0.0002922114 0.0 0.0
-6.68908e-5 -7.15576e-5 0.0012352379 0.0 0.0
-6.6113e-5 -7.15576e-5 0.0004760992 0.0 0.0
-6.53352e-5 -7.15576e-5 0.0015585432 0.0 0.0
-6.45574e-5 -7.15576e-5 0.0005468915 0.0 0.0
-6.37796e-5 -7.15576e-5 0.0001642251 0.0 0.0
-6.30018e-5 -7.15576e-5 0.0003124061 0.0 0.0
-6.2224e-5 -7.15576e-5 0.0001927122 0.0 0.0
-6.14462e-5 -7.15576e-5 0.0008379322 0.0 0.0
-6.06684e-5 -7.15576e-5 0.0019840766 0.0 0.0
-5.98906e-5 -7.15576e-5 0.0014879609 0.0 0.0
-5.91128e-5 -7.15576e-5 0.0030499744 0.0 0.0
-5.8335e-5 -7.15576e-5 0.0020537083 0.0 0.0
-5.75572e-5 -7.15576e-5 0.0016504749 0.0 0.0
-5.67794e-5 -7.15576e-5 0.0028133109 0.0 0.0
-5.60016e-5 -7.15576e-5 0.0017637101 0.0 0.0
-5.52238e-5 -7.15576e-5 0.0045971172 0.0 0.0
-5.4446e-5 -7.15576e-5 0.0047373186 0.0 0.0
-5.36682e-5 -7.15576e-5 0.0036245957 0.0 0.0
-5.28904e-5 -7.15576e-5 0.0049057605 0.0 0.0
-5.21126e-5 -7.15576e-5 0.0084660669 0.0 0.0
-5.13348e-5 -7.15576e-5 0.0081033638 0.0 0.0
-5.0557e-5 -7.15576e-5 0.0116377928 0.0 0.0
-4.97792e-5 -7.15576e-5 0.0210770358 0.0 0.0
-4.90014e-5 -7.15576e-5 0.0230469821 0.0 0.0
-4.82236e-5 -7.15576e-5 0.024169091 0.0 0.0
-4.74458e-5 -7.15576e-5 0.0225754839 0.0 0.0
-4.6668e-5 -7.15576e-5 0.021438382 0.0 0.0
-4.58902e-5 -7.15576e-5 0.0139561121 0.0 0.0
-4.51124e-5 -7.15576e-5 0.0163058479 0.0 0.0
-4.43346e-5 -7.15576e-5 0.0169032362 0.0 0.0
-4.35568e-5 -7.15576e-5 0.017164644 0.0 0.0
-4.2779e-5 -7.15576e-5 0.01445822 0.0 0.0
-4.20012e-5 -7.15576e-5 0.0139584616 0.0 0.0
-4.12234e-5 -7.15576e-5 0.0118857797 0.0 0.0
-4.04456e-5 -7.15576e-5 0.012599955 0.0 0.0
-3.96678e-5 -7.15576e-5 0.0123034801 0.0 0.0
-3.889e-5 -7.15576e-5 0.055852282 0.0 0.0
-3.81122e-5 -7.15576e-5 0.0529295135 0.0 0.0
-3.73344e-5 -7.15576e-5 0.050426687 0.0 0.0
-3.65566e-5 -7.15576e-5 0.0440264589 0.0 0.0
-3.57788e-5 -7.15576e-5 0.0492557927 0.0 0.0
-3.5001e-5 -7.15576e-5 0.04260811 0.0 0.0
-3.42232e-5 -7.15576e-5 0.0608288267 0.0 0.0
-3.34454e-5 -7.15576e-5 0.0917012696 0.0 0.0
-3.26676e-5 -7.15576e-5 0.0353905516 0.0 0.0
-3.18898e-5 -7.15576e-5 0.0181564263 0.0 0.0
-3.1112e-5 -7.15576e-5 0.0122167749 0.0 0.0
-3.03342e-5 -7.15576e-5 0.0234081043 0.0 0.0
-2.95564e-5 -7.15576e-5 0.018630545 0.0 0.0
-2.87786e-5 -7.15576e-5 0.0108605376 0.0 0.0
-2.80008e-5 -7.15576e-5 0.0072628635 0.0 0.0
-2.7223e-5 -7.15576e-5 0.0057660648 0.0 0.0
-2.64452e-5 -7.15576e-5 0.0033793994 0.0 0.0
-2.56674e-5 -7.15576e-5 0.0038317105 0.0 0.0
-2.48896e-5 -7.15576e-5 0.0026745972 0.0 0.0
-2.41118e-5 -7.15576e-5 0.0019921367 0.0 0.0
-2.3334e-5 -7.15576e-5 0.0021675618 0.0 0.0
-2.25562e-5 -7.15576e-5 0.0025994711 0.0 0.0
-2.17784e-5 -7.15576e-5 0.0020916403 0.0 0.0
-2.10006e-5 -7.15576e-5 0.0026039302 0.0 0.0
-2.02228e-5 -7.15576e-5 0.0026711086 0.0 0.0
-1.9445e-5 -7.15576e-5 0.0038722798 0.0 0.0
-1.86672e-5 -7.15576e-5 0.0029857422 0.0 0.0
-1.78894e-5 -7.15576e-5 0.0027649112 0.0 0.0
-1.71116e-5 -7.15576e-5 0.0031532192 0.0 0.0
-1.63338e-5 -7.15576e-5 0.002814384 0.0 0.0
-1.5556e-5 -7.15576e-5 0.001011853 0.0 0.0
-1.47782e-5 -7.15576e-5 0.0001642434 0.0 0.0
-1.40004e-5 -7.15576e-5 8.77193e-5 0.0 0.0
-1.32226e-5 -7.15576e-5 0.0002236598 0.0 0.0
-1.24448e-5 -7.15576e-5 0.0001426343 0.0 0.0
-1.1667e-5 -7.15576e-5 0.0002073265 0.0 0.0
-1.08892e-5 -7.15576e-5 0.0001602396 0.0 0.0
-1.01114e-5 -7.15576e-5 0.0002648576 0.0 0.0
-9.3336e-6 -7.15576e-5 0.0001876507 0.0 0.0
-8.5558e-6 -7.15576e-5 0.0002588918 0.0 0.0
-7.778e-6 -7.15576e-5 0.000194428 0.0 0.0
-7.0002e-6 -7.15576e-5 0.00020271 0.0 0.0
-6.2224e-6 -7.15576e-5 0.00017172 0.0 0.0
-5.4446e-6 -7.15576e-5 0.0001512742 0.0 0.0
-4.6668e-6 -7.15576e-5 0.0001509601 0.0 0.0
-3.889e-6 -7.15576e-5 0.0001741634 0.0 0.0
-3.1112e-6 -7.15576e-5 0.0002269305 0.0 0.0
-2.3334e-6 -7.15576e-5 0.0003174857 0.0 0.0
-1.5556e-6 -7.15576e-5 0.0003326641 0.0 0.0
-7.778e-7 -7.15576e-5 0.0003455196 0.0 0.0
0.0 -7.15576e-5 0.0003981615 0.0 0.0
7.778e-7 -7.15576e-5 0.00043935 0.0 0.0
1.5556e-6 -7.15576e-5 0.0003851149 0.0 0.0
2.3334e-6 -7.15576e-5 0.0003290471 0.0 0.0
3.1112e-6 -7.15576e-5 0.0004558232 0.0 0.0
3.889e-6 -7.15576e-5 0.000543833 0.0 0.0
4.6668e-6 -7.15576e-5 0.0004228992 0.0 0.0
5.4446e-6 -7.15576e-5 0.0004374273 0.0 0.0
6.2224e-6 -7.15576e-5 0.0004137783 0.0 0.0
7.0002e-6 -7.15576e-5 0.0003456447 0.0 0.0
7.778e-6 -7.15576e-5 0.000291933 0.0 0.0
8.5558e-6 -7.15576e-5 0.000253695 0.0 0.0
9.3336e-6 -7.15576e-5 0.0001978103 0.0 0.0
1.01114e-5 -7.15576e-5 0.0001777883 0.0 0.0
1.08892e-5 -7.15576e-5 0.0001046822 0.0 0.0
1.1667e-5 -7.15576e-5 0.0001258965 0.0 0.0
1.24448e-5 -7.15576e-5 9.97647e-5 0.0 0.0
1.32226e-5 -7.15576e-5 7.22161e-5 0.0 0.0
1.40004e-5 -7.15576e-5 7.59331e-5 0.0 0.0
1.47782e-5 -7.15576e-5 0.0001137961 0.0 0.0
1.5556e-5 -7.15576e-5 8.42302e-5 0.0 0.0
1.63338e-5 -7.15576e-5 1.80522e-5 0.0 0.0
1.71116e-5 -7.15576e-5 4.0699e-6 0.0 0.0
1.78894e-5 -7.15576e-5 6.927e-7 0.0 0.0
1.86672e-5 -7.15576e-5 6.929e-7 0.0 0.0
-9.72251e-5 -7.07798e-5 0.0001252482 0.0 0.0
-9.64473e-5 -7.07798e-5 5.81659e-5 0.0 0.0
-9.56695e-5 -7.07798e-5 0.0004057076 0.0 0.0
-9.48917e-5 -7.07798e-5 0.0001664883 0.0 0.0
-9.41139e-5 -7.07798e-5 0.0001270392 0.0 0.0
-9.33361e-5 -7.07798e-5 0.0033597514 0.0 0.0
-9.25583e-5 -7.07798e-5 0.0025594678 0.0 0.0
-9.17805e-5 -7.07798e-5 0.0021565739 0.0 0.0
-9.10027e-5 -7.07798e-5 0.0023943594 0.0 0.0
-9.02249e-5 -7.07798e-5 0.0007474986 0.0 0.0
-8.94471e-5 -7.07798e-5 0.0010479407 0.0 0.0
-8.86693e-5 -7.07798e-5 0.0004764697 0.0 0.0
-8.78915e-5 -7.07798e-5 6.50499e-5 0.0 0.0
-8.71137e-5 -7.07798e-5 0.0006170996 0.0 0.0
-8.63359e-5 -7.07798e-5 0.0001907512 0.0 0.0
-8.55581e-5 -7.07798e-5 8.43295e-5 0.0 0.0
-8.47803e-5 -7.07798e-5 7.75596e-5 0.0 0.0
-8.40025e-5 -7.07798e-5 0.0005905113 0.0 0.0
-8.32246e-5 -7.07798e-5 0.0003523017 0.0 0.0
-8.24468e-5 -7.07798e-5 0.0002765971 0.0 0.0
-8.1669e-5 -7.07798e-5 0.0002957507 0.0 0.0
-8.08912e-5 -7.07798e-5 0.0002107868 0.0 0.0
-8.01134e-5 -7.07798e-5 0.0001254451 0.0 0.0
-7.93356e-5 -7.07798e-5 0.0003609782 0.0 0.0
-7.85578e-5 -7.07798e-5 0.0001446263 0.0 0.0
-7.778e-5 -7.07798e-5 3.60641e-5 0.0 0.0
-7.70022e-5 -7.07798e-5 0.0001457777 0.0 0.0
-7.62244e-5 -7.07798e-5 0.000472884 0.0 0.0
-7.54466e-5 -7.07798e-5 5.52889e-5 0.0 0.0
-7.46688e-5 -7.07798e-5 1.45102e-5 0.0 0.0
-7.3891e-5 -7.07798e-5 4.64061e-5 0.0 0.0
-7.31132e-5 -7.07798e-5 0.0006422845 0.0 0.0
-7.23354e-5 -7.07798e-5 3.77369e-5 0.0 0.0
-7.15576e-5 -7.07798e-5 0.0004984494 0.0 0.0
-7.07798e-5 -7.07798e-5 1.51507e-5 0.0 0.0
-7.0002e-5 -7.07798e-5 0.0003281744 0.0 0.0
-6.92242e-5 -7.07798e-5 0.0002922497 0.0 0.0
-6.84464e-5 -7.07798e-5 0.0008833389 0.0 0.0
-6.76686e-5 -7.07798e-5 0.0003599275 0.0 0.0
-6.68908e-5 -7.07798e-5 0.0008617431 0.0 0.0
-6.6113e-5 -7.07798e-5 0.0004898056 0.0 0.0
-6.53352e-5 -7.07798e-5 0.0009477831 0.0 0.0
-6.45574e-5 -7.07798e-5 0.0001528777 0.0 0.0
-6.37796e-5 -7.07798e-5 0.0010031398 0.0 0.0
-6.30018e-5 -7.07798e-5 0.0002209722 0.0 0.0
-6.2224e-5 -7.07798e-5 0.0013897675 0.0 0.0
-6.14462e-5 -7.07798e-5 0.0008739605 0.0 0.0
-6.06684e-5 -7.07798e-5 0.0021559976 0.0 0.0
-5.98906e-5 -7.07798e-5 0.0014264831 0.0 0.0
-5.91128e-5 -7.07798e-5 0.0018918885 0.0 0.0
-5.8335e-5 -7.07798e-5 0.002075155 0.0 0.0
-5.75572e-5 -7.07798e-5 0.0036568249 0.0 0.0
-5.67794e-5 -7.07798e-5 0.0021878112 0.0 0.0
-5.60016e-5 -7.07798e-5 0.0049103368 0.0 0.0
-5.52238e-5 -7.07798e-5 0.0029623038 0.0 0.0
-5.4446e-5 -7.07798e-5 0.0062814766 0.0 0.0
-5.36682e-5 -7.07798e-5 0.0059649229 0.0 0.0
-5.28904e-5 -7.07798e-5 0.0030062359 0.0 0.0
-5.21126e-5 -7.07798e-5 0.0053572474 0.0 0.0
-5.13348e-5 -7.07798e-5 0.0045238255 0.0 0.0
-5.0557e-5 -7.07798e-5 0.0075829816 0.0 0.0
-4.97792e-5 -7.07798e-5 0.0055909994 0.0 0.0
-4.90014e-5 -7.07798e-5 0.0143574916 0.0 0.0
-4.82236e-5 -7.07798e-5 0.028567003 0.0 0.0
-4.74458e-5 -7.07798e-5 0.0358458444 0.0 0.0
-4.6668e-5 -7.07798e-5 0.0438908741 0.0 0.0
-4.58902e-5 -7.07798e-5 0.0366795059 0.0 0.0
-4.51124e-5 -7.07798e-5 0.0325626815 0.0 0.0
-4.43346e-5 -7.07798e-5 0.0255607043 0.0 0.0
-4.35568e-5 -7.07798e-5 0.0237648742 0.0 0.0
-4.2779e-5 -7.07798e-5 0.0220518796 0.0 0.0
-4.20012e-5 -7.07798e-5 0.0210103361 0.0 0.0
-4.12234e-5 -7.07798e-5 0.0190125775 0.0 0.0
-4.04456e-5 -7.07798e-5 0.0187554146 0.0 0.0
-3.96678e-5 -7.07798e-5 0.0182837672 0.0 0.0
-3.889e-5 -7.07798e-5 0.0190393403 0.0 0.0
-3.81122e-5 -7.07798e-5 0.0591790389 0.0 0.0
-3.73344e-5 -7.07798e-5 0.0553369947 0.0 0.0
-3.65566e-5 -7.07798e-5 0.0491359511 0.0 0.0
-3.57788e-5 -7.07798e-5 0.0519595493 0.0 0.0
-3.5001e-5 -7.07798e-5 0.0509358341 0.0 0.0
-3.42232e-5 -7.07798e-5 0.048177146 0.0 0.0
-3.34454e-5 -7.07798e-5 0.0623908735 0.0 0.0
-3.26676e-5 -7.07798e-5 0.1100188104 0.0 0.0
-3.18898e-5 -7.07798e-5 0.0425346973 0.0 0.0
-3.1112e-5 -7.07798e-5 0.0229769788 0.0 0.0
-3.03342e-5 -7.07798e-5 0.0196926039 0.0 0.0
-2.95564e-5 -7.07798e-5 0.0213923012 0.0 0.0
-2.87786e-5 -7.07798e-5 0.0159461656 0.0 0.0
-2.80008e-5 -7.07798e-5 0.0094596678 0.0 0.0
-2.7223e-5 -7.07798e-5 0.0064787007 0.0 0.0
-2.64452e-5 -7.07798e-5 0.0035552921 0.0 0.0
-2.56674e-5 -7.07798e-5 0.0035309179 0.0 0.0
-2.48896e-5 -7.07798e-5 0.0020782167 0.0 0.0
-2.41118e-5 -7.07798e-5 0.0027668964 0.0 0.0
-2.3334e-5 -7.07798e-5 0.0018247311 0.0 0.0
-2.25562e-5 -7.07798e-5 0.0023914615 0.0 0.0
-2.17784e-5 -7.07798e-5 0.0025554919 0.0 0.0
-2.10006e-5 -7.07798e-5 0.0029164421 0.0 0.0
-2.02228e-5 -7.07798e-5 0.0024120149 0.0 0.0
-1.9445e-5 -7.07798e-5 0.0031698689 0.0 0.0
-1.86672e-5 -7.07798e-5 0.0029267247 0.0 0.0
-1.78894e-5 -7.07798e-5 0.0035246557 0.0 0.0
-1.71116e-5 -7.07798e-5 0.0030046971 0.0 0.0
-1.63338e-5 -7.07798e-5 0.0034449101 0.0 0.0
-1.5556e-5 -7.07798e-5 0.0022355403 0.0 0.0
-1.47782e-5 -7.07798e-5 0.0002870045 0.0 0.0
-1.40004e-5 -7.07798e-5 0.0002822057 0.0 0.0
-1.32226e-5 -7.07798e-5 0.0001448564 0.0 0.0
-1.24448e-5 -7.07798e-5 0.0002867264 0.0 0.0
-1.1667e-5 -7.07798e-5 0.0001938087 0.0 0.0
-1.08892e-5 -7.07798e-5 0.000110344 0.0 0.0
-1.01114e-5 -7.07798e-5 0.0001775081 0.0 0.0
-9.3336e-6 -7.07798e-5 0.00015379 0.0 0.0
-8.5558e-6 -7.07798e-5 0.0002261737 0.0 0.0
-7.778e-6 -7.07798e-5 0.0001697524 0.0 0.0
-7.0002e-6 -7.07798e-5 0.0001976183 0.0 0.0
-6.2224e-6 -7.07798e-5 0.0001501705 0.0 0.0
-5.4446e-6 -7.07798e-5 0.0001554831 0.0 0.0
-4.6668e-6 -7.07798e-5 0.000148522 0.0 0.0
-3.889e-6 -7.07798e-5 0.0001562391 0.0 0.0
-3.1112e-6 -7.07798e-5 0.000195162 0.0 0.0
-2.3334e-6 -7.07798e-5 0.0002504512 0.0 0.0
-1.5556e-6 -7.07798e-5 0.0002862197 0.0 0.0
-7.778e-7 -7.07798e-5 0.0003509765 0.0 0.0
0.0 -7.07798e-5 0.0004032225 0.0 0.0
7.778e-7 -7.07798e-5 0.0004335186 0.0 0.0
1.5556e-6 -7.07798e-5 0.0004339494 0.0 0.0
2.3334e-6 -7.07798e-5 0.0003944566 0.0 0.0
3.1112e-6 -7.07798e-5 0.0003436759 0.0 0.0
3.889e-6 -7.07798e-5 0.0004518523 0.0 0.0
4.6668e-6 -7.07798e-5 0.0005145922 0.0 0.0
5.4446e-6 -7.07798e-5 0.0003915799 0.0 0.0
6.2224e-6 -7.07798e-5 0.0005280507 0.0 0.0
7.0002e-6 -7.07798e-5 0.0003508216 0.0 0.0
7.778e-6 -7.07798e-5 0.0003108429 0.0 0.0
8.5558e-6 -7.07798e-5 0.0002665381 0.0 0.0
9.3336e-6 -7.07798e-5 0.0002226363 0.0 0.0
1.01114e-5 -7.07798e-5 0.0001868174 0.0 0.0
1.08892e-5 -7.07798e-5 0.0001728666 0.0 0.0
1.1667e-5 -7.07798e-5 0.0001556981 0.0 0.0
1.24448e-5 -7.07798e-5 0.0001210638 0.0 0.0
1.32226e-5 -7.07798e-5 9.36975e-5 0.0 0.0
1.40004e-5 -7.07798e-5 7.34339e-5 0.0 0.0
1.47782e-5 -7.07798e-5 7.20524e-5 0.0 0.0
1.5556e-5 -7.07798e-5 0.0001198302 0.0 0.0
1.63338e-5 -7.07798e-5 8.86478e-5 0.0 0.0
1.71116e-5 -7.07798e-5 1.34272e-5 0.0 0.0
1.78894e-5 -7.07798e-5 3.1304e-6 0.0 0.0
1.86672e-5 -7.07798e-5 5.591e-7 0.0 0.0
-9.72251e-5 -7.0002e-5 0.0001833766 0.0 0.0
-9.64473e-5 -7.0002e-5 0.0005236138 0.0 0.0
-9.56695e-5 -7.0002e-5 0.0002929699 0.0 0.0
-9.48917e-5 -7.0002e-5 0.0014592341 0.0 0.0
-9.41139e-5 -7.0002e-5 0.003148327 0.0 0.0
-9.33361e-5 -7.0002e-5 0.0024269534 0.0 0.0
-9.25583e-5 -7.0002e-5 0.0026592577 0.0 0.0
-9.17805e-5 -7.0002e-5 0.0010731179 0.0 0.0
-9.10027e-5 -7.0002e-5 0.0008116252 0.0 0.0
-9.02249e-5 -7.0002e-5 0.0002656319 0.0 0.0
-8.94471e-5 -7.0002e-5 0.0007190062 0.0 0.0
-8.86693e-5 -7.0002e-5 0.0001790119 0.0 0.0
-8.78915e-5 -7.0002e-5 4.633e-5 0.0 0.0
-8.71137e-5 -7.0002e-5 0.0003960227 0.0 0.0
-8.63359e-5 -7.0002e-5 0.0001231284 0.0 0.0
-8.55581e-5 -7.0002e-5 0.0001538939 0.0 0.0
-8.47803e-5 -7.0002e-5 9.8395e-5 0.0 0.0
-8.40025e-5 -7.0002e-5 0.0001487913 0.0 0.0
-8.32246e-5 -7.0002e-5 0.0001324809 0.0 0.0
-8.24468e-5 -7.0002e-5 0.0003420924 0.0 0.0
-8.1669e-5 -7.0002e-5 0.0002477038 0.0 0.0
-8.08912e-5 -7.0002e-5 0.0001065559 0.0 0.0
-8.01134e-5 -7.0002e-5 0.0003479292 0.0 0.0
-7.93356e-5 -7.0002e-5 7.75632e-5 0.0 0.0
-7.85578e-5 -7.0002e-5 0.0003604753 0.0 0.0
-7.778e-5 -7.0002e-5 6.58418e-5 0.0 0.0
-7.70022e-5 -7.0002e-5 0.0002249446 0.0 0.0
-7.62244e-5 -7.0002e-5 2.18318e-5 0.0 0.0
-7.54466e-5 -7.0002e-5 0.0001149157 0.0 0.0
-7.46688e-5 -7.0002e-5 1.16893e-5 0.0 0.0
-7.3891e-5 -7.0002e-5 5.92526e-5 0.0 0.0
-7.31132e-5 -7.0002e-5 0.0005125411 0.0 0.0
-7.23354e-5 -7.0002e-5 4.55704e-5 0.0 0.0
-7.15576e-5 -7.0002e-5 0.000539903 0.0 0.0
-7.07798e-5 -7.0002e-5 9.60759e-5 0.0 0.0
-7.0002e-5 -7.0002e-5 0.0008969538 0.0 0.0
-6.92242e-5 -7.0002e-5 0.0002668512 0.0 0.0
-6.84464e-5 -7.0002e-5 0.0010606451 0.0 0.0
-6.76686e-5 -7.0002e-5 0.0004447908 0.0 0.0
-6.68908e-5 -7.0002e-5 0.0011557759 0.0 0.0
-6.6113e-5 -7.0002e-5 0.0003533879 0.0 0.0
-6.53352e-5 -7.0002e-5 0.0007099726 0.0 0.0
-6.45574e-5 -7.0002e-5 0.0001942445 0.0 0.0
-6.37796e-5 -7.0002e-5 0.0011095495 0.0 0.0
-6.30018e-5 -7.0002e-5 0.0003188735 0.0 0.0
-6.2224e-5 -7.0002e-5 0.0016251158 0.0 0.0
-6.14462e-5 -7.0002e-5 0.0009060939 0.0 0.0
-6.06684e-5 -7.0002e-5 0.0012850064 0.0 0.0
-5.98906e-5 -7.0002e-5 0.0018207166 0.0 0.0
-5.91128e-5 -7.0002e-5 0.0027197903 0.0 0.0
-5.8335e-5 -7.0002e-5 0.0020901687 0.0 0.0
-5.75572e-5 -7.0002e-5 0.0025712021 0.0 0.0
-5.67794e-5 -7.0002e-5 0.0028222605 0.0 0.0
-5.60016e-5 -7.0002e-5 0.0042712954 0.0 0.0
-5.52238e-5 -7.0002e-5 0.0052784016 0.0 0.0
-5.4446e-5 -7.0002e-5 0.0036942419 0.0 0.0
-5.36682e-5 -7.0002e-5 0.0030812662 0.0 0.0
-5.28904e-5 -7.0002e-5 0.0039707926 0.0 0.0
-5.21126e-5 -7.0002e-5 0.0024651096 0.0 0.0
-5.13348e-5 -7.0002e-5 0.0062857809 0.0 0.0
-5.0557e-5 -7.0002e-5 0.0152153388 0.0 0.0
-4.97792e-5 -7.0002e-5 0.0180811476 0.0 0.0
-4.90014e-5 -7.0002e-5 0.0210688997 0.0 0.0
-4.82236e-5 -7.0002e-5 0.0232162489 0.0 0.0
-4.74458e-5 -7.0002e-5 0.028834893 0.0 0.0
-4.6668e-5 -7.0002e-5 0.043036754 0.0 0.0
-4.58902e-5 -7.0002e-5 0.042664607 0.0 0.0
-4.51124e-5 -7.0002e-5 0.0406493727 0.0 0.0
-4.43346e-5 -7.0002e-5 0.0304014688 0.0 0.0
-4.35568e-5 -7.0002e-5 0.0222945279 0.0 0.0
-4.2779e-5 -7.0002e-5 0.0290552804 0.0 0.0
-4.20012e-5 -7.0002e-5 0.0275933759 0.0 0.0
-4.12234e-5 -7.0002e-5 0.0233992479 0.0 0.0
-4.04456e-5 -7.0002e-5 0.0200408352 0.0 0.0
-3.96678e-5 -7.0002e-5 0.0182235805 0.0 0.0
-3.889e-5 -7.0002e-5 0.0189125478 0.0 0.0
-3.81122e-5 -7.0002e-5 0.0194877945 0.0 0.0
-3.73344e-5 -7.0002e-5 0.0645845659 0.0 0.0
-3.65566e-5 -7.0002e-5 0.0783839239 0.0 0.0
-3.57788e-5 -7.0002e-5 0.0607958453 0.0 0.0
-3.5001e-5 -7.0002e-5 0.055713003 0.0 0.0
-3.42232e-5 -7.0002e-5 0.0472985024 0.0 0.0
-3.34454e-5 -7.0002e-5 0.0566085898 0.0 0.0
-3.26676e-5 -7.0002e-5 0.0700829319 0.0 0.0
-3.18898e-5 -7.0002e-5 0.1250877697 0.0 0.0
-3.1112e-5 -7.0002e-5 0.0415346142 0.0 0.0
-3.03342e-5 -7.0002e-5 0.0229004298 0.0 0.0
-2.95564e-5 -7.0002e-5 0.019633436 0.0 0.0
-2.87786e-5 -7.0002e-5 0.0254349772 0.0 0.0
-2.80008e-5 -7.0002e-5 0.0186868743 0.0 0.0
-2.7223e-5 -7.0002e-5 0.0101332991 0.0 0.0
-2.64452e-5 -7.0002e-5 0.0060574826 0.0 0.0
-2.56674e-5 -7.0002e-5 0.004311007 0.0 0.0
-2.48896e-5 -7.0002e-5 0.0042889728 0.0 0.0
-2.41118e-5 -7.0002e-5 0.0032088745 0.0 0.0
-2.3334e-5 -7.0002e-5 0.0013661227 0.0 0.0
-2.25562e-5 -7.0002e-5 0.0026486156 0.0 0.0
-2.17784e-5 -7.0002e-5 0.003229868 0.0 0.0
-2.10006e-5 -7.0002e-5 0.0024430783 0.0 0.0
-2.02228e-5 -7.0002e-5 0.0027286847 0.0 0.0
-1.9445e-5 -7.0002e-5 0.0031628626 0.0 0.0
-1.86672e-5 -7.0002e-5 0.0027232706 0.0 0.0
-1.78894e-5 -7.0002e-5 0.0035585813 0.0 0.0
-1.71116e-5 -7.0002e-5 0.0031515279 0.0 0.0
-1.63338e-5 -7.0002e-5 0.0040911512 0.0 0.0
-1.5556e-5 -7.0002e-5 0.0040775176 0.0 0.0
-1.47782e-5 -7.0002e-5 0.0007506355 0.0 0.0
-1.40004e-5 -7.0002e-5 0.0003182503 0.0 0.0
-1.32226e-5 -7.0002e-5 0.0001296888 0.0 0.0
-1.24448e-5 -7.0002e-5 0.0002780149 0.0 0.0
-1.1667e-5 -7.0002e-5 0.0001658505 0.0 0.0
-1.08892e-5 -7.0002e-5 0.0002628394 0.0 0.0
-1.01114e-5 -7.0002e-5 0.0001655792 0.0 0.0
-9.3336e-6 -7.0002e-5 0.0002363513 0.0 0.0
-8.5558e-6 -7.0002e-5 0.0001845813 0.0 0.0
-7.778e-6 -7.0002e-5 0.0002518759 0.0 0.0
-7.0002e-6 -7.0002e-5 0.0001773415 0.0 0.0
-6.2224e-6 -7.0002e-5 0.0001938744 0.0 0.0
-5.4446e-6 -7.0002e-5 0.0001379665 0.0 0.0
-4.6668e-6 -7.0002e-5 0.0001185767 0.0 0.0
-3.889e-6 -7.0002e-5 0.000147845 0.0 0.0
-3.1112e-6 -7.0002e-5 0.0001679111 0.0 0.0
-2.3334e-6 -7.0002e-5 0.0001765861 0.0 0.0
-1.5556e-6 -7.0002e-5 0.0002404989 0.0 0.0
-7.778e-7 -7.0002e-5 0.0003036933 0.0 0.0
0.0 -7.0002e-5 0.0003862115 0.0 0.0
7.778e-7 -7.0002e-5 0.0002894253 0.0 0.0
1.5556e-6 -7.0002e-5 0.0002992912 0.0 0.0
2.3334e-6 -7.0002e-5 0.0002702443 0.0 0.0
3.1112e-6 -7.0002e-5 0.0004141024 0.0 0.0
3.889e-6 -7.0002e-5 0.0003477057 0.0 0.0
4.6668e-6 -7.0002e-5 0.0004443767 0.0 0.0
5.4446e-6 -7.0002e-5 0.0005141243 0.0 0.0
6.2224e-6 -7.0002e-5 0.000365149 0.0 0.0
7.0002e-6 -7.0002e-5 0.0004777857 0.0 0.0
7.778e-6 -7.0002e-5 0.0003148034 0.0 0.0
8.5558e-6 -7.0002e-5 0.0003324321 0.0 0.0
9.3336e-6 -7.0002e-5 0.0002377195 0.0 0.0
1.01114e-5 -7.0002e-5 0.0002064627 0.0 0.0
1.08892e-5 -7.0002e-5 0.0001810052 0.0 0.0
1.1667e-5 -7.0002e-5 0.0001548869 0.0 0.0
1.24448e-5 -7.0002e-5 0.0001345128 0.0 0.0
1.32226e-5 -7.0002e-5 0.00011544 0.0 0.0
1.40004e-5 -7.0002e-5 9.06532e-5 0.0 0.0
1.47782e-5 -7.0002e-5 8.88746e-5 0.0 0.0
1.5556e-5 -7.0002e-5 6.52368e-5 0.0 0.0
1.63338e-5 -7.0002e-5 7.95243e-5 0.0 0.0
1.71116e-5 -7.0002e-5 6.66458e-5 0.0 0.0
1.78894e-5 -7.0002e-5 1.60821e-5 0.0 0.0
1.86672e-5 -7.0002e-5 1.8368e-6 0.0 0.0
-9.72251e-5 -6.92242e-5 9.41285e-5 0.0 0.0
-9.64473e-5 -6.92242e-5 0.0004155676 0.0 0.0
-9.56695e-5 -6.92242e-5 0.0012827074 0.0 0.0
-9.48917e-5 -6.92242e-5 0.0030225253 0.0 0.0
-9.41139e-5 -6.92242e-5 0.0024169159 0.0 0.0
-9.33361e-5 -6.92242e-5 0.001662378 0.0 0.0
-9.25583e-5 -6.92242e-5 0.001179688 0.0 0.0
-9.17805e-5 -6.92242e-5 0.0012701979 0.0 0.0
-9.10027e-5 -6.92242e-5 0.0003307479 0.0 0.0
-9.02249e-5 -6.92242e-5 0.0001024021 0.0 0.0
-8.94471e-5 -6.92242e-5 0.0006337817 0.0 0.0
-8.86693e-5 -6.92242e-5 0.0001089947 0.0 0.0
-8.78915e-5 -6.92242e-5 5.91773e-5 0.0 0.0
-8.71137e-5 -6.92242e-5 4.13951e-5 0.0 0.0
-8.63359e-5 -6.92242e-5 0.000315933 0.0 0.0
-8.55581e-5 -6.92242e-5 0.000312538 0.0 0.0
-8.47803e-5 -6.92242e-5 0.0002038451 0.0 0.0
-8.40025e-5 -6.92242e-5 0.0001110347 0.0 0.0
-8.32246e-5 -6.92242e-5 7.48912e-5 0.0 0.0
-8.24468e-5 -6.92242e-5 3.91303e-5 0.0 0.0
-8.1669e-5 -6.92242e-5 0.0001042066 0.0 0.0
-8.08912e-5 -6.92242e-5 2.58495e-5 0.0 0.0
-8.01134e-5 -6.92242e-5 9.57927e-5 0.0 0.0
-7.93356e-5 -6.92242e-5 1.59157e-5 0.0 0.0
-7.85578e-5 -6.92242e-5 2.25892e-5 0.0 0.0
-7.778e-5 -6.92242e-5 0.0002316678 0.0 0.0
-7.70022e-5 -6.92242e-5 8.0742e-6 0.0 0.0
-7.62244e-5 -6.92242e-5 0.0001090611 0.0 0.0
-7.54466e-5 -6.92242e-5 3.1338e-6 0.0 0.0
-7.46688e-5 -6.92242e-5 1.0873e-5 0.0 0.0
-7.3891e-5 -6.92242e-5 0.0003514129 0.0 0.0
-7.31132e-5 -6.92242e-5 1.9974e-6 0.0 0.0
-7.23354e-5 -6.92242e-5 4.43133e-5 0.0 0.0
-7.15576e-5 -6.92242e-5 7.7365e-5 0.0 0.0
-7.07798e-5 -6.92242e-5 0.0003963309 0.0 0.0
-7.0002e-5 -6.92242e-5 0.0005606701 0.0 0.0
-6.92242e-5 -6.92242e-5 0.000457093 0.0 0.0
-6.84464e-5 -6.92242e-5 0.0013803996 0.0 0.0
-6.76686e-5 -6.92242e-5 0.0004306087 0.0 0.0
-6.68908e-5 -6.92242e-5 0.0009935426 0.0 0.0
-6.6113e-5 -6.92242e-5 0.0001903912 0.0 0.0
-6.53352e-5 -6.92242e-5 0.0007710453 0.0 0.0
-6.45574e-5 -6.92242e-5 0.0002375208 0.0 0.0
-6.37796e-5 -6.92242e-5 0.0008814392 0.0 0.0
-6.30018e-5 -6.92242e-5 0.0007504366 0.0 0.0
-6.2224e-5 -6.92242e-5 0.0014729781 0.0 0.0
-6.14462e-5 -6.92242e-5 0.0014516129 0.0 0.0
-6.06684e-5 -6.92242e-5 0.0022505941 0.0 0.0
-5.98906e-5 -6.92242e-5 0.0021904509 0.0 0.0
-5.91128e-5 -6.92242e-5 0.0022151125 0.0 0.0
-5.8335e-5 -6.92242e-5 0.0042857856 0.0 0.0
-5.75572e-5 -6.92242e-5 0.0031858228 0.0 0.0
-5.67794e-5 -6.92242e-5 0.005663229 0.0 0.0
-5.60016e-5 -6.92242e-5 0.0024892029 0.0 0.0
-5.52238e-5 -6.92242e-5 0.0040067243 0.0 0.0
-5.4446e-5 -6.92242e-5 0.0013429292 0.0 0.0
-5.36682e-5 -6.92242e-5 0.0013674383 0.0 0.0
-5.28904e-5 -6.92242e-5 0.0127423656 0.0 0.0
-5.21126e-5 -6.92242e-5 0.0133851799 0.0 0.0
-5.13348e-5 -6.92242e-5 0.0128831611 0.0 0.0
-5.0557e-5 -6.92242e-5 0.0095275301 0.0 0.0
-4.97792e-5 -6.92242e-5 0.0085753245 0.0 0.0
-4.90014e-5 -6.92242e-5 0.0130775506 0.0 0.0
-4.82236e-5 -6.92242e-5 0.0111195734 0.0 0.0
-4.74458e-5 -6.92242e-5 0.0193242752 0.0 0.0
-4.6668e-5 -6.92242e-5 0.0240444803 0.0 0.0
-4.58902e-5 -6.92242e-5 0.0315361767 0.0 0.0
-4.51124e-5 -6.92242e-5 0.0539709203 0.0 0.0
-4.43346e-5 -6.92242e-5 0.0498431807 0.0 0.0
-4.35568e-5 -6.92242e-5 0.0331701967 0.0 0.0
-4.2779e-5 -6.92242e-5 0.0312217848 0.0 0.0
-4.20012e-5 -6.92242e-5 0.0295849097 0.0 0.0
-4.12234e-5 -6.92242e-5 0.0360288332 0.0 0.0
-4.04456e-5 -6.92242e-5 0.029405845 0.0 0.0
-3.96678e-5 -6.92242e-5 0.0245946545 0.0 0.0
-3.889e-5 -6.92242e-5 0.0222258297 0.0 0.0
-3.81122e-5 -6.92242e-5 0.0198878123 0.0 0.0
-3.73344e-5 -6.92242e-5 0.0194665965 0.0 0.0
-3.65566e-5 -6.92242e-5 0.0486167477 0.0 0.0
-3.57788e-5 -6.92242e-5 0.0646558453 0.0 0.0
-3.5001e-5 -6.92242e-5 0.0615736347 0.0 0.0
-3.42232e-5 -6.92242e-5 0.0600390733 0.0 0.0
-3.34454e-5 -6.92242e-5 0.0598287718 0.0 0.0
-3.26676e-5 -6.92242e-5 0.051333346 0.0 0.0
-3.18898e-5 -6.92242e-5 0.0621618993 0.0 0.0
-3.1112e-5 -6.92242e-5 0.134029372 0.0 0.0
-3.03342e-5 -6.92242e-5 0.0449699781 0.0 0.0
-2.95564e-5 -6.92242e-5 0.0266211314 0.0 0.0
-2.87786e-5 -6.92242e-5 0.0228706386 0.0 0.0
-2.80008e-5 -6.92242e-5 0.0278767636 0.0 0.0
-2.7223e-5 -6.92242e-5 0.0201800495 0.0 0.0
-2.64452e-5 -6.92242e-5 0.0126080084 0.0 0.0
-2.56674e-5 -6.92242e-5 0.0064027197 0.0 0.0
-2.48896e-5 -6.92242e-5 0.0038556151 0.0 0.0
-2.41118e-5 -6.92242e-5 0.0041413824 0.0 0.0
-2.3334e-5 -6.92242e-5 0.0029209233 0.0 0.0
-2.25562e-5 -6.92242e-5 0.0019872641 0.0 0.0
-2.17784e-5 -6.92242e-5 0.0027192372 0.0 0.0
-2.10006e-5 -6.92242e-5 0.0019201472 0.0 0.0
-2.02228e-5 -6.92242e-5 0.0033991849 0.0 0.0
-1.9445e-5 -6.92242e-5 0.0027766566 0.0 0.0
-1.86672e-5 -6.92242e-5 0.0041758453 0.0 0.0
-1.78894e-5 -6.92242e-5 0.0033737874 0.0 0.0
-1.71116e-5 -6.92242e-5 0.0031474736 0.0 0.0
-1.63338e-5 -6.92242e-5 0.0026232828 0.0 0.0
-1.5556e-5 -6.92242e-5 0.0030249928 0.0 0.0
-1.47782e-5 -6.92242e-5 0.0018784109 0.0 0.0
-1.40004e-5 -6.92242e-5 0.0003813826 0.0 0.0
-1.32226e-5 -6.92242e-5 0.0001490016 0.0 0.0
-1.24448e-5 -6.92242e-5 0.0002702917 0.0 0.0
-1.1667e-5 -6.92242e-5 0.0001227634 0.0 0.0
-1.08892e-5 -6.92242e-5 0.000178423 0.0 0.0
-1.01114e-5 -6.92242e-5 0.000138376 0.0 0.0
-9.3336e-6 -6.92242e-5 0.0002313807 0.0 0.0
-8.5558e-6 -6.92242e-5 0.0001275319 0.0 0.0
-7.778e-6 -6.92242e-5 0.000209387 0.0 0.0
-7.0002e-6 -6.92242e-5 0.0002783018 0.0 0.0
-6.2224e-6 -6.92242e-5 0.0001725618 0.0 0.0
-5.4446e-6 -6.92242e-5 0.0001673614 0.0 0.0
-4.6668e-6 -6.92242e-5 0.0001181854 0.0 0.0
-3.889e-6 -6.92242e-5 0.0001006779 0.0 0.0
-3.1112e-6 -6.92242e-5 0.0001184691 0.0 0.0
-2.3334e-6 -6.92242e-5 0.0001539058 0.0 0.0
-1.5556e-6 -6.92242e-5 0.0002041375 0.0 0.0
-7.778e-7 -6.92242e-5 0.0002625706 0.0 0.0
0.0 -6.92242e-5 0.0003711149 0.0 0.0
7.778e-7 -6.92242e-5 0.0003356923 0.0 0.0
1.5556e-6 -6.92242e-5 0.0003795168 0.0 0.0
2.3334e-6 -6.92242e-5 0.0003273768 0.0 0.0
3.1112e-6 -6.92242e-5 0.0002772176 0.0 0.0
3.889e-6 -6.92242e-5 0.0004244283 0.0 0.0
4.6668e-6 -6.92242e-5 0.0003195952 0.0 0.0
5.4446e-6 -6.92242e-5 0.0004204891 0.0 0.0
6.2224e-6 -6.92242e-5 0.0004679717 0.0 0.0
7.0002e-6 -6.92242e-5 0.0004514275 0.0 0.0
7.778e-6 -6.92242e-5 0.0004255869 0.0 0.0
8.5558e-6 -6.92242e-5 0.0003429872 0.0 0.0
9.3336e-6 -6.92242e-5 0.0003075717 0.0 0.0
1.01114e-5 -6.92242e-5 0.0002092063 0.0 0.0
1.08892e-5 -6.92242e-5 0.0001942699 0.0 0.0
1.1667e-5 -6.92242e-5 0.0001779994 0.0 0.0
1.24448e-5 -6.92242e-5 0.0001539974 0.0 0.0
1.32226e-5 -6.92242e-5 0.0001284135 0.0 0.0
1.40004e-5 -6.92242e-5 0.0001067644 0.0 0.0
1.47782e-5 -6.92242e-5 0.0001242282 0.0 0.0
1.5556e-5 -6.92242e-5 8.41998e-5 0.0 0.0
1.63338e-5 -6.92242e-5 6.18442e-5 0.0 0.0
1.71116e-5 -6.92242e-5 7.3683e-5 0.0 0.0
1.78894e-5 -6.92242e-5 5.74823e-5 0.0 0.0
1.86672e-5 -6.92242e-5 1.36382e-5 0.0 0.0
-9.72251e-5 -6.84464e-5 0.0004593698 0.0 0.0
-9.64473e-5 -6.84464e-5 0.002612145 0.0 0.0
-9.56695e-5 -6.84464e-5 0.0035561741 0.0 0.0
-9.48917e-5 -6.84464e-5 0.0031058642 0.0 0.0
-9.41139e-5 -6.84464e-5 0.0018008326 0.0 0.0
-9.33361e-5 -6.84464e-5 0.0013396018 0.0 0.0
-9.25583e-5 -6.84464e-5 0.0005616648 0.0 0.0
-9.17805e-5 -6.84464e-5 0.0004611029 0.0 0.0
-9.10027e-5 -6.84464e-5 0.000199185 0.0 0.0
-9.02249e-5 -6.84464e-5 4.01399e-5 0.0 0.0
-8.94471e-5 -6.84464e-5 0.0003307617 0.0 0.0
-8.86693e-5 -6.84464e-5 8.62452e-5 0.0 0.0
-8.78915e-5 -6.84464e-5 0.0001251922 0.0 0.0
-8.71137e-5 -6.84464e-5 6.41323e-5 0.0 0.0
-8.63359e-5 -6.84464e-5 5.95849e-5 0.0 0.0
-8.55581e-5 -6.84464e-5 0.0003984289 0.0 0.0
-8.47803e-5 -6.84464e-5 0.0002262239 0.0 0.0
-8.40025e-5 -6.84464e-5 9.00132e-5 0.0 0.0
-8.32246e-5 -6.84464e-5 3.30369e-5 0.0 0.0
-8.24468e-5 -6.84464e-5 0.000220196 0.0 0.0
-8.1669e-5 -6.84464e-5 1.50816e-5 0.0 0.0
-8.08912e-5 -6.84464e-5 7.92756e-5 0.0 0.0
-8.01134e-5 -6.84464e-5 8.4331e-6 0.0 0.0
-7.93356e-5 -6.84464e-5 7.2907e-6 0.0 0.0
-7.85578e-5 -6.84464e-5 0.0001485786 0.0 0.0
-7.778e-5 -6.84464e-5 2.6297e-6 0.0 0.0
-7.70022e-5 -6.84464e-5 4.32558e-5 0.0 0.0
-7.62244e-5 -6.84464e-5 7.738e-7 0.0 0.0
-7.54466e-5 -6.84464e-5 2.2882e-6 0.0 0.0
-7.46688e-5 -6.84464e-5 1.50162e-5 0.0 0.0
-7.3891e-5 -6.84464e-5 3.732e-7 0.0 0.0
-7.31132e-5 -6.84464e-5 1.99905e-5 0.0 0.0
-7.23354e-5 -6.84464e-5 0.0009477789 0.0 0.0
-7.15576e-5 -6.84464e-5 0.0002862459 0.0 0.0
-7.07798e-5 -6.84464e-5 0.0006348703 0.0 0.0
-7.0002e-5 -6.84464e-5 0.0003570019 0.0 0.0
-6.92242e-5 -6.84464e-5 0.0007112772 0.0 0.0
-6.84464e-5 -6.84464e-5 0.0004079441 0.0 0.0
-6.76686e-5 -6.84464e-5 0.0004774316 0.0 0.0
-6.68908e-5 -6.84464e-5 0.0015244655 0.0 0.0
-6.6113e-5 -6.84464e-5 0.0002938247 0.0 0.0
-6.53352e-5 -6.84464e-5 0.0013202894 0.0 0.0
-6.45574e-5 -6.84464e-5 0.0004531508 0.0 0.0
-6.37796e-5 -6.84464e-5 0.0017248969 0.0 0.0
-6.30018e-5 -6.84464e-5 0.0008644773 0.0 0.0
-6.2224e-5 -6.84464e-5 0.0022486707 0.0 0.0
-6.14462e-5 -6.84464e-5 0.0018013266 0.0 0.0
-6.06684e-5 -6.84464e-5 0.0024986828 0.0 0.0
-5.98906e-5 -6.84464e-5 0.0019162313 0.0 0.0
-5.91128e-5 -6.84464e-5 0.0032869881 0.0 0.0
-5.8335e-5 -6.84464e-5 0.0026828708 0.0 0.0
-5.75572e-5 -6.84464e-5 0.0025267559 0.0 0.0
-5.67794e-5 -6.84464e-5 0.0017048788 0.0 0.0
-5.60016e-5 -6.84464e-5 0.0027168758 0.0 0.0
-5.52238e-5 -6.84464e-5 0.0041170386 0.0 0.0
-5.4446e-5 -6.84464e-5 0.0137772012 0.0 0.0
-5.36682e-5 -6.84464e-5 0.014029918 0.0 0.0
-5.28904e-5 -6.84464e-5 0.0100837196 0.0 0.0
-5.21126e-5 -6.84464e-5 0.0073528311 0.0 0.0
-5.13348e-5 -6.84464e-5 0.0093282399 0.0 0.0
-5.0557e-5 -6.84464e-5 0.0080977015 0.0 0.0
-4.97792e-5 -6.84464e-5 0.0086467997 0.0 0.0
-4.90014e-5 -6.84464e-5 0.011310918 0.0 0.0
-4.82236e-5 -6.84464e-5 0.0113320366 0.0 0.0
-4.74458e-5 -6.84464e-5 0.0165377357 0.0 0.0
-4.6668e-5 -6.84464e-5 0.0178388831 0.0 0.0
-4.58902e-5 -6.84464e-5 0.0235761579 0.0 0.0
-4.51124e-5 -6.84464e-5 0.0408974204 0.0 0.0
-4.43346e-5 -6.84464e-5 0.0691459419 0.0 0.0
-4.35568e-5 -6.84464e-5 0.0469367607 0.0 0.0
-4.2779e-5 -6.84464e-5 0.0367892977 0.0 0.0
-4.20012e-5 -6.84464e-5 0.0312895049 0.0 0.0
-4.12234e-5 -6.84464e-5 0.0357419534 0.0 0.0
-4.04456e-5 -6.84464e-5 0.045168936 0.0 0.0
-3.96678e-5 -6.84464e-5 0.0256718701 0.0 0.0
-3.889e-5 -6.84464e-5 0.0265421916 0.0 0.0
-3.81122e-5 -6.84464e-5 0.0249769753 0.0 0.0
-3.73344e-5 -6.84464e-5 0.02224707 0.0 0.0
-3.65566e-5 -6.84464e-5 0.0184929008 0.0 0.0
-3.57788e-5 -6.84464e-5 0.0161381746 0.0 0.0
-3.5001e-5 -6.84464e-5 0.0708792224 0.0 0.0
-3.42232e-5 -6.84464e-5 0.0611030807 0.0 0.0
-3.34454e-5 -6.84464e-5 0.0543727101 0.0 0.0
-3.26676e-5 -6.84464e-5 0.0541552153 0.0 0.0
-3.18898e-5 -6.84464e-5 0.0613511913 0.0 0.0
-3.1112e-5 -6.84464e-5 0.0777881756 0.0 0.0
-3.03342e-5 -6.84464e-5 0.1256810439 0.0 0.0
-2.95564e-5 -6.84464e-5 0.0425112797 0.0 0.0
-2.87786e-5 -6.84464e-5 0.0299437203 0.0 0.0
-2.80008e-5 -6.84464e-5 0.0242566535 0.0 0.0
-2.7223e-5 -6.84464e-5 0.031091353 0.0 0.0
-2.64452e-5 -6.84464e-5 0.0180905465 0.0 0.0
-2.56674e-5 -6.84464e-5 0.0127291441 0.0 0.0
-2.48896e-5 -6.84464e-5 0.0090822961 0.0 0.0
-2.41118e-5 -6.84464e-5 0.004529509 0.0 0.0
-2.3334e-5 -6.84464e-5 0.0030382894 0.0 0.0
-2.25562e-5 -6.84464e-5 0.0029830715 0.0 0.0
-2.17784e-5 -6.84464e-5 0.0028409449 0.0 0.0
-2.10006e-5 -6.84464e-5 0.0022062587 0.0 0.0
-2.02228e-5 -6.84464e-5 0.002744729 0.0 0.0
-1.9445e-5 -6.84464e-5 0.0032949594 0.0 0.0
-1.86672e-5 -6.84464e-5 0.0038453174 0.0 0.0
-1.78894e-5 -6.84464e-5 0.0030058757 0.0 0.0
-1.71116e-5 -6.84464e-5 0.0037399766 0.0 0.0
-1.63338e-5 -6.84464e-5 0.0019474634 0.0 0.0
-1.5556e-5 -6.84464e-5 0.0048058359 0.0 0.0
-1.47782e-5 -6.84464e-5 0.0032877549 0.0 0.0
-1.40004e-5 -6.84464e-5 0.0008768893 0.0 0.0
-1.32226e-5 -6.84464e-5 0.0004512495 0.0 0.0
-1.24448e-5 -6.84464e-5 0.0002928543 0.0 0.0
-1.1667e-5 -6.84464e-5 0.0003604724 0.0 0.0
-1.08892e-5 -6.84464e-5 0.0002006337 0.0 0.0
-1.01114e-5 -6.84464e-5 0.0003157311 0.0 0.0
-9.3336e-6 -6.84464e-5 0.0001890963 0.0 0.0
-8.5558e-6 -6.84464e-5 0.0002620113 0.0 0.0
-7.778e-6 -6.84464e-5 0.0001615027 0.0 0.0
-7.0002e-6 -6.84464e-5 0.000218272 0.0 0.0
-6.2224e-6 -6.84464e-5 0.0001698175 0.0 0.0
-5.4446e-6 -6.84464e-5 0.0001710736 0.0 0.0
-4.6668e-6 -6.84464e-5 0.0001590832 0.0 0.0
-3.889e-6 -6.84464e-5 0.0001108813 0.0 0.0
-3.1112e-6 -6.84464e-5 0.0001090659 0.0 0.0
-2.3334e-6 -6.84464e-5 0.0001443571 0.0 0.0
-1.5556e-6 -6.84464e-5 0.0001877945 0.0 0.0
-7.778e-7 -6.84464e-5 0.0002427844 0.0 0.0
0.0 -6.84464e-5 0.0003139187 0.0 0.0
7.778e-7 -6.84464e-5 0.0003452491 0.0 0.0
1.5556e-6 -6.84464e-5 0.000377711 0.0 0.0
2.3334e-6 -6.84464e-5 0.0003976479 0.0 0.0
3.1112e-6 -6.84464e-5 0.0003963388 0.0 0.0
3.889e-6 -6.84464e-5 0.0002863921 0.0 0.0
4.6668e-6 -6.84464e-5 0.0004511113 0.0 0.0
5.4446e-6 -6.84464e-5 0.000320917 0.0 0.0
6.2224e-6 -6.84464e-5 0.0004073685 0.0 0.0
7.0002e-6 -6.84464e-5 0.0004355853 0.0 0.0
7.778e-6 -6.84464e-5 0.0004154192 0.0 0.0
8.5558e-6 -6.84464e-5 0.0003691644 0.0 0.0
9.3336e-6 -6.84464e-5 0.000302866 0.0 0.0
1.01114e-5 -6.84464e-5 0.0002700486 0.0 0.0
1.08892e-5 -6.84464e-5 0.0001892256 0.0 0.0
1.1667e-5 -6.84464e-5 0.0001854601 0.0 0.0
1.24448e-5 -6.84464e-5 0.0001643256 0.0 0.0
1.32226e-5 -6.84464e-5 0.000139195 0.0 0.0
1.40004e-5 -6.84464e-5 0.0001246781 0.0 0.0
1.47782e-5 -6.84464e-5 0.0001049793 0.0 0.0
1.5556e-5 -6.84464e-5 0.0001122166 0.0 0.0
1.63338e-5 -6.84464e-5 8.03928e-5 0.0 0.0
1.71116e-5 -6.84464e-5 6.11876e-5 0.0 0.0
1.78894e-5 -6.84464e-5 8.99987e-5 0.0 0.0
1.86672e-5 -6.84464e-5 4.89999e-5 0.0 0.0
-9.72251e-5 -6.76686e-5 0.0036497362 0.0 0.0
-9.64473e-5 -6.76686e-5 0.0037960868 0.0 0.0
-9.56695e-5 -6.76686e-5 0.0019892145 0.0 0.0
-9.48917e-5 -6.76686e-5 0.0018810452 0.0 0.0
-9.41139e-5 -6.76686e-5 0.0017809532 0.0 0.0
-9.33361e-5 -6.76686e-5 0.0006243306 0.0 0.0
-9.25583e-5 -6.76686e-5 0.0002335069 0.0 0.0
-9.17805e-5 -6.76686e-5 0.0002220911 0.0 0.0
-9.10027e-5 -6.76686e-5 9.14333e-5 0.0 0.0
-9.02249e-5 -6.76686e-5 2.56787e-5 0.0 0.0
-8.94471e-5 -6.76686e-5 0.0003170691 0.0 0.0
-8.86693e-5 -6.76686e-5 0.0002064967 0.0 0.0
-8.78915e-5 -6.76686e-5 0.0001596805 0.0 0.0
-8.71137e-5 -6.76686e-5 9.48567e-5 0.0 0.0
-8.63359e-5 -6.76686e-5 8.862e-5 0.0 0.0
-8.55581e-5 -6.76686e-5 3.40705e-5 0.0 0.0
-8.47803e-5 -6.76686e-5 0.0002354964 0.0 0.0
-8.40025e-5 -6.76686e-5 4.86125e-5 0.0 0.0
-8.32246e-5 -6.76686e-5 8.7047e-6 0.0 0.0
-8.24468e-5 -6.76686e-5 3.70514e-5 0.0 0.0
-8.1669e-5 -6.76686e-5 6.80793e-5 0.0 0.0
-8.08912e-5 -6.76686e-5 4.0511e-6 0.0 0.0
-8.01134e-5 -6.76686e-5 2.38147e-5 0.0 0.0
-7.93356e-5 -6.76686e-5 0.0003615615 0.0 0.0
-7.85578e-5 -6.76686e-5 8.126e-7 0.0 0.0
-7.778e-5 -6.76686e-5 3.42729e-5 0.0 0.0
-7.70022e-5 -6.76686e-5 0.0005311948 0.0 0.0
-7.62244e-5 -6.76686e-5 5.4644e-6 0.0 0.0
-7.54466e-5 -6.76686e-5 0.0001949403 0.0 0.0
-7.46688e-5 -6.76686e-5 6.16e-8 0.0 0.0
-7.3891e-5 -6.76686e-5 5.73187e-5 0.0 0.0
-7.31132e-5 -6.76686e-5 0.00074777 0.0 0.0
-7.23354e-5 -6.76686e-5 0.0002529838 0.0 0.0
-7.15576e-5 -6.76686e-5 0.000400201 0.0 0.0
-7.07798e-5 -6.76686e-5 0.0003958767 0.0 0.0
-7.0002e-5 -6.76686e-5 0.0005683218 0.0 0.0
-6.92242e-5 -6.76686e-5 0.0017761337 0.0 0.0
-6.84464e-5 -6.76686e-5 0.0004257987 0.0 0.0
-6.76686e-5 -6.76686e-5 0.0011203485 0.0 0.0
-6.68908e-5 -6.76686e-5 0.0001760159 0.0 0.0
-6.6113e-5 -6.76686e-5 0.0010347648 0.0 0.0
-6.53352e-5 -6.76686e-5 0.0005245003 0.0 0.0
-6.45574e-5 -6.76686e-5 0.0016812792 0.0 0.0
-6.37796e-5 -6.76686e-5 0.001064318 0.0 0.0
-6.30018e-5 -6.76686e-5 0.0023015682 0.0 0.0
-6.2224e-5 -6.76686e-5 0.0022043299 0.0 0.0
-6.14462e-5 -6.76686e-5 0.0022734911 0.0 0.0
-6.06684e-5 -6.76686e-5 0.0018290207 0.0 0.0
-5.98906e-5 -6.76686e-5 0.0029758805 0.0 0.0
-5.91128e-5 -6.76686e-5 0.0026761322 0.0 0.0
-5.8335e-5 -6.76686e-5 0.0038232335 0.0 0.0
-5.75572e-5 -6.76686e-5 0.0045531095 0.0 0.0
-5.67794e-5 -6.76686e-5 0.0089968839 0.0 0.0
-5.60016e-5 -6.76686e-5 0.0141833683 0.0 0.0
-5.52238e-5 -6.76686e-5 0.0113621297 0.0 0.0
-5.4446e-5 -6.76686e-5 0.0082874215 0.0 0.0
-5.36682e-5 -6.76686e-5 0.0083499823 0.0 0.0
-5.28904e-5 -6.76686e-5 0.0115287396 0.0 0.0
-5.21126e-5 -6.76686e-5 0.0084086152 0.0 0.0
-5.13348e-5 -6.76686e-5 0.0123987142 0.0 0.0
-5.0557e-5 -6.76686e-5 0.0107042709 0.0 0.0
-4.97792e-5 -6.76686e-5 0.0136484584 0.0 0.0
-4.90014e-5 -6.76686e-5 0.0138184524 0.0 0.0
-4.82236e-5 -6.76686e-5 0.012920115 0.0 0.0
-4.74458e-5 -6.76686e-5 0.0129378136 0.0 0.0
-4.6668e-5 -6.76686e-5 0.0195484577 0.0 0.0
-4.58902e-5 -6.76686e-5 0.0180771796 0.0 0.0
-4.51124e-5 -6.76686e-5 0.021542121 0.0 0.0
-4.43346e-5 -6.76686e-5 0.0400766438 0.0 0.0
-4.35568e-5 -6.76686e-5 0.0628911409 0.0 0.0
-4.2779e-5 -6.76686e-5 0.0457355113 0.0 0.0
-4.20012e-5 -6.76686e-5 0.0319599003 0.0 0.0
-4.12234e-5 -6.76686e-5 0.0288383414 0.0 0.0
-4.04456e-5 -6.76686e-5 0.0334389828 0.0 0.0
-3.96678e-5 -6.76686e-5 0.0544240249 0.0 0.0
-3.889e-5 -6.76686e-5 0.0291399516 0.0 0.0
-3.81122e-5 -6.76686e-5 0.0317164417 0.0 0.0
-3.73344e-5 -6.76686e-5 0.0276018953 0.0 0.0
-3.65566e-5 -6.76686e-5 0.0300735674 0.0 0.0
-3.57788e-5 -6.76686e-5 0.0249320426 0.0 0.0
-3.5001e-5 -6.76686e-5 0.0201916081 0.0 0.0
-3.42232e-5 -6.76686e-5 0.0678403245 0.0 0.0
-3.34454e-5 -6.76686e-5 0.0620613401 0.0 0.0
-3.26676e-5 -6.76686e-5 0.0670635513 0.0 0.0
-3.18898e-5 -6.76686e-5 0.0541801457 0.0 0.0
-3.1112e-5 -6.76686e-5 0.0530398874 0.0 0.0
-3.03342e-5 -6.76686e-5 0.1025628464 0.0 0.0
-2.95564e-5 -6.76686e-5 0.1122486149 0.0 0.0
-2.87786e-5 -6.76686e-5 0.0383052073 0.0 0.0
-2.80008e-5 -6.76686e-5 0.0281761474 0.0 0.0
-2.7223e-5 -6.76686e-5 0.0227201905 0.0 0.0
-2.64452e-5 -6.76686e-5 0.0265596892 0.0 0.0
-2.56674e-5 -6.76686e-5 0.0186622265 0.0 0.0
-2.48896e-5 -6.76686e-5 0.0149087536 0.0 0.0
-2.41118e-5 -6.76686e-5 0.0113685319 0.0 0.0
-2.3334e-5 -6.76686e-5 0.0041136792 0.0 0.0
-2.25562e-5 -6.76686e-5 0.002566673 0.0 0.0
-2.17784e-5 -6.76686e-5 0.0018530567 0.0 0.0
-2.10006e-5 -6.76686e-5 0.00264843 0.0 0.0
-2.02228e-5 -6.76686e-5 0.0021138637 0.0 0.0
-1.9445e-5 -6.76686e-5 0.0039205178 0.0 0.0
-1.86672e-5 -6.76686e-5 0.0031074928 0.0 0.0
-1.78894e-5 -6.76686e-5 0.0036839812 0.0 0.0
-1.71116e-5 -6.76686e-5 0.0035979094 0.0 0.0
-1.63338e-5 -6.76686e-5 0.0031742991 0.0 0.0
-1.5556e-5 -6.76686e-5 0.002328075 0.0 0.0
-1.47782e-5 -6.76686e-5 0.004089634 0.0 0.0
-1.40004e-5 -6.76686e-5 0.001467031 0.0 0.0
-1.32226e-5 -6.76686e-5 0.0003728597 0.0 0.0
-1.24448e-5 -6.76686e-5 0.000557205 0.0 0.0
-1.1667e-5 -6.76686e-5 0.0004463562 0.0 0.0
-1.08892e-5 -6.76686e-5 0.0001361409 0.0 0.0
-1.01114e-5 -6.76686e-5 0.0003007648 0.0 0.0
-9.3336e-6 -6.76686e-5 0.0001440346 0.0 0.0
-8.5558e-6 -6.76686e-5 0.0002446292 0.0 0.0
-7.778e-6 -6.76686e-5 0.0001336529 0.0 0.0
-7.0002e-6 -6.76686e-5 0.0001932419 0.0 0.0
-6.2224e-6 -6.76686e-5 0.0002481918 0.0 0.0
-5.4446e-6 -6.76686e-5 0.0001558421 0.0 0.0
-4.6668e-6 -6.76686e-5 0.00015205 0.0 0.0
-3.889e-6 -6.76686e-5 0.0001518103 0.0 0.0
-3.1112e-6 -6.76686e-5 0.0001277598 0.0 0.0
-2.3334e-6 -6.76686e-5 0.0001613081 0.0 0.0
-1.5556e-6 -6.76686e-5 0.0001478179 0.0 0.0
-7.778e-7 -6.76686e-5 0.0001852327 0.0 0.0
0.0 -6.76686e-5 0.0002449864 0.0 0.0
7.778e-7 -6.76686e-5 0.0003132232 0.0 0.0
1.5556e-6 -6.76686e-5 0.0003908931 0.0 0.0
2.3334e-6 -6.76686e-5 0.0003049374 0.0 0.0
3.1112e-6 -6.76686e-5 0.0002925747 0.0 0.0
3.889e-6 -6.76686e-5 0.0004030237 0.0 0.0
4.6668e-6 -6.76686e-5 0.0003095286 0.0 0.0
5.4446e-6 -6.76686e-5 0.0004507903 0.0 0.0
6.2224e-6 -6.76686e-5 0.0002988926 0.0 0.0
7.0002e-6 -6.76686e-5 0.0003802996 0.0 0.0
7.778e-6 -6.76686e-5 0.0003883696 0.0 0.0
8.5558e-6 -6.76686e-5 0.0003733145 0.0 0.0
9.3336e-6 -6.76686e-5 0.0003219177 0.0 0.0
1.01114e-5 -6.76686e-5 0.0002754261 0.0 0.0
1.08892e-5 -6.76686e-5 0.0002290724 0.0 0.0
1.1667e-5 -6.76686e-5 0.000202016 0.0 0.0
1.24448e-5 -6.76686e-5 0.0001817054 0.0 0.0
1.32226e-5 -6.76686e-5 0.0001595042 0.0 0.0
1.40004e-5 -6.76686e-5 0.0001378733 0.0 0.0
1.47782e-5 -6.76686e-5 0.0001238145 0.0 0.0
1.5556e-5 -6.76686e-5 8.94009e-5 0.0 0.0
1.63338e-5 -6.76686e-5 9.6949e-5 0.0 0.0
1.71116e-5 -6.76686e-5 7.62489e-5 0.0 0.0
1.78894e-5 -6.76686e-5 9.6945e-5 0.0 0.0
1.86672e-5 -6.76686e-5 9.79693e-5 0.0 0.0
-9.72251e-5 -6.68908e-5 0.002455528 0.0 0.0
-9.64473e-5 -6.68908e-5 0.0020885914 0.0 0.0
-9.56695e-5 -6.68908e-5 0.0022424439 0.0 0.0
-9.48917e-5 -6.68908e-5 0.0010335879 0.0 0.0
-9.41139e-5 -6.68908e-5 0.00074763 0.0 0.0
-9.33361e-5 -6.68908e-5 0.0002943233 0.0 0.0
-9.25583e-5 -6.68908e-5 9.81084e-5 0.0 0.0
-9.17805e-5 -6.68908e-5 0.0001412391 0.0 0.0
-9.10027e-5 -6.68908e-5 0.0001273039 0.0 0.0
-9.02249e-5 -6.68908e-5 3.92287e-5 0.0 0.0
-8.94471e-5 -6.68908e-5 3.23939e-5 0.0 0.0
-8.86693e-5 -6.68908e-5 0.0003555268 0.0 0.0
-8.78915e-5 -6.68908e-5 0.0002416126 0.0 0.0
-8.71137e-5 -6.68908e-5 0.0001875045 0.0 0.0
-8.63359e-5 -6.68908e-5 8.73062e-5 0.0 0.0
-8.55581e-5 -6.68908e-5 8.4126e-6 0.0 0.0
-8.47803e-5 -6.68908e-5 0.0001352693 0.0 0.0
-8.40025e-5 -6.68908e-5 5.5599e-6 0.0 0.0
-8.32246e-5 -6.68908e-5 6.62252e-5 0.0 0.0
-8.24468e-5 -6.68908e-5 1.6743e-6 0.0 0.0
-8.1669e-5 -6.68908e-5 6.6417e-6 0.0 0.0
-8.08912e-5 -6.68908e-5 6.83319e-5 0.0 0.0
-8.01134e-5 -6.68908e-5 2.28e-7 0.0 0.0
-7.93356e-5 -6.68908e-5 8.1702e-6 0.0 0.0
-7.85578e-5 -6.68908e-5 0.0003322707 0.0 0.0
-7.778e-5 -6.68908e-5 3.715e-7 0.0 0.0
-7.70022e-5 -6.68908e-5 1.83028e-5 0.0 0.0
-7.62244e-5 -6.68908e-5 0.0003940827 0.0 0.0
-7.54466e-5 -6.68908e-5 1.6148e-6 0.0 0.0
-7.46688e-5 -6.68908e-5 0.0002099134 0.0 0.0
-7.3891e-5 -6.68908e-5 3.06385e-5 0.0 0.0
-7.31132e-5 -6.68908e-5 0.0002441748 0.0 0.0
-7.23354e-5 -6.68908e-5 0.000257085 0.0 0.0
-7.15576e-5 -6.68908e-5 0.0003608287 0.0 0.0
-7.07798e-5 -6.68908e-5 0.0007552226 0.0 0.0
-7.0002e-5 -6.68908e-5 0.0004521921 0.0 0.0
-6.92242e-5 -6.68908e-5 0.0007618292 0.0 0.0
-6.84464e-5 -6.68908e-5 0.0001639614 0.0 0.0
-6.76686e-5 -6.68908e-5 0.0003188017 0.0 0.0
-6.68908e-5 -6.68908e-5 0.0003048522 0.0 0.0
-6.6113e-5 -6.68908e-5 0.000709845 0.0 0.0
-6.53352e-5 -6.68908e-5 0.0021669797 0.0 0.0
-6.45574e-5 -6.68908e-5 0.0014437645 0.0 0.0
-6.37796e-5 -6.68908e-5 0.0035569225 0.0 0.0
-6.30018e-5 -6.68908e-5 0.0021929391 0.0 0.0
-6.2224e-5 -6.68908e-5 0.0026998918 0.0 0.0
-6.14462e-5 -6.68908e-5 0.0023320857 0.0 0.0
-6.06684e-5 -6.68908e-5 0.0042081031 0.0 0.0
-5.98906e-5 -6.68908e-5 0.0034337542 0.0 0.0
-5.91128e-5 -6.68908e-5 0.011295569 0.0 0.0
-5.8335e-5 -6.68908e-5 0.0121394842 0.0 0.0
-5.75572e-5 -6.68908e-5 0.0126900585 0.0 0.0
-5.67794e-5 -6.68908e-5 0.012941787 0.0 0.0
-5.60016e-5 -6.68908e-5 0.0133033954 0.0 0.0
-5.52238e-5 -6.68908e-5 0.0102950031 0.0 0.0
-5.4446e-5 -6.68908e-5 0.0113618314 0.0 0.0
-5.36682e-5 -6.68908e-5 0.0090491342 0.0 0.0
-5.28904e-5 -6.68908e-5 0.0119197234 0.0 0.0
-5.21126e-5 -6.68908e-5 0.0145469655 0.0 0.0
-5.13348e-5 -6.68908e-5 0.0139003041 0.0 0.0
-5.0557e-5 -6.68908e-5 0.0129810832 0.0 0.0
-4.97792e-5 -6.68908e-5 0.015796577 0.0 0.0
-4.90014e-5 -6.68908e-5 0.013892036 0.0 0.0
-4.82236e-5 -6.68908e-5 0.0160835164 0.0 0.0
-4.74458e-5 -6.68908e-5 0.0165294715 0.0 0.0
-4.6668e-5 -6.68908e-5 0.018938822 0.0 0.0
-4.58902e-5 -6.68908e-5 0.0152277801 0.0 0.0
-4.51124e-5 -6.68908e-5 0.0221551153 0.0 0.0
-4.43346e-5 -6.68908e-5 0.0263612231 0.0 0.0
-4.35568e-5 -6.68908e-5 0.0478608066 0.0 0.0
-4.2779e-5 -6.68908e-5 0.067834725 0.0 0.0
-4.20012e-5 -6.68908e-5 0.0426712144 0.0 0.0
-4.12234e-5 -6.68908e-5 0.0329438265 0.0 0.0
-4.04456e-5 -6.68908e-5 0.0309730828 0.0 0.0
-3.96678e-5 -6.68908e-5 0.0348402789 0.0 0.0
-3.889e-5 -6.68908e-5 0.0570314786 0.0 0.0
-3.81122e-5 -6.68908e-5 0.0364108486 0.0 0.0
-3.73344e-5 -6.68908e-5 0.0292391159 0.0 0.0
-3.65566e-5 -6.68908e-5 0.0308964885 0.0 0.0
-3.57788e-5 -6.68908e-5 0.0347076529 0.0 0.0
-3.5001e-5 -6.68908e-5 0.033471842 0.0 0.0
-3.42232e-5 -6.68908e-5 0.0266615023 0.0 0.0
-3.34454e-5 -6.68908e-5 0.0841727176 0.0 0.0
-3.26676e-5 -6.68908e-5 0.0607152243 0.0 0.0
-3.18898e-5 -6.68908e-5 0.0603233311 0.0 0.0
-3.1112e-5 -6.68908e-5 0.0502800249 0.0 0.0
-3.03342e-5 -6.68908e-5 0.0560040264 0.0 0.0
-2.95564e-5 -6.68908e-5 0.1206500731 0.0 0.0
-2.87786e-5 -6.68908e-5 0.0965607537 0.0 0.0
-2.80008e-5 -6.68908e-5 0.0350154267 0.0 0.0
-2.7223e-5 -6.68908e-5 0.0245979179 0.0 0.0
-2.64452e-5 -6.68908e-5 0.0231999614 0.0 0.0
-2.56674e-5 -6.68908e-5 0.0288883743 0.0 0.0
-2.48896e-5 -6.68908e-5 0.0214251418 0.0 0.0
-2.41118e-5 -6.68908e-5 0.0136171286 0.0 0.0
-2.3334e-5 -6.68908e-5 0.0123890227 0.0 0.0
-2.25562e-5 -6.68908e-5 0.0052042242 0.0 0.0
-2.17784e-5 -6.68908e-5 0.0020791758 0.0 0.0
-2.10006e-5 -6.68908e-5 0.0015601006 0.0 0.0
-2.02228e-5 -6.68908e-5 0.0035823801 0.0 0.0
-1.9445e-5 -6.68908e-5 0.002824918 0.0 0.0
-1.86672e-5 -6.68908e-5 0.0036944142 0.0 0.0
-1.78894e-5 -6.68908e-5 0.0041659549 0.0 0.0
-1.71116e-5 -6.68908e-5 0.0032461906 0.0 0.0
-1.63338e-5 -6.68908e-5 0.0039863126 0.0 0.0
-1.5556e-5 -6.68908e-5 0.0032269491 0.0 0.0
-1.47782e-5 -6.68908e-5 0.0043393855 0.0 0.0
-1.40004e-5 -6.68908e-5 0.0023104526 0.0 0.0
-1.32226e-5 -6.68908e-5 0.0003609261 0.0 0.0
-1.24448e-5 -6.68908e-5 0.0005284457 0.0 0.0
-1.1667e-5 -6.68908e-5 0.0002161221 0.0 0.0
-1.08892e-5 -6.68908e-5 0.0006087517 0.0 0.0
-1.01114e-5 -6.68908e-5 0.0002396727 0.0 0.0
-9.3336e-6 -6.68908e-5 0.0004389753 0.0 0.0
-8.5558e-6 -6.68908e-5 0.0002121209 0.0 0.0
-7.778e-6 -6.68908e-5 0.0003461378 0.0 0.0
-7.0002e-6 -6.68908e-5 0.0001799801 0.0 0.0
-6.2224e-6 -6.68908e-5 0.0002410521 0.0 0.0
-5.4446e-6 -6.68908e-5 0.0002560977 0.0 0.0
-4.6668e-6 -6.68908e-5 0.0001598937 0.0 0.0
-3.889e-6 -6.68908e-5 0.0001526387 0.0 0.0
-3.1112e-6 -6.68908e-5 0.0001120537 0.0 0.0
-2.3334e-6 -6.68908e-5 0.0001173558 0.0 0.0
-1.5556e-6 -6.68908e-5 0.0001467334 0.0 0.0
-7.778e-7 -6.68908e-5 0.0001842206 0.0 0.0
0.0 -6.68908e-5 0.0002510171 0.0 0.0
7.778e-7 -6.68908e-5 0.000315751 0.0 0.0
1.5556e-6 -6.68908e-5 0.0004041429 0.0 0.0
2.3334e-6 -6.68908e-5 0.0003562095 0.0 0.0
3.1112e-6 -6.68908e-5 0.0003378846 0.0 0.0
3.889e-6 -6.68908e-5 0.0003269572 0.0 0.0
4.6668e-6 -6.68908e-5 0.0002150038 0.0 0.0
5.4446e-6 -6.68908e-5 0.0003567848 0.0 0.0
6.2224e-6 -6.68908e-5 0.0004495562 0.0 0.0
7.0002e-6 -6.68908e-5 0.0003079398 0.0 0.0
7.778e-6 -6.68908e-5 0.0003285583 0.0 0.0
8.5558e-6 -6.68908e-5 0.0003516596 0.0 0.0
9.3336e-6 -6.68908e-5 0.0003301984 0.0 0.0
1.01114e-5 -6.68908e-5 0.0002783175 0.0 0.0
1.08892e-5 -6.68908e-5 0.0002299713 0.0 0.0
1.1667e-5 -6.68908e-5 0.0002077996 0.0 0.0
1.24448e-5 -6.68908e-5 0.0001907021 0.0 0.0
1.32226e-5 -6.68908e-5 0.0001782049 0.0 0.0
1.40004e-5 -6.68908e-5 0.0001552451 0.0 0.0
1.47782e-5 -6.68908e-5 0.0001396593 0.0 0.0
1.5556e-5 -6.68908e-5 0.0001204194 0.0 0.0
1.63338e-5 -6.68908e-5 7.61199e-5 0.0 0.0
1.71116e-5 -6.68908e-5 9.13445e-5 0.0 0.0
1.78894e-5 -6.68908e-5 7.32505e-5 0.0 0.0
1.86672e-5 -6.68908e-5 7.9274e-5 0.0 0.0
-9.72251e-5 -6.6113e-5 0.0024187024 0.0 0.0
-9.64473e-5 -6.6113e-5 0.0024149178 0.0 0.0
-9.56695e-5 -6.6113e-5 0.0011304507 0.0 0.0
-9.48917e-5 -6.6113e-5 0.0012825164 0.0 0.0
-9.41139e-5 -6.6113e-5 0.0005040043 0.0 0.0
-9.33361e-5 -6.6113e-5 8.90058e-5 0.0 0.0
-9.25583e-5 -6.6113e-5 3.02052e-5 0.0 0.0
-9.17805e-5 -6.6113e-5 0.000155461 0.0 0.0
-9.10027e-5 -6.6113e-5 0.0002078742 0.0 0.0
-9.02249e-5 -6.6113e-5 4.13897e-5 0.0 0.0
-8.94471e-5 -6.6113e-5 5.99883e-5 0.0 0.0
-8.86693e-5 -6.6113e-5 3.26765e-5 0.0 0.0
-8.78915e-5 -6.6113e-5 1.32655e-5 0.0 0.0
-8.71137e-5 -6.6113e-5 0.0002375606 0.0 0.0
-8.63359e-5 -6.6113e-5 4.32408e-5 0.0 0.0
-8.55581e-5 -6.6113e-5 2.9029e-6 0.0 0.0
-8.47803e-5 -6.6113e-5 1.19167e-5 0.0 0.0
-8.40025e-5 -6.6113e-5 0.000213956 0.0 0.0
-8.32246e-5 -6.6113e-5 1.8921e-6 0.0 0.0
-8.24468e-5 -6.6113e-5 0.0001778181 0.0 0.0
-8.1669e-5 -6.6113e-5 3.2e-8 0.0 0.0
-8.08912e-5 -6.6113e-5 1.4318e-6 0.0 0.0
-8.01134e-5 -6.6113e-5 0.000170237 0.0 0.0
-7.93356e-5 -6.6113e-5 1.84e-8 0.0 0.0
-7.85578e-5 -6.6113e-5 1.94162e-5 0.0 0.0
-7.778e-5 -6.6113e-5 4.4e-9 0.0 0.0
-7.70022e-5 -6.6113e-5 1.9637e-6 0.0 0.0
-7.62244e-5 -6.6113e-5 0.0002266148 0.0 0.0
-7.54466e-5 -6.6113e-5 0.0007367572 0.0 0.0
-7.46688e-5 -6.6113e-5 2.59874e-5 0.0 0.0
-7.3891e-5 -6.6113e-5 0.0005648247 0.0 0.0
-7.31132e-5 -6.6113e-5 0.0002997261 0.0 0.0
-7.23354e-5 -6.6113e-5 0.0007519141 0.0 0.0
-7.15576e-5 -6.6113e-5 0.0004121791 0.0 0.0
-7.07798e-5 -6.6113e-5 0.0004744608 0.0 0.0
-7.0002e-5 -6.6113e-5 0.0014322423 0.0 0.0
-6.92242e-5 -6.6113e-5 0.000199549 0.0 0.0
-6.84464e-5 -6.6113e-5 0.001154812 0.0 0.0
-6.76686e-5 -6.6113e-5 0.0003952571 0.0 0.0
-6.68908e-5 -6.6113e-5 0.001734839 0.0 0.0
-6.6113e-5 -6.6113e-5 0.0009743011 0.0 0.0
-6.53352e-5 -6.6113e-5 0.0030034184 0.0 0.0
-6.45574e-5 -6.6113e-5 0.0026890014 0.0 0.0
-6.37796e-5 -6.6113e-5 0.0043829578 0.0 0.0
-6.30018e-5 -6.6113e-5 0.0029150273 0.0 0.0
-6.2224e-5 -6.6113e-5 0.0054915729 0.0 0.0
-6.14462e-5 -6.6113e-5 0.0049922329 0.0 0.0
-6.06684e-5 -6.6113e-5 0.01041152 0.0 0.0
-5.98906e-5 -6.6113e-5 0.017635678 0.0 0.0
-5.91128e-5 -6.6113e-5 0.0177696944 0.0 0.0
-5.8335e-5 -6.6113e-5 0.0146039122 0.0 0.0
-5.75572e-5 -6.6113e-5 0.0157886487 0.0 0.0
-5.67794e-5 -6.6113e-5 0.0126910033 0.0 0.0
-5.60016e-5 -6.6113e-5 0.0136376511 0.0 0.0
-5.52238e-5 -6.6113e-5 0.0112720941 0.0 0.0
-5.4446e-5 -6.6113e-5 0.0125272027 0.0 0.0
-5.36682e-5 -6.6113e-5 0.0154397204 0.0 0.0
-5.28904e-5 -6.6113e-5 0.0138121416 0.0 0.0
-5.21126e-5 -6.6113e-5 0.0159014425 0.0 0.0
-5.13348e-5 -6.6113e-5 0.0177071989 0.0 0.0
-5.0557e-5 -6.6113e-5 0.0131164704 0.0 0.0
-4.97792e-5 -6.6113e-5 0.0167142752 0.0 0.0
-4.90014e-5 -6.6113e-5 0.0195672568 0.0 0.0
-4.82236e-5 -6.6113e-5 0.01518266 0.0 0.0
-4.74458e-5 -6.6113e-5 0.0177026048 0.0 0.0
-4.6668e-5 -6.6113e-5 0.0138763628 0.0 0.0
-4.58902e-5 -6.6113e-5 0.0207640872 0.0 0.0
-4.51124e-5 -6.6113e-5 0.0172072841 0.0 0.0
-4.43346e-5 -6.6113e-5 0.023859632 0.0 0.0
-4.35568e-5 -6.6113e-5 0.0269969421 0.0 0.0
-4.2779e-5 -6.6113e-5 0.0452561283 0.0 0.0
-4.20012e-5 -6.6113e-5 0.0661462409 0.0 0.0
-4.12234e-5 -6.6113e-5 0.038099296 0.0 0.0
-4.04456e-5 -6.6113e-5 0.0408467045 0.0 0.0
-3.96678e-5 -6.6113e-5 0.0366834155 0.0 0.0
-3.889e-5 -6.6113e-5 0.0413717525 0.0 0.0
-3.81122e-5 -6.6113e-5 0.0630843656 0.0 0.0
-3.73344e-5 -6.6113e-5 0.041134448 0.0 0.0
-3.65566e-5 -6.6113e-5 0.0372004305 0.0 0.0
-3.57788e-5 -6.6113e-5 0.0401777378 0.0 0.0
-3.5001e-5 -6.6113e-5 0.0362962652 0.0 0.0
-3.42232e-5 -6.6113e-5 0.0378427228 0.0 0.0
-3.34454e-5 -6.6113e-5 0.0312074907 0.0 0.0
-3.26676e-5 -6.6113e-5 0.0905594059 0.0 0.0
-3.18898e-5 -6.6113e-5 0.0716962238 0.0 0.0
-3.1112e-5 -6.6113e-5 0.0684833763 0.0 0.0
-3.03342e-5 -6.6113e-5 0.0617450848 0.0 0.0
-2.95564e-5 -6.6113e-5 0.052838704 0.0 0.0
-2.87786e-5 -6.6113e-5 0.1452681156 0.0 0.0
-2.80008e-5 -6.6113e-5 0.0765081207 0.0 0.0
-2.7223e-5 -6.6113e-5 0.0329698424 0.0 0.0
-2.64452e-5 -6.6113e-5 0.0260998281 0.0 0.0
-2.56674e-5 -6.6113e-5 0.022421752 0.0 0.0
-2.48896e-5 -6.6113e-5 0.0269516718 0.0 0.0
-2.41118e-5 -6.6113e-5 0.0201578938 0.0 0.0
-2.3334e-5 -6.6113e-5 0.0146085551 0.0 0.0
-2.25562e-5 -6.6113e-5 0.0114386979 0.0 0.0
-2.17784e-5 -6.6113e-5 0.0064258965 0.0 0.0
-2.10006e-5 -6.6113e-5 0.0030752983 0.0 0.0
-2.02228e-5 -6.6113e-5 0.0022026238 0.0 0.0
-1.9445e-5 -6.6113e-5 0.0034948306 0.0 0.0
-1.86672e-5 -6.6113e-5 0.003924806 0.0 0.0
-1.78894e-5 -6.6113e-5 0.0033329082 0.0 0.0
-1.71116e-5 -6.6113e-5 0.0037413083 0.0 0.0
-1.63338e-5 -6.6113e-5 0.0036619085 0.0 0.0
-1.5556e-5 -6.6113e-5 0.0027052748 0.0 0.0
-1.47782e-5 -6.6113e-5 0.0038250401 0.0 0.0
-1.40004e-5 -6.6113e-5 0.0039247262 0.0 0.0
-1.32226e-5 -6.6113e-5 0.0009709264 0.0 0.0
-1.24448e-5 -6.6113e-5 0.0003100645 0.0 0.0
-1.1667e-5 -6.6113e-5 0.0006617947 0.0 0.0
-1.08892e-5 -6.6113e-5 0.0003480392 0.0 0.0
-1.01114e-5 -6.6113e-5 0.0002426047 0.0 0.0
-9.3336e-6 -6.6113e-5 0.0003950104 0.0 0.0
-8.5558e-6 -6.6113e-5 0.0002008847 0.0 0.0
-7.778e-6 -6.6113e-5 0.0003194106 0.0 0.0
-7.0002e-6 -6.6113e-5 0.0003658047 0.0 0.0
-6.2224e-6 -6.6113e-5 0.000199528 0.0 0.0
-5.4446e-6 -6.6113e-5 0.0002777703 0.0 0.0
-4.6668e-6 -6.6113e-5 0.0002589825 0.0 0.0
-3.889e-6 -6.6113e-5 0.0001604995 0.0 0.0
-3.1112e-6 -6.6113e-5 0.0001645083 0.0 0.0
-2.3334e-6 -6.6113e-5 0.0001359493 0.0 0.0
-1.5556e-6 -6.6113e-5 0.0001577813 0.0 0.0
-7.778e-7 -6.6113e-5 0.0002014803 0.0 0.0
0.0 -6.6113e-5 0.0002598125 0.0 0.0
7.778e-7 -6.6113e-5 0.000340727 0.0 0.0
1.5556e-6 -6.6113e-5 0.0004119858 0.0 0.0
2.3334e-6 -6.6113e-5 0.0004270975 0.0 0.0
3.1112e-6 -6.6113e-5 0.0004337801 0.0 0.0
3.889e-6 -6.6113e-5 0.0004029616 0.0 0.0
4.6668e-6 -6.6113e-5 0.0003470248 0.0 0.0
5.4446e-6 -6.6113e-5 0.0002288809 0.0 0.0
6.2224e-6 -6.6113e-5 0.0003539992 0.0 0.0
7.0002e-6 -6.6113e-5 0.0004308164 0.0 0.0
7.778e-6 -6.6113e-5 0.0002802962 0.0 0.0
8.5558e-6 -6.6113e-5 0.0002891982 0.0 0.0
9.3336e-6 -6.6113e-5 0.0003001849 0.0 0.0
1.01114e-5 -6.6113e-5 0.000280461 0.0 0.0
1.08892e-5 -6.6113e-5 0.0002776593 0.0 0.0
1.1667e-5 -6.6113e-5 0.0002088302 0.0 0.0
1.24448e-5 -6.6113e-5 0.0001807008 0.0 0.0
1.32226e-5 -6.6113e-5 0.000186527 0.0 0.0
1.40004e-5 -6.6113e-5 0.0001740192 0.0 0.0
1.47782e-5 -6.6113e-5 0.0001550361 0.0 0.0
1.5556e-5 -6.6113e-5 0.0001339998 0.0 0.0
1.63338e-5 -6.6113e-5 0.0001052547 0.0 0.0
1.71116e-5 -6.6113e-5 6.1606e-5 0.0 0.0
1.78894e-5 -6.6113e-5 8.47527e-5 0.0 0.0
1.86672e-5 -6.6113e-5 6.67952e-5 0.0 0.0
-9.72251e-5 -6.53352e-5 0.0014837987 0.0 0.0
-9.64473e-5 -6.53352e-5 0.0014732875 0.0 0.0
-9.56695e-5 -6.53352e-5 0.0004948107 0.0 0.0
-9.48917e-5 -6.53352e-5 0.0010075476 0.0 0.0
-9.41139e-5 -6.53352e-5 0.0003955115 0.0 0.0
-9.33361e-5 -6.53352e-5 6.12328e-5 0.0 0.0
-9.25583e-5 -6.53352e-5 2.25119e-5 0.0 0.0
-9.17805e-5 -6.53352e-5 9.8448e-6 0.0 0.0
-9.10027e-5 -6.53352e-5 0.0002468823 0.0 0.0
-9.02249e-5 -6.53352e-5 0.0001003036 0.0 0.0
-8.94471e-5 -6.53352e-5 6.04283e-5 0.0 0.0
-8.86693e-5 -6.53352e-5 2.95072e-5 0.0 0.0
-8.78915e-5 -6.53352e-5 7.4291e-6 0.0 0.0
-8.71137e-5 -6.53352e-5 0.000116532 0.0 0.0
-8.63359e-5 -6.53352e-5 6.6815e-6 0.0 0.0
-8.55581e-5 -6.53352e-5 0.0001167586 0.0 0.0
-8.47803e-5 -6.53352e-5 2.192e-7 0.0 0.0
-8.40025e-5 -6.53352e-5 1.97645e-5 0.0 0.0
-8.32246e-5 -6.53352e-5 3.22e-8 0.0 0.0
-8.24468e-5 -6.53352e-5 8.598e-7 0.0 0.0
-8.1669e-5 -6.53352e-5 0.0001970186 0.0 0.0
-8.08912e-5 -6.53352e-5 2.364e-7 0.0 0.0
-8.01134e-5 -6.53352e-5 6.27432e-5 0.0 0.0
-7.93356e-5 -6.53352e-5 7.6e-9 0.0 0.0
-7.85578e-5 -6.53352e-5 2.6986e-6 0.0 0.0
-7.778e-5 -6.53352e-5 0.0002421542 0.0 0.0
-7.70022e-5 -6.53352e-5 1.371e-7 0.0 0.0
-7.62244e-5 -6.53352e-5 0.0001212375 0.0 0.0
-7.54466e-5 -6.53352e-5 8.5304e-6 0.0 0.0
-7.46688e-5 -6.53352e-5 9.78187e-5 0.0 0.0
-7.3891e-5 -6.53352e-5 0.0007070765 0.0 0.0
-7.31132e-5 -6.53352e-5 0.0003088035 0.0 0.0
-7.23354e-5 -6.53352e-5 0.0007199525 0.0 0.0
-7.15576e-5 -6.53352e-5 0.0004341598 0.0 0.0
-7.07798e-5 -6.53352e-5 0.0007065478 0.0 0.0
-7.0002e-5 -6.53352e-5 0.0001709809 0.0 0.0
-6.92242e-5 -6.53352e-5 0.0005825145 0.0 0.0
-6.84464e-5 -6.53352e-5 0.0003916566 0.0 0.0
-6.76686e-5 -6.53352e-5 0.0014766817 0.0 0.0
-6.68908e-5 -6.53352e-5 0.0016273827 0.0 0.0
-6.6113e-5 -6.53352e-5 0.0040346779 0.0 0.0
-6.53352e-5 -6.53352e-5 0.00401461 0.0 0.0
-6.45574e-5 -6.53352e-5 0.0040148411 0.0 0.0
-6.37796e-5 -6.53352e-5 0.0069752282 0.0 0.0
-6.30018e-5 -6.53352e-5 0.0072631513 0.0 0.0
-6.2224e-5 -6.53352e-5 0.0073455564 0.0 0.0
-6.14462e-5 -6.53352e-5 0.011919927 0.0 0.0
-6.06684e-5 -6.53352e-5 0.0141676168 0.0 0.0
-5.98906e-5 -6.53352e-5 0.0156124439 0.0 0.0
-5.91128e-5 -6.53352e-5 0.0124604333 0.0 0.0
-5.8335e-5 -6.53352e-5 0.0144270652 0.0 0.0
-5.75572e-5 -6.53352e-5 0.0111923331 0.0 0.0
-5.67794e-5 -6.53352e-5 0.0128589861 0.0 0.0
-5.60016e-5 -6.53352e-5 0.009382602 0.0 0.0
-5.52238e-5 -6.53352e-5 0.0113185671 0.0 0.0
-5.4446e-5 -6.53352e-5 0.0147756542 0.0 0.0
-5.36682e-5 -6.53352e-5 0.0126982757 0.0 0.0
-5.28904e-5 -6.53352e-5 0.0147740404 0.0 0.0
-5.21126e-5 -6.53352e-5 0.0159501842 0.0 0.0
-5.13348e-5 -6.53352e-5 0.0176193384 0.0 0.0
-5.0557e-5 -6.53352e-5 0.0130613207 0.0 0.0
-4.97792e-5 -6.53352e-5 0.0150032843 0.0 0.0
-4.90014e-5 -6.53352e-5 0.0152199744 0.0 0.0
-4.82236e-5 -6.53352e-5 0.0203101736 0.0 0.0
-4.74458e-5 -6.53352e-5 0.0152707737 0.0 0.0
-4.6668e-5 -6.53352e-5 0.0160713248 0.0 0.0
-4.58902e-5 -6.53352e-5 0.0159539272 0.0 0.0
-4.51124e-5 -6.53352e-5 0.0133856556 0.0 0.0
-4.43346e-5 -6.53352e-5 0.0180770638 0.0 0.0
-4.35568e-5 -6.53352e-5 0.0164275006 0.0 0.0
-4.2779e-5 -6.53352e-5 0.0174808999 0.0 0.0
-4.20012e-5 -6.53352e-5 0.0600358364 0.0 0.0
-4.12234e-5 -6.53352e-5 0.0509120291 0.0 0.0
-4.04456e-5 -6.53352e-5 0.044155048 0.0 0.0
-3.96678e-5 -6.53352e-5 0.036856658 0.0 0.0
-3.889e-5 -6.53352e-5 0.0420033031 0.0 0.0
-3.81122e-5 -6.53352e-5 0.0483016272 0.0 0.0
-3.73344e-5 -6.53352e-5 0.0835980012 0.0 0.0
-3.65566e-5 -6.53352e-5 0.0413151076 0.0 0.0
-3.57788e-5 -6.53352e-5 0.0474307983 0.0 0.0
-3.5001e-5 -6.53352e-5 0.0416206104 0.0 0.0
-3.42232e-5 -6.53352e-5 0.0416108125 0.0 0.0
-3.34454e-5 -6.53352e-5 0.0463221885 0.0 0.0
-3.26676e-5 -6.53352e-5 0.0406001815 0.0 0.0
-3.18898e-5 -6.53352e-5 0.1019161323 0.0 0.0
-3.1112e-5 -6.53352e-5 0.0730659642 0.0 0.0
-3.03342e-5 -6.53352e-5 0.0671000828 0.0 0.0
-2.95564e-5 -6.53352e-5 0.0586959595 0.0 0.0
-2.87786e-5 -6.53352e-5 0.0595840064 0.0 0.0
-2.80008e-5 -6.53352e-5 0.1468554797 0.0 0.0
-2.7223e-5 -6.53352e-5 0.0610029561 0.0 0.0
-2.64452e-5 -6.53352e-5 0.0326568287 0.0 0.0
-2.56674e-5 -6.53352e-5 0.0260288353 0.0 0.0
-2.48896e-5 -6.53352e-5 0.0238760697 0.0 0.0
-2.41118e-5 -6.53352e-5 0.0279193454 0.0 0.0
-2.3334e-5 -6.53352e-5 0.0218774379 0.0 0.0
-2.25562e-5 -6.53352e-5 0.014776017 0.0 0.0
-2.17784e-5 -6.53352e-5 0.0096764852 0.0 0.0
-2.10006e-5 -6.53352e-5 0.0054272101 0.0 0.0
-2.02228e-5 -6.53352e-5 0.0026708269 0.0 0.0
-1.9445e-5 -6.53352e-5 0.0019268166 0.0 0.0
-1.86672e-5 -6.53352e-5 0.0025991112 0.0 0.0
-1.78894e-5 -6.53352e-5 0.0036066489 0.0 0.0
-1.71116e-5 -6.53352e-5 0.0042541422 0.0 0.0
-1.63338e-5 -6.53352e-5 0.0041965295 0.0 0.0
-1.5556e-5 -6.53352e-5 0.0044332819 0.0 0.0
-1.47782e-5 -6.53352e-5 0.0023342401 0.0 0.0
-1.40004e-5 -6.53352e-5 0.0052049521 0.0 0.0
-1.32226e-5 -6.53352e-5 0.0015440636 0.0 0.0
-1.24448e-5 -6.53352e-5 0.0008134105 0.0 0.0
-1.1667e-5 -6.53352e-5 0.0004817848 0.0 0.0
-1.08892e-5 -6.53352e-5 0.0002201599 0.0 0.0
-1.01114e-5 -6.53352e-5 0.0004935275 0.0 0.0
-9.3336e-6 -6.53352e-5 0.0003851505 0.0 0.0
-8.5558e-6 -6.53352e-5 0.0006063745 0.0 0.0
-7.778e-6 -6.53352e-5 0.000393854 0.0 0.0
-7.0002e-6 -6.53352e-5 0.0004466925 0.0 0.0
-6.2224e-6 -6.53352e-5 0.0004007704 0.0 0.0
-5.4446e-6 -6.53352e-5 0.0002470496 0.0 0.0
-4.6668e-6 -6.53352e-5 0.0002737373 0.0 0.0
-3.889e-6 -6.53352e-5 0.0002786058 0.0 0.0
-3.1112e-6 -6.53352e-5 0.0001657154 0.0 0.0
-2.3334e-6 -6.53352e-5 0.0001794566 0.0 0.0
-1.5556e-6 -6.53352e-5 0.0001854553 0.0 0.0
-7.778e-7 -6.53352e-5 0.0002308999 0.0 0.0
0.0 -6.53352e-5 0.0002826232 0.0 0.0
7.778e-7 -6.53352e-5 0.0002869333 0.0 0.0
1.5556e-6 -6.53352e-5 0.0003834584 0.0 0.0
2.3334e-6 -6.53352e-5 0.0004245323 0.0 0.0
3.1112e-6 -6.53352e-5 0.0002997889 0.0 0.0
3.889e-6 -6.53352e-5 0.000309231 0.0 0.0
4.6668e-6 -6.53352e-5 0.000200501 0.0 0.0
5.4446e-6 -6.53352e-5 0.00037873 0.0 0.0
6.2224e-6 -6.53352e-5 0.0002317712 0.0 0.0
7.0002e-6 -6.53352e-5 0.0003233808 0.0 0.0
7.778e-6 -6.53352e-5 0.0003969728 0.0 0.0
8.5558e-6 -6.53352e-5 0.0003886202 0.0 0.0
9.3336e-6 -6.53352e-5 0.0003942322 0.0 0.0
1.01114e-5 -6.53352e-5 0.0002656072 0.0 0.0
1.08892e-5 -6.53352e-5 0.0002995122 0.0 0.0
1.1667e-5 -6.53352e-5 0.0002490767 0.0 0.0
1.24448e-5 -6.53352e-5 0.0001776742 0.0 0.0
1.32226e-5 -6.53352e-5 0.000169163 0.0 0.0
1.40004e-5 -6.53352e-5 0.000191038 0.0 0.0
1.47782e-5 -6.53352e-5 0.0001744502 0.0 0.0
1.5556e-5 -6.53352e-5 0.0001478871 0.0 0.0
1.63338e-5 -6.53352e-5 0.0001245715 0.0 0.0
1.71116e-5 -6.53352e-5 8.08018e-5 0.0 0.0
1.78894e-5 -6.53352e-5 5.28564e-5 0.0 0.0
1.86672e-5 -6.53352e-5 7.7732e-5 0.0 0.0
-9.72251e-5 -6.45574e-5 0.0006373315 0.0 0.0
-9.64473e-5 -6.45574e-5 0.0006499908 0.0 0.0
-9.56695e-5 -6.45574e-5 0.0001712911 0.0 0.0
-9.48917e-5 -6.45574e-5 4.07238e-5 0.0 0.0
-9.41139e-5 -6.45574e-5 0.0003932987 0.0 0.0
-9.33361e-5 -6.45574e-5 0.0001207744 0.0 0.0
-9.25583e-5 -6.45574e-5 3.58413e-5 0.0 0.0
-9.17805e-5 -6.45574e-5 1.19567e-5 0.0 0.0
-9.10027e-5 -6.45574e-5 1.22157e-5 0.0 0.0
-9.02249e-5 -6.45574e-5 0.0002011585 0.0 0.0
-8.94471e-5 -6.45574e-5 7.99077e-5 0.0 0.0
-8.86693e-5 -6.45574e-5 1.59128e-5 0.0 0.0
-8.78915e-5 -6.45574e-5 1.5787e-6 0.0 0.0
-8.71137e-5 -6.45574e-5 2.467e-5 0.0 0.0
-8.63359e-5 -6.45574e-5 3.724e-7 0.0 0.0
-8.55581e-5 -6.45574e-5 1.27506e-5 0.0 0.0
-8.47803e-5 -6.45574e-5 0.0002215379 0.0 0.0
-8.40025e-5 -6.45574e-5 8.409e-7 0.0 0.0
-8.32246e-5 -6.45574e-5 4.28348e-5 0.0 0.0
-8.24468e-5 -6.45574e-5 2.943e-7 0.0 0.0
-8.1669e-5 -6.45574e-5 2.56151e-5 0.0 0.0
-8.08912e-5 -6.45574e-5 9.03e-7 0.0 0.0
-8.01134e-5 -6.45574e-5 4.80234e-5 0.0 0.0
-7.93356e-5 -6.45574e-5 0.0004807225 0.0 0.0
-7.85578e-5 -6.45574e-5 2.37302e-5 0.0 0.0
-7.778e-5 -6.45574e-5 0.0001457117 0.0 0.0
-7.70022e-5 -6.45574e-5 1.5788e-6 0.0 0.0
-7.62244e-5 -6.45574e-5 0.000188474 0.0 0.0
-7.54466e-5 -6.45574e-5 5.38125e-5 0.0 0.0
-7.46688e-5 -6.45574e-5 0.0003746284 0.0 0.0
-7.3891e-5 -6.45574e-5 0.0012255416 0.0 0.0
-7.31132e-5 -6.45574e-5 0.0007437731 0.0 0.0
-7.23354e-5 -6.45574e-5 0.0004992412 0.0 0.0
-7.15576e-5 -6.45574e-5 0.0006617296 0.0 0.0
-7.07798e-5 -6.45574e-5 0.0015658513 0.0 0.0
-7.0002e-5 -6.45574e-5 0.0007875689 0.0 0.0
-6.92242e-5 -6.45574e-5 0.0007267474 0.0 0.0
-6.84464e-5 -6.45574e-5 0.0035413444 0.0 0.0
-6.76686e-5 -6.45574e-5 0.0036035092 0.0 0.0
-6.68908e-5 -6.45574e-5 0.0049260779 0.0 0.0
-6.6113e-5 -6.45574e-5 0.0051978428 0.0 0.0
-6.53352e-5 -6.45574e-5 0.0045287691 0.0 0.0
-6.45574e-5 -6.45574e-5 0.0067599127 0.0 0.0
-6.37796e-5 -6.45574e-5 0.0066264206 0.0 0.0
-6.30018e-5 -6.45574e-5 0.0088442274 0.0 0.0
-6.2224e-5 -6.45574e-5 0.013387355 0.0 0.0
-6.14462e-5 -6.45574e-5 0.013946682 0.0 0.0
-6.06684e-5 -6.45574e-5 0.016990082 0.0 0.0
-5.98906e-5 -6.45574e-5 0.0129777393 0.0 0.0
-5.91128e-5 -6.45574e-5 0.0138504329 0.0 0.0
-5.8335e-5 -6.45574e-5 0.0101106307 0.0 0.0
-5.75572e-5 -6.45574e-5 0.0126089584 0.0 0.0
-5.67794e-5 -6.45574e-5 0.009183773 0.0 0.0
-5.60016e-5 -6.45574e-5 0.0130300078 0.0 0.0
-5.52238e-5 -6.45574e-5 0.010974617 0.0 0.0
-5.4446e-5 -6.45574e-5 0.0139030541 0.0 0.0
-5.36682e-5 -6.45574e-5 0.0169830447 0.0 0.0
-5.28904e-5 -6.45574e-5 0.0125221537 0.0 0.0
-5.21126e-5 -6.45574e-5 0.0155322773 0.0 0.0
-5.13348e-5 -6.45574e-5 0.0182190982 0.0 0.0
-5.0557e-5 -6.45574e-5 0.0127842353 0.0 0.0
-4.97792e-5 -6.45574e-5 0.0138717279 0.0 0.0
-4.90014e-5 -6.45574e-5 0.0148635853 0.0 0.0
-4.82236e-5 -6.45574e-5 0.014376527 0.0 0.0
-4.74458e-5 -6.45574e-5 0.017121422 0.0 0.0
-4.6668e-5 -6.45574e-5 0.0147840851 0.0 0.0
-4.58902e-5 -6.45574e-5 0.0174097365 0.0 0.0
-4.51124e-5 -6.45574e-5 0.0133917652 0.0 0.0
-4.43346e-5 -6.45574e-5 0.0170294356 0.0 0.0
-4.35568e-5 -6.45574e-5 0.0177596095 0.0 0.0
-4.2779e-5 -6.45574e-5 0.0155035554 0.0 0.0
-4.20012e-5 -6.45574e-5 0.0212024923 0.0 0.0
-4.12234e-5 -6.45574e-5 0.0767979555 0.0 0.0
-4.04456e-5 -6.45574e-5 0.0423889937 0.0 0.0
-3.96678e-5 -6.45574e-5 0.0300696896 0.0 0.0
-3.889e-5 -6.45574e-5 0.0347604046 0.0 0.0
-3.81122e-5 -6.45574e-5 0.0436286282 0.0 0.0
-3.73344e-5 -6.45574e-5 0.054630309 0.0 0.0
-3.65566e-5 -6.45574e-5 0.0783587092 0.0 0.0
-3.57788e-5 -6.45574e-5 0.0505197102 0.0 0.0
-3.5001e-5 -6.45574e-5 0.0490649577 0.0 0.0
-3.42232e-5 -6.45574e-5 0.0564775509 0.0 0.0
-3.34454e-5 -6.45574e-5 0.0478925365 0.0 0.0
-3.26676e-5 -6.45574e-5 0.0517273842 0.0 0.0
-3.18898e-5 -6.45574e-5 0.0384949287 0.0 0.0
-3.1112e-5 -6.45574e-5 0.090951752 0.0 0.0
-3.03342e-5 -6.45574e-5 0.0797642345 0.0 0.0
-2.95564e-5 -6.45574e-5 0.0738984675 0.0 0.0
-2.87786e-5 -6.45574e-5 0.0609713637 0.0 0.0
-2.80008e-5 -6.45574e-5 0.1372913077 0.0 0.0
-2.7223e-5 -6.45574e-5 0.1580478591 0.0 0.0
-2.64452e-5 -6.45574e-5 0.0451258277 0.0 0.0
-2.56674e-5 -6.45574e-5 0.0313604049 0.0 0.0
-2.48896e-5 -6.45574e-5 0.0282329648 0.0 0.0
-2.41118e-5 -6.45574e-5 0.0223103763 0.0 0.0
-2.3334e-5 -6.45574e-5 0.0271313021 0.0 0.0
-2.25562e-5 -6.45574e-5 0.0184972131 0.0 0.0
-2.17784e-5 -6.45574e-5 0.0134116514 0.0 0.0
-2.10006e-5 -6.45574e-5 0.0093937595 0.0 0.0
-2.02228e-5 -6.45574e-5 0.0022321226 0.0 0.0
-1.9445e-5 -6.45574e-5 0.003569822 0.0 0.0
-1.86672e-5 -6.45574e-5 0.002713824 0.0 0.0
-1.78894e-5 -6.45574e-5 0.0024071134 0.0 0.0
-1.71116e-5 -6.45574e-5 0.0045705033 0.0 0.0
-1.63338e-5 -6.45574e-5 0.0034405971 0.0 0.0
-1.5556e-5 -6.45574e-5 0.0043787012 0.0 0.0
-1.47782e-5 -6.45574e-5 0.0037661127 0.0 0.0
-1.40004e-5 -6.45574e-5 0.0054101349 0.0 0.0
-1.32226e-5 -6.45574e-5 0.0022834874 0.0 0.0
-1.24448e-5 -6.45574e-5 0.0008577967 0.0 0.0
-1.1667e-5 -6.45574e-5 0.0002828814 0.0 0.0
-1.08892e-5 -6.45574e-5 0.0006569275 0.0 0.0
-1.01114e-5 -6.45574e-5 0.0003893088 0.0 0.0
-9.3336e-6 -6.45574e-5 0.0006359497 0.0 0.0
-8.5558e-6 -6.45574e-5 0.0005454005 0.0 0.0
-7.778e-6 -6.45574e-5 0.000356956 0.0 0.0
-7.0002e-6 -6.45574e-5 0.000483266 0.0 0.0
-6.2224e-6 -6.45574e-5 0.0004684848 0.0 0.0
-5.4446e-6 -6.45574e-5 0.0002070705 0.0 0.0
-4.6668e-6 -6.45574e-5 0.0003069224 0.0 0.0
-3.889e-6 -6.45574e-5 0.0002872149 0.0 0.0
-3.1112e-6 -6.45574e-5 0.0002525627 0.0 0.0
-2.3334e-6 -6.45574e-5 0.0001884628 0.0 0.0
-1.5556e-6 -6.45574e-5 0.000163472 0.0 0.0
-7.778e-7 -6.45574e-5 0.0001877188 0.0 0.0
0.0 -6.45574e-5 0.0002382718 0.0 0.0
7.778e-7 -6.45574e-5 0.0002994339 0.0 0.0
1.5556e-6 -6.45574e-5 0.0003943765 0.0 0.0
2.3334e-6 -6.45574e-5 0.000500805 0.0 0.0
3.1112e-6 -6.45574e-5 0.0004653879 0.0 0.0
3.889e-6 -6.45574e-5 0.0001960738 0.0 0.0
4.6668e-6 -6.45574e-5 0.0003966403 0.0 0.0
5.4446e-6 -6.45574e-5 0.0002286949 0.0 0.0
6.2224e-6 -6.45574e-5 0.0003868634 0.0 0.0
7.0002e-6 -6.45574e-5 0.000229376 0.0 0.0
7.778e-6 -6.45574e-5 0.0003060622 0.0 0.0
8.5558e-6 -6.45574e-5 0.0003386921 0.0 0.0
9.3336e-6 -6.45574e-5 0.0003510426 0.0 0.0
1.01114e-5 -6.45574e-5 0.0003501768 0.0 0.0
1.08892e-5 -6.45574e-5 0.0002879033 0.0 0.0
1.1667e-5 -6.45574e-5 0.0002320515 0.0 0.0
1.24448e-5 -6.45574e-5 0.0002066705 0.0 0.0
1.32226e-5 -6.45574e-5 0.000189759 0.0 0.0
1.40004e-5 -6.45574e-5 0.0001703713 0.0 0.0
1.47782e-5 -6.45574e-5 0.0001676365 0.0 0.0
1.5556e-5 -6.45574e-5 0.0001596673 0.0 0.0
1.63338e-5 -6.45574e-5 0.000100014 0.0 0.0
1.71116e-5 -6.45574e-5 0.0001115652 0.0 0.0
1.78894e-5 -6.45574e-5 7.07001e-5 0.0 0.0
1.86672e-5 -6.45574e-5 4.6544e-5 0.0 0.0
-9.72251e-5 -6.37796e-5 0.0002341253 0.0 0.0
-9.64473e-5 -6.37796e-5 0.0004996074 0.0 0.0
-9.56695e-5 -6.37796e-5 0.0001083167 0.0 0.0
-9.48917e-5 -6.37796e-5 2.83063e-5 0.0 0.0
-9.41139e-5 -6.37796e-5 3.1462e-6 0.0 0.0
-9.33361e-5 -6.37796e-5 3.7054e-6 0.0 0.0
-9.25583e-5 -6.37796e-5 6.29577e-5 0.0 0.0
-9.17805e-5 -6.37796e-5 2.59093e-5 0.0 0.0
-9.10027e-5 -6.37796e-5 6.4508e-6 0.0 0.0
-9.02249e-5 -6.37796e-5 0.0001288633 0.0 0.0
-8.94471e-5 -6.37796e-5 2.98952e-5 0.0 0.0
-8.86693e-5 -6.37796e-5 7.9806e-6 0.0 0.0
-8.78915e-5 -6.37796e-5 0.0001109785 0.0 0.0
-8.71137e-5 -6.37796e-5 1.4491e-6 0.0 0.0
-8.63359e-5 -6.37796e-5 0.0002030406 0.0 0.0
-8.55581e-5 -6.37796e-5 6.262e-7 0.0 0.0
-8.47803e-5 -6.37796e-5 8.29593e-5 0.0 0.0
-8.40025e-5 -6.37796e-5 2.77e-8 0.0 0.0
-8.32246e-5 -6.37796e-5 0.0001892903 0.0 0.0
-8.24468e-5 -6.37796e-5 2.243e-7 0.0 0.0
-8.1669e-5 -6.37796e-5 6.08908e-5 0.0 0.0
-8.08912e-5 -6.37796e-5 2.745e-7 0.0 0.0
-8.01134e-5 -6.37796e-5 7.16691e-5 0.0 0.0
-7.93356e-5 -6.37796e-5 3.16e-8 0.0 0.0
-7.85578e-5 -6.37796e-5 0.0001385252 0.0 0.0
-7.778e-5 -6.37796e-5 2.857e-7 0.0 0.0
-7.70022e-5 -6.37796e-5 0.0001283123 0.0 0.0
-7.62244e-5 -6.37796e-5 0.0008824348 0.0 0.0
-7.54466e-5 -6.37796e-5 0.0003685673 0.0 0.0
-7.46688e-5 -6.37796e-5 0.0014852789 0.0 0.0
-7.3891e-5 -6.37796e-5 0.0007023939 0.0 0.0
-7.31132e-5 -6.37796e-5 0.0005123702 0.0 0.0
-7.23354e-5 -6.37796e-5 0.0013541207 0.0 0.0
-7.15576e-5 -6.37796e-5 0.0005276933 0.0 0.0
-7.07798e-5 -6.37796e-5 0.0025500632 0.0 0.0
-7.0002e-5 -6.37796e-5 0.0022657598 0.0 0.0
-6.92242e-5 -6.37796e-5 0.0034004485 0.0 0.0
-6.84464e-5 -6.37796e-5 0.0032037298 0.0 0.0
-6.76686e-5 -6.37796e-5 0.0066262501 0.0 0.0
-6.68908e-5 -6.37796e-5 0.006313406 0.0 0.0
-6.6113e-5 -6.37796e-5 0.0051636482 0.0 0.0
-6.53352e-5 -6.37796e-5 0.0076347597 0.0 0.0
-6.45574e-5 -6.37796e-5 0.0065654763 0.0 0.0
-6.37796e-5 -6.37796e-5 0.0103726548 0.0 0.0
-6.30018e-5 -6.37796e-5 0.0106867098 0.0 0.0
-6.2224e-5 -6.37796e-5 0.0155852187 0.0 0.0
-6.14462e-5 -6.37796e-5 0.0125267751 0.0 0.0
-6.06684e-5 -6.37796e-5 0.0138281863 0.0 0.0
-5.98906e-5 -6.37796e-5 0.0088641301 0.0 0.0
-5.91128e-5 -6.37796e-5 0.0103969801 0.0 0.0
-5.8335e-5 -6.37796e-5 0.0073006712 0.0 0.0
-5.75572e-5 -6.37796e-5 0.0110961617 0.0 0.0
-5.67794e-5 -6.37796e-5 0.0144610624 0.0 0.0
-5.60016e-5 -6.37796e-5 0.0128613175 0.0 0.0
-5.52238e-5 -6.37796e-5 0.0163366688 0.0 0.0
-5.4446e-5 -6.37796e-5 0.0125250436 0.0 0.0
-5.36682e-5 -6.37796e-5 0.0145874383 0.0 0.0
-5.28904e-5 -6.37796e-5 0.0113720078 0.0 0.0
-5.21126e-5 -6.37796e-5 0.0142026111 0.0 0.0
-5.13348e-5 -6.37796e-5 0.0187249846 0.0 0.0
-5.0557e-5 -6.37796e-5 0.021785318 0.0 0.0
-4.97792e-5 -6.37796e-5 0.0146891791 0.0 0.0
-4.90014e-5 -6.37796e-5 0.0141386842 0.0 0.0
-4.82236e-5 -6.37796e-5 0.0165220057 0.0 0.0
-4.74458e-5 -6.37796e-5 0.0185828842 0.0 0.0
-4.6668e-5 -6.37796e-5 0.0148216175 0.0 0.0
-4.58902e-5 -6.37796e-5 0.0164845122 0.0 0.0
-4.51124e-5 -6.37796e-5 0.0177962885 0.0 0.0
-4.43346e-5 -6.37796e-5 0.0214758167 0.0 0.0
-4.35568e-5 -6.37796e-5 0.0197585166 0.0 0.0
-4.2779e-5 -6.37796e-5 0.0155508929 0.0 0.0
-4.20012e-5 -6.37796e-5 0.0189173042 0.0 0.0
-4.12234e-5 -6.37796e-5 0.0248816669 0.0 0.0
-4.04456e-5 -6.37796e-5 0.0889683211 0.0 0.0
-3.96678e-5 -6.37796e-5 0.0320553364 0.0 0.0
-3.889e-5 -6.37796e-5 0.0379861915 0.0 0.0
-3.81122e-5 -6.37796e-5 0.0293710172 0.0 0.0
-3.73344e-5 -6.37796e-5 0.0463155478 0.0 0.0
-3.65566e-5 -6.37796e-5 0.0625675003 0.0 0.0
-3.57788e-5 -6.37796e-5 0.0701862203 0.0 0.0
-3.5001e-5 -6.37796e-5 0.0498672958 0.0 0.0
-3.42232e-5 -6.37796e-5 0.0634126981 0.0 0.0
-3.34454e-5 -6.37796e-5 0.0662575333 0.0 0.0
-3.26676e-5 -6.37796e-5 0.0569269241 0.0 0.0
-3.18898e-5 -6.37796e-5 0.0473396851 0.0 0.0
-3.1112e-5 -6.37796e-5 0.0433968512 0.0 0.0
-3.03342e-5 -6.37796e-5 0.1164733768 0.0 0.0
-2.95564e-5 -6.37796e-5 0.0714584583 0.0 0.0
-2.87786e-5 -6.37796e-5 0.0796877453 0.0 0.0
-2.80008e-5 -6.37796e-5 0.0676019015 0.0 0.0
-2.7223e-5 -6.37796e-5 0.1382541888 0.0 0.0
-2.64452e-5 -6.37796e-5 0.1184649102 0.0 0.0
-2.56674e-5 -6.37796e-5 0.0415997771 0.0 0.0
-2.48896e-5 -6.37796e-5 0.0338307993 0.0 0.0
-2.41118e-5 -6.37796e-5 0.0261779114 0.0 0.0
-2.3334e-5 -6.37796e-5 0.024349399 0.0 0.0
-2.25562e-5 -6.37796e-5 0.0266987356 0.0 0.0
-2.17784e-5 -6.37796e-5 0.018252024 0.0 0.0
-2.10006e-5 -6.37796e-5 0.0116246409 0.0 0.0
-2.02228e-5 -6.37796e-5 0.0097815175 0.0 0.0
-1.9445e-5 -6.37796e-5 0.0038312188 0.0 0.0
-1.86672e-5 -6.37796e-5 0.0044191511 0.0 0.0
-1.78894e-5 -6.37796e-5 0.0036816283 0.0 0.0
-1.71116e-5 -6.37796e-5 0.0032728969 0.0 0.0
-1.63338e-5 -6.37796e-5 0.0042779627 0.0 0.0
-1.5556e-5 -6.37796e-5 0.0038450349 0.0 0.0
-1.47782e-5 -6.37796e-5 0.0035083007 0.0 0.0
-1.40004e-5 -6.37796e-5 0.0046634359 0.0 0.0
-1.32226e-5 -6.37796e-5 0.0041931838 0.0 0.0
-1.24448e-5 -6.37796e-5 0.0008283539 0.0 0.0
-1.1667e-5 -6.37796e-5 0.0008467158 0.0 0.0
-1.08892e-5 -6.37796e-5 0.0004801774 0.0 0.0
-1.01114e-5 -6.37796e-5 0.0002228389 0.0 0.0
-9.3336e-6 -6.37796e-5 0.000551781 0.0 0.0
-8.5558e-6 -6.37796e-5 0.000294093 0.0 0.0
-7.778e-6 -6.37796e-5 0.0007104437 0.0 0.0
-7.0002e-6 -6.37796e-5 0.0004607359 0.0 0.0
-6.2224e-6 -6.37796e-5 0.0005748925 0.0 0.0
-5.4446e-6 -6.37796e-5 0.0004749138 0.0 0.0
-4.6668e-6 -6.37796e-5 0.0002256509 0.0 0.0
-3.889e-6 -6.37796e-5 0.0002956744 0.0 0.0
-3.1112e-6 -6.37796e-5 0.0002909991 0.0 0.0
-2.3334e-6 -6.37796e-5 0.0002486972 0.0 0.0
-1.5556e-6 -6.37796e-5 0.0002062524 0.0 0.0
-7.778e-7 -6.37796e-5 0.0002032464 0.0 0.0
0.0 -6.37796e-5 0.0002523398 0.0 0.0
7.778e-7 -6.37796e-5 0.0003207395 0.0 0.0
1.5556e-6 -6.37796e-5 0.0004174539 0.0 0.0
2.3334e-6 -6.37796e-5 0.0005401545 0.0 0.0
3.1112e-6 -6.37796e-5 0.0005313129 0.0 0.0
3.889e-6 -6.37796e-5 0.0003294437 0.0 0.0
4.6668e-6 -6.37796e-5 0.0002197524 0.0 0.0
5.4446e-6 -6.37796e-5 0.0001384511 0.0 0.0
6.2224e-6 -6.37796e-5 0.0002659747 0.0 0.0
7.0002e-6 -6.37796e-5 0.0003889153 0.0 0.0
7.778e-6 -6.37796e-5 0.0002116822 0.0 0.0
8.5558e-6 -6.37796e-5 0.0002607667 0.0 0.0
9.3336e-6 -6.37796e-5 0.0003128334 0.0 0.0
1.01114e-5 -6.37796e-5 0.0003100631 0.0 0.0
1.08892e-5 -6.37796e-5 0.0002806928 0.0 0.0
1.1667e-5 -6.37796e-5 0.0002379005 0.0 0.0
1.24448e-5 -6.37796e-5 0.0002005955 0.0 0.0
1.32226e-5 -6.37796e-5 0.0001885599 0.0 0.0
1.40004e-5 -6.37796e-5 0.0001788628 0.0 0.0
1.47782e-5 -6.37796e-5 0.0001750715 0.0 0.0
1.5556e-5 -6.37796e-5 0.0001515315 0.0 0.0
1.63338e-5 -6.37796e-5 0.0001201913 0.0 0.0
1.71116e-5 -6.37796e-5 8.85205e-5 0.0 0.0
1.78894e-5 -6.37796e-5 8.75259e-5 0.0 0.0
1.86672e-5 -6.37796e-5 5.24018e-5 0.0 0.0
-9.72251e-5 -6.30018e-5 6.00885e-5 0.0 0.0
-9.64473e-5 -6.30018e-5 0.0005429079 0.0 0.0
-9.56695e-5 -6.30018e-5 6.28035e-5 0.0 0.0
-9.48917e-5 -6.30018e-5 6.24625e-5 0.0 0.0
-9.41139e-5 -6.30018e-5 6.0758e-6 0.0 0.0
-9.33361e-5 -6.30018e-5 0.0001887111 0.0 0.0
-9.25583e-5 -6.30018e-5 0.000100519 0.0 0.0
-9.17805e-5 -6.30018e-5 1.89781e-5 0.0 0.0
-9.10027e-5 -6.30018e-5 2.7806e-6 0.0 0.0
-9.02249e-5 -6.30018e-5 9.90228e-5 0.0 0.0
-8.94471e-5 -6.30018e-5 2.3763e-6 0.0 0.0
-8.86693e-5 -6.30018e-5 1.0668e-6 0.0 0.0
-8.78915e-5 -6.30018e-5 2.47157e-5 0.0 0.0
-8.71137e-5 -6.30018e-5 4.364e-7 0.0 0.0
-8.63359e-5 -6.30018e-5 2.79745e-5 0.0 0.0
-8.55581e-5 -6.30018e-5 2.2547e-6 0.0 0.0
-8.47803e-5 -6.30018e-5 0.0001698075 0.0 0.0
-8.40025e-5 -6.30018e-5 4.45e-8 0.0 0.0
-8.32246e-5 -6.30018e-5 0.000117316 0.0 0.0
-8.24468e-5 -6.30018e-5 1.9372e-6 0.0 0.0
-8.1669e-5 -6.30018e-5 0.0004963982 0.0 0.0
-8.08912e-5 -6.30018e-5 9.8531e-6 0.0 0.0
-8.01134e-5 -6.30018e-5 0.0005157742 0.0 0.0
-7.93356e-5 -6.30018e-5 8.1858e-6 0.0 0.0
-7.85578e-5 -6.30018e-5 0.0007419829 0.0 0.0
-7.778e-5 -6.30018e-5 6.2873e-5 0.0 0.0
-7.70022e-5 -6.30018e-5 0.0007976035 0.0 0.0
-7.62244e-5 -6.30018e-5 0.0003458709 0.0 0.0
-7.54466e-5 -6.30018e-5 0.0003036074 0.0 0.0
-7.46688e-5 -6.30018e-5 0.0013339591 0.0 0.0
-7.3891e-5 -6.30018e-5 0.0007439324 0.0 0.0
-7.31132e-5 -6.30018e-5 0.002551758 0.0 0.0
-7.23354e-5 -6.30018e-5 0.0021602253 0.0 0.0
-7.15576e-5 -6.30018e-5 0.0017143035 0.0 0.0
-7.07798e-5 -6.30018e-5 0.0045288505 0.0 0.0
-7.0002e-5 -6.30018e-5 0.0045054659 0.0 0.0
-6.92242e-5 -6.30018e-5 0.0036550983 0.0 0.0
-6.84464e-5 -6.30018e-5 0.0039451935 0.0 0.0
-6.76686e-5 -6.30018e-5 0.0069408156 0.0 0.0
-6.68908e-5 -6.30018e-5 0.0050995796 0.0 0.0
-6.6113e-5 -6.30018e-5 0.0031520322 0.0 0.0
-6.53352e-5 -6.30018e-5 0.0073024343 0.0 0.0
-6.45574e-5 -6.30018e-5 0.009459455 0.0 0.0
-6.37796e-5 -6.30018e-5 0.0087792644 0.0 0.0
-6.30018e-5 -6.30018e-5 0.0137949055 0.0 0.0
-6.2224e-5 -6.30018e-5 0.0116877563 0.0 0.0
-6.14462e-5 -6.30018e-5 0.0140732849 0.0 0.0
-6.06684e-5 -6.30018e-5 0.008768205 0.0 0.0
-5.98906e-5 -6.30018e-5 0.0103230975 0.0 0.0
-5.91128e-5 -6.30018e-5 0.0111370335 0.0 0.0
-5.8335e-5 -6.30018e-5 0.0091855319 0.0 0.0
-5.75572e-5 -6.30018e-5 0.0133210742 0.0 0.0
-5.67794e-5 -6.30018e-5 0.0123467086 0.0 0.0
-5.60016e-5 -6.30018e-5 0.0107970808 0.0 0.0
-5.52238e-5 -6.30018e-5 0.0130420233 0.0 0.0
-5.4446e-5 -6.30018e-5 0.0105447403 0.0 0.0
-5.36682e-5 -6.30018e-5 0.0149464802 0.0 0.0
-5.28904e-5 -6.30018e-5 0.0109902875 0.0 0.0
-5.21126e-5 -6.30018e-5 0.0154707757 0.0 0.0
-5.13348e-5 -6.30018e-5 0.0188525657 0.0 0.0
-5.0557e-5 -6.30018e-5 0.0119106326 0.0 0.0
-4.97792e-5 -6.30018e-5 0.0118899271 0.0 0.0
-4.90014e-5 -6.30018e-5 0.0165034229 0.0 0.0
-4.82236e-5 -6.30018e-5 0.0204157559 0.0 0.0
-4.74458e-5 -6.30018e-5 0.0179972112 0.0 0.0
-4.6668e-5 -6.30018e-5 0.0188449329 0.0 0.0
-4.58902e-5 -6.30018e-5 0.0196221726 0.0 0.0
-4.51124e-5 -6.30018e-5 0.0150087507 0.0 0.0
-4.43346e-5 -6.30018e-5 0.0162497188 0.0 0.0
-4.35568e-5 -6.30018e-5 0.0187274562 0.0 0.0
-4.2779e-5 -6.30018e-5 0.0141513716 0.0 0.0
-4.20012e-5 -6.30018e-5 0.0159764587 0.0 0.0
-4.12234e-5 -6.30018e-5 0.0184925077 0.0 0.0
-4.04456e-5 -6.30018e-5 0.0225568213 0.0 0.0
-3.96678e-5 -6.30018e-5 0.0933757821 0.0 0.0
-3.889e-5 -6.30018e-5 0.0439932107 0.0 0.0
-3.81122e-5 -6.30018e-5 0.0295404219 0.0 0.0
-3.73344e-5 -6.30018e-5 0.0386317683 0.0 0.0
-3.65566e-5 -6.30018e-5 0.0504484336 0.0 0.0
-3.57788e-5 -6.30018e-5 0.0794360794 0.0 0.0
-3.5001e-5 -6.30018e-5 0.064488953 0.0 0.0
-3.42232e-5 -6.30018e-5 0.0590771553 0.0 0.0
-3.34454e-5 -6.30018e-5 0.0681068552 0.0 0.0
-3.26676e-5 -6.30018e-5 0.073266729 0.0 0.0
-3.18898e-5 -6.30018e-5 0.0540528112 0.0 0.0
-3.1112e-5 -6.30018e-5 0.0588049876 0.0 0.0
-3.03342e-5 -6.30018e-5 0.0535354774 0.0 0.0
-2.95564e-5 -6.30018e-5 0.1052914716 0.0 0.0
-2.87786e-5 -6.30018e-5 0.0648223487 0.0 0.0
-2.80008e-5 -6.30018e-5 0.0629314408 0.0 0.0
-2.7223e-5 -6.30018e-5 0.1392955195 0.0 0.0
-2.64452e-5 -6.30018e-5 0.1466836814 0.0 0.0
-2.56674e-5 -6.30018e-5 0.0830224166 0.0 0.0
-2.48896e-5 -6.30018e-5 0.0415353906 0.0 0.0
-2.41118e-5 -6.30018e-5 0.0306551044 0.0 0.0
-2.3334e-5 -6.30018e-5 0.0243700134 0.0 0.0
-2.25562e-5 -6.30018e-5 0.0284074975 0.0 0.0
-2.17784e-5 -6.30018e-5 0.0274391628 0.0 0.0
-2.10006e-5 -6.30018e-5 0.016598863 0.0 0.0
-2.02228e-5 -6.30018e-5 0.0105669027 0.0 0.0
-1.9445e-5 -6.30018e-5 0.0069956984 0.0 0.0
-1.86672e-5 -6.30018e-5 0.0022468128 0.0 0.0
-1.78894e-5 -6.30018e-5 0.0040145288 0.0 0.0
-1.71116e-5 -6.30018e-5 0.0050873979 0.0 0.0
-1.63338e-5 -6.30018e-5 0.0042961698 0.0 0.0
-1.5556e-5 -6.30018e-5 0.0033143472 0.0 0.0
-1.47782e-5 -6.30018e-5 0.0045326558 0.0 0.0
-1.40004e-5 -6.30018e-5 0.0027354376 0.0 0.0
-1.32226e-5 -6.30018e-5 0.0054696101 0.0 0.0
-1.24448e-5 -6.30018e-5 0.0010587747 0.0 0.0
-1.1667e-5 -6.30018e-5 0.0006552256 0.0 0.0
-1.08892e-5 -6.30018e-5 0.0002320669 0.0 0.0
-1.01114e-5 -6.30018e-5 0.0007799771 0.0 0.0
-9.3336e-6 -6.30018e-5 0.0003839955 0.0 0.0
-8.5558e-6 -6.30018e-5 0.0007120018 0.0 0.0
-7.778e-6 -6.30018e-5 0.0004191579 0.0 0.0
-7.0002e-6 -6.30018e-5 0.0003474969 0.0 0.0
-6.2224e-6 -6.30018e-5 0.0005707676 0.0 0.0
-5.4446e-6 -6.30018e-5 0.0005779554 0.0 0.0
-4.6668e-6 -6.30018e-5 0.0005052103 0.0 0.0
-3.889e-6 -6.30018e-5 0.0002782728 0.0 0.0
-3.1112e-6 -6.30018e-5 0.0002870594 0.0 0.0
-2.3334e-6 -6.30018e-5 0.0002868237 0.0 0.0
-1.5556e-6 -6.30018e-5 0.0001867581 0.0 0.0
-7.778e-7 -6.30018e-5 0.0002396171 0.0 0.0
0.0 -6.30018e-5 0.0002592214 0.0 0.0
7.778e-7 -6.30018e-5 0.0003356024 0.0 0.0
1.5556e-6 -6.30018e-5 0.0004409417 0.0 0.0
2.3334e-6 -6.30018e-5 0.00047658 0.0 0.0
3.1112e-6 -6.30018e-5 0.000589144 0.0 0.0
3.889e-6 -6.30018e-5 0.0004456404 0.0 0.0
4.6668e-6 -6.30018e-5 0.0004431503 0.0 0.0
5.4446e-6 -6.30018e-5 0.0003254572 0.0 0.0
6.2224e-6 -6.30018e-5 0.0003921167 0.0 0.0
7.0002e-6 -6.30018e-5 0.000237108 0.0 0.0
7.778e-6 -6.30018e-5 0.0003695269 0.0 0.0
8.5558e-6 -6.30018e-5 0.0002010338 0.0 0.0
9.3336e-6 -6.30018e-5 0.0002568366 0.0 0.0
1.01114e-5 -6.30018e-5 0.000265167 0.0 0.0
1.08892e-5 -6.30018e-5 0.0002734776 0.0 0.0
1.1667e-5 -6.30018e-5 0.0002232165 0.0 0.0
1.24448e-5 -6.30018e-5 0.0001770307 0.0 0.0
1.32226e-5 -6.30018e-5 0.0001822708 0.0 0.0
1.40004e-5 -6.30018e-5 0.0001674072 0.0 0.0
1.47782e-5 -6.30018e-5 0.00017669 0.0 0.0
1.5556e-5 -6.30018e-5 0.0001693593 0.0 0.0
1.63338e-5 -6.30018e-5 0.0001315924 0.0 0.0
1.71116e-5 -6.30018e-5 0.0001018153 0.0 0.0
1.78894e-5 -6.30018e-5 7.2352e-5 0.0 0.0
1.86672e-5 -6.30018e-5 6.94125e-5 0.0 0.0
-9.72251e-5 -6.2224e-5 7.5757e-5 0.0 0.0
-9.64473e-5 -6.2224e-5 6.5805e-6 0.0 0.0
-9.56695e-5 -6.2224e-5 0.0003171087 0.0 0.0
-9.48917e-5 -6.2224e-5 5.41707e-5 0.0 0.0
-9.41139e-5 -6.2224e-5 2.98472e-5 0.0 0.0
-9.33361e-5 -6.2224e-5 2.8828e-6 0.0 0.0
-9.25583e-5 -6.2224e-5 0.0001415154 0.0 0.0
-9.17805e-5 -6.2224e-5 1.22523e-5 0.0 0.0
-9.10027e-5 -6.2224e-5 1.1125e-6 0.0 0.0
-9.02249e-5 -6.2224e-5 5.75486e-5 0.0 0.0
-8.94471e-5 -6.2224e-5 1.01154e-5 0.0 0.0
-8.86693e-5 -6.2224e-5 0.0002548457 0.0 0.0
-8.78915e-5 -6.2224e-5 1.27764e-5 0.0 0.0
-8.71137e-5 -6.2224e-5 1.756e-7 0.0 0.0
-8.63359e-5 -6.2224e-5 0.0001457584 0.0 0.0
-8.55581e-5 -6.2224e-5 5.0211e-6 0.0 0.0
-8.47803e-5 -6.2224e-5 0.0002224247 0.0 0.0
-8.40025e-5 -6.2224e-5 1.64625e-5 0.0 0.0
-8.32246e-5 -6.2224e-5 0.0003399873 0.0 0.0
-8.24468e-5 -6.2224e-5 0.000139546 0.0 0.0
-8.1669e-5 -6.2224e-5 2.066e-6 0.0 0.0
-8.08912e-5 -6.2224e-5 9.16163e-5 0.0 0.0
-8.01134e-5 -6.2224e-5 8.7471e-6 0.0 0.0
-7.93356e-5 -6.2224e-5 0.0005500062 0.0 0.0
-7.85578e-5 -6.2224e-5 3.84268e-5 0.0 0.0
-7.778e-5 -6.2224e-5 1.28358e-5 0.0 0.0
-7.70022e-5 -6.2224e-5 0.0005643824 0.0 0.0
-7.62244e-5 -6.2224e-5 0.0003365184 0.0 0.0
-7.54466e-5 -6.2224e-5 0.0016274548 0.0 0.0
-7.46688e-5 -6.2224e-5 0.0013832016 0.0 0.0
-7.3891e-5 -6.2224e-5 0.0012447961 0.0 0.0
-7.31132e-5 -6.2224e-5 0.0036506566 0.0 0.0
-7.23354e-5 -6.2224e-5 0.0028027056 0.0 0.0
-7.15576e-5 -6.2224e-5 0.0019860486 0.0 0.0
-7.07798e-5 -6.2224e-5 0.0019834473 0.0 0.0
-7.0002e-5 -6.2224e-5 0.0047232522 0.0 0.0
-6.92242e-5 -6.2224e-5 0.004235646 0.0 0.0
-6.84464e-5 -6.2224e-5 0.0067211025 0.0 0.0
-6.76686e-5 -6.2224e-5 0.0046672259 0.0 0.0
-6.68908e-5 -6.2224e-5 0.0070639216 0.0 0.0
-6.6113e-5 -6.2224e-5 0.0076168928 0.0 0.0
-6.53352e-5 -6.2224e-5 0.0092575971 0.0 0.0
-6.45574e-5 -6.2224e-5 0.0073794828 0.0 0.0
-6.37796e-5 -6.2224e-5 0.0126008407 0.0 0.0
-6.30018e-5 -6.2224e-5 0.0100899545 0.0 0.0
-6.2224e-5 -6.2224e-5 0.0127168156 0.0 0.0
-6.14462e-5 -6.2224e-5 0.0072897871 0.0 0.0
-6.06684e-5 -6.2224e-5 0.0089231478 0.0 0.0
-5.98906e-5 -6.2224e-5 0.0108876137 0.0 0.0
-5.91128e-5 -6.2224e-5 0.0088468271 0.0 0.0
-5.8335e-5 -6.2224e-5 0.0083870608 0.0 0.0
-5.75572e-5 -6.2224e-5 0.0119322968 0.0 0.0
-5.67794e-5 -6.2224e-5 0.0097024472 0.0 0.0
-5.60016e-5 -6.2224e-5 0.0128660453 0.0 0.0
-5.52238e-5 -6.2224e-5 0.0121850645 0.0 0.0
-5.4446e-5 -6.2224e-5 0.0109816946 0.0 0.0
-5.36682e-5 -6.2224e-5 0.0195971524 0.0 0.0
-5.28904e-5 -6.2224e-5 0.0127264935 0.0 0.0
-5.21126e-5 -6.2224e-5 0.0176607157 0.0 0.0
-5.13348e-5 -6.2224e-5 0.0101868399 0.0 0.0
-5.0557e-5 -6.2224e-5 0.0159606504 0.0 0.0
-4.97792e-5 -6.2224e-5 0.0178887639 0.0 0.0
-4.90014e-5 -6.2224e-5 0.0225149095 0.0 0.0
-4.82236e-5 -6.2224e-5 0.0201643481 0.0 0.0
-4.74458e-5 -6.2224e-5 0.0240084808 0.0 0.0
-4.6668e-5 -6.2224e-5 0.0265557323 0.0 0.0
-4.58902e-5 -6.2224e-5 0.0215199995 0.0 0.0
-4.51124e-5 -6.2224e-5 0.0220273663 0.0 0.0
-4.43346e-5 -6.2224e-5 0.0227800171 0.0 0.0
-4.35568e-5 -6.2224e-5 0.0170756994 0.0 0.0
-4.2779e-5 -6.2224e-5 0.0179765663 0.0 0.0
-4.20012e-5 -6.2224e-5 0.0184377513 0.0 0.0
-4.12234e-5 -6.2224e-5 0.0108944463 0.0 0.0
-4.04456e-5 -6.2224e-5 0.0197518357 0.0 0.0
-3.96678e-5 -6.2224e-5 0.0403725775 0.0 0.0
-3.889e-5 -6.2224e-5 0.084507274 0.0 0.0
-3.81122e-5 -6.2224e-5 0.0427742072 0.0 0.0
-3.73344e-5 -6.2224e-5 0.0468021611 0.0 0.0
-3.65566e-5 -6.2224e-5 0.0428289038 0.0 0.0
-3.57788e-5 -6.2224e-5 0.0522579095 0.0 0.0
-3.5001e-5 -6.2224e-5 0.0917628379 0.0 0.0
-3.42232e-5 -6.2224e-5 0.0863384395 0.0 0.0
-3.34454e-5 -6.2224e-5 0.0649580928 0.0 0.0
-3.26676e-5 -6.2224e-5 0.0795855187 0.0 0.0
-3.18898e-5 -6.2224e-5 0.0716570887 0.0 0.0
-3.1112e-5 -6.2224e-5 0.0624785199 0.0 0.0
-3.03342e-5 -6.2224e-5 0.0611638482 0.0 0.0
-2.95564e-5 -6.2224e-5 0.0769834686 0.0 0.0
-2.87786e-5 -6.2224e-5 0.112874697 0.0 0.0
-2.80008e-5 -6.2224e-5 0.0759217175 0.0 0.0
-2.7223e-5 -6.2224e-5 0.0741201196 0.0 0.0
-2.64452e-5 -6.2224e-5 0.1532767275 0.0 0.0
-2.56674e-5 -6.2224e-5 0.1215732412 0.0 0.0
-2.48896e-5 -6.2224e-5 0.0636385006 0.0 0.0
-2.41118e-5 -6.2224e-5 0.0362729578 0.0 0.0
-2.3334e-5 -6.2224e-5 0.0283763177 0.0 0.0
-2.25562e-5 -6.2224e-5 0.0254437187 0.0 0.0
-2.17784e-5 -6.2224e-5 0.0292507181 0.0 0.0
-2.10006e-5 -6.2224e-5 0.0217357775 0.0 0.0
-2.02228e-5 -6.2224e-5 0.0141006163 0.0 0.0
-1.9445e-5 -6.2224e-5 0.0121275228 0.0 0.0
-1.86672e-5 -6.2224e-5 0.0078063754 0.0 0.0
-1.78894e-5 -6.2224e-5 0.0031527328 0.0 0.0
-1.71116e-5 -6.2224e-5 0.0029898911 0.0 0.0
-1.63338e-5 -6.2224e-5 0.0046338845 0.0 0.0
-1.5556e-5 -6.2224e-5 0.0038146266 0.0 0.0
-1.47782e-5 -6.2224e-5 0.0041786086 0.0 0.0
-1.40004e-5 -6.2224e-5 0.003351955 0.0 0.0
-1.32226e-5 -6.2224e-5 0.0080533464 0.0 0.0
-1.24448e-5 -6.2224e-5 0.0022776219 0.0 0.0
-1.1667e-5 -6.2224e-5 0.0003477269 0.0 0.0
-1.08892e-5 -6.2224e-5 0.0008709088 0.0 0.0
-1.01114e-5 -6.2224e-5 0.0004881732 0.0 0.0
-9.3336e-6 -6.2224e-5 0.0002611437 0.0 0.0
-8.5558e-6 -6.2224e-5 0.0006131006 0.0 0.0
-7.778e-6 -6.2224e-5 0.0003217265 0.0 0.0
-7.0002e-6 -6.2224e-5 0.0007868158 0.0 0.0
-6.2224e-6 -6.2224e-5 0.0004665991 0.0 0.0
-5.4446e-6 -6.2224e-5 0.0005579817 0.0 0.0
-4.6668e-6 -6.2224e-5 0.0005669698 0.0 0.0
-3.889e-6 -6.2224e-5 0.0005086055 0.0 0.0
-3.1112e-6 -6.2224e-5 0.000305834 0.0 0.0
-2.3334e-6 -6.2224e-5 0.0003012082 0.0 0.0
-1.5556e-6 -6.2224e-5 0.0002866205 0.0 0.0
-7.778e-7 -6.2224e-5 0.0002043026 0.0 0.0
0.0 -6.2224e-5 0.0002186288 0.0 0.0
7.778e-7 -6.2224e-5 0.0002990515 0.0 0.0
1.5556e-6 -6.2224e-5 0.0003818261 0.0 0.0
2.3334e-6 -6.2224e-5 0.0005019813 0.0 0.0
3.1112e-6 -6.2224e-5 0.0006330077 0.0 0.0
3.889e-6 -6.2224e-5 0.0005346813 0.0 0.0
4.6668e-6 -6.2224e-5 0.0002239522 0.0 0.0
5.4446e-6 -6.2224e-5 0.0001907865 0.0 0.0
6.2224e-6 -6.2224e-5 0.0002654975 0.0 0.0
7.0002e-6 -6.2224e-5 0.0003832882 0.0 0.0
7.778e-6 -6.2224e-5 0.0002292589 0.0 0.0
8.5558e-6 -6.2224e-5 0.0003320442 0.0 0.0
9.3336e-6 -6.2224e-5 0.0003492725 0.0 0.0
1.01114e-5 -6.2224e-5 0.0003675617 0.0 0.0
1.08892e-5 -6.2224e-5 0.0003405157 0.0 0.0
1.1667e-5 -6.2224e-5 0.0002959617 0.0 0.0
1.24448e-5 -6.2224e-5 0.0002330658 0.0 0.0
1.32226e-5 -6.2224e-5 0.0002024487 0.0 0.0
1.40004e-5 -6.2224e-5 0.0001593117 0.0 0.0
1.47782e-5 -6.2224e-5 0.0001522269 0.0 0.0
1.5556e-5 -6.2224e-5 0.0001710964 0.0 0.0
1.63338e-5 -6.2224e-5 0.0001420995 0.0 0.0
1.71116e-5 -6.2224e-5 0.0001153755 0.0 0.0
1.78894e-5 -6.2224e-5 8.22567e-5 0.0 0.0
1.86672e-5 -6.2224e-5 7.99984e-5 0.0 0.0
-9.72251e-5 -6.14462e-5 0.0003559335 0.0 0.0
-9.64473e-5 -6.14462e-5 1.87387e-5 0.0 0.0
-9.56695e-5 -6.14462e-5 3.8906e-6 0.0 0.0
-9.48917e-5 -6.14462e-5 0.0001132635 0.0 0.0
-9.41139e-5 -6.14462e-5 1.88643e-5 0.0 0.0
-9.33361e-5 -6.14462e-5 3.4445e-6 0.0 0.0
-9.25583e-5 -6.14462e-5 3.679e-7 0.0 0.0
-9.17805e-5 -6.14462e-5 1.24069e-5 0.0 0.0
-9.10027e-5 -6.14462e-5 2.81e-7 0.0 0.0
-9.02249e-5 -6.14462e-5 0.000202276 0.0 0.0
-8.94471e-5 -6.14462e-5 9.1784e-6 0.0 0.0
-8.86693e-5 -6.14462e-5 0.0003909989 0.0 0.0
-8.78915e-5 -6.14462e-5 4.97382e-5 0.0 0.0
-8.71137e-5 -6.14462e-5 1.694e-7 0.0 0.0
-8.63359e-5 -6.14462e-5 0.0002027106 0.0 0.0
-8.55581e-5 -6.14462e-5 1.08406e-5 0.0 0.0
-8.47803e-5 -6.14462e-5 5.258e-7 0.0 0.0
-8.40025e-5 -6.14462e-5 0.0001371232 0.0 0.0
-8.32246e-5 -6.14462e-5 1.04598e-5 0.0 0.0
-8.24468e-5 -6.14462e-5 0.0004812083 0.0 0.0
-8.1669e-5 -6.14462e-5 2.09778e-5 0.0 0.0
-8.08912e-5 -6.14462e-5 6.8252e-6 0.0 0.0
-8.01134e-5 -6.14462e-5 0.00034231 0.0 0.0
-7.93356e-5 -6.14462e-5 0.0001265505 0.0 0.0
-7.85578e-5 -6.14462e-5 1.57374e-5 0.0 0.0
-7.778e-5 -6.14462e-5 0.0007642656 0.0 0.0
-7.70022e-5 -6.14462e-5 0.0004887816 0.0 0.0
-7.62244e-5 -6.14462e-5 0.0020612354 0.0 0.0
-7.54466e-5 -6.14462e-5 0.002093521 0.0 0.0
-7.46688e-5 -6.14462e-5 0.0016809075 0.0 0.0
-7.3891e-5 -6.14462e-5 0.0011110147 0.0 0.0
-7.31132e-5 -6.14462e-5 0.0032113437 0.0 0.0
-7.23354e-5 -6.14462e-5 0.002736585 0.0 0.0
-7.15576e-5 -6.14462e-5 0.0020075912 0.0 0.0
-7.07798e-5 -6.14462e-5 0.0046213478 0.0 0.0
-7.0002e-5 -6.14462e-5 0.0035460669 0.0 0.0
-6.92242e-5 -6.14462e-5 0.0040101543 0.0 0.0
-6.84464e-5 -6.14462e-5 0.0057567512 0.0 0.0
-6.76686e-5 -6.14462e-5 0.0039756092 0.0 0.0
-6.68908e-5 -6.14462e-5 0.0085358389 0.0 0.0
-6.6113e-5 -6.14462e-5 0.0083738184 0.0 0.0
-6.53352e-5 -6.14462e-5 0.0116242032 0.0 0.0
-6.45574e-5 -6.14462e-5 0.0113985847 0.0 0.0
-6.37796e-5 -6.14462e-5 0.0093829928 0.0 0.0
-6.30018e-5 -6.14462e-5 0.0107935343 0.0 0.0
-6.2224e-5 -6.14462e-5 0.0054507244 0.0 0.0
-6.14462e-5 -6.14462e-5 0.0079918132 0.0 0.0
-6.06684e-5 -6.14462e-5 0.0054704286 0.0 0.0
-5.98906e-5 -6.14462e-5 0.0083575495 0.0 0.0
-5.91128e-5 -6.14462e-5 0.0077748581 0.0 0.0
-5.8335e-5 -6.14462e-5 0.0109459676 0.0 0.0
-5.75572e-5 -6.14462e-5 0.0089168272 0.0 0.0
-5.67794e-5 -6.14462e-5 0.0090339473 0.0 0.0
-5.60016e-5 -6.14462e-5 0.0135141239 0.0 0.0
-5.52238e-5 -6.14462e-5 0.0120643225 0.0 0.0
-5.4446e-5 -6.14462e-5 0.0119355977 0.0 0.0
-5.36682e-5 -6.14462e-5 0.0113790329 0.0 0.0
-5.28904e-5 -6.14462e-5 0.0174661383 0.0 0.0
-5.21126e-5 -6.14462e-5 0.0113859236 0.0 0.0
-5.13348e-5 -6.14462e-5 0.0175733192 0.0 0.0
-5.0557e-5 -6.14462e-5 0.0139231624 0.0 0.0
-4.97792e-5 -6.14462e-5 0.0168190564 0.0 0.0
-4.90014e-5 -6.14462e-5 0.022288999 0.0 0.0
-4.82236e-5 -6.14462e-5 0.0214934027 0.0 0.0
-4.74458e-5 -6.14462e-5 0.0232861144 0.0 0.0
-4.6668e-5 -6.14462e-5 0.0256208113 0.0 0.0
-4.58902e-5 -6.14462e-5 0.022651261 0.0 0.0
-4.51124e-5 -6.14462e-5 0.0234650289 0.0 0.0
-4.43346e-5 -6.14462e-5 0.0168581416 0.0 0.0
-4.35568e-5 -6.14462e-5 0.0182444503 0.0 0.0
-4.2779e-5 -6.14462e-5 0.017721758 0.0 0.0
-4.20012e-5 -6.14462e-5 0.0194188094 0.0 0.0
-4.12234e-5 -6.14462e-5 0.0277366679 0.0 0.0
-4.04456e-5 -6.14462e-5 0.0180436125 0.0 0.0
-3.96678e-5 -6.14462e-5 0.0277216613 0.0 0.0
-3.889e-5 -6.14462e-5 0.0950247383 0.0 0.0
-3.81122e-5 -6.14462e-5 0.0800472109 0.0 0.0
-3.73344e-5 -6.14462e-5 0.0443323255 0.0 0.0
-3.65566e-5 -6.14462e-5 0.0490376012 0.0 0.0
-3.57788e-5 -6.14462e-5 0.0496886716 0.0 0.0
-3.5001e-5 -6.14462e-5 0.0607079161 0.0 0.0
-3.42232e-5 -6.14462e-5 0.1059310645 0.0 0.0
-3.34454e-5 -6.14462e-5 0.0734601812 0.0 0.0
-3.26676e-5 -6.14462e-5 0.08113221 0.0 0.0
-3.18898e-5 -6.14462e-5 0.0997554451 0.0 0.0
-3.1112e-5 -6.14462e-5 0.0784103912 0.0 0.0
-3.03342e-5 -6.14462e-5 0.062701436 0.0 0.0
-2.95564e-5 -6.14462e-5 0.0681592769 0.0 0.0
-2.87786e-5 -6.14462e-5 0.0948722162 0.0 0.0
-2.80008e-5 -6.14462e-5 0.0948226687 0.0 0.0
-2.7223e-5 -6.14462e-5 0.077784736 0.0 0.0
-2.64452e-5 -6.14462e-5 0.0829998684 0.0 0.0
-2.56674e-5 -6.14462e-5 0.1189928038 0.0 0.0
-2.48896e-5 -6.14462e-5 0.1213246178 0.0 0.0
-2.41118e-5 -6.14462e-5 0.050811294 0.0 0.0
-2.3334e-5 -6.14462e-5 0.0349688721 0.0 0.0
-2.25562e-5 -6.14462e-5 0.0276489756 0.0 0.0
-2.17784e-5 -6.14462e-5 0.0233033581 0.0 0.0
-2.10006e-5 -6.14462e-5 0.0292782603 0.0 0.0
-2.02228e-5 -6.14462e-5 0.015978538 0.0 0.0
-1.9445e-5 -6.14462e-5 0.0128081915 0.0 0.0
-1.86672e-5 -6.14462e-5 0.0109460187 0.0 0.0
-1.78894e-5 -6.14462e-5 0.0052431055 0.0 0.0
-1.71116e-5 -6.14462e-5 0.0028122657 0.0 0.0
-1.63338e-5 -6.14462e-5 0.0040824165 0.0 0.0
-1.5556e-5 -6.14462e-5 0.0055863104 0.0 0.0
-1.47782e-5 -6.14462e-5 0.0045149904 0.0 0.0
-1.40004e-5 -6.14462e-5 0.0050656534 0.0 0.0
-1.32226e-5 -6.14462e-5 0.0056990977 0.0 0.0
-1.24448e-5 -6.14462e-5 0.0028323943 0.0 0.0
-1.1667e-5 -6.14462e-5 0.0013742832 0.0 0.0
-1.08892e-5 -6.14462e-5 0.0005578494 0.0 0.0
-1.01114e-5 -6.14462e-5 0.0001816947 0.0 0.0
-9.3336e-6 -6.14462e-5 0.0007641478 0.0 0.0
-8.5558e-6 -6.14462e-5 0.0003985737 0.0 0.0
-7.778e-6 -6.14462e-5 0.0009084352 0.0 0.0
-7.0002e-6 -6.14462e-5 0.0006700714 0.0 0.0
-6.2224e-6 -6.14462e-5 0.0002891341 0.0 0.0
-5.4446e-6 -6.14462e-5 0.0005293074 0.0 0.0
-4.6668e-6 -6.14462e-5 0.0005192945 0.0 0.0
-3.889e-6 -6.14462e-5 0.0005711208 0.0 0.0
-3.1112e-6 -6.14462e-5 0.0003063209 0.0 0.0
-2.3334e-6 -6.14462e-5 0.0003282537 0.0 0.0
-1.5556e-6 -6.14462e-5 0.0002744442 0.0 0.0
-7.778e-7 -6.14462e-5 0.0002775708 0.0 0.0
0.0 -6.14462e-5 0.0002484681 0.0 0.0
7.778e-7 -6.14462e-5 0.0003039339 0.0 0.0
1.5556e-6 -6.14462e-5 0.0004123707 0.0 0.0
2.3334e-6 -6.14462e-5 0.0005265406 0.0 0.0
3.1112e-6 -6.14462e-5 0.0006665391 0.0 0.0
3.889e-6 -6.14462e-5 0.000634737 0.0 0.0
4.6668e-6 -6.14462e-5 0.000352653 0.0 0.0
5.4446e-6 -6.14462e-5 0.0003130003 0.0 0.0
6.2224e-6 -6.14462e-5 0.0001398462 0.0 0.0
7.0002e-6 -6.14462e-5 0.0003322499 0.0 0.0
7.778e-6 -6.14462e-5 0.0001261551 0.0 0.0
8.5558e-6 -6.14462e-5 0.0002506364 0.0 0.0
9.3336e-6 -6.14462e-5 0.0002966186 0.0 0.0
1.01114e-5 -6.14462e-5 0.0003050343 0.0 0.0
1.08892e-5 -6.14462e-5 0.0002945025 0.0 0.0
1.1667e-5 -6.14462e-5 0.0002849375 0.0 0.0
1.24448e-5 -6.14462e-5 0.0002311679 0.0 0.0
1.32226e-5 -6.14462e-5 0.0001961814 0.0 0.0
1.40004e-5 -6.14462e-5 0.0001844251 0.0 0.0
1.47782e-5 -6.14462e-5 0.0001699992 0.0 0.0
1.5556e-5 -6.14462e-5 0.0001461099 0.0 0.0
1.63338e-5 -6.14462e-5 0.0001552204 0.0 0.0
1.71116e-5 -6.14462e-5 0.0001252842 0.0 0.0
1.78894e-5 -6.14462e-5 9.41551e-5 0.0 0.0
1.86672e-5 -6.14462e-5 9.18878e-5 0.0 0.0
-9.72251e-5 -6.06684e-5 1.7643e-6 0.0 0.0
-9.64473e-5 -6.06684e-5 0.0002340455 0.0 0.0
-9.56695e-5 -6.06684e-5 3.39089e-5 0.0 0.0
-9.48917e-5 -6.06684e-5 1.0543e-6 0.0 0.0
-9.41139e-5 -6.06684e-5 1.118e-7 0.0 0.0
-9.33361e-5 -6.06684e-5 4.1242e-6 0.0 0.0
-9.25583e-5 -6.06684e-5 1.433e-7 0.0 0.0
-9.17805e-5 -6.06684e-5 4.47167e-5 0.0 0.0
-9.10027e-5 -6.06684e-5 4.0049e-6 0.0 0.0
-9.02249e-5 -6.06684e-5 0.0003306005 0.0 0.0
-8.94471e-5 -6.06684e-5 4.93094e-5 0.0 0.0
-8.86693e-5 -6.06684e-5 4.44e-7 0.0 0.0
-8.78915e-5 -6.06684e-5 0.0002311507 0.0 0.0
-8.71137e-5 -6.06684e-5 5.66336e-5 0.0 0.0
-8.63359e-5 -6.06684e-5 7.375e-7 0.0 0.0
-8.55581e-5 -6.06684e-5 0.0001494183 0.0 0.0
-8.47803e-5 -6.06684e-5 4.0598e-6 0.0 0.0
-8.40025e-5 -6.06684e-5 9.743e-7 0.0 0.0
-8.32246e-5 -6.06684e-5 3.41544e-5 0.0 0.0
-8.24468e-5 -6.06684e-5 1.03963e-5 0.0 0.0
-8.1669e-5 -6.06684e-5 0.0002038815 0.0 0.0
-8.08912e-5 -6.06684e-5 0.0001849797 0.0 0.0
-8.01134e-5 -6.06684e-5 6.46614e-5 0.0 0.0
-7.93356e-5 -6.06684e-5 3.10413e-5 0.0 0.0
-7.85578e-5 -6.06684e-5 0.000402293 0.0 0.0
-7.778e-5 -6.06684e-5 0.0003629379 0.0 0.0
-7.70022e-5 -6.06684e-5 0.0005096193 0.0 0.0
-7.62244e-5 -6.06684e-5 0.0021740245 0.0 0.0
-7.54466e-5 -6.06684e-5 0.0017171655 0.0 0.0
-7.46688e-5 -6.06684e-5 0.0014972633 0.0 0.0
-7.3891e-5 -6.06684e-5 0.0010227701 0.0 0.0
-7.31132e-5 -6.06684e-5 0.0026950065 0.0 0.0
-7.23354e-5 -6.06684e-5 0.0023535482 0.0 0.0
-7.15576e-5 -6.06684e-5 0.001946166 0.0 0.0
-7.07798e-5 -6.06684e-5 0.004852703 0.0 0.0
-7.0002e-5 -6.06684e-5 0.0040595882 0.0 0.0
-6.92242e-5 -6.06684e-5 0.0072485123 0.0 0.0
-6.84464e-5 -6.06684e-5 0.0051130972 0.0 0.0
-6.76686e-5 -6.06684e-5 0.0041388349 0.0 0.0
-6.68908e-5 -6.06684e-5 0.0078486819 0.0 0.0
-6.6113e-5 -6.06684e-5 0.0064636269 0.0 0.0
-6.53352e-5 -6.06684e-5 0.0116275224 0.0 0.0
-6.45574e-5 -6.06684e-5 0.0089344256 0.0 0.0
-6.37796e-5 -6.06684e-5 0.0108049724 0.0 0.0
-6.30018e-5 -6.06684e-5 0.0055944265 0.0 0.0
-6.2224e-5 -6.06684e-5 0.0067140902 0.0 0.0
-6.14462e-5 -6.06684e-5 0.0092763592 0.0 0.0
-6.06684e-5 -6.06684e-5 0.0076767368 0.0 0.0
-5.98906e-5 -6.06684e-5 0.0070746788 0.0 0.0
-5.91128e-5 -6.06684e-5 0.0068272344 0.0 0.0
-5.8335e-5 -6.06684e-5 0.0100574325 0.0 0.0
-5.75572e-5 -6.06684e-5 0.0079322155 0.0 0.0
-5.67794e-5 -6.06684e-5 0.0085449531 0.0 0.0
-5.60016e-5 -6.06684e-5 0.0141191957 0.0 0.0
-5.52238e-5 -6.06684e-5 0.015049186 0.0 0.0
-5.4446e-5 -6.06684e-5 0.0100154969 0.0 0.0
-5.36682e-5 -6.06684e-5 0.0079526826 0.0 0.0
-5.28904e-5 -6.06684e-5 0.0116652616 0.0 0.0
-5.21126e-5 -6.06684e-5 0.0134300495 0.0 0.0
-5.13348e-5 -6.06684e-5 0.0082741728 0.0 0.0
-5.0557e-5 -6.06684e-5 0.0158360169 0.0 0.0
-4.97792e-5 -6.06684e-5 0.0097033163 0.0 0.0
-4.90014e-5 -6.06684e-5 0.0185214264 0.0 0.0
-4.82236e-5 -6.06684e-5 0.0187784189 0.0 0.0
-4.74458e-5 -6.06684e-5 0.022008173 0.0 0.0
-4.6668e-5 -6.06684e-5 0.0341570181 0.0 0.0
-4.58902e-5 -6.06684e-5 0.0348108462 0.0 0.0
-4.51124e-5 -6.06684e-5 0.0279065876 0.0 0.0
-4.43346e-5 -6.06684e-5 0.0253197359 0.0 0.0
-4.35568e-5 -6.06684e-5 0.0265509607 0.0 0.0
-4.2779e-5 -6.06684e-5 0.0189716799 0.0 0.0
-4.20012e-5 -6.06684e-5 0.0184476207 0.0 0.0
-4.12234e-5 -6.06684e-5 0.015923917 0.0 0.0
-4.04456e-5 -6.06684e-5 0.0287127313 0.0 0.0
-3.96678e-5 -6.06684e-5 0.0254618837 0.0 0.0
-3.889e-5 -6.06684e-5 0.0243717568 0.0 0.0
-3.81122e-5 -6.06684e-5 0.1352965954 0.0 0.0
-3.73344e-5 -6.06684e-5 0.0630325139 0.0 0.0
-3.65566e-5 -6.06684e-5 0.0544667681 0.0 0.0
-3.57788e-5 -6.06684e-5 0.0464626729 0.0 0.0
-3.5001e-5 -6.06684e-5 0.0511144334 0.0 0.0
-3.42232e-5 -6.06684e-5 0.0873478913 0.0 0.0
-3.34454e-5 -6.06684e-5 0.0990806 0.0 0.0
-3.26676e-5 -6.06684e-5 0.0720848693 0.0 0.0
-3.18898e-5 -6.06684e-5 0.0905974191 0.0 0.0
-3.1112e-5 -6.06684e-5 0.1053185219 0.0 0.0
-3.03342e-5 -6.06684e-5 0.0759453059 0.0 0.0
-2.95564e-5 -6.06684e-5 0.0659802492 0.0 0.0
-2.87786e-5 -6.06684e-5 0.0806935457 0.0 0.0
-2.80008e-5 -6.06684e-5 0.1002845072 0.0 0.0
-2.7223e-5 -6.06684e-5 0.0997506192 0.0 0.0
-2.64452e-5 -6.06684e-5 0.0727760168 0.0 0.0
-2.56674e-5 -6.06684e-5 0.1740570755 0.0 0.0
-2.48896e-5 -6.06684e-5 0.141236309 0.0 0.0
-2.41118e-5 -6.06684e-5 0.0838905884 0.0 0.0
-2.3334e-5 -6.06684e-5 0.0461728586 0.0 0.0
-2.25562e-5 -6.06684e-5 0.0334091208 0.0 0.0
-2.17784e-5 -6.06684e-5 0.0233135783 0.0 0.0
-2.10006e-5 -6.06684e-5 0.0281116481 0.0 0.0
-2.02228e-5 -6.06684e-5 0.0256910901 0.0 0.0
-1.9445e-5 -6.06684e-5 0.0159107488 0.0 0.0
-1.86672e-5 -6.06684e-5 0.0131633711 0.0 0.0
-1.78894e-5 -6.06684e-5 0.0094760553 0.0 0.0
-1.71116e-5 -6.06684e-5 0.0041942289 0.0 0.0
-1.63338e-5 -6.06684e-5 0.003776908 0.0 0.0
-1.5556e-5 -6.06684e-5 0.0037993756 0.0 0.0
-1.47782e-5 -6.06684e-5 0.0043239913 0.0 0.0
-1.40004e-5 -6.06684e-5 0.003219612 0.0 0.0
-1.32226e-5 -6.06684e-5 0.0053834263 0.0 0.0
-1.24448e-5 -6.06684e-5 0.0047065019 0.0 0.0
-1.1667e-5 -6.06684e-5 0.0009165925 0.0 0.0
-1.08892e-5 -6.06684e-5 0.000106865 0.0 0.0
-1.01114e-5 -6.06684e-5 0.0007409427 0.0 0.0
-9.3336e-6 -6.06684e-5 0.0003828783 0.0 0.0
-8.5558e-6 -6.06684e-5 0.0001831518 0.0 0.0
-7.778e-6 -6.06684e-5 0.0005851944 0.0 0.0
-7.0002e-6 -6.06684e-5 0.0003750465 0.0 0.0
-6.2224e-6 -6.06684e-5 0.0007467274 0.0 0.0
-5.4446e-6 -6.06684e-5 0.0003883848 0.0 0.0
-4.6668e-6 -6.06684e-5 0.0004689951 0.0 0.0
-3.889e-6 -6.06684e-5 0.0004984192 0.0 0.0
-3.1112e-6 -6.06684e-5 0.0005590187 0.0 0.0
-2.3334e-6 -6.06684e-5 0.0005394028 0.0 0.0
-1.5556e-6 -6.06684e-5 0.0004379891 0.0 0.0
-7.778e-7 -6.06684e-5 0.0002818625 0.0 0.0
0.0 -6.06684e-5 0.0003005902 0.0 0.0
7.778e-7 -6.06684e-5 0.0003246265 0.0 0.0
1.5556e-6 -6.06684e-5 0.0004488801 0.0 0.0
2.3334e-6 -6.06684e-5 0.0005639326 0.0 0.0
3.1112e-6 -6.06684e-5 0.0006383978 0.0 0.0
3.889e-6 -6.06684e-5 0.0006889583 0.0 0.0
4.6668e-6 -6.06684e-5 0.0002417057 0.0 0.0
5.4446e-6 -6.06684e-5 0.000142104 0.0 0.0
6.2224e-6 -6.06684e-5 0.0003484403 0.0 0.0
7.0002e-6 -6.06684e-5 0.0001829723 0.0 0.0
7.778e-6 -6.06684e-5 0.0003552531 0.0 0.0
8.5558e-6 -6.06684e-5 0.0001363405 0.0 0.0
9.3336e-6 -6.06684e-5 0.0001928336 0.0 0.0
1.01114e-5 -6.06684e-5 0.0002260488 0.0 0.0
1.08892e-5 -6.06684e-5 0.0002377286 0.0 0.0
1.1667e-5 -6.06684e-5 0.0002269833 0.0 0.0
1.24448e-5 -6.06684e-5 0.0002202425 0.0 0.0
1.32226e-5 -6.06684e-5 0.0001820754 0.0 0.0
1.40004e-5 -6.06684e-5 0.0001671858 0.0 0.0
1.47782e-5 -6.06684e-5 0.0001515733 0.0 0.0
1.5556e-5 -6.06684e-5 0.000146589 0.0 0.0
1.63338e-5 -6.06684e-5 0.0001276561 0.0 0.0
1.71116e-5 -6.06684e-5 0.0001311036 0.0 0.0
1.78894e-5 -6.06684e-5 0.0001054591 0.0 0.0
1.86672e-5 -6.06684e-5 7.29224e-5 0.0 0.0
-9.72251e-5 -5.98906e-5 6.87316e-5 0.0 0.0
-9.64473e-5 -5.98906e-5 2.0356e-6 0.0 0.0
-9.56695e-5 -5.98906e-5 0.0001067932 0.0 0.0
-9.48917e-5 -5.98906e-5 2.3641e-6 0.0 0.0
-9.41139e-5 -5.98906e-5 2.065e-7 0.0 0.0
-9.33361e-5 -5.98906e-5 2.93161e-5 0.0 0.0
-9.25583e-5 -5.98906e-5 2.052e-7 0.0 0.0
-9.17805e-5 -5.98906e-5 0.0001283355 0.0 0.0
-9.10027e-5 -5.98906e-5 1.41837e-5 0.0 0.0
-9.02249e-5 -5.98906e-5 3.692e-7 0.0 0.0
-8.94471e-5 -5.98906e-5 0.0002092799 0.0 0.0
-8.86693e-5 -5.98906e-5 1.20517e-5 0.0 0.0
-8.78915e-5 -5.98906e-5 3.853e-7 0.0 0.0
-8.71137e-5 -5.98906e-5 0.0003588099 0.0 0.0
-8.63359e-5 -5.98906e-5 4.2173e-6 0.0 0.0
-8.55581e-5 -5.98906e-5 2.5594e-6 0.0 0.0
-8.47803e-5 -5.98906e-5 0.0001554473 0.0 0.0
-8.40025e-5 -5.98906e-5 4.84516e-5 0.0 0.0
-8.32246e-5 -5.98906e-5 1.91634e-5 0.0 0.0
-8.24468e-5 -5.98906e-5 0.0003725181 0.0 0.0
-8.1669e-5 -5.98906e-5 0.0001086822 0.0 0.0
-8.08912e-5 -5.98906e-5 3.686e-5 0.0 0.0
-8.01134e-5 -5.98906e-5 0.00084687 0.0 0.0
-7.93356e-5 -5.98906e-5 0.0005494353 0.0 0.0
-7.85578e-5 -5.98906e-5 0.0004650782 0.0 0.0
-7.778e-5 -5.98906e-5 0.0019488692 0.0 0.0
-7.70022e-5 -5.98906e-5 0.0016140027 0.0 0.0
-7.62244e-5 -5.98906e-5 0.0016999705 0.0 0.0
-7.54466e-5 -5.98906e-5 0.0011878231 0.0 0.0
-7.46688e-5 -5.98906e-5 0.0009218978 0.0 0.0
-7.3891e-5 -5.98906e-5 0.0033112278 0.0 0.0
-7.31132e-5 -5.98906e-5 0.0029825485 0.0 0.0
-7.23354e-5 -5.98906e-5 0.0018406223 0.0 0.0
-7.15576e-5 -5.98906e-5 0.0016006444 0.0 0.0
-7.07798e-5 -5.98906e-5 0.0051255813 0.0 0.0
-7.0002e-5 -5.98906e-5 0.003571062 0.0 0.0
-6.92242e-5 -5.98906e-5 0.0062252657 0.0 0.0
-6.84464e-5 -5.98906e-5 0.0051462269 0.0 0.0
-6.76686e-5 -5.98906e-5 0.009976542 0.0 0.0
-6.68908e-5 -5.98906e-5 0.0081507972 0.0 0.0
-6.6113e-5 -5.98906e-5 0.012139088 0.0 0.0
-6.53352e-5 -5.98906e-5 0.0107839821 0.0 0.0
-6.45574e-5 -5.98906e-5 0.0060217638 0.0 0.0
-6.37796e-5 -5.98906e-5 0.0060318784 0.0 0.0
-6.30018e-5 -5.98906e-5 0.0081009838 0.0 0.0
-6.2224e-5 -5.98906e-5 0.0048512926 0.0 0.0
-6.14462e-5 -5.98906e-5 0.0081523048 0.0 0.0
-6.06684e-5 -5.98906e-5 0.0071075075 0.0 0.0
-5.98906e-5 -5.98906e-5 0.0070935547 0.0 0.0
-5.91128e-5 -5.98906e-5 0.0122404056 0.0 0.0
-5.8335e-5 -5.98906e-5 0.0084873623 0.0 0.0
-5.75572e-5 -5.98906e-5 0.0099320608 0.0 0.0
-5.67794e-5 -5.98906e-5 0.0072661897 0.0 0.0
-5.60016e-5 -5.98906e-5 0.0147775921 0.0 0.0
-5.52238e-5 -5.98906e-5 0.0084059081 0.0 0.0
-5.4446e-5 -5.98906e-5 0.0136493879 0.0 0.0
-5.36682e-5 -5.98906e-5 0.010171865 0.0 0.0
-5.28904e-5 -5.98906e-5 0.0123194091 0.0 0.0
-5.21126e-5 -5.98906e-5 0.0166289902 0.0 0.0
-5.13348e-5 -5.98906e-5 0.0118629194 0.0 0.0
-5.0557e-5 -5.98906e-5 0.0079027733 0.0 0.0
-4.97792e-5 -5.98906e-5 0.0134065057 0.0 0.0
-4.90014e-5 -5.98906e-5 0.0081767909 0.0 0.0
-4.82236e-5 -5.98906e-5 0.0136860392 0.0 0.0
-4.74458e-5 -5.98906e-5 0.0151517535 0.0 0.0
-4.6668e-5 -5.98906e-5 0.0097518748 0.0 0.0
-4.58902e-5 -5.98906e-5 0.0263783071 0.0 0.0
-4.51124e-5 -5.98906e-5 0.0188057242 0.0 0.0
-4.43346e-5 -5.98906e-5 0.0377182611 0.0 0.0
-4.35568e-5 -5.98906e-5 0.0319689795 0.0 0.0
-4.2779e-5 -5.98906e-5 0.0159276803 0.0 0.0
-4.20012e-5 -5.98906e-5 0.0208292194 0.0 0.0
-4.12234e-5 -5.98906e-5 0.0148973009 0.0 0.0
-4.04456e-5 -5.98906e-5 0.0242345528 0.0 0.0
-3.96678e-5 -5.98906e-5 0.0357422947 0.0 0.0
-3.889e-5 -5.98906e-5 0.0299755183 0.0 0.0
-3.81122e-5 -5.98906e-5 0.0397648047 0.0 0.0
-3.73344e-5 -5.98906e-5 0.1062479354 0.0 0.0
-3.65566e-5 -5.98906e-5 0.0396963703 0.0 0.0
-3.57788e-5 -5.98906e-5 0.0407233153 0.0 0.0
-3.5001e-5 -5.98906e-5 0.0406471889 0.0 0.0
-3.42232e-5 -5.98906e-5 0.0572683777 0.0 0.0
-3.34454e-5 -5.98906e-5 0.1285845904 0.0 0.0
-3.26676e-5 -5.98906e-5 0.1102049341 0.0 0.0
-3.18898e-5 -5.98906e-5 0.070008926 0.0 0.0
-3.1112e-5 -5.98906e-5 0.0975072398 0.0 0.0
-3.03342e-5 -5.98906e-5 0.1077223617 0.0 0.0
-2.95564e-5 -5.98906e-5 0.0776728824 0.0 0.0
-2.87786e-5 -5.98906e-5 0.0821502289 0.0 0.0
-2.80008e-5 -5.98906e-5 0.0826147944 0.0 0.0
-2.7223e-5 -5.98906e-5 0.1357083196 0.0 0.0
-2.64452e-5 -5.98906e-5 0.0965634166 0.0 0.0
-2.56674e-5 -5.98906e-5 0.1104627928 0.0 0.0
-2.48896e-5 -5.98906e-5 0.1316150844 0.0 0.0
-2.41118e-5 -5.98906e-5 0.122642707 0.0 0.0
-2.3334e-5 -5.98906e-5 0.0591924713 0.0 0.0
-2.25562e-5 -5.98906e-5 0.0368450539 0.0 0.0
-2.17784e-5 -5.98906e-5 0.0282645954 0.0 0.0
-2.10006e-5 -5.98906e-5 0.0233997622 0.0 0.0
-2.02228e-5 -5.98906e-5 0.0289652846 0.0 0.0
-1.9445e-5 -5.98906e-5 0.0229257771 0.0 0.0
-1.86672e-5 -5.98906e-5 0.0185347114 0.0 0.0
-1.78894e-5 -5.98906e-5 0.0130457685 0.0 0.0
-1.71116e-5 -5.98906e-5 0.004698453 0.0 0.0
-1.63338e-5 -5.98906e-5 0.0040290245 0.0 0.0
-1.5556e-5 -5.98906e-5 0.0052729529 0.0 0.0
-1.47782e-5 -5.98906e-5 0.0046553342 0.0 0.0
-1.40004e-5 -5.98906e-5 0.0039277518 0.0 0.0
-1.32226e-5 -5.98906e-5 0.0034577827 0.0 0.0
-1.24448e-5 -5.98906e-5 0.0054433985 0.0 0.0
-1.1667e-5 -5.98906e-5 0.0019696439 0.0 0.0
-1.08892e-5 -5.98906e-5 0.0009478779 0.0 0.0
-1.01114e-5 -5.98906e-5 0.0002919663 0.0 0.0
-9.3336e-6 -5.98906e-5 0.000101124 0.0 0.0
-8.5558e-6 -5.98906e-5 0.0009884104 0.0 0.0
-7.778e-6 -5.98906e-5 0.0004225113 0.0 0.0
-7.0002e-6 -5.98906e-5 0.000864258 0.0 0.0
-6.2224e-6 -5.98906e-5 0.0005383793 0.0 0.0
-5.4446e-6 -5.98906e-5 0.0008330129 0.0 0.0
-4.6668e-6 -5.98906e-5 0.0004157681 0.0 0.0
-3.889e-6 -5.98906e-5 0.0004385039 0.0 0.0
-3.1112e-6 -5.98906e-5 0.0005676726 0.0 0.0
-2.3334e-6 -5.98906e-5 0.0005186377 0.0 0.0
-1.5556e-6 -5.98906e-5 0.0004683086 0.0 0.0
-7.778e-7 -5.98906e-5 0.0002881571 0.0 0.0
0.0 -5.98906e-5 0.0002899841 0.0 0.0
7.778e-7 -5.98906e-5 0.0002942805 0.0 0.0
1.5556e-6 -5.98906e-5 0.0004156913 0.0 0.0
2.3334e-6 -5.98906e-5 0.0005338135 0.0 0.0
3.1112e-6 -5.98906e-5 0.0006735207 0.0 0.0
3.889e-6 -5.98906e-5 0.0007557343 0.0 0.0
4.6668e-6 -5.98906e-5 0.0003289707 0.0 0.0
5.4446e-6 -5.98906e-5 0.0002735931 0.0 0.0
6.2224e-6 -5.98906e-5 0.0001915135 0.0 0.0
7.0002e-6 -5.98906e-5 8.40548e-5 0.0 0.0
7.778e-6 -5.98906e-5 0.0002106343 0.0 0.0
8.5558e-6 -5.98906e-5 0.0003081829 0.0 0.0
9.3336e-6 -5.98906e-5 0.0001762872 0.0 0.0
1.01114e-5 -5.98906e-5 0.0001819256 0.0 0.0
1.08892e-5 -5.98906e-5 0.0001917447 0.0 0.0
1.1667e-5 -5.98906e-5 0.0001765723 0.0 0.0
1.24448e-5 -5.98906e-5 0.0001760796 0.0 0.0
1.32226e-5 -5.98906e-5 0.0001522141 0.0 0.0
1.40004e-5 -5.98906e-5 0.000141989 0.0 0.0
1.47782e-5 -5.98906e-5 0.0001330794 0.0 0.0
1.5556e-5 -5.98906e-5 0.0001240662 0.0 0.0
1.63338e-5 -5.98906e-5 0.000135352 0.0 0.0
1.71116e-5 -5.98906e-5 0.000107816 0.0 0.0
1.78894e-5 -5.98906e-5 0.0001154771 0.0 0.0
1.86672e-5 -5.98906e-5 8.46411e-5 0.0 0.0
-9.72251e-5 -5.91128e-5 4.774e-7 0.0 0.0
-9.64473e-5 -5.91128e-5 5.92829e-5 0.0 0.0
-9.56695e-5 -5.91128e-5 1.0163e-6 0.0 0.0
-9.48917e-5 -5.91128e-5 0.0001574571 0.0 0.0
-9.41139e-5 -5.91128e-5 5.1875e-6 0.0 0.0
-9.33361e-5 -5.91128e-5 1.29e-8 0.0 0.0
-9.25583e-5 -5.91128e-5 3.64332e-5 0.0 0.0
-9.17805e-5 -5.91128e-5 6.712e-7 0.0 0.0
-9.10027e-5 -5.91128e-5 2.94e-8 0.0 0.0
-9.02249e-5 -5.91128e-5 0.0001384738 0.0 0.0
-8.94471e-5 -5.91128e-5 2.496e-7 0.0 0.0
-8.86693e-5 -5.91128e-5 0.0004270669 0.0 0.0
-8.78915e-5 -5.91128e-5 0.0001805657 0.0 0.0
-8.71137e-5 -5.91128e-5 1.03873e-5 0.0 0.0
-8.63359e-5 -5.91128e-5 2.0228e-6 0.0 0.0
-8.55581e-5 -5.91128e-5 0.0002669457 0.0 0.0
-8.47803e-5 -5.91128e-5 2.99831e-5 0.0 0.0
-8.40025e-5 -5.91128e-5 1.74846e-5 0.0 0.0
-8.32246e-5 -5.91128e-5 0.0003652803 0.0 0.0
-8.24468e-5 -5.91128e-5 0.0001936995 0.0 0.0
-8.1669e-5 -5.91128e-5 0.0009124025 0.0 0.0
-8.08912e-5 -5.91128e-5 0.0009341277 0.0 0.0
-8.01134e-5 -5.91128e-5 0.0006364742 0.0 0.0
-7.93356e-5 -5.91128e-5 0.000491224 0.0 0.0
-7.85578e-5 -5.91128e-5 0.0006007696 0.0 0.0
-7.778e-5 -5.91128e-5 0.002282248 0.0 0.0
-7.70022e-5 -5.91128e-5 0.0019530361 0.0 0.0
-7.62244e-5 -5.91128e-5 0.0018387764 0.0 0.0
-7.54466e-5 -5.91128e-5 0.0018144524 0.0 0.0
-7.46688e-5 -5.91128e-5 0.001171549 0.0 0.0
-7.3891e-5 -5.91128e-5 0.0033807397 0.0 0.0
-7.31132e-5 -5.91128e-5 0.0023001898 0.0 0.0
-7.23354e-5 -5.91128e-5 0.0020075347 0.0 0.0
-7.15576e-5 -5.91128e-5 0.0048361041 0.0 0.0
-7.07798e-5 -5.91128e-5 0.0046766974 0.0 0.0
-7.0002e-5 -5.91128e-5 0.0030217464 0.0 0.0
-6.92242e-5 -5.91128e-5 0.0058676442 0.0 0.0
-6.84464e-5 -5.91128e-5 0.0057237125 0.0 0.0
-6.76686e-5 -5.91128e-5 0.0092609828 0.0 0.0
-6.68908e-5 -5.91128e-5 0.0073192857 0.0 0.0
-6.6113e-5 -5.91128e-5 0.0126112071 0.0 0.0
-6.53352e-5 -5.91128e-5 0.0084761924 0.0 0.0
-6.45574e-5 -5.91128e-5 0.0094324457 0.0 0.0
-6.37796e-5 -5.91128e-5 0.0123079769 0.0 0.0
-6.30018e-5 -5.91128e-5 0.0076700246 0.0 0.0
-6.2224e-5 -5.91128e-5 0.0136134962 0.0 0.0
-6.14462e-5 -5.91128e-5 0.0115708363 0.0 0.0
-6.06684e-5 -5.91128e-5 0.0114379972 0.0 0.0
-5.98906e-5 -5.91128e-5 0.0160421422 0.0 0.0
-5.91128e-5 -5.91128e-5 0.0143832518 0.0 0.0
-5.8335e-5 -5.91128e-5 0.012785355 0.0 0.0
-5.75572e-5 -5.91128e-5 0.0129373053 0.0 0.0
-5.67794e-5 -5.91128e-5 0.0134949711 0.0 0.0
-5.60016e-5 -5.91128e-5 0.0132435491 0.0 0.0
-5.52238e-5 -5.91128e-5 0.012821644 0.0 0.0
-5.4446e-5 -5.91128e-5 0.0098284923 0.0 0.0
-5.36682e-5 -5.91128e-5 0.0144325283 0.0 0.0
-5.28904e-5 -5.91128e-5 0.0200246722 0.0 0.0
-5.21126e-5 -5.91128e-5 0.019151335 0.0 0.0
-5.13348e-5 -5.91128e-5 0.0153379619 0.0 0.0
-5.0557e-5 -5.91128e-5 0.0118248647 0.0 0.0
-4.97792e-5 -5.91128e-5 0.0113208854 0.0 0.0
-4.90014e-5 -5.91128e-5 0.0130556438 0.0 0.0
-4.82236e-5 -5.91128e-5 0.0132521186 0.0 0.0
-4.74458e-5 -5.91128e-5 0.0126150706 0.0 0.0
-4.6668e-5 -5.91128e-5 0.015731706 0.0 0.0
-4.58902e-5 -5.91128e-5 0.0100849575 0.0 0.0
-4.51124e-5 -5.91128e-5 0.0102670186 0.0 0.0
-4.43346e-5 -5.91128e-5 0.0274235311 0.0 0.0
-4.35568e-5 -5.91128e-5 0.0413107679 0.0 0.0
-4.2779e-5 -5.91128e-5 0.0200306463 0.0 0.0
-4.20012e-5 -5.91128e-5 0.0302508192 0.0 0.0
-4.12234e-5 -5.91128e-5 0.0130075082 0.0 0.0
-4.04456e-5 -5.91128e-5 0.0169034198 0.0 0.0
-3.96678e-5 -5.91128e-5 0.0098589459 0.0 0.0
-3.889e-5 -5.91128e-5 0.0133637898 0.0 0.0
-3.81122e-5 -5.91128e-5 0.0423734174 0.0 0.0
-3.73344e-5 -5.91128e-5 0.1015226513 0.0 0.0
-3.65566e-5 -5.91128e-5 0.0606379612 0.0 0.0
-3.57788e-5 -5.91128e-5 0.0605836283 0.0 0.0
-3.5001e-5 -5.91128e-5 0.0318462307 0.0 0.0
-3.42232e-5 -5.91128e-5 0.0396006149 0.0 0.0
-3.34454e-5 -5.91128e-5 0.0825047481 0.0 0.0
-3.26676e-5 -5.91128e-5 0.1549581859 0.0 0.0
-3.18898e-5 -5.91128e-5 0.1064709079 0.0 0.0
-3.1112e-5 -5.91128e-5 0.0653314274 0.0 0.0
-3.03342e-5 -5.91128e-5 0.1047577384 0.0 0.0
-2.95564e-5 -5.91128e-5 0.1103791754 0.0 0.0
-2.87786e-5 -5.91128e-5 0.0889282334 0.0 0.0
-2.80008e-5 -5.91128e-5 0.0972661501 0.0 0.0
-2.7223e-5 -5.91128e-5 0.0937169642 0.0 0.0
-2.64452e-5 -5.91128e-5 0.1444158275 0.0 0.0
-2.56674e-5 -5.91128e-5 0.1131080761 0.0 0.0
-2.48896e-5 -5.91128e-5 0.1778634237 0.0 0.0
-2.41118e-5 -5.91128e-5 0.1408618875 0.0 0.0
-2.3334e-5 -5.91128e-5 0.1041976684 0.0 0.0
-2.25562e-5 -5.91128e-5 0.0481773156 0.0 0.0
-2.17784e-5 -5.91128e-5 0.0321377532 0.0 0.0
-2.10006e-5 -5.91128e-5 0.0267142665 0.0 0.0
-2.02228e-5 -5.91128e-5 0.0227384255 0.0 0.0
-1.9445e-5 -5.91128e-5 0.0225245797 0.0 0.0
-1.86672e-5 -5.91128e-5 0.0219334942 0.0 0.0
-1.78894e-5 -5.91128e-5 0.0158442711 0.0 0.0
-1.71116e-5 -5.91128e-5 0.0083759227 0.0 0.0
-1.63338e-5 -5.91128e-5 0.0055553704 0.0 0.0
-1.5556e-5 -5.91128e-5 0.0033079558 0.0 0.0
-1.47782e-5 -5.91128e-5 0.004908687 0.0 0.0
-1.40004e-5 -5.91128e-5 0.0052381759 0.0 0.0
-1.32226e-5 -5.91128e-5 0.004047786 0.0 0.0
-1.24448e-5 -5.91128e-5 0.0076866501 0.0 0.0
-1.1667e-5 -5.91128e-5 0.0017335435 0.0 0.0
-1.08892e-5 -5.91128e-5 0.0002696798 0.0 0.0
-1.01114e-5 -5.91128e-5 0.0010276321 0.0 0.0
-9.3336e-6 -5.91128e-5 0.0004688975 0.0 0.0
-8.5558e-6 -5.91128e-5 0.0002603587 0.0 0.0
-7.778e-6 -5.91128e-5 0.0001157409 0.0 0.0
-7.0002e-6 -5.91128e-5 0.0006240946 0.0 0.0
-6.2224e-6 -5.91128e-5 0.000306608 0.0 0.0
-5.4446e-6 -5.91128e-5 0.0005880869 0.0 0.0
-4.6668e-6 -5.91128e-5 0.0003353717 0.0 0.0
-3.889e-6 -5.91128e-5 0.0003719889 0.0 0.0
-3.1112e-6 -5.91128e-5 0.0004051451 0.0 0.0
-2.3334e-6 -5.91128e-5 0.000527364 0.0 0.0
-1.5556e-6 -5.91128e-5 0.0004368428 0.0 0.0
-7.778e-7 -5.91128e-5 0.0004008025 0.0 0.0
0.0 -5.91128e-5 0.0002739053 0.0 0.0
7.778e-7 -5.91128e-5 0.0003473765 0.0 0.0
1.5556e-6 -5.91128e-5 0.0004372585 0.0 0.0
2.3334e-6 -5.91128e-5 0.000587508 0.0 0.0
3.1112e-6 -5.91128e-5 0.0006317212 0.0 0.0
3.889e-6 -5.91128e-5 0.0007139146 0.0 0.0
4.6668e-6 -5.91128e-5 0.0005669998 0.0 0.0
5.4446e-6 -5.91128e-5 0.0004169471 0.0 0.0
6.2224e-6 -5.91128e-5 0.0003703659 0.0 0.0
7.0002e-6 -5.91128e-5 0.0001777736 0.0 0.0
7.778e-6 -5.91128e-5 8.25373e-5 0.0 0.0
8.5558e-6 -5.91128e-5 0.0001953472 0.0 0.0
9.3336e-6 -5.91128e-5 0.0002569772 0.0 0.0
1.01114e-5 -5.91128e-5 0.0001192483 0.0 0.0
1.08892e-5 -5.91128e-5 0.0003274211 0.0 0.0
1.1667e-5 -5.91128e-5 0.0002763529 0.0 0.0
1.24448e-5 -5.91128e-5 0.0002498515 0.0 0.0
1.32226e-5 -5.91128e-5 0.000219738 0.0 0.0
1.40004e-5 -5.91128e-5 0.0001838203 0.0 0.0
1.47782e-5 -5.91128e-5 0.0001660683 0.0 0.0
1.5556e-5 -5.91128e-5 0.0001473063 0.0 0.0
1.63338e-5 -5.91128e-5 0.0001157789 0.0 0.0
1.71116e-5 -5.91128e-5 0.0001138678 0.0 0.0
1.78894e-5 -5.91128e-5 9.90281e-5 0.0 0.0
1.86672e-5 -5.91128e-5 0.0001020761 0.0 0.0
-9.72251e-5 -5.8335e-5 0.0001570152 0.0 0.0
-9.64473e-5 -5.8335e-5 1.3236e-6 0.0 0.0
-9.56695e-5 -5.8335e-5 0.0003348341 0.0 0.0
-9.48917e-5 -5.8335e-5 2.9696e-6 0.0 0.0
-9.41139e-5 -5.8335e-5 3.69e-8 0.0 0.0
-9.33361e-5 -5.8335e-5 5.53115e-5 0.0 0.0
-9.25583e-5 -5.8335e-5 8.39e-8 0.0 0.0
-9.17805e-5 -5.8335e-5 0.0001166401 0.0 0.0
-9.10027e-5 -5.8335e-5 1.60095e-5 0.0 0.0
-9.02249e-5 -5.8335e-5 2.069e-6 0.0 0.0
-8.94471e-5 -5.8335e-5 0.0003343423 0.0 0.0
-8.86693e-5 -5.8335e-5 0.0001661304 0.0 0.0
-8.78915e-5 -5.8335e-5 2.2206e-5 0.0 0.0
-8.71137e-5 -5.8335e-5 6.7337e-6 0.0 0.0
-8.63359e-5 -5.8335e-5 0.0002462835 0.0 0.0
-8.55581e-5 -5.8335e-5 6.10178e-5 0.0 0.0
-8.47803e-5 -5.8335e-5 2.19776e-5 0.0 0.0
-8.40025e-5 -5.8335e-5 0.0006941473 0.0 0.0
-8.32246e-5 -5.8335e-5 0.0003396459 0.0 0.0
-8.24468e-5 -5.8335e-5 7.32458e-5 0.0 0.0
-8.1669e-5 -5.8335e-5 0.0001628114 0.0 0.0
-8.08912e-5 -5.8335e-5 0.0012856875 0.0 0.0
-8.01134e-5 -5.8335e-5 0.0008633511 0.0 0.0
-7.93356e-5 -5.8335e-5 0.000987843 0.0 0.0
-7.85578e-5 -5.8335e-5 0.000947037 0.0 0.0
-7.778e-5 -5.8335e-5 0.0009682458 0.0 0.0
-7.70022e-5 -5.8335e-5 0.002739147 0.0 0.0
-7.62244e-5 -5.8335e-5 0.0026102429 0.0 0.0
-7.54466e-5 -5.8335e-5 0.0024745759 0.0 0.0
-7.46688e-5 -5.8335e-5 0.001416399 0.0 0.0
-7.3891e-5 -5.8335e-5 0.0013156869 0.0 0.0
-7.31132e-5 -5.8335e-5 0.0034662763 0.0 0.0
-7.23354e-5 -5.8335e-5 0.0029846156 0.0 0.0
-7.15576e-5 -5.8335e-5 0.0064401997 0.0 0.0
-7.07798e-5 -5.8335e-5 0.0040978214 0.0 0.0
-7.0002e-5 -5.8335e-5 0.0080441623 0.0 0.0
-6.92242e-5 -5.8335e-5 0.0075419361 0.0 0.0
-6.84464e-5 -5.8335e-5 0.0056526912 0.0 0.0
-6.76686e-5 -5.8335e-5 0.0102247427 0.0 0.0
-6.68908e-5 -5.8335e-5 0.0089241827 0.0 0.0
-6.6113e-5 -5.8335e-5 0.0136887939 0.0 0.0
-6.53352e-5 -5.8335e-5 0.0161764545 0.0 0.0
-6.45574e-5 -5.8335e-5 0.0117469353 0.0 0.0
-6.37796e-5 -5.8335e-5 0.015723716 0.0 0.0
-6.30018e-5 -5.8335e-5 0.01616079 0.0 0.0
-6.2224e-5 -5.8335e-5 0.0245633871 0.0 0.0
-6.14462e-5 -5.8335e-5 0.0255308704 0.0 0.0
-6.06684e-5 -5.8335e-5 0.0232983744 0.0 0.0
-5.98906e-5 -5.8335e-5 0.0285100897 0.0 0.0
-5.91128e-5 -5.8335e-5 0.0286373042 0.0 0.0
-5.8335e-5 -5.8335e-5 0.0194539876 0.0 0.0
-5.75572e-5 -5.8335e-5 0.0151095595 0.0 0.0
-5.67794e-5 -5.8335e-5 0.0135817555 0.0 0.0
-5.60016e-5 -5.8335e-5 0.0124512242 0.0 0.0
-5.52238e-5 -5.8335e-5 0.015966392 0.0 0.0
-5.4446e-5 -5.8335e-5 0.0230624108 0.0 0.0
-5.36682e-5 -5.8335e-5 0.0234232316 0.0 0.0
-5.28904e-5 -5.8335e-5 0.0230442804 0.0 0.0
-5.21126e-5 -5.8335e-5 0.020647776 0.0 0.0
-5.13348e-5 -5.8335e-5 0.0180093341 0.0 0.0
-5.0557e-5 -5.8335e-5 0.016038039 0.0 0.0
-4.97792e-5 -5.8335e-5 0.0264143927 0.0 0.0
-4.90014e-5 -5.8335e-5 0.0251957192 0.0 0.0
-4.82236e-5 -5.8335e-5 0.0246642914 0.0 0.0
-4.74458e-5 -5.8335e-5 0.0261718706 0.0 0.0
-4.6668e-5 -5.8335e-5 0.0127295779 0.0 0.0
-4.58902e-5 -5.8335e-5 0.013335787 0.0 0.0
-4.51124e-5 -5.8335e-5 0.0130504543 0.0 0.0
-4.43346e-5 -5.8335e-5 0.0123278948 0.0 0.0
-4.35568e-5 -5.8335e-5 0.0045484051 0.0 0.0
-4.2779e-5 -5.8335e-5 0.0158771006 0.0 0.0
-4.20012e-5 -5.8335e-5 0.0205105463 0.0 0.0
-4.12234e-5 -5.8335e-5 0.006967478 0.0 0.0
-4.04456e-5 -5.8335e-5 0.0195094155 0.0 0.0
-3.96678e-5 -5.8335e-5 0.0171850992 0.0 0.0
-3.889e-5 -5.8335e-5 0.0033460164 0.0 0.0
-3.81122e-5 -5.8335e-5 0.0128656665 0.0 0.0
-3.73344e-5 -5.8335e-5 0.0269362329 0.0 0.0
-3.65566e-5 -5.8335e-5 0.1562992003 0.0 0.0
-3.57788e-5 -5.8335e-5 0.0670737842 0.0 0.0
-3.5001e-5 -5.8335e-5 0.0463395891 0.0 0.0
-3.42232e-5 -5.8335e-5 0.046605274 0.0 0.0
-3.34454e-5 -5.8335e-5 0.0628186191 0.0 0.0
-3.26676e-5 -5.8335e-5 0.1176718585 0.0 0.0
-3.18898e-5 -5.8335e-5 0.1521303228 0.0 0.0
-3.1112e-5 -5.8335e-5 0.0864122412 0.0 0.0
-3.03342e-5 -5.8335e-5 0.0852615099 0.0 0.0
-2.95564e-5 -5.8335e-5 0.1122201252 0.0 0.0
-2.87786e-5 -5.8335e-5 0.0990972451 0.0 0.0
-2.80008e-5 -5.8335e-5 0.0998098863 0.0 0.0
-2.7223e-5 -5.8335e-5 0.1029727631 0.0 0.0
-2.64452e-5 -5.8335e-5 0.1330429391 0.0 0.0
-2.56674e-5 -5.8335e-5 0.1604083812 0.0 0.0
-2.48896e-5 -5.8335e-5 0.1044065767 0.0 0.0
-2.41118e-5 -5.8335e-5 0.1817244693 0.0 0.0
-2.3334e-5 -5.8335e-5 0.13929376 0.0 0.0
-2.25562e-5 -5.8335e-5 0.0718272127 0.0 0.0
-2.17784e-5 -5.8335e-5 0.0392958414 0.0 0.0
-2.10006e-5 -5.8335e-5 0.024727899 0.0 0.0
-2.02228e-5 -5.8335e-5 0.0249155551 0.0 0.0
-1.9445e-5 -5.8335e-5 0.0233940049 0.0 0.0
-1.86672e-5 -5.8335e-5 0.020794337 0.0 0.0
-1.78894e-5 -5.8335e-5 0.01711087 0.0 0.0
-1.71116e-5 -5.8335e-5 0.0065145009 0.0 0.0
-1.63338e-5 -5.8335e-5 0.0030877589 0.0 0.0
-1.5556e-5 -5.8335e-5 0.004327052 0.0 0.0
-1.47782e-5 -5.8335e-5 0.0044128599 0.0 0.0
-1.40004e-5 -5.8335e-5 0.0037323594 0.0 0.0
-1.32226e-5 -5.8335e-5 0.0027765476 0.0 0.0
-1.24448e-5 -5.8335e-5 0.0086980399 0.0 0.0
-1.1667e-5 -5.8335e-5 0.0035766204 0.0 0.0
-1.08892e-5 -5.8335e-5 0.0009775772 0.0 0.0
-1.01114e-5 -5.8335e-5 0.0005470571 0.0 0.0
-9.3336e-6 -5.8335e-5 0.0002961957 0.0 0.0
-8.5558e-6 -5.8335e-5 2.96882e-5 0.0 0.0
-7.778e-6 -5.8335e-5 0.0005190168 0.0 0.0
-7.0002e-6 -5.8335e-5 0.0004125867 0.0 0.0
-6.2224e-6 -5.8335e-5 0.0009274253 0.0 0.0
-5.4446e-6 -5.8335e-5 0.0004490496 0.0 0.0
-4.6668e-6 -5.8335e-5 0.0007084467 0.0 0.0
-3.889e-6 -5.8335e-5 0.0003304459 0.0 0.0
-3.1112e-6 -5.8335e-5 0.0003470804 0.0 0.0
-2.3334e-6 -5.8335e-5 0.000416581 0.0 0.0
-1.5556e-6 -5.8335e-5 0.0004455508 0.0 0.0
-7.778e-7 -5.8335e-5 0.000404899 0.0 0.0
0.0 -5.8335e-5 0.0003631664 0.0 0.0
7.778e-7 -5.8335e-5 0.0003133055 0.0 0.0
1.5556e-6 -5.8335e-5 0.0003522406 0.0 0.0
2.3334e-6 -5.8335e-5 0.0005071121 0.0 0.0
3.1112e-6 -5.8335e-5 0.0006616215 0.0 0.0
3.889e-6 -5.8335e-5 0.0008133477 0.0 0.0
4.6668e-6 -5.8335e-5 0.0006641677 0.0 0.0
5.4446e-6 -5.8335e-5 0.0002424783 0.0 0.0
6.2224e-6 -5.8335e-5 0.0002032088 0.0 0.0
7.0002e-6 -5.8335e-5 0.0003865586 0.0 0.0
7.778e-6 -5.8335e-5 0.0002207684 0.0 0.0
8.5558e-6 -5.8335e-5 0.0003232058 0.0 0.0
9.3336e-6 -5.8335e-5 0.0001528562 0.0 0.0
1.01114e-5 -5.8335e-5 0.0002289552 0.0 0.0
1.08892e-5 -5.8335e-5 0.0002407035 0.0 0.0
1.1667e-5 -5.8335e-5 0.0002350772 0.0 0.0
1.24448e-5 -5.8335e-5 0.0002026622 0.0 0.0
1.32226e-5 -5.8335e-5 0.0001856829 0.0 0.0
1.40004e-5 -5.8335e-5 0.0001527916 0.0 0.0
1.47782e-5 -5.8335e-5 0.000143594 0.0 0.0
1.5556e-5 -5.8335e-5 0.0001338656 0.0 0.0
1.63338e-5 -5.8335e-5 0.0001301413 0.0 0.0
1.71116e-5 -5.8335e-5 0.0001246792 0.0 0.0
1.78894e-5 -5.8335e-5 0.0001048814 0.0 0.0
1.86672e-5 -5.8335e-5 8.18167e-5 0.0 0.0
-9.72251e-5 -5.75572e-5 5.67524e-5 0.0 0.0
-9.64473e-5 -5.75572e-5 1.429e-7 0.0 0.0
-9.56695e-5 -5.75572e-5 4.65185e-5 0.0 0.0
-9.48917e-5 -5.75572e-5 7.991e-7 0.0 0.0
-9.41139e-5 -5.75572e-5 0.0001306564 0.0 0.0
-9.33361e-5 -5.75572e-5 3.3797e-6 0.0 0.0
-9.25583e-5 -5.75572e-5 3.0e-8 0.0 0.0
-9.17805e-5 -5.75572e-5 2.01524e-5 0.0 0.0
-9.10027e-5 -5.75572e-5 1.8696e-6 0.0 0.0
-9.02249e-5 -5.75572e-5 0.0002853634 0.0 0.0
-8.94471e-5 -5.75572e-5 0.0002275189 0.0 0.0
-8.86693e-5 -5.75572e-5 4.24936e-5 0.0 0.0
-8.78915e-5 -5.75572e-5 1.37101e-5 0.0 0.0
-8.71137e-5 -5.75572e-5 0.0002955679 0.0 0.0
-8.63359e-5 -5.75572e-5 0.0002558625 0.0 0.0
-8.55581e-5 -5.75572e-5 7.05932e-5 0.0 0.0
-8.47803e-5 -5.75572e-5 6.46121e-5 0.0 0.0
-8.40025e-5 -5.75572e-5 0.0006596239 0.0 0.0
-8.32246e-5 -5.75572e-5 0.0003234877 0.0 0.0
-8.24468e-5 -5.75572e-5 0.0004089397 0.0 0.0
-8.1669e-5 -5.75572e-5 0.000399798 0.0 0.0
-8.08912e-5 -5.75572e-5 0.0016590464 0.0 0.0
-8.01134e-5 -5.75572e-5 0.0018834468 0.0 0.0
-7.93356e-5 -5.75572e-5 0.0018869314 0.0 0.0
-7.85578e-5 -5.75572e-5 0.0017477485 0.0 0.0
-7.778e-5 -5.75572e-5 0.0016333852 0.0 0.0
-7.70022e-5 -5.75572e-5 0.0013915162 0.0 0.0
-7.62244e-5 -5.75572e-5 0.0039464999 0.0 0.0
-7.54466e-5 -5.75572e-5 0.003888502 0.0 0.0
-7.46688e-5 -5.75572e-5 0.0033344924 0.0 0.0
-7.3891e-5 -5.75572e-5 0.0028333697 0.0 0.0
-7.31132e-5 -5.75572e-5 0.002198409 0.0 0.0
-7.23354e-5 -5.75572e-5 0.0046232095 0.0 0.0
-7.15576e-5 -5.75572e-5 0.0032105611 0.0 0.0
-7.07798e-5 -5.75572e-5 0.0062291283 0.0 0.0
-7.0002e-5 -5.75572e-5 0.0046964266 0.0 0.0
-6.92242e-5 -5.75572e-5 0.0087063773 0.0 0.0
-6.84464e-5 -5.75572e-5 0.00728658 0.0 0.0
-6.76686e-5 -5.75572e-5 0.013347692 0.0 0.0
-6.68908e-5 -5.75572e-5 0.0106628438 0.0 0.0
-6.6113e-5 -5.75572e-5 0.0143803328 0.0 0.0
-6.53352e-5 -5.75572e-5 0.013550764 0.0 0.0
-6.45574e-5 -5.75572e-5 0.0175820127 0.0 0.0
-6.37796e-5 -5.75572e-5 0.027108058 0.0 0.0
-6.30018e-5 -5.75572e-5 0.0338610246 0.0 0.0
-6.2224e-5 -5.75572e-5 0.040422779 0.0 0.0
-6.14462e-5 -5.75572e-5 0.0424316019 0.0 0.0
-6.06684e-5 -5.75572e-5 0.0427454566 0.0 0.0
-5.98906e-5 -5.75572e-5 0.0393397101 0.0 0.0
-5.91128e-5 -5.75572e-5 0.041329074 0.0 0.0
-5.8335e-5 -5.75572e-5 0.0336156571 0.0 0.0
-5.75572e-5 -5.75572e-5 0.0268496629 0.0 0.0
-5.67794e-5 -5.75572e-5 0.0224747271 0.0 0.0
-5.60016e-5 -5.75572e-5 0.0208190912 0.0 0.0
-5.52238e-5 -5.75572e-5 0.020451534 0.0 0.0
-5.4446e-5 -5.75572e-5 0.0273562599 0.0 0.0
-5.36682e-5 -5.75572e-5 0.0281747056 0.0 0.0
-5.28904e-5 -5.75572e-5 0.025781464 0.0 0.0
-5.21126e-5 -5.75572e-5 0.022942032 0.0 0.0
-5.13348e-5 -5.75572e-5 0.0287858957 0.0 0.0
-5.0557e-5 -5.75572e-5 0.033179269 0.0 0.0
-4.97792e-5 -5.75572e-5 0.0281892321 0.0 0.0
-4.90014e-5 -5.75572e-5 0.0435781323 0.0 0.0
-4.82236e-5 -5.75572e-5 0.041173383 0.0 0.0
-4.74458e-5 -5.75572e-5 0.0290413678 0.0 0.0
-4.6668e-5 -5.75572e-5 0.0129646805 0.0 0.0
-4.58902e-5 -5.75572e-5 0.0105610907 0.0 0.0
-4.51124e-5 -5.75572e-5 0.0090579717 0.0 0.0
-4.43346e-5 -5.75572e-5 0.0099923809 0.0 0.0
-4.35568e-5 -5.75572e-5 0.0020489606 0.0 0.0
-4.2779e-5 -5.75572e-5 0.0064877262 0.0 0.0
-4.20012e-5 -5.75572e-5 0.0155229078 0.0 0.0
-4.12234e-5 -5.75572e-5 0.0260894579 0.0 0.0
-4.04456e-5 -5.75572e-5 0.0234555133 0.0 0.0
-3.96678e-5 -5.75572e-5 0.0263083536 0.0 0.0
-3.889e-5 -5.75572e-5 0.0198280098 0.0 0.0
-3.81122e-5 -5.75572e-5 0.012983593 0.0 0.0
-3.73344e-5 -5.75572e-5 0.0276658389 0.0 0.0
-3.65566e-5 -5.75572e-5 0.1096936972 0.0 0.0
-3.57788e-5 -5.75572e-5 0.0857675245 0.0 0.0
-3.5001e-5 -5.75572e-5 0.0456014877 0.0 0.0
-3.42232e-5 -5.75572e-5 0.0572530316 0.0 0.0
-3.34454e-5 -5.75572e-5 0.0621436493 0.0 0.0
-3.26676e-5 -5.75572e-5 0.0938166976 0.0 0.0
-3.18898e-5 -5.75572e-5 0.1542979672 0.0 0.0
-3.1112e-5 -5.75572e-5 0.1483108367 0.0 0.0
-3.03342e-5 -5.75572e-5 0.0843875688 0.0 0.0
-2.95564e-5 -5.75572e-5 0.0894694717 0.0 0.0
-2.87786e-5 -5.75572e-5 0.1002522148 0.0 0.0
-2.80008e-5 -5.75572e-5 0.085028784 0.0 0.0
-2.7223e-5 -5.75572e-5 0.1095438968 0.0 0.0
-2.64452e-5 -5.75572e-5 0.0874415849 0.0 0.0
-2.56674e-5 -5.75572e-5 0.1279514879 0.0 0.0
-2.48896e-5 -5.75572e-5 0.1212481968 0.0 0.0
-2.41118e-5 -5.75572e-5 0.1893083368 0.0 0.0
-2.3334e-5 -5.75572e-5 0.1448417303 0.0 0.0
-2.25562e-5 -5.75572e-5 0.1116925788 0.0 0.0
-2.17784e-5 -5.75572e-5 0.0545283937 0.0 0.0
-2.10006e-5 -5.75572e-5 0.0323529487 0.0 0.0
-2.02228e-5 -5.75572e-5 0.0229903587 0.0 0.0
-1.9445e-5 -5.75572e-5 0.0196803462 0.0 0.0
-1.86672e-5 -5.75572e-5 0.0195404187 0.0 0.0
-1.78894e-5 -5.75572e-5 0.0173611409 0.0 0.0
-1.71116e-5 -5.75572e-5 0.0082857567 0.0 0.0
-1.63338e-5 -5.75572e-5 0.0047129133 0.0 0.0
-1.5556e-5 -5.75572e-5 0.0046056672 0.0 0.0
-1.47782e-5 -5.75572e-5 0.0044468228 0.0 0.0
-1.40004e-5 -5.75572e-5 0.0039682333 0.0 0.0
-1.32226e-5 -5.75572e-5 0.0052192046 0.0 0.0
-1.24448e-5 -5.75572e-5 0.0053625243 0.0 0.0
-1.1667e-5 -5.75572e-5 0.0032273268 0.0 0.0
-1.08892e-5 -5.75572e-5 0.0003930942 0.0 0.0
-1.01114e-5 -5.75572e-5 2.35123e-5 0.0 0.0
-9.3336e-6 -5.75572e-5 0.0008471564 0.0 0.0
-8.5558e-6 -5.75572e-5 0.0005171754 0.0 0.0
-7.778e-6 -5.75572e-5 0.0001365369 0.0 0.0
-7.0002e-6 -5.75572e-5 0.0009627855 0.0 0.0
-6.2224e-6 -5.75572e-5 0.0005541068 0.0 0.0
-5.4446e-6 -5.75572e-5 0.0009128501 0.0 0.0
-4.6668e-6 -5.75572e-5 0.0005283559 0.0 0.0
-3.889e-6 -5.75572e-5 0.0009055193 0.0 0.0
-3.1112e-6 -5.75572e-5 0.000745662 0.0 0.0
-2.3334e-6 -5.75572e-5 0.0007254872 0.0 0.0
-1.5556e-6 -5.75572e-5 0.0004544031 0.0 0.0
-7.778e-7 -5.75572e-5 0.0003961033 0.0 0.0
0.0 -5.75572e-5 0.0003314088 0.0 0.0
7.778e-7 -5.75572e-5 0.0003730105 0.0 0.0
1.5556e-6 -5.75572e-5 0.0003856626 0.0 0.0
2.3334e-6 -5.75572e-5 0.0005210704 0.0 0.0
3.1112e-6 -5.75572e-5 0.0007063641 0.0 0.0
3.889e-6 -5.75572e-5 0.0008689677 0.0 0.0
4.6668e-6 -5.75572e-5 0.0008219344 0.0 0.0
5.4446e-6 -5.75572e-5 0.0005292058 0.0 0.0
6.2224e-6 -5.75572e-5 0.0003504563 0.0 0.0
7.0002e-6 -5.75572e-5 0.0001783294 0.0 0.0
7.778e-6 -5.75572e-5 9.23438e-5 0.0 0.0
8.5558e-6 -5.75572e-5 0.0002103371 0.0 0.0
9.3336e-6 -5.75572e-5 0.0002861881 0.0 0.0
1.01114e-5 -5.75572e-5 0.0001477835 0.0 0.0
1.08892e-5 -5.75572e-5 0.0001679102 0.0 0.0
1.1667e-5 -5.75572e-5 0.0001787362 0.0 0.0
1.24448e-5 -5.75572e-5 0.0001541924 0.0 0.0
1.32226e-5 -5.75572e-5 0.0001378376 0.0 0.0
1.40004e-5 -5.75572e-5 0.0001313186 0.0 0.0
1.47782e-5 -5.75572e-5 0.0001185764 0.0 0.0
1.5556e-5 -5.75572e-5 0.000108415 0.0 0.0
1.63338e-5 -5.75572e-5 0.00011267 0.0 0.0
1.71116e-5 -5.75572e-5 0.0001162914 0.0 0.0
1.78894e-5 -5.75572e-5 0.0001115896 0.0 0.0
1.86672e-5 -5.75572e-5 9.21784e-5 0.0 0.0
-9.72251e-5 -5.67794e-5 7.13478e-5 0.0 0.0
-9.64473e-5 -5.67794e-5 6.29e-8 0.0 0.0
-9.56695e-5 -5.67794e-5 6.92106e-5 0.0 0.0
-9.48917e-5 -5.67794e-5 3.266e-7 0.0 0.0
-9.41139e-5 -5.67794e-5 0.000141634 0.0 0.0
-9.33361e-5 -5.67794e-5 3.1058e-6 0.0 0.0
-9.25583e-5 -5.67794e-5 0.0002977003 0.0 0.0
-9.17805e-5 -5.67794e-5 0.0001135276 0.0 0.0
-9.10027e-5 -5.67794e-5 9.3314e-6 0.0 0.0
-9.02249e-5 -5.67794e-5 2.3835e-6 0.0 0.0
-8.94471e-5 -5.67794e-5 0.0002493248 0.0 0.0
-8.86693e-5 -5.67794e-5 0.0001273894 0.0 0.0
-8.78915e-5 -5.67794e-5 4.74966e-5 0.0 0.0
-8.71137e-5 -5.67794e-5 0.0004995376 0.0 0.0
-8.63359e-5 -5.67794e-5 0.0002987612 0.0 0.0
-8.55581e-5 -5.67794e-5 0.0001784232 0.0 0.0
-8.47803e-5 -5.67794e-5 0.0002139267 0.0 0.0
-8.40025e-5 -5.67794e-5 0.0012818127 0.0 0.0
-8.32246e-5 -5.67794e-5 0.0011716402 0.0 0.0
-8.24468e-5 -5.67794e-5 0.0013572341 0.0 0.0
-8.1669e-5 -5.67794e-5 0.0012667089 0.0 0.0
-8.08912e-5 -5.67794e-5 0.0015197 0.0 0.0
-8.01134e-5 -5.67794e-5 0.0013721362 0.0 0.0
-7.93356e-5 -5.67794e-5 0.0037350984 0.0 0.0
-7.85578e-5 -5.67794e-5 0.0037677389 0.0 0.0
-7.778e-5 -5.67794e-5 0.0038055946 0.0 0.0
-7.70022e-5 -5.67794e-5 0.0031728519 0.0 0.0
-7.62244e-5 -5.67794e-5 0.0029341855 0.0 0.0
-7.54466e-5 -5.67794e-5 0.0025956372 0.0 0.0
-7.46688e-5 -5.67794e-5 0.0023896468 0.0 0.0
-7.3891e-5 -5.67794e-5 0.0051394348 0.0 0.0
-7.31132e-5 -5.67794e-5 0.0036706064 0.0 0.0
-7.23354e-5 -5.67794e-5 0.0028505804 0.0 0.0
-7.15576e-5 -5.67794e-5 0.0042188491 0.0 0.0
-7.07798e-5 -5.67794e-5 0.0035116889 0.0 0.0
-7.0002e-5 -5.67794e-5 0.0077275422 0.0 0.0
-6.92242e-5 -5.67794e-5 0.0056184758 0.0 0.0
-6.84464e-5 -5.67794e-5 0.0097799762 0.0 0.0
-6.76686e-5 -5.67794e-5 0.0150129515 0.0 0.0
-6.68908e-5 -5.67794e-5 0.0115197574 0.0 0.0
-6.6113e-5 -5.67794e-5 0.0182538804 0.0 0.0
-6.53352e-5 -5.67794e-5 0.0196859141 0.0 0.0
-6.45574e-5 -5.67794e-5 0.0320059251 0.0 0.0
-6.37796e-5 -5.67794e-5 0.0439202168 0.0 0.0
-6.30018e-5 -5.67794e-5 0.0605574798 0.0 0.0
-6.2224e-5 -5.67794e-5 0.0682580904 0.0 0.0
-6.14462e-5 -5.67794e-5 0.0731240725 0.0 0.0
-6.06684e-5 -5.67794e-5 0.0665108997 0.0 0.0
-5.98906e-5 -5.67794e-5 0.0499885327 0.0 0.0
-5.91128e-5 -5.67794e-5 0.0376803923 0.0 0.0
-5.8335e-5 -5.67794e-5 0.0214282917 0.0 0.0
-5.75572e-5 -5.67794e-5 0.0223526422 0.0 0.0
-5.67794e-5 -5.67794e-5 0.0212422081 0.0 0.0
-5.60016e-5 -5.67794e-5 0.0212104384 0.0 0.0
-5.52238e-5 -5.67794e-5 0.0268277973 0.0 0.0
-5.4446e-5 -5.67794e-5 0.0334945175 0.0 0.0
-5.36682e-5 -5.67794e-5 0.0285883914 0.0 0.0
-5.28904e-5 -5.67794e-5 0.0279976448 0.0 0.0
-5.21126e-5 -5.67794e-5 0.0374635587 0.0 0.0
-5.13348e-5 -5.67794e-5 0.0438765326 0.0 0.0
-5.0557e-5 -5.67794e-5 0.0433183363 0.0 0.0
-4.97792e-5 -5.67794e-5 0.061182319 0.0 0.0
-4.90014e-5 -5.67794e-5 0.059118781 0.0 0.0
-4.82236e-5 -5.67794e-5 0.0529900306 0.0 0.0
-4.74458e-5 -5.67794e-5 0.0327019507 0.0 0.0
-4.6668e-5 -5.67794e-5 0.0027626938 0.0 0.0
-4.58902e-5 -5.67794e-5 0.0018762031 0.0 0.0
-4.51124e-5 -5.67794e-5 0.0197881368 0.0 0.0
-4.43346e-5 -5.67794e-5 0.0169901466 0.0 0.0
-4.35568e-5 -5.67794e-5 0.0041523052 0.0 0.0
-4.2779e-5 -5.67794e-5 0.0055421745 0.0 0.0
-4.20012e-5 -5.67794e-5 0.0131784626 0.0 0.0
-4.12234e-5 -5.67794e-5 0.0009002228 0.0 0.0
-4.04456e-5 -5.67794e-5 0.0288933339 0.0 0.0
-3.96678e-5 -5.67794e-5 0.0069195064 0.0 0.0
-3.889e-5 -5.67794e-5 0.0186690944 0.0 0.0
-3.81122e-5 -5.67794e-5 0.0147742269 0.0 0.0
-3.73344e-5 -5.67794e-5 0.0154457168 0.0 0.0
-3.65566e-5 -5.67794e-5 0.0192634837 0.0 0.0
-3.57788e-5 -5.67794e-5 0.1915739608 0.0 0.0
-3.5001e-5 -5.67794e-5 0.0571998985 0.0 0.0
-3.42232e-5 -5.67794e-5 0.0632214458 0.0 0.0
-3.34454e-5 -5.67794e-5 0.0513039146 0.0 0.0
-3.26676e-5 -5.67794e-5 0.0626653442 0.0 0.0
-3.18898e-5 -5.67794e-5 0.1217168527 0.0 0.0
-3.1112e-5 -5.67794e-5 0.1876372203 0.0 0.0
-3.03342e-5 -5.67794e-5 0.1359805971 0.0 0.0
-2.95564e-5 -5.67794e-5 0.0834920255 0.0 0.0
-2.87786e-5 -5.67794e-5 0.1016182981 0.0 0.0
-2.80008e-5 -5.67794e-5 0.098494821 0.0 0.0
-2.7223e-5 -5.67794e-5 0.1258390395 0.0 0.0
-2.64452e-5 -5.67794e-5 0.1211834387 0.0 0.0
-2.56674e-5 -5.67794e-5 0.0983496053 0.0 0.0
-2.48896e-5 -5.67794e-5 0.1979024268 0.0 0.0
-2.41118e-5 -5.67794e-5 0.1801624131 0.0 0.0
-2.3334e-5 -5.67794e-5 0.1621760386 0.0 0.0
-2.25562e-5 -5.67794e-5 0.1533000149 0.0 0.0
-2.17784e-5 -5.67794e-5 0.0643981152 0.0 0.0
-2.10006e-5 -5.67794e-5 0.035701566 0.0 0.0
-2.02228e-5 -5.67794e-5 0.0213910492 0.0 0.0
-1.9445e-5 -5.67794e-5 0.018218469 0.0 0.0
-1.86672e-5 -5.67794e-5 0.0181331271 0.0 0.0
-1.78894e-5 -5.67794e-5 0.0146643004 0.0 0.0
-1.71116e-5 -5.67794e-5 0.005521555 0.0 0.0
-1.63338e-5 -5.67794e-5 0.0052448137 0.0 0.0
-1.5556e-5 -5.67794e-5 0.006120188 0.0 0.0
-1.47782e-5 -5.67794e-5 0.006135212 0.0 0.0
-1.40004e-5 -5.67794e-5 0.0055762099 0.0 0.0
-1.32226e-5 -5.67794e-5 0.004593425 0.0 0.0
-1.24448e-5 -5.67794e-5 0.0075106424 0.0 0.0
-1.1667e-5 -5.67794e-5 0.0049280563 0.0 0.0
-1.08892e-5 -5.67794e-5 0.0010893124 0.0 0.0
-1.01114e-5 -5.67794e-5 0.0003017275 0.0 0.0
-9.3336e-6 -5.67794e-5 9.5788e-5 0.0 0.0
-8.5558e-6 -5.67794e-5 2.331e-5 0.0 0.0
-7.778e-6 -5.67794e-5 0.0007356119 0.0 0.0
-7.0002e-6 -5.67794e-5 0.0003664021 0.0 0.0
-6.2224e-6 -5.67794e-5 0.0009390978 0.0 0.0
-5.4446e-6 -5.67794e-5 0.0006287672 0.0 0.0
-4.6668e-6 -5.67794e-5 0.0002887921 0.0 0.0
-3.889e-6 -5.67794e-5 0.0005169163 0.0 0.0
-3.1112e-6 -5.67794e-5 0.0006805521 0.0 0.0
-2.3334e-6 -5.67794e-5 0.0006886116 0.0 0.0
-1.5556e-6 -5.67794e-5 0.0006521883 0.0 0.0
-7.778e-7 -5.67794e-5 0.000590449 0.0 0.0
0.0 -5.67794e-5 0.0003143511 0.0 0.0
7.778e-7 -5.67794e-5 0.0002988974 0.0 0.0
1.5556e-6 -5.67794e-5 0.000430698 0.0 0.0
2.3334e-6 -5.67794e-5 0.0005381813 0.0 0.0
3.1112e-6 -5.67794e-5 0.0007322876 0.0 0.0
3.889e-6 -5.67794e-5 0.0009297168 0.0 0.0
4.6668e-6 -5.67794e-5 0.0009115528 0.0 0.0
5.4446e-6 -5.67794e-5 0.0003132858 0.0 0.0
6.2224e-6 -5.67794e-5 0.0002545029 0.0 0.0
7.0002e-6 -5.67794e-5 0.0001629812 0.0 0.0
7.778e-6 -5.67794e-5 0.0002254716 0.0 0.0
8.5558e-6 -5.67794e-5 0.0003455784 0.0 0.0
9.3336e-6 -5.67794e-5 0.0001471793 0.0 0.0
1.01114e-5 -5.67794e-5 0.0002561466 0.0 0.0
1.08892e-5 -5.67794e-5 9.37091e-5 0.0 0.0
1.1667e-5 -5.67794e-5 0.0001114525 0.0 0.0
1.24448e-5 -5.67794e-5 0.0001249055 0.0 0.0
1.32226e-5 -5.67794e-5 0.0002180723 0.0 0.0
1.40004e-5 -5.67794e-5 0.0001767586 0.0 0.0
1.47782e-5 -5.67794e-5 0.0001595937 0.0 0.0
1.5556e-5 -5.67794e-5 0.0001415181 0.0 0.0
1.63338e-5 -5.67794e-5 0.000129143 0.0 0.0
1.71116e-5 -5.67794e-5 0.0001267614 0.0 0.0
1.78894e-5 -5.67794e-5 9.51363e-5 0.0 0.0
1.86672e-5 -5.67794e-5 9.76763e-5 0.0 0.0
-9.72251e-5 -5.60016e-5 2.1e-9 0.0 0.0
-9.64473e-5 -5.60016e-5 1.3271e-6 0.0 0.0
-9.56695e-5 -5.60016e-5 0.0003334046 0.0 0.0
-9.48917e-5 -5.60016e-5 7.6028e-6 0.0 0.0
-9.41139e-5 -5.60016e-5 1.096e-7 0.0 0.0
-9.33361e-5 -5.60016e-5 7.40292e-5 0.0 0.0
-9.25583e-5 -5.60016e-5 1.00688e-5 0.0 0.0
-9.17805e-5 -5.60016e-5 5.882e-7 0.0 0.0
-9.10027e-5 -5.60016e-5 0.0001881163 0.0 0.0
-9.02249e-5 -5.60016e-5 4.60875e-5 0.0 0.0
-8.94471e-5 -5.60016e-5 1.27326e-5 0.0 0.0
-8.86693e-5 -5.60016e-5 2.51789e-5 0.0 0.0
-8.78915e-5 -5.60016e-5 0.0002162864 0.0 0.0
-8.71137e-5 -5.60016e-5 0.0002220809 0.0 0.0
-8.63359e-5 -5.60016e-5 0.0002145117 0.0 0.0
-8.55581e-5 -5.60016e-5 0.0007140019 0.0 0.0
-8.47803e-5 -5.60016e-5 0.0010019522 0.0 0.0
-8.40025e-5 -5.60016e-5 0.0010732259 0.0 0.0
-8.32246e-5 -5.60016e-5 0.0013142663 0.0 0.0
-8.24468e-5 -5.60016e-5 0.0015517544 0.0 0.0
-8.1669e-5 -5.60016e-5 0.0033690157 0.0 0.0
-8.08912e-5 -5.60016e-5 0.0018156175 0.0 0.0
-8.01134e-5 -5.60016e-5 0.0036312246 0.0 0.0
-7.93356e-5 -5.60016e-5 0.0040993023 0.0 0.0
-7.85578e-5 -5.60016e-5 0.0037575758 0.0 0.0
-7.778e-5 -5.60016e-5 0.0035271059 0.0 0.0
-7.70022e-5 -5.60016e-5 0.0037997946 0.0 0.0
-7.62244e-5 -5.60016e-5 0.0036084699 0.0 0.0
-7.54466e-5 -5.60016e-5 0.0032563373 0.0 0.0
-7.46688e-5 -5.60016e-5 0.0051730879 0.0 0.0
-7.3891e-5 -5.60016e-5 0.0036633571 0.0 0.0
-7.31132e-5 -5.60016e-5 0.0065868196 0.0 0.0
-7.23354e-5 -5.60016e-5 0.0046257223 0.0 0.0
-7.15576e-5 -5.60016e-5 0.003148668 0.0 0.0
-7.07798e-5 -5.60016e-5 0.0069037429 0.0 0.0
-7.0002e-5 -5.60016e-5 0.0053616293 0.0 0.0
-6.92242e-5 -5.60016e-5 0.0077565135 0.0 0.0
-6.84464e-5 -5.60016e-5 0.0126268816 0.0 0.0
-6.76686e-5 -5.60016e-5 0.0111015358 0.0 0.0
-6.68908e-5 -5.60016e-5 0.0190437854 0.0 0.0
-6.6113e-5 -5.60016e-5 0.0261713115 0.0 0.0
-6.53352e-5 -5.60016e-5 0.0444990675 0.0 0.0
-6.45574e-5 -5.60016e-5 0.0634890135 0.0 0.0
-6.37796e-5 -5.60016e-5 0.0839557203 0.0 0.0
-6.30018e-5 -5.60016e-5 0.1005572364 0.0 0.0
-6.2224e-5 -5.60016e-5 0.0981951992 0.0 0.0
-6.14462e-5 -5.60016e-5 0.0793813677 0.0 0.0
-6.06684e-5 -5.60016e-5 0.0572068049 0.0 0.0
-5.98906e-5 -5.60016e-5 0.0360646704 0.0 0.0
-5.91128e-5 -5.60016e-5 0.0228150322 0.0 0.0
-5.8335e-5 -5.60016e-5 0.0189625791 0.0 0.0
-5.75572e-5 -5.60016e-5 0.0192197491 0.0 0.0
-5.67794e-5 -5.60016e-5 0.0194479955 0.0 0.0
-5.60016e-5 -5.60016e-5 0.0327232041 0.0 0.0
-5.52238e-5 -5.60016e-5 0.031482383 0.0 0.0
-5.4446e-5 -5.60016e-5 0.0267814384 0.0 0.0
-5.36682e-5 -5.60016e-5 0.0304680102 0.0 0.0
-5.28904e-5 -5.60016e-5 0.0496721509 0.0 0.0
-5.21126e-5 -5.60016e-5 0.0587232209 0.0 0.0
-5.13348e-5 -5.60016e-5 0.0645283269 0.0 0.0
-5.0557e-5 -5.60016e-5 0.0864172683 0.0 0.0
-4.97792e-5 -5.60016e-5 0.0717295515 0.0 0.0
-4.90014e-5 -5.60016e-5 0.0692566842 0.0 0.0
-4.82236e-5 -5.60016e-5 0.0351387549 0.0 0.0
-4.74458e-5 -5.60016e-5 0.0285006977 0.0 0.0
-4.6668e-5 -5.60016e-5 0.0266439139 0.0 0.0
-4.58902e-5 -5.60016e-5 0.0260074782 0.0 0.0
-4.51124e-5 -5.60016e-5 0.0230286628 0.0 0.0
-4.43346e-5 -5.60016e-5 0.0121488635 0.0 0.0
-4.35568e-5 -5.60016e-5 0.0080049506 0.0 0.0
-4.2779e-5 -5.60016e-5 0.017114205 0.0 0.0
-4.20012e-5 -5.60016e-5 0.0174581046 0.0 0.0
-4.12234e-5 -5.60016e-5 0.0039360267 0.0 0.0
-4.04456e-5 -5.60016e-5 0.005375357 0.0 0.0
-3.96678e-5 -5.60016e-5 0.0271883894 0.0 0.0
-3.889e-5 -5.60016e-5 0.039501243 0.0 0.0
-3.81122e-5 -5.60016e-5 0.0216391545 0.0 0.0
-3.73344e-5 -5.60016e-5 0.0358936036 0.0 0.0
-3.65566e-5 -5.60016e-5 0.0458824466 0.0 0.0
-3.57788e-5 -5.60016e-5 0.0463119456 0.0 0.0
-3.5001e-5 -5.60016e-5 0.1202245896 0.0 0.0
-3.42232e-5 -5.60016e-5 0.067219819 0.0 0.0
-3.34454e-5 -5.60016e-5 0.0658021724 0.0 0.0
-3.26676e-5 -5.60016e-5 0.0543790201 0.0 0.0
-3.18898e-5 -5.60016e-5 0.0582446829 0.0 0.0
-3.1112e-5 -5.60016e-5 0.1699305914 0.0 0.0
-3.03342e-5 -5.60016e-5 0.2113927052 0.0 0.0
-2.95564e-5 -5.60016e-5 0.1138683116 0.0 0.0
-2.87786e-5 -5.60016e-5 0.0885335392 0.0 0.0
-2.80008e-5 -5.60016e-5 0.0904639521 0.0 0.0
-2.7223e-5 -5.60016e-5 0.0950985042 0.0 0.0
-2.64452e-5 -5.60016e-5 0.1578892065 0.0 0.0
-2.56674e-5 -5.60016e-5 0.103220414 0.0 0.0
-2.48896e-5 -5.60016e-5 0.1241078284 0.0 0.0
-2.41118e-5 -5.60016e-5 0.1517350941 0.0 0.0
-2.3334e-5 -5.60016e-5 0.1674501011 0.0 0.0
-2.25562e-5 -5.60016e-5 0.130128998 0.0 0.0
-2.17784e-5 -5.60016e-5 0.1020896115 0.0 0.0
-2.10006e-5 -5.60016e-5 0.0443806371 0.0 0.0
-2.02228e-5 -5.60016e-5 0.0250228344 0.0 0.0
-1.9445e-5 -5.60016e-5 0.019694281 0.0 0.0
-1.86672e-5 -5.60016e-5 0.0174931238 0.0 0.0
-1.78894e-5 -5.60016e-5 0.0130110394 0.0 0.0
-1.71116e-5 -5.60016e-5 0.0115904867 0.0 0.0
-1.63338e-5 -5.60016e-5 0.0068802747 0.0 0.0
-1.5556e-5 -5.60016e-5 0.0063733076 0.0 0.0
-1.47782e-5 -5.60016e-5 0.0037039086 0.0 0.0
-1.40004e-5 -5.60016e-5 0.0038510398 0.0 0.0
-1.32226e-5 -5.60016e-5 0.0045266068 0.0 0.0
-1.24448e-5 -5.60016e-5 0.0048873919 0.0 0.0
-1.1667e-5 -5.60016e-5 0.0070084596 0.0 0.0
-1.08892e-5 -5.60016e-5 0.0021742278 0.0 0.0
-1.01114e-5 -5.60016e-5 0.0011912553 0.0 0.0
-9.3336e-6 -5.60016e-5 0.0010602768 0.0 0.0
-8.5558e-6 -5.60016e-5 0.0004608324 0.0 0.0
-7.778e-6 -5.60016e-5 0.0002218982 0.0 0.0
-7.0002e-6 -5.60016e-5 2.84525e-5 0.0 0.0
-6.2224e-6 -5.60016e-5 0.0005785818 0.0 0.0
-5.4446e-6 -5.60016e-5 0.0002533938 0.0 0.0
-4.6668e-6 -5.60016e-5 0.0009650302 0.0 0.0
-3.889e-6 -5.60016e-5 0.001034844 0.0 0.0
-3.1112e-6 -5.60016e-5 0.0004947071 0.0 0.0
-2.3334e-6 -5.60016e-5 0.0006571947 0.0 0.0
-1.5556e-6 -5.60016e-5 0.0005443709 0.0 0.0
-7.778e-7 -5.60016e-5 0.0005159094 0.0 0.0
0.0 -5.60016e-5 0.0004241117 0.0 0.0
7.778e-7 -5.60016e-5 0.0004090568 0.0 0.0
1.5556e-6 -5.60016e-5 0.0004014168 0.0 0.0
2.3334e-6 -5.60016e-5 0.0004847739 0.0 0.0
3.1112e-6 -5.60016e-5 0.0007123819 0.0 0.0
3.889e-6 -5.60016e-5 0.0008737794 0.0 0.0
4.6668e-6 -5.60016e-5 0.0010329984 0.0 0.0
5.4446e-6 -5.60016e-5 0.0004843763 0.0 0.0
6.2224e-6 -5.60016e-5 0.0003923755 0.0 0.0
7.0002e-6 -5.60016e-5 0.0002705041 0.0 0.0
7.778e-6 -5.60016e-5 5.52848e-5 0.0 0.0
8.5558e-6 -5.60016e-5 0.0002275713 0.0 0.0
9.3336e-6 -5.60016e-5 9.64304e-5 0.0 0.0
1.01114e-5 -5.60016e-5 0.0001445516 0.0 0.0
1.08892e-5 -5.60016e-5 0.0002008159 0.0 0.0
1.1667e-5 -5.60016e-5 0.000204698 0.0 0.0
1.24448e-5 -5.60016e-5 0.0002111006 0.0 0.0
1.32226e-5 -5.60016e-5 0.0001671158 0.0 0.0
1.40004e-5 -5.60016e-5 0.000149469 0.0 0.0
1.47782e-5 -5.60016e-5 0.0001209616 0.0 0.0
1.5556e-5 -5.60016e-5 0.0001078167 0.0 0.0
1.63338e-5 -5.60016e-5 0.0001059679 0.0 0.0
1.71116e-5 -5.60016e-5 0.0001106723 0.0 0.0
1.78894e-5 -5.60016e-5 0.0001136399 0.0 0.0
1.86672e-5 -5.60016e-5 7.2089e-5 0.0 0.0
-9.72251e-5 -5.52238e-5 1.96472e-5 0.0 0.0
-9.64473e-5 -5.52238e-5 2.62e-8 0.0 0.0
-9.56695e-5 -5.52238e-5 7.10673e-5 0.0 0.0
-9.48917e-5 -5.52238e-5 8.52e-8 0.0 0.0
-9.41139e-5 -5.52238e-5 0.0001547455 0.0 0.0
-9.33361e-5 -5.52238e-5 3.3189e-6 0.0 0.0
-9.25583e-5 -5.52238e-5 7.13e-7 0.0 0.0
-9.17805e-5 -5.52238e-5 0.0002704129 0.0 0.0
-9.10027e-5 -5.52238e-5 2.03249e-5 0.0 0.0
-9.02249e-5 -5.52238e-5 2.33228e-5 0.0 0.0
-8.94471e-5 -5.52238e-5 0.0003076767 0.0 0.0
-8.86693e-5 -5.52238e-5 0.0001916467 0.0 0.0
-8.78915e-5 -5.52238e-5 0.0001664372 0.0 0.0
-8.71137e-5 -5.52238e-5 0.0008133297 0.0 0.0
-8.63359e-5 -5.52238e-5 0.0007463251 0.0 0.0
-8.55581e-5 -5.52238e-5 0.0009101842 0.0 0.0
-8.47803e-5 -5.52238e-5 0.0013325505 0.0 0.0
-8.40025e-5 -5.52238e-5 0.0027366154 0.0 0.0
-8.32246e-5 -5.52238e-5 0.0033680648 0.0 0.0
-8.24468e-5 -5.52238e-5 0.0039821274 0.0 0.0
-8.1669e-5 -5.52238e-5 0.0026416071 0.0 0.0
-8.08912e-5 -5.52238e-5 0.0049438711 0.0 0.0
-8.01134e-5 -5.52238e-5 0.0050629495 0.0 0.0
-7.93356e-5 -5.52238e-5 0.0028424349 0.0 0.0
-7.85578e-5 -5.52238e-5 0.0050378286 0.0 0.0
-7.778e-5 -5.52238e-5 0.0059497958 0.0 0.0
-7.70022e-5 -5.52238e-5 0.0061041662 0.0 0.0
-7.62244e-5 -5.52238e-5 0.0051452034 0.0 0.0
-7.54466e-5 -5.52238e-5 0.0041145359 0.0 0.0
-7.46688e-5 -5.52238e-5 0.0057699536 0.0 0.0
-7.3891e-5 -5.52238e-5 0.0045145776 0.0 0.0
-7.31132e-5 -5.52238e-5 0.0083076622 0.0 0.0
-7.23354e-5 -5.52238e-5 0.0055623722 0.0 0.0
-7.15576e-5 -5.52238e-5 0.0076410523 0.0 0.0
-7.07798e-5 -5.52238e-5 0.0061906367 0.0 0.0
-7.0002e-5 -5.52238e-5 0.0096396919 0.0 0.0
-6.92242e-5 -5.52238e-5 0.0085373503 0.0 0.0
-6.84464e-5 -5.52238e-5 0.0140203596 0.0 0.0
-6.76686e-5 -5.52238e-5 0.0226242416 0.0 0.0
-6.68908e-5 -5.52238e-5 0.0327684322 0.0 0.0
-6.6113e-5 -5.52238e-5 0.0455081798 0.0 0.0
-6.53352e-5 -5.52238e-5 0.0682894975 0.0 0.0
-6.45574e-5 -5.52238e-5 0.0835992173 0.0 0.0
-6.37796e-5 -5.52238e-5 0.0927689643 0.0 0.0
-6.30018e-5 -5.52238e-5 0.0861791043 0.0 0.0
-6.2224e-5 -5.52238e-5 0.0621438116 0.0 0.0
-6.14462e-5 -5.52238e-5 0.0412428415 0.0 0.0
-6.06684e-5 -5.52238e-5 0.0288582682 0.0 0.0
-5.98906e-5 -5.52238e-5 0.0154540033 0.0 0.0
-5.91128e-5 -5.52238e-5 0.016671994 0.0 0.0
-5.8335e-5 -5.52238e-5 0.0169043411 0.0 0.0
-5.75572e-5 -5.52238e-5 0.0240772041 0.0 0.0
-5.67794e-5 -5.52238e-5 0.0274408712 0.0 0.0
-5.60016e-5 -5.52238e-5 0.0270826591 0.0 0.0
-5.52238e-5 -5.52238e-5 0.0297745687 0.0 0.0
-5.4446e-5 -5.52238e-5 0.0449070516 0.0 0.0
-5.36682e-5 -5.52238e-5 0.0703584688 0.0 0.0
-5.28904e-5 -5.52238e-5 0.0896218599 0.0 0.0
-5.21126e-5 -5.52238e-5 0.0982185309 0.0 0.0
-5.13348e-5 -5.52238e-5 0.121211533 0.0 0.0
-5.0557e-5 -5.52238e-5 0.120385935 0.0 0.0
-4.97792e-5 -5.52238e-5 0.0995881324 0.0 0.0
-4.90014e-5 -5.52238e-5 0.0622015242 0.0 0.0
-4.82236e-5 -5.52238e-5 0.0568443604 0.0 0.0
-4.74458e-5 -5.52238e-5 0.0457100276 0.0 0.0
-4.6668e-5 -5.52238e-5 0.0708728268 0.0 0.0
-4.58902e-5 -5.52238e-5 0.0411091785 0.0 0.0
-4.51124e-5 -5.52238e-5 0.0558519852 0.0 0.0
-4.43346e-5 -5.52238e-5 0.0166414938 0.0 0.0
-4.35568e-5 -5.52238e-5 0.0187427134 0.0 0.0
-4.2779e-5 -5.52238e-5 0.0027770149 0.0 0.0
-4.20012e-5 -5.52238e-5 0.0245845727 0.0 0.0
-4.12234e-5 -5.52238e-5 0.0037198547 0.0 0.0
-4.04456e-5 -5.52238e-5 0.0119270987 0.0 0.0
-3.96678e-5 -5.52238e-5 0.0405484954 0.0 0.0
-3.889e-5 -5.52238e-5 0.0508934113 0.0 0.0
-3.81122e-5 -5.52238e-5 0.0670401626 0.0 0.0
-3.73344e-5 -5.52238e-5 0.0765422124 0.0 0.0
-3.65566e-5 -5.52238e-5 0.0875224406 0.0 0.0
-3.57788e-5 -5.52238e-5 0.0995344267 0.0 0.0
-3.5001e-5 -5.52238e-5 0.3947367985 0.0 0.0
-3.42232e-5 -5.52238e-5 0.2126502942 0.0 0.0
-3.34454e-5 -5.52238e-5 0.0537062065 0.0 0.0
-3.26676e-5 -5.52238e-5 0.0470087176 0.0 0.0
-3.18898e-5 -5.52238e-5 0.0668718922 0.0 0.0
-3.1112e-5 -5.52238e-5 0.1062560431 0.0 0.0
-3.03342e-5 -5.52238e-5 0.2563915813 0.0 0.0
-2.95564e-5 -5.52238e-5 0.1884349423 0.0 0.0
-2.87786e-5 -5.52238e-5 0.1121548856 0.0 0.0
-2.80008e-5 -5.52238e-5 0.086241617 0.0 0.0
-2.7223e-5 -5.52238e-5 0.1039579125 0.0 0.0
-2.64452e-5 -5.52238e-5 0.1877002902 0.0 0.0
-2.56674e-5 -5.52238e-5 0.1168263186 0.0 0.0
-2.48896e-5 -5.52238e-5 0.0890731334 0.0 0.0
-2.41118e-5 -5.52238e-5 0.2205870334 0.0 0.0
-2.3334e-5 -5.52238e-5 0.1820919714 0.0 0.0
-2.25562e-5 -5.52238e-5 0.1007877356 0.0 0.0
-2.17784e-5 -5.52238e-5 0.1129920447 0.0 0.0
-2.10006e-5 -5.52238e-5 0.0488466955 0.0 0.0
-2.02228e-5 -5.52238e-5 0.0251046418 0.0 0.0
-1.9445e-5 -5.52238e-5 0.0155463864 0.0 0.0
-1.86672e-5 -5.52238e-5 0.0145948285 0.0 0.0
-1.78894e-5 -5.52238e-5 0.0139316415 0.0 0.0
-1.71116e-5 -5.52238e-5 0.0084388902 0.0 0.0
-1.63338e-5 -5.52238e-5 0.0089197481 0.0 0.0
-1.5556e-5 -5.52238e-5 0.0038772016 0.0 0.0
-1.47782e-5 -5.52238e-5 0.0038539135 0.0 0.0
-1.40004e-5 -5.52238e-5 0.0051959692 0.0 0.0
-1.32226e-5 -5.52238e-5 0.0049572509 0.0 0.0
-1.24448e-5 -5.52238e-5 0.0048288264 0.0 0.0
-1.1667e-5 -5.52238e-5 0.0079911062 0.0 0.0
-1.08892e-5 -5.52238e-5 0.0020417054 0.0 0.0
-1.01114e-5 -5.52238e-5 0.0003021642 0.0 0.0
-9.3336e-6 -5.52238e-5 5.3463e-5 0.0 0.0
-8.5558e-6 -5.52238e-5 2.00102e-5 0.0 0.0
-7.778e-6 -5.52238e-5 0.0010578708 0.0 0.0
-7.0002e-6 -5.52238e-5 0.0004182645 0.0 0.0
-6.2224e-6 -5.52238e-5 7.90648e-5 0.0 0.0
-5.4446e-6 -5.52238e-5 0.0006871087 0.0 0.0
-4.6668e-6 -5.52238e-5 0.0003639067 0.0 0.0
-3.889e-6 -5.52238e-5 0.0007252418 0.0 0.0
-3.1112e-6 -5.52238e-5 0.0010490544 0.0 0.0
-2.3334e-6 -5.52238e-5 0.0010488911 0.0 0.0
-1.5556e-6 -5.52238e-5 0.0004518705 0.0 0.0
-7.778e-7 -5.52238e-5 0.0007426702 0.0 0.0
0.0 -5.52238e-5 0.0005656754 0.0 0.0
7.778e-7 -5.52238e-5 0.0004171965 0.0 0.0
1.5556e-6 -5.52238e-5 0.0003398841 0.0 0.0
2.3334e-6 -5.52238e-5 0.0005463456 0.0 0.0
3.1112e-6 -5.52238e-5 0.0007500826 0.0 0.0
3.889e-6 -5.52238e-5 0.0009792015 0.0 0.0
4.6668e-6 -5.52238e-5 0.0009709745 0.0 0.0
5.4446e-6 -5.52238e-5 0.0003518515 0.0 0.0
6.2224e-6 -5.52238e-5 0.0001907538 0.0 0.0
7.0002e-6 -5.52238e-5 0.000102172 0.0 0.0
7.778e-6 -5.52238e-5 0.0002860347 0.0 0.0
8.5558e-6 -5.52238e-5 0.0001200725 0.0 0.0
9.3336e-6 -5.52238e-5 0.0003019076 0.0 0.0
1.01114e-5 -5.52238e-5 0.0002959541 0.0 0.0
1.08892e-5 -5.52238e-5 9.12728e-5 0.0 0.0
1.1667e-5 -5.52238e-5 0.0001379027 0.0 0.0
1.24448e-5 -5.52238e-5 0.0001300227 0.0 0.0
1.32226e-5 -5.52238e-5 0.0001111219 0.0 0.0
1.40004e-5 -5.52238e-5 0.000102684 0.0 0.0
1.47782e-5 -5.52238e-5 0.0001060854 0.0 0.0
1.5556e-5 -5.52238e-5 0.0001517276 0.0 0.0
1.63338e-5 -5.52238e-5 0.0001434208 0.0 0.0
1.71116e-5 -5.52238e-5 0.0001237637 0.0 0.0
1.78894e-5 -5.52238e-5 0.0001237554 0.0 0.0
1.86672e-5 -5.52238e-5 8.25505e-5 0.0 0.0
-9.72251e-5 -5.4446e-5 3.589e-7 0.0 0.0
-9.64473e-5 -5.4446e-5 0.0001900052 0.0 0.0
-9.56695e-5 -5.4446e-5 6.8369e-6 0.0 0.0
-9.48917e-5 -5.4446e-5 1.293e-7 0.0 0.0
-9.41139e-5 -5.4446e-5 6.75264e-5 0.0 0.0
-9.33361e-5 -5.4446e-5 3.0708e-6 0.0 0.0
-9.25583e-5 -5.4446e-5 1.5767e-6 0.0 0.0
-9.17805e-5 -5.4446e-5 9.50323e-5 0.0 0.0
-9.10027e-5 -5.4446e-5 3.65179e-5 0.0 0.0
-9.02249e-5 -5.4446e-5 4.20664e-5 0.0 0.0
-8.94471e-5 -5.4446e-5 4.45078e-5 0.0 0.0
-8.86693e-5 -5.4446e-5 0.0003497101 0.0 0.0
-8.78915e-5 -5.4446e-5 0.0002425354 0.0 0.0
-8.71137e-5 -5.4446e-5 0.0003357803 0.0 0.0
-8.63359e-5 -5.4446e-5 0.0010049125 0.0 0.0
-8.55581e-5 -5.4446e-5 0.001250722 0.0 0.0
-8.47803e-5 -5.4446e-5 0.0015613308 0.0 0.0
-8.40025e-5 -5.4446e-5 0.0016712251 0.0 0.0
-8.32246e-5 -5.4446e-5 0.0022654164 0.0 0.0
-8.24468e-5 -5.4446e-5 0.0027042675 0.0 0.0
-8.1669e-5 -5.4446e-5 0.0027870973 0.0 0.0
-8.08912e-5 -5.4446e-5 0.0030092219 0.0 0.0
-8.01134e-5 -5.4446e-5 0.0035322506 0.0 0.0
-7.93356e-5 -5.4446e-5 0.0039750337 0.0 0.0
-7.85578e-5 -5.4446e-5 0.0042389424 0.0 0.0
-7.778e-5 -5.4446e-5 0.0040449479 0.0 0.0
-7.70022e-5 -5.4446e-5 0.0036564773 0.0 0.0
-7.62244e-5 -5.4446e-5 0.005628509 0.0 0.0
-7.54466e-5 -5.4446e-5 0.0051029046 0.0 0.0
-7.46688e-5 -5.4446e-5 0.0038338427 0.0 0.0
-7.3891e-5 -5.4446e-5 0.0066913012 0.0 0.0
-7.31132e-5 -5.4446e-5 0.0109386076 0.0 0.0
-7.23354e-5 -5.4446e-5 0.0092937792 0.0 0.0
-7.15576e-5 -5.4446e-5 0.0120746948 0.0 0.0
-7.07798e-5 -5.4446e-5 0.0093221902 0.0 0.0
-7.0002e-5 -5.4446e-5 0.0117696001 0.0 0.0
-6.92242e-5 -5.4446e-5 0.0127744224 0.0 0.0
-6.84464e-5 -5.4446e-5 0.0178156896 0.0 0.0
-6.76686e-5 -5.4446e-5 0.0254143516 0.0 0.0
-6.68908e-5 -5.4446e-5 0.0372979525 0.0 0.0
-6.6113e-5 -5.4446e-5 0.0494314624 0.0 0.0
-6.53352e-5 -5.4446e-5 0.0636034561 0.0 0.0
-6.45574e-5 -5.4446e-5 0.0634858724 0.0 0.0
-6.37796e-5 -5.4446e-5 0.0481276518 0.0 0.0
-6.30018e-5 -5.4446e-5 0.0286952513 0.0 0.0
-6.2224e-5 -5.4446e-5 0.0156535774 0.0 0.0
-6.14462e-5 -5.4446e-5 0.0131470683 0.0 0.0
-6.06684e-5 -5.4446e-5 0.0112031182 0.0 0.0
-5.98906e-5 -5.4446e-5 0.0139406387 0.0 0.0
-5.91128e-5 -5.4446e-5 0.0150738984 0.0 0.0
-5.8335e-5 -5.4446e-5 0.0249753512 0.0 0.0
-5.75572e-5 -5.4446e-5 0.0281096499 0.0 0.0
-5.67794e-5 -5.4446e-5 0.034133694 0.0 0.0
-5.60016e-5 -5.4446e-5 0.0319426611 0.0 0.0
-5.52238e-5 -5.4446e-5 0.0457177465 0.0 0.0
-5.4446e-5 -5.4446e-5 0.0881003057 0.0 0.0
-5.36682e-5 -5.4446e-5 0.1264266431 0.0 0.0
-5.28904e-5 -5.4446e-5 0.1510799155 0.0 0.0
-5.21126e-5 -5.4446e-5 0.1704823731 0.0 0.0
-5.13348e-5 -5.4446e-5 0.1711094374 0.0 0.0
-5.0557e-5 -5.4446e-5 0.165649754 0.0 0.0
-4.97792e-5 -5.4446e-5 0.1461185391 0.0 0.0
-4.90014e-5 -5.4446e-5 0.1417542901 0.0 0.0
-4.82236e-5 -5.4446e-5 0.1516903707 0.0 0.0
-4.74458e-5 -5.4446e-5 0.1919880964 0.0 0.0
-4.6668e-5 -5.4446e-5 0.2098186451 0.0 0.0
-4.58902e-5 -5.4446e-5 0.1906480465 0.0 0.0
-4.51124e-5 -5.4446e-5 0.1530370826 0.0 0.0
-4.43346e-5 -5.4446e-5 0.1716828365 0.0 0.0
-4.35568e-5 -5.4446e-5 0.11044989 0.0 0.0
-4.2779e-5 -5.4446e-5 0.1001198177 0.0 0.0
-4.20012e-5 -5.4446e-5 0.0804206491 0.0 0.0
-4.12234e-5 -5.4446e-5 0.0505114549 0.0 0.0
-4.04456e-5 -5.4446e-5 0.0342060715 0.0 0.0
-3.96678e-5 -5.4446e-5 0.0686726438 0.0 0.0
-3.889e-5 -5.4446e-5 0.0725049092 0.0 0.0
-3.81122e-5 -5.4446e-5 0.0819968813 0.0 0.0
-3.73344e-5 -5.4446e-5 0.0690081149 0.0 0.0
-3.65566e-5 -5.4446e-5 0.0812123547 0.0 0.0
-3.57788e-5 -5.4446e-5 0.0895441195 0.0 0.0
-3.5001e-5 -5.4446e-5 0.0955175342 0.0 0.0
-3.42232e-5 -5.4446e-5 0.1842212255 0.0 0.0
-3.34454e-5 -5.4446e-5 0.100257132 0.0 0.0
-3.26676e-5 -5.4446e-5 0.0656852602 0.0 0.0
-3.18898e-5 -5.4446e-5 0.0615130177 0.0 0.0
-3.1112e-5 -5.4446e-5 0.0807185031 0.0 0.0
-3.03342e-5 -5.4446e-5 0.2272189582 0.0 0.0
-2.95564e-5 -5.4446e-5 0.2741442024 0.0 0.0
-2.87786e-5 -5.4446e-5 0.1672386239 0.0 0.0
-2.80008e-5 -5.4446e-5 0.1254166247 0.0 0.0
-2.7223e-5 -5.4446e-5 0.1104240687 0.0 0.0
-2.64452e-5 -5.4446e-5 0.1387001206 0.0 0.0
-2.56674e-5 -5.4446e-5 0.1037238236 0.0 0.0
-2.48896e-5 -5.4446e-5 0.0972065763 0.0 0.0
-2.41118e-5 -5.4446e-5 0.1465813348 0.0 0.0
-2.3334e-5 -5.4446e-5 0.1331109979 0.0 0.0
-2.25562e-5 -5.4446e-5 0.1245438068 0.0 0.0
-2.17784e-5 -5.4446e-5 0.1296458896 0.0 0.0
-2.10006e-5 -5.4446e-5 0.0663013538 0.0 0.0
-2.02228e-5 -5.4446e-5 0.0221583163 0.0 0.0
-1.9445e-5 -5.4446e-5 0.011849553 0.0 0.0
-1.86672e-5 -5.4446e-5 0.0096716275 0.0 0.0
-1.78894e-5 -5.4446e-5 0.0088620701 0.0 0.0
-1.71116e-5 -5.4446e-5 0.009221986 0.0 0.0
-1.63338e-5 -5.4446e-5 0.0094836256 0.0 0.0
-1.5556e-5 -5.4446e-5 0.0062417517 0.0 0.0
-1.47782e-5 -5.4446e-5 0.0056615446 0.0 0.0
-1.40004e-5 -5.4446e-5 0.0059623233 0.0 0.0
-1.32226e-5 -5.4446e-5 0.005649586 0.0 0.0
-1.24448e-5 -5.4446e-5 0.0047532848 0.0 0.0
-1.1667e-5 -5.4446e-5 0.0113377012 0.0 0.0
-1.08892e-5 -5.4446e-5 0.003369338 0.0 0.0
-1.01114e-5 -5.4446e-5 0.0011665424 0.0 0.0
-9.3336e-6 -5.4446e-5 0.0007751902 0.0 0.0
-8.5558e-6 -5.4446e-5 0.0005093226 0.0 0.0
-7.778e-6 -5.4446e-5 0.0001079987 0.0 0.0
-7.0002e-6 -5.4446e-5 1.53015e-5 0.0 0.0
-6.2224e-6 -5.4446e-5 0.0004794321 0.0 0.0
-5.4446e-6 -5.4446e-5 0.0002536689 0.0 0.0
-4.6668e-6 -5.4446e-5 0.0008186377 0.0 0.0
-3.889e-6 -5.4446e-5 0.0005306285 0.0 0.0
-3.1112e-6 -5.4446e-5 0.0007179225 0.0 0.0
-2.3334e-6 -5.4446e-5 0.0009275162 0.0 0.0
-1.5556e-6 -5.4446e-5 0.0007724874 0.0 0.0
-7.778e-7 -5.4446e-5 0.0007013009 0.0 0.0
0.0 -5.4446e-5 0.0005524166 0.0 0.0
7.778e-7 -5.4446e-5 0.0003221583 0.0 0.0
1.5556e-6 -5.4446e-5 0.0004292043 0.0 0.0
2.3334e-6 -5.4446e-5 0.0004766148 0.0 0.0
3.1112e-6 -5.4446e-5 0.0006753324 0.0 0.0
3.889e-6 -5.4446e-5 0.0009268886 0.0 0.0
4.6668e-6 -5.4446e-5 0.0011032073 0.0 0.0
5.4446e-6 -5.4446e-5 0.0005977064 0.0 0.0
6.2224e-6 -5.4446e-5 0.0003874314 0.0 0.0
7.0002e-6 -5.4446e-5 0.00028771 0.0 0.0
7.778e-6 -5.4446e-5 0.0001169485 0.0 0.0
8.5558e-6 -5.4446e-5 0.0002969043 0.0 0.0
9.3336e-6 -5.4446e-5 0.0001061071 0.0 0.0
1.01114e-5 -5.4446e-5 0.0002045139 0.0 0.0
1.08892e-5 -5.4446e-5 0.0002904357 0.0 0.0
1.1667e-5 -5.4446e-5 0.0002060585 0.0 0.0
1.24448e-5 -5.4446e-5 0.0002288505 0.0 0.0
1.32226e-5 -5.4446e-5 0.0001948577 0.0 0.0
1.40004e-5 -5.4446e-5 0.0001540015 0.0 0.0
1.47782e-5 -5.4446e-5 0.0001499694 0.0 0.0
1.5556e-5 -5.4446e-5 0.000124558 0.0 0.0
1.63338e-5 -5.4446e-5 0.000109805 0.0 0.0
1.71116e-5 -5.4446e-5 0.0001138461 0.0 0.0
1.78894e-5 -5.4446e-5 0.0001091911 0.0 0.0
1.86672e-5 -5.4446e-5 9.63222e-5 0.0 0.0
-9.72251e-5 -5.36682e-5 2.09857e-5 0.0 0.0
-9.64473e-5 -5.36682e-5 7.72e-8 0.0 0.0
-9.56695e-5 -5.36682e-5 4.09848e-5 0.0 0.0
-9.48917e-5 -5.36682e-5 2.8272e-6 0.0 0.0
-9.41139e-5 -5.36682e-5 1.554e-7 0.0 0.0
-9.33361e-5 -5.36682e-5 2.33599e-5 0.0 0.0
-9.25583e-5 -5.36682e-5 3.3559e-6 0.0 0.0
-9.17805e-5 -5.36682e-5 0.0001276625 0.0 0.0
-9.10027e-5 -5.36682e-5 5.28382e-5 0.0 0.0
-9.02249e-5 -5.36682e-5 6.32827e-5 0.0 0.0
-8.94471e-5 -5.36682e-5 0.0001016211 0.0 0.0
-8.86693e-5 -5.36682e-5 0.000401236 0.0 0.0
-8.78915e-5 -5.36682e-5 0.0003559588 0.0 0.0
-8.71137e-5 -5.36682e-5 0.0003963282 0.0 0.0
-8.63359e-5 -5.36682e-5 0.0004133898 0.0 0.0
-8.55581e-5 -5.36682e-5 0.0014286162 0.0 0.0
-8.47803e-5 -5.36682e-5 0.0015157022 0.0 0.0
-8.40025e-5 -5.36682e-5 0.0018235097 0.0 0.0
-8.32246e-5 -5.36682e-5 0.0019642232 0.0 0.0
-8.24468e-5 -5.36682e-5 0.0024026112 0.0 0.0
-8.1669e-5 -5.36682e-5 0.0023939849 0.0 0.0
-8.08912e-5 -5.36682e-5 0.0028200248 0.0 0.0
-8.01134e-5 -5.36682e-5 0.0035505912 0.0 0.0
-7.93356e-5 -5.36682e-5 0.0035250197 0.0 0.0
-7.85578e-5 -5.36682e-5 0.0038605342 0.0 0.0
-7.778e-5 -5.36682e-5 0.0032420575 0.0 0.0
-7.70022e-5 -5.36682e-5 0.0020028784 0.0 0.0
-7.62244e-5 -5.36682e-5 0.0039382659 0.0 0.0
-7.54466e-5 -5.36682e-5 0.0027234018 0.0 0.0
-7.46688e-5 -5.36682e-5 0.0027730845 0.0 0.0
-7.3891e-5 -5.36682e-5 0.0060038587 0.0 0.0
-7.31132e-5 -5.36682e-5 0.0062728568 0.0 0.0
-7.23354e-5 -5.36682e-5 0.0113859612 0.0 0.0
-7.15576e-5 -5.36682e-5 0.0098215371 0.0 0.0
-7.07798e-5 -5.36682e-5 0.0112525442 0.0 0.0
-7.0002e-5 -5.36682e-5 0.0131555595 0.0 0.0
-6.92242e-5 -5.36682e-5 0.0138122578 0.0 0.0
-6.84464e-5 -5.36682e-5 0.0176843119 0.0 0.0
-6.76686e-5 -5.36682e-5 0.0206933427 0.0 0.0
-6.68908e-5 -5.36682e-5 0.0285228741 0.0 0.0
-6.6113e-5 -5.36682e-5 0.0346594493 0.0 0.0
-6.53352e-5 -5.36682e-5 0.0363456399 0.0 0.0
-6.45574e-5 -5.36682e-5 0.0263605217 0.0 0.0
-6.37796e-5 -5.36682e-5 0.0152063958 0.0 0.0
-6.30018e-5 -5.36682e-5 0.0097062817 0.0 0.0
-6.2224e-5 -5.36682e-5 0.0117177754 0.0 0.0
-6.14462e-5 -5.36682e-5 0.0133220492 0.0 0.0
-6.06684e-5 -5.36682e-5 0.0174278483 0.0 0.0
-5.98906e-5 -5.36682e-5 0.0187966033 0.0 0.0
-5.91128e-5 -5.36682e-5 0.0229711504 0.0 0.0
-5.8335e-5 -5.36682e-5 0.0285411764 0.0 0.0
-5.75572e-5 -5.36682e-5 0.0282281085 0.0 0.0
-5.67794e-5 -5.36682e-5 0.0284747059 0.0 0.0
-5.60016e-5 -5.36682e-5 0.0412340197 0.0 0.0
-5.52238e-5 -5.36682e-5 0.0908750662 0.0 0.0
-5.4446e-5 -5.36682e-5 0.1595937913 0.0 0.0
-5.36682e-5 -5.36682e-5 0.1782811658 0.0 0.0
-5.28904e-5 -5.36682e-5 0.2057250877 0.0 0.0
-5.21126e-5 -5.36682e-5 0.2079461821 0.0 0.0
-5.13348e-5 -5.36682e-5 0.2337232516 0.0 0.0
-5.0557e-5 -5.36682e-5 0.2494683728 0.0 0.0
-4.97792e-5 -5.36682e-5 0.2323259804 0.0 0.0
-4.90014e-5 -5.36682e-5 0.2610651801 0.0 0.0
-4.82236e-5 -5.36682e-5 0.2672802633 0.0 0.0
-4.74458e-5 -5.36682e-5 0.303807519 0.0 0.0
-4.6668e-5 -5.36682e-5 0.2898212044 0.0 0.0
-4.58902e-5 -5.36682e-5 0.2956302817 0.0 0.0
-4.51124e-5 -5.36682e-5 0.2511646888 0.0 0.0
-4.43346e-5 -5.36682e-5 0.2003414094 0.0 0.0
-4.35568e-5 -5.36682e-5 0.1901328227 0.0 0.0
-4.2779e-5 -5.36682e-5 0.1319758001 0.0 0.0
-4.20012e-5 -5.36682e-5 0.1193076665 0.0 0.0
-4.12234e-5 -5.36682e-5 0.15131458 0.0 0.0
-4.04456e-5 -5.36682e-5 0.083007255 0.0 0.0
-3.96678e-5 -5.36682e-5 0.0392814653 0.0 0.0
-3.889e-5 -5.36682e-5 0.079819481 0.0 0.0
-3.81122e-5 -5.36682e-5 0.0540297669 0.0 0.0
-3.73344e-5 -5.36682e-5 0.0496945709 0.0 0.0
-3.65566e-5 -5.36682e-5 0.0511880135 0.0 0.0
-3.57788e-5 -5.36682e-5 0.0648028252 0.0 0.0
-3.5001e-5 -5.36682e-5 0.0902720893 0.0 0.0
-3.42232e-5 -5.36682e-5 0.6060466718 0.0 0.0
-3.34454e-5 -5.36682e-5 0.2091499585 0.0 0.0
-3.26676e-5 -5.36682e-5 0.0849046604 0.0 0.0
-3.18898e-5 -5.36682e-5 0.0798684567 0.0 0.0
-3.1112e-5 -5.36682e-5 0.0877878786 0.0 0.0
-3.03342e-5 -5.36682e-5 0.1728898764 0.0 0.0
-2.95564e-5 -5.36682e-5 0.3305154438 0.0 0.0
-2.87786e-5 -5.36682e-5 0.2512587538 0.0 0.0
-2.80008e-5 -5.36682e-5 0.1656830284 0.0 0.0
-2.7223e-5 -5.36682e-5 0.1360360355 0.0 0.0
-2.64452e-5 -5.36682e-5 0.1324511711 0.0 0.0
-2.56674e-5 -5.36682e-5 0.2169683199 0.0 0.0
-2.48896e-5 -5.36682e-5 0.1125174911 0.0 0.0
-2.41118e-5 -5.36682e-5 0.0943073029 0.0 0.0
-2.3334e-5 -5.36682e-5 0.2151442521 0.0 0.0
-2.25562e-5 -5.36682e-5 0.1548423383 0.0 0.0
-2.17784e-5 -5.36682e-5 0.1056328353 0.0 0.0
-2.10006e-5 -5.36682e-5 0.0826529512 0.0 0.0
-2.02228e-5 -5.36682e-5 0.0335703986 0.0 0.0
-1.9445e-5 -5.36682e-5 0.0127087731 0.0 0.0
-1.86672e-5 -5.36682e-5 0.0125140203 0.0 0.0
-1.78894e-5 -5.36682e-5 0.0110459891 0.0 0.0
-1.71116e-5 -5.36682e-5 0.0099083228 0.0 0.0
-1.63338e-5 -5.36682e-5 0.0081656587 0.0 0.0
-1.5556e-5 -5.36682e-5 0.0080491894 0.0 0.0
-1.47782e-5 -5.36682e-5 0.0078762708 0.0 0.0
-1.40004e-5 -5.36682e-5 0.0048486981 0.0 0.0
-1.32226e-5 -5.36682e-5 0.005068447 0.0 0.0
-1.24448e-5 -5.36682e-5 0.0041240923 0.0 0.0
-1.1667e-5 -5.36682e-5 0.01263819 0.0 0.0
-1.08892e-5 -5.36682e-5 0.0031751217 0.0 0.0
-1.01114e-5 -5.36682e-5 0.0003771981 0.0 0.0
-9.3336e-6 -5.36682e-5 2.4552e-5 0.0 0.0
-8.5558e-6 -5.36682e-5 1.87226e-5 0.0 0.0
-7.778e-6 -5.36682e-5 1.19445e-5 0.0 0.0
-7.0002e-6 -5.36682e-5 0.0006488758 0.0 0.0
-6.2224e-6 -5.36682e-5 0.0001135464 0.0 0.0
-5.4446e-6 -5.36682e-5 0.0009189536 0.0 0.0
-4.6668e-6 -5.36682e-5 0.0004697218 0.0 0.0
-3.889e-6 -5.36682e-5 0.0010672356 0.0 0.0
-3.1112e-6 -5.36682e-5 0.0005671263 0.0 0.0
-2.3334e-6 -5.36682e-5 0.0006187166 0.0 0.0
-1.5556e-6 -5.36682e-5 0.0005314459 0.0 0.0
-7.778e-7 -5.36682e-5 0.0005242824 0.0 0.0
0.0 -5.36682e-5 0.0004740397 0.0 0.0
7.778e-7 -5.36682e-5 0.0004010525 0.0 0.0
1.5556e-6 -5.36682e-5 0.0003597865 0.0 0.0
2.3334e-6 -5.36682e-5 0.0005191237 0.0 0.0
3.1112e-6 -5.36682e-5 0.0006955501 0.0 0.0
3.889e-6 -5.36682e-5 0.000966687 0.0 0.0
4.6668e-6 -5.36682e-5 0.0012245609 0.0 0.0
5.4446e-6 -5.36682e-5 0.0007371314 0.0 0.0
6.2224e-6 -5.36682e-5 0.0002157688 0.0 0.0
7.0002e-6 -5.36682e-5 0.0001014626 0.0 0.0
7.778e-6 -5.36682e-5 0.0002414655 0.0 0.0
8.5558e-6 -5.36682e-5 0.0001090113 0.0 0.0
9.3336e-6 -5.36682e-5 0.0002856362 0.0 0.0
1.01114e-5 -5.36682e-5 6.31641e-5 0.0 0.0
1.08892e-5 -5.36682e-5 0.0001141835 0.0 0.0
1.1667e-5 -5.36682e-5 0.0001808203 0.0 0.0
1.24448e-5 -5.36682e-5 0.0001275721 0.0 0.0
1.32226e-5 -5.36682e-5 0.0001244019 0.0 0.0
1.40004e-5 -5.36682e-5 0.0001040316 0.0 0.0
1.47782e-5 -5.36682e-5 0.0001076571 0.0 0.0
1.5556e-5 -5.36682e-5 9.42412e-5 0.0 0.0
1.63338e-5 -5.36682e-5 0.0001399189 0.0 0.0
1.71116e-5 -5.36682e-5 0.0001316125 0.0 0.0
1.78894e-5 -5.36682e-5 0.0001217116 0.0 0.0
1.86672e-5 -5.36682e-5 7.81605e-5 0.0 0.0
-9.72251e-5 -5.28904e-5 9.5e-8 0.0 0.0
-9.64473e-5 -5.28904e-5 2.72728e-5 0.0 0.0
-9.56695e-5 -5.28904e-5 2.105e-7 0.0 0.0
-9.48917e-5 -5.28904e-5 0.0001387198 0.0 0.0
-9.41139e-5 -5.28904e-5 1.06615e-5 0.0 0.0
-9.33361e-5 -5.28904e-5 4.841e-7 0.0 0.0
-9.25583e-5 -5.28904e-5 2.54949e-5 0.0 0.0
-9.17805e-5 -5.28904e-5 1.54777e-5 0.0 0.0
-9.10027e-5 -5.28904e-5 8.8385e-6 0.0 0.0
-9.02249e-5 -5.28904e-5 0.0001109433 0.0 0.0
-8.94471e-5 -5.28904e-5 0.0001369434 0.0 0.0
-8.86693e-5 -5.28904e-5 0.0001407153 0.0 0.0
-8.78915e-5 -5.28904e-5 0.0004553854 0.0 0.0
-8.71137e-5 -5.28904e-5 0.0004744693 0.0 0.0
-8.63359e-5 -5.28904e-5 0.0005950867 0.0 0.0
-8.55581e-5 -5.28904e-5 0.0006512151 0.0 0.0
-8.47803e-5 -5.28904e-5 0.0006914184 0.0 0.0
-8.40025e-5 -5.28904e-5 0.0004617594 0.0 0.0
-8.32246e-5 -5.28904e-5 0.0016337766 0.0 0.0
-8.24468e-5 -5.28904e-5 0.0018717327 0.0 0.0
-8.1669e-5 -5.28904e-5 0.0022369192 0.0 0.0
-8.08912e-5 -5.28904e-5 0.0032383352 0.0 0.0
-8.01134e-5 -5.28904e-5 0.003596354 0.0 0.0
-7.93356e-5 -5.28904e-5 0.0036227533 0.0 0.0
-7.85578e-5 -5.28904e-5 0.0029267219 0.0 0.0
-7.778e-5 -5.28904e-5 0.0018434034 0.0 0.0
-7.70022e-5 -5.28904e-5 0.0026381143 0.0 0.0
-7.62244e-5 -5.28904e-5 0.0021109461 0.0 0.0
-7.54466e-5 -5.28904e-5 0.0015529802 0.0 0.0
-7.46688e-5 -5.28904e-5 0.0017666321 0.0 0.0
-7.3891e-5 -5.28904e-5 0.0022074225 0.0 0.0
-7.31132e-5 -5.28904e-5 0.0057325898 0.0 0.0
-7.23354e-5 -5.28904e-5 0.0055711057 0.0 0.0
-7.15576e-5 -5.28904e-5 0.0069302993 0.0 0.0
-7.07798e-5 -5.28904e-5 0.0064393543 0.0 0.0
-7.0002e-5 -5.28904e-5 0.0076723447 0.0 0.0
-6.92242e-5 -5.28904e-5 0.0089095507 0.0 0.0
-6.84464e-5 -5.28904e-5 0.0103847539 0.0 0.0
-6.76686e-5 -5.28904e-5 0.0148751291 0.0 0.0
-6.68908e-5 -5.28904e-5 0.0198159775 0.0 0.0
-6.6113e-5 -5.28904e-5 0.0257771817 0.0 0.0
-6.53352e-5 -5.28904e-5 0.0262873722 0.0 0.0
-6.45574e-5 -5.28904e-5 0.0178777411 0.0 0.0
-6.37796e-5 -5.28904e-5 0.0110294185 0.0 0.0
-6.30018e-5 -5.28904e-5 0.0104490339 0.0 0.0
-6.2224e-5 -5.28904e-5 0.0133513693 0.0 0.0
-6.14462e-5 -5.28904e-5 0.0189958255 0.0 0.0
-6.06684e-5 -5.28904e-5 0.0216365591 0.0 0.0
-5.98906e-5 -5.28904e-5 0.0256612253 0.0 0.0
-5.91128e-5 -5.28904e-5 0.0256298284 0.0 0.0
-5.8335e-5 -5.28904e-5 0.025234837 0.0 0.0
-5.75572e-5 -5.28904e-5 0.0263430709 0.0 0.0
-5.67794e-5 -5.28904e-5 0.0400844212 0.0 0.0
-5.60016e-5 -5.28904e-5 0.0883747069 0.0 0.0
-5.52238e-5 -5.28904e-5 0.1519947181 0.0 0.0
-5.4446e-5 -5.28904e-5 0.1836651628 0.0 0.0
-5.36682e-5 -5.28904e-5 0.1998816652 0.0 0.0
-5.28904e-5 -5.28904e-5 0.2245229135 0.0 0.0
-5.21126e-5 -5.28904e-5 0.2308591535 0.0 0.0
-5.13348e-5 -5.28904e-5 0.2891729446 0.0 0.0
-5.0557e-5 -5.28904e-5 0.2951135227 0.0 0.0
-4.97792e-5 -5.28904e-5 0.2732955836 0.0 0.0
-4.90014e-5 -5.28904e-5 0.3208949666 0.0 0.0
-4.82236e-5 -5.28904e-5 0.3329523279 0.0 0.0
-4.74458e-5 -5.28904e-5 0.323490868 0.0 0.0
-4.6668e-5 -5.28904e-5 0.2947672001 0.0 0.0
-4.58902e-5 -5.28904e-5 0.2793713311 0.0 0.0
-4.51124e-5 -5.28904e-5 0.2467946481 0.0 0.0
-4.43346e-5 -5.28904e-5 0.1736042139 0.0 0.0
-4.35568e-5 -5.28904e-5 0.1670168257 0.0 0.0
-4.2779e-5 -5.28904e-5 0.1571543884 0.0 0.0
-4.20012e-5 -5.28904e-5 0.1739608563 0.0 0.0
-4.12234e-5 -5.28904e-5 0.1454651398 0.0 0.0
-4.04456e-5 -5.28904e-5 0.1241034729 0.0 0.0
-3.96678e-5 -5.28904e-5 0.093918991 0.0 0.0
-3.889e-5 -5.28904e-5 0.0451884719 0.0 0.0
-3.81122e-5 -5.28904e-5 0.0427202157 0.0 0.0
-3.73344e-5 -5.28904e-5 0.0388844249 0.0 0.0
-3.65566e-5 -5.28904e-5 0.0726828758 0.0 0.0
-3.57788e-5 -5.28904e-5 0.0604551696 0.0 0.0
-3.5001e-5 -5.28904e-5 0.0458728374 0.0 0.0
-3.42232e-5 -5.28904e-5 0.2804153961 0.0 0.0
-3.34454e-5 -5.28904e-5 0.18782531 0.0 0.0
-3.26676e-5 -5.28904e-5 0.0808504248 0.0 0.0
-3.18898e-5 -5.28904e-5 0.1056003152 0.0 0.0
-3.1112e-5 -5.28904e-5 0.1133802824 0.0 0.0
-3.03342e-5 -5.28904e-5 0.1252862751 0.0 0.0
-2.95564e-5 -5.28904e-5 0.3065383737 0.0 0.0
-2.87786e-5 -5.28904e-5 0.3108284199 0.0 0.0
-2.80008e-5 -5.28904e-5 0.2569603074 0.0 0.0
-2.7223e-5 -5.28904e-5 0.163444484 0.0 0.0
-2.64452e-5 -5.28904e-5 0.1714433466 0.0 0.0
-2.56674e-5 -5.28904e-5 0.2667809002 0.0 0.0
-2.48896e-5 -5.28904e-5 0.1249898607 0.0 0.0
-2.41118e-5 -5.28904e-5 0.1112933921 0.0 0.0
-2.3334e-5 -5.28904e-5 0.2343051524 0.0 0.0
-2.25562e-5 -5.28904e-5 0.1630452563 0.0 0.0
-2.17784e-5 -5.28904e-5 0.1307588305 0.0 0.0
-2.10006e-5 -5.28904e-5 0.0972435373 0.0 0.0
-2.02228e-5 -5.28904e-5 0.0478933398 0.0 0.0
-1.9445e-5 -5.28904e-5 0.0184643778 0.0 0.0
-1.86672e-5 -5.28904e-5 0.0130065314 0.0 0.0
-1.78894e-5 -5.28904e-5 0.0113445347 0.0 0.0
-1.71116e-5 -5.28904e-5 0.0065347659 0.0 0.0
-1.63338e-5 -5.28904e-5 0.0094331727 0.0 0.0
-1.5556e-5 -5.28904e-5 0.0086903766 0.0 0.0
-1.47782e-5 -5.28904e-5 0.0048728878 0.0 0.0
-1.40004e-5 -5.28904e-5 0.0060185967 0.0 0.0
-1.32226e-5 -5.28904e-5 0.0059691848 0.0 0.0
-1.24448e-5 -5.28904e-5 0.0053255941 0.0 0.0
-1.1667e-5 -5.28904e-5 0.0109695529 0.0 0.0
-1.08892e-5 -5.28904e-5 0.0061749176 0.0 0.0
-1.01114e-5 -5.28904e-5 0.0017726947 0.0 0.0
-9.3336e-6 -5.28904e-5 0.0008153393 0.0 0.0
-8.5558e-6 -5.28904e-5 0.0003374496 0.0 0.0
-7.778e-6 -5.28904e-5 0.0003474705 0.0 0.0
-7.0002e-6 -5.28904e-5 4.28025e-5 0.0 0.0
-6.2224e-6 -5.28904e-5 0.0007881082 0.0 0.0
-5.4446e-6 -5.28904e-5 0.0002260773 0.0 0.0
-4.6668e-6 -5.28904e-5 0.0010946966 0.0 0.0
-3.889e-6 -5.28904e-5 0.0006813719 0.0 0.0
-3.1112e-6 -5.28904e-5 0.0011023185 0.0 0.0
-2.3334e-6 -5.28904e-5 0.0010228935 0.0 0.0
-1.5556e-6 -5.28904e-5 0.0004598302 0.0 0.0
-7.778e-7 -5.28904e-5 0.0008804793 0.0 0.0
0.0 -5.28904e-5 0.0006730389 0.0 0.0
7.778e-7 -5.28904e-5 0.0003240132 0.0 0.0
1.5556e-6 -5.28904e-5 0.0004211052 0.0 0.0
2.3334e-6 -5.28904e-5 0.0004717136 0.0 0.0
3.1112e-6 -5.28904e-5 0.0007802214 0.0 0.0
3.889e-6 -5.28904e-5 0.0010416579 0.0 0.0
4.6668e-6 -5.28904e-5 0.0011336405 0.0 0.0
5.4446e-6 -5.28904e-5 0.0009327125 0.0 0.0
6.2224e-6 -5.28904e-5 0.0004693047 0.0 0.0
7.0002e-6 -5.28904e-5 0.0002919561 0.0 0.0
7.778e-6 -5.28904e-5 0.0001039597 0.0 0.0
8.5558e-6 -5.28904e-5 0.0002458622 0.0 0.0
9.3336e-6 -5.28904e-5 0.0001391351 0.0 0.0
1.01114e-5 -5.28904e-5 0.0001594202 0.0 0.0
1.08892e-5 -5.28904e-5 0.0002846132 0.0 0.0
1.1667e-5 -5.28904e-5 7.51936e-5 0.0 0.0
1.24448e-5 -5.28904e-5 8.66778e-5 0.0 0.0
1.32226e-5 -5.28904e-5 0.000229588 0.0 0.0
1.40004e-5 -5.28904e-5 0.0001568308 0.0 0.0
1.47782e-5 -5.28904e-5 0.0001485932 0.0 0.0
1.5556e-5 -5.28904e-5 0.00013097 0.0 0.0
1.63338e-5 -5.28904e-5 0.0001133709 0.0 0.0
1.71116e-5 -5.28904e-5 0.0001089533 0.0 0.0
1.78894e-5 -5.28904e-5 0.0001042358 0.0 0.0
1.86672e-5 -5.28904e-5 8.78037e-5 0.0 0.0
-9.72251e-5 -5.21126e-5 4.39e-8 0.0 0.0
-9.64473e-5 -5.21126e-5 6.9892e-6 0.0 0.0
-9.56695e-5 -5.21126e-5 1.936e-7 0.0 0.0
-9.48917e-5 -5.21126e-5 1.84378e-5 0.0 0.0
-9.41139e-5 -5.21126e-5 9.026e-7 0.0 0.0
-9.33361e-5 -5.21126e-5 8.90724e-5 0.0 0.0
-9.25583e-5 -5.21126e-5 7.0652e-6 0.0 0.0
-9.17805e-5 -5.21126e-5 3.1976e-6 0.0 0.0
-9.10027e-5 -5.21126e-5 0.0001007846 0.0 0.0
-9.02249e-5 -5.21126e-5 3.02514e-5 0.0 0.0
-8.94471e-5 -5.21126e-5 3.82179e-5 0.0 0.0
-8.86693e-5 -5.21126e-5 0.0002965491 0.0 0.0
-8.78915e-5 -5.21126e-5 0.0001717891 0.0 0.0
-8.71137e-5 -5.21126e-5 0.0001618197 0.0 0.0
-8.63359e-5 -5.21126e-5 0.0001820007 0.0 0.0
-8.55581e-5 -5.21126e-5 0.0008661281 0.0 0.0
-8.47803e-5 -5.21126e-5 0.0007008787 0.0 0.0
-8.40025e-5 -5.21126e-5 0.000735072 0.0 0.0
-8.32246e-5 -5.21126e-5 0.0008115886 0.0 0.0
-8.24468e-5 -5.21126e-5 0.0012051421 0.0 0.0
-8.1669e-5 -5.21126e-5 0.0024946825 0.0 0.0
-8.08912e-5 -5.21126e-5 0.0046310827 0.0 0.0
-8.01134e-5 -5.21126e-5 0.0042995121 0.0 0.0
-7.93356e-5 -5.21126e-5 0.00362661 0.0 0.0
-7.85578e-5 -5.21126e-5 0.0026006252 0.0 0.0
-7.778e-5 -5.21126e-5 0.0015471671 0.0 0.0
-7.70022e-5 -5.21126e-5 0.0033058221 0.0 0.0
-7.62244e-5 -5.21126e-5 0.0025227974 0.0 0.0
-7.54466e-5 -5.21126e-5 0.0013697609 0.0 0.0
-7.46688e-5 -5.21126e-5 0.0015783854 0.0 0.0
-7.3891e-5 -5.21126e-5 0.0014728891 0.0 0.0
-7.31132e-5 -5.21126e-5 0.0035503362 0.0 0.0
-7.23354e-5 -5.21126e-5 0.0035023266 0.0 0.0
-7.15576e-5 -5.21126e-5 0.0041260728 0.0 0.0
-7.07798e-5 -5.21126e-5 0.005609285 0.0 0.0
-7.0002e-5 -5.21126e-5 0.0080385389 0.0 0.0
-6.92242e-5 -5.21126e-5 0.0077467955 0.0 0.0
-6.84464e-5 -5.21126e-5 0.0093106568 0.0 0.0
-6.76686e-5 -5.21126e-5 0.0132877766 0.0 0.0
-6.68908e-5 -5.21126e-5 0.0234049123 0.0 0.0
-6.6113e-5 -5.21126e-5 0.0277618286 0.0 0.0
-6.53352e-5 -5.21126e-5 0.0273432918 0.0 0.0
-6.45574e-5 -5.21126e-5 0.0187999623 0.0 0.0
-6.37796e-5 -5.21126e-5 0.0119131386 0.0 0.0
-6.30018e-5 -5.21126e-5 0.0205032479 0.0 0.0
-6.2224e-5 -5.21126e-5 0.0198338783 0.0 0.0
-6.14462e-5 -5.21126e-5 0.0210552692 0.0 0.0
-6.06684e-5 -5.21126e-5 0.0210902233 0.0 0.0
-5.98906e-5 -5.21126e-5 0.025864156 0.0 0.0
-5.91128e-5 -5.21126e-5 0.027092172 0.0 0.0
-5.8335e-5 -5.21126e-5 0.0272749879 0.0 0.0
-5.75572e-5 -5.21126e-5 0.0381275725 0.0 0.0
-5.67794e-5 -5.21126e-5 0.0697920135 0.0 0.0
-5.60016e-5 -5.21126e-5 0.1471042128 0.0 0.0
-5.52238e-5 -5.21126e-5 0.1633138905 0.0 0.0
-5.4446e-5 -5.21126e-5 0.175310392 0.0 0.0
-5.36682e-5 -5.21126e-5 0.1767775215 0.0 0.0
-5.28904e-5 -5.21126e-5 0.2274786557 0.0 0.0
-5.21126e-5 -5.21126e-5 0.282670023 0.0 0.0
-5.13348e-5 -5.21126e-5 0.2995160947 0.0 0.0
-5.0557e-5 -5.21126e-5 0.3348050211 0.0 0.0
-4.97792e-5 -5.21126e-5 0.3196562648 0.0 0.0
-4.90014e-5 -5.21126e-5 0.2964570222 0.0 0.0
-4.82236e-5 -5.21126e-5 0.2280402559 0.0 0.0
-4.74458e-5 -5.21126e-5 0.2409837816 0.0 0.0
-4.6668e-5 -5.21126e-5 0.2097417342 0.0 0.0
-4.58902e-5 -5.21126e-5 0.2228322738 0.0 0.0
-4.51124e-5 -5.21126e-5 0.1889609713 0.0 0.0
-4.43346e-5 -5.21126e-5 0.2119651474 0.0 0.0
-4.35568e-5 -5.21126e-5 0.1801030666 0.0 0.0
-4.2779e-5 -5.21126e-5 0.1165203201 0.0 0.0
-4.20012e-5 -5.21126e-5 0.1143214942 0.0 0.0
-4.12234e-5 -5.21126e-5 0.1994986869 0.0 0.0
-4.04456e-5 -5.21126e-5 0.3033762837 0.0 0.0
-3.96678e-5 -5.21126e-5 0.3108597728 0.0 0.0
-3.889e-5 -5.21126e-5 0.0473766612 0.0 0.0
-3.81122e-5 -5.21126e-5 0.0232855071 0.0 0.0
-3.73344e-5 -5.21126e-5 0.074877126 0.0 0.0
-3.65566e-5 -5.21126e-5 0.1328789124 0.0 0.0
-3.57788e-5 -5.21126e-5 0.1439672223 0.0 0.0
-3.5001e-5 -5.21126e-5 0.0615340348 0.0 0.0
-3.42232e-5 -5.21126e-5 0.0341347758 0.0 0.0
-3.34454e-5 -5.21126e-5 0.3463192068 0.0 0.0
-3.26676e-5 -5.21126e-5 0.0575134598 0.0 0.0
-3.18898e-5 -5.21126e-5 0.1031527725 0.0 0.0
-3.1112e-5 -5.21126e-5 0.0793206445 0.0 0.0
-3.03342e-5 -5.21126e-5 0.1284302091 0.0 0.0
-2.95564e-5 -5.21126e-5 0.2726658273 0.0 0.0
-2.87786e-5 -5.21126e-5 0.359187982 0.0 0.0
-2.80008e-5 -5.21126e-5 0.3270216122 0.0 0.0
-2.7223e-5 -5.21126e-5 0.2275126724 0.0 0.0
-2.64452e-5 -5.21126e-5 0.2126197097 0.0 0.0
-2.56674e-5 -5.21126e-5 0.2308128623 0.0 0.0
-2.48896e-5 -5.21126e-5 0.1451012542 0.0 0.0
-2.41118e-5 -5.21126e-5 0.1120531269 0.0 0.0
-2.3334e-5 -5.21126e-5 0.1719883933 0.0 0.0
-2.25562e-5 -5.21126e-5 0.2156354465 0.0 0.0
-2.17784e-5 -5.21126e-5 0.1294990483 0.0 0.0
-2.10006e-5 -5.21126e-5 0.1062204561 0.0 0.0
-2.02228e-5 -5.21126e-5 0.0526015398 0.0 0.0
-1.9445e-5 -5.21126e-5 0.025061154 0.0 0.0
-1.86672e-5 -5.21126e-5 0.0126187174 0.0 0.0
-1.78894e-5 -5.21126e-5 0.0059039679 0.0 0.0
-1.71116e-5 -5.21126e-5 0.0087334701 0.0 0.0
-1.63338e-5 -5.21126e-5 0.010295394 0.0 0.0
-1.5556e-5 -5.21126e-5 0.0065616088 0.0 0.0
-1.47782e-5 -5.21126e-5 0.0077686676 0.0 0.0
-1.40004e-5 -5.21126e-5 0.0082780767 0.0 0.0
-1.32226e-5 -5.21126e-5 0.005009702 0.0 0.0
-1.24448e-5 -5.21126e-5 0.0049173748 0.0 0.0
-1.1667e-5 -5.21126e-5 0.0035814137 0.0 0.0
-1.08892e-5 -5.21126e-5 0.0062739838 0.0 0.0
-1.01114e-5 -5.21126e-5 0.0008893256 0.0 0.0
-9.3336e-6 -5.21126e-5 6.56607e-5 0.0 0.0
-8.5558e-6 -5.21126e-5 3.5262e-5 0.0 0.0
-7.778e-6 -5.21126e-5 0.0013412059 0.0 0.0
-7.0002e-6 -5.21126e-5 0.0007152216 0.0 0.0
-6.2224e-6 -5.21126e-5 0.0002202702 0.0 0.0
-5.4446e-6 -5.21126e-5 0.0009914645 0.0 0.0
-4.6668e-6 -5.21126e-5 0.0006608071 0.0 0.0
-3.889e-6 -5.21126e-5 0.0012223281 0.0 0.0
-3.1112e-6 -5.21126e-5 0.0006288008 0.0 0.0
-2.3334e-6 -5.21126e-5 0.0007023611 0.0 0.0
-1.5556e-6 -5.21126e-5 0.0006973867 0.0 0.0
-7.778e-7 -5.21126e-5 0.0006853036 0.0 0.0
0.0 -5.21126e-5 0.0005342996 0.0 0.0
7.778e-7 -5.21126e-5 0.0004662711 0.0 0.0
1.5556e-6 -5.21126e-5 0.0003465805 0.0 0.0
2.3334e-6 -5.21126e-5 0.0005584272 0.0 0.0
3.1112e-6 -5.21126e-5 0.0007580127 0.0 0.0
3.889e-6 -5.21126e-5 0.0010145761 0.0 0.0
4.6668e-6 -5.21126e-5 0.001255091 0.0 0.0
5.4446e-6 -5.21126e-5 0.0011208889 0.0 0.0
6.2224e-6 -5.21126e-5 0.0002483874 0.0 0.0
7.0002e-6 -5.21126e-5 0.000494893 0.0 0.0
7.778e-6 -5.21126e-5 0.0003538874 0.0 0.0
8.5558e-6 -5.21126e-5 5.55481e-5 0.0 0.0
9.3336e-6 -5.21126e-5 0.0002366664 0.0 0.0
1.01114e-5 -5.21126e-5 6.7729e-5 0.0 0.0
1.08892e-5 -5.21126e-5 0.0001376021 0.0 0.0
1.1667e-5 -5.21126e-5 0.0001657607 0.0 0.0
1.24448e-5 -5.21126e-5 0.0001537477 0.0 0.0
1.32226e-5 -5.21126e-5 0.0001436837 0.0 0.0
1.40004e-5 -5.21126e-5 0.000113299 0.0 0.0
1.47782e-5 -5.21126e-5 9.66888e-5 0.0 0.0
1.5556e-5 -5.21126e-5 8.59201e-5 0.0 0.0
1.63338e-5 -5.21126e-5 0.000153615 0.0 0.0
1.71116e-5 -5.21126e-5 0.0001238124 0.0 0.0
1.78894e-5 -5.21126e-5 0.0001108348 0.0 0.0
1.86672e-5 -5.21126e-5 9.63357e-5 0.0 0.0
-9.72251e-5 -5.13348e-5 1.634e-7 0.0 0.0
-9.64473e-5 -5.13348e-5 0.0001654238 0.0 0.0
-9.56695e-5 -5.13348e-5 3.163e-7 0.0 0.0
-9.48917e-5 -5.13348e-5 4.46303e-5 0.0 0.0
-9.41139e-5 -5.13348e-5 2.2646e-6 0.0 0.0
-9.33361e-5 -5.13348e-5 0.0001193785 0.0 0.0
-9.25583e-5 -5.13348e-5 1.36272e-5 0.0 0.0
-9.17805e-5 -5.13348e-5 1.7543e-6 0.0 0.0
-9.10027e-5 -5.13348e-5 5.48129e-5 0.0 0.0
-9.02249e-5 -5.13348e-5 2.01658e-5 0.0 0.0
-8.94471e-5 -5.13348e-5 1.00638e-5 0.0 0.0
-8.86693e-5 -5.13348e-5 0.0001440433 0.0 0.0
-8.78915e-5 -5.13348e-5 8.27618e-5 0.0 0.0
-8.71137e-5 -5.13348e-5 7.79116e-5 0.0 0.0
-8.63359e-5 -5.13348e-5 0.0006433014 0.0 0.0
-8.55581e-5 -5.13348e-5 0.0005727391 0.0 0.0
-8.47803e-5 -5.13348e-5 0.0004118785 0.0 0.0
-8.40025e-5 -5.13348e-5 0.0005242416 0.0 0.0
-8.32246e-5 -5.13348e-5 0.0026587476 0.0 0.0
-8.24468e-5 -5.13348e-5 0.0041581082 0.0 0.0
-8.1669e-5 -5.13348e-5 0.004843348 0.0 0.0
-8.08912e-5 -5.13348e-5 0.0050625375 0.0 0.0
-8.01134e-5 -5.13348e-5 0.0044264609 0.0 0.0
-7.93356e-5 -5.13348e-5 0.0032108122 0.0 0.0
-7.85578e-5 -5.13348e-5 0.0048654604 0.0 0.0
-7.778e-5 -5.13348e-5 0.0035487532 0.0 0.0
-7.70022e-5 -5.13348e-5 0.0018819818 0.0 0.0
-7.62244e-5 -5.13348e-5 0.0040444949 0.0 0.0
-7.54466e-5 -5.13348e-5 0.0027603798 0.0 0.0
-7.46688e-5 -5.13348e-5 0.0021506415 0.0 0.0
-7.3891e-5 -5.13348e-5 0.0017752641 0.0 0.0
-7.31132e-5 -5.13348e-5 0.0019627437 0.0 0.0
-7.23354e-5 -5.13348e-5 0.003664242 0.0 0.0
-7.15576e-5 -5.13348e-5 0.0045662345 0.0 0.0
-7.07798e-5 -5.13348e-5 0.0068796793 0.0 0.0
-7.0002e-5 -5.13348e-5 0.0072501686 0.0 0.0
-6.92242e-5 -5.13348e-5 0.0098930439 0.0 0.0
-6.84464e-5 -5.13348e-5 0.0128155402 0.0 0.0
-6.76686e-5 -5.13348e-5 0.0173830838 0.0 0.0
-6.68908e-5 -5.13348e-5 0.0237449689 0.0 0.0
-6.6113e-5 -5.13348e-5 0.0333901471 0.0 0.0
-6.53352e-5 -5.13348e-5 0.0310554701 0.0 0.0
-6.45574e-5 -5.13348e-5 0.0218361082 0.0 0.0
-6.37796e-5 -5.13348e-5 0.0156760276 0.0 0.0
-6.30018e-5 -5.13348e-5 0.0131686171 0.0 0.0
-6.2224e-5 -5.13348e-5 0.0159673804 0.0 0.0
-6.14462e-5 -5.13348e-5 0.014002778 0.0 0.0
-6.06684e-5 -5.13348e-5 0.0197789407 0.0 0.0
-5.98906e-5 -5.13348e-5 0.0222785429 0.0 0.0
-5.91128e-5 -5.13348e-5 0.0283760283 0.0 0.0
-5.8335e-5 -5.13348e-5 0.0197084151 0.0 0.0
-5.75572e-5 -5.13348e-5 0.0396122417 0.0 0.0
-5.67794e-5 -5.13348e-5 0.1149944422 0.0 0.0
-5.60016e-5 -5.13348e-5 0.1564757738 0.0 0.0
-5.52238e-5 -5.13348e-5 0.1442834903 0.0 0.0
-5.4446e-5 -5.13348e-5 0.1549822533 0.0 0.0
-5.36682e-5 -5.13348e-5 0.2088991535 0.0 0.0
-5.28904e-5 -5.13348e-5 0.2667440713 0.0 0.0
-5.21126e-5 -5.13348e-5 0.3040887073 0.0 0.0
-5.13348e-5 -5.13348e-5 0.3625274347 0.0 0.0
-5.0557e-5 -5.13348e-5 0.3434853257 0.0 0.0
-4.97792e-5 -5.13348e-5 0.2524836127 0.0 0.0
-4.90014e-5 -5.13348e-5 0.2295044279 0.0 0.0
-4.82236e-5 -5.13348e-5 0.2241244732 0.0 0.0
-4.74458e-5 -5.13348e-5 0.3744358527 0.0 0.0
-4.6668e-5 -5.13348e-5 0.5128525677 0.0 0.0
-4.58902e-5 -5.13348e-5 0.4886228823 0.0 0.0
-4.51124e-5 -5.13348e-5 0.4213564338 0.0 0.0
-4.43346e-5 -5.13348e-5 0.4127940981 0.0 0.0
-4.35568e-5 -5.13348e-5 0.3184576743 0.0 0.0
-4.2779e-5 -5.13348e-5 0.2646505173 0.0 0.0
-4.20012e-5 -5.13348e-5 0.2845820742 0.0 0.0
-4.12234e-5 -5.13348e-5 0.2539828589 0.0 0.0
-4.04456e-5 -5.13348e-5 0.2417545533 0.0 0.0
-3.96678e-5 -5.13348e-5 0.3247801387 0.0 0.0
-3.889e-5 -5.13348e-5 0.2561650248 0.0 0.0
-3.81122e-5 -5.13348e-5 0.1062179393 0.0 0.0
-3.73344e-5 -5.13348e-5 0.0125921303 0.0 0.0
-3.65566e-5 -5.13348e-5 0.0721475359 0.0 0.0
-3.57788e-5 -5.13348e-5 0.1468412252 0.0 0.0
-3.5001e-5 -5.13348e-5 0.063479673 0.0 0.0
-3.42232e-5 -5.13348e-5 0.0516588408 0.0 0.0
-3.34454e-5 -5.13348e-5 0.374426277 0.0 0.0
-3.26676e-5 -5.13348e-5 0.1451283541 0.0 0.0
-3.18898e-5 -5.13348e-5 0.0853076947 0.0 0.0
-3.1112e-5 -5.13348e-5 0.0614789818 0.0 0.0
-3.03342e-5 -5.13348e-5 0.0560728793 0.0 0.0
-2.95564e-5 -5.13348e-5 0.1462432314 0.0 0.0
-2.87786e-5 -5.13348e-5 0.3554271628 0.0 0.0
-2.80008e-5 -5.13348e-5 0.3207197358 0.0 0.0
-2.7223e-5 -5.13348e-5 0.3433632496 0.0 0.0
-2.64452e-5 -5.13348e-5 0.2330440778 0.0 0.0
-2.56674e-5 -5.13348e-5 0.281189556 0.0 0.0
-2.48896e-5 -5.13348e-5 0.1740167304 0.0 0.0
-2.41118e-5 -5.13348e-5 0.1277296685 0.0 0.0
-2.3334e-5 -5.13348e-5 0.1195508757 0.0 0.0
-2.25562e-5 -5.13348e-5 0.2580547991 0.0 0.0
-2.17784e-5 -5.13348e-5 0.1483937941 0.0 0.0
-2.10006e-5 -5.13348e-5 0.1277316626 0.0 0.0
-2.02228e-5 -5.13348e-5 0.0629224809 0.0 0.0
-1.9445e-5 -5.13348e-5 0.0372091081 0.0 0.0
-1.86672e-5 -5.13348e-5 0.0153139474 0.0 0.0
-1.78894e-5 -5.13348e-5 0.0064339549 0.0 0.0
-1.71116e-5 -5.13348e-5 0.0097090511 0.0 0.0
-1.63338e-5 -5.13348e-5 0.0060640574 0.0 0.0
-1.5556e-5 -5.13348e-5 0.0082796844 0.0 0.0
-1.47782e-5 -5.13348e-5 0.0089370443 0.0 0.0
-1.40004e-5 -5.13348e-5 0.0092305366 0.0 0.0
-1.32226e-5 -5.13348e-5 0.0067856206 0.0 0.0
-1.24448e-5 -5.13348e-5 0.0065241992 0.0 0.0
-1.1667e-5 -5.13348e-5 0.0070643769 0.0 0.0
-1.08892e-5 -5.13348e-5 0.0099729514 0.0 0.0
-1.01114e-5 -5.13348e-5 0.0034381591 0.0 0.0
-9.3336e-6 -5.13348e-5 0.0015646947 0.0 0.0
-8.5558e-6 -5.13348e-5 0.0006876628 0.0 0.0
-7.778e-6 -5.13348e-5 0.0001882042 0.0 0.0
-7.0002e-6 -5.13348e-5 0.000105158 0.0 0.0
-6.2224e-6 -5.13348e-5 0.0011350274 0.0 0.0
-5.4446e-6 -5.13348e-5 0.0004245668 0.0 0.0
-4.6668e-6 -5.13348e-5 0.0012256303 0.0 0.0
-3.889e-6 -5.13348e-5 0.0006447127 0.0 0.0
-3.1112e-6 -5.13348e-5 0.0011231701 0.0 0.0
-2.3334e-6 -5.13348e-5 0.000524701 0.0 0.0
-1.5556e-6 -5.13348e-5 0.0004364669 0.0 0.0
-7.778e-7 -5.13348e-5 0.0004496914 0.0 0.0
0.0 -5.13348e-5 0.0007159549 0.0 0.0
7.778e-7 -5.13348e-5 0.0003823892 0.0 0.0
1.5556e-6 -5.13348e-5 0.0004592645 0.0 0.0
2.3334e-6 -5.13348e-5 0.0004849807 0.0 0.0
3.1112e-6 -5.13348e-5 0.0007132567 0.0 0.0
3.889e-6 -5.13348e-5 0.0011326936 0.0 0.0
4.6668e-6 -5.13348e-5 0.0014531272 0.0 0.0
5.4446e-6 -5.13348e-5 0.0013688646 0.0 0.0
6.2224e-6 -5.13348e-5 0.0005224296 0.0 0.0
7.0002e-6 -5.13348e-5 0.0002950316 0.0 0.0
7.778e-6 -5.13348e-5 6.69228e-5 0.0 0.0
8.5558e-6 -5.13348e-5 0.0003502078 0.0 0.0
9.3336e-6 -5.13348e-5 7.46835e-5 0.0 0.0
1.01114e-5 -5.13348e-5 0.0002020302 0.0 0.0
1.08892e-5 -5.13348e-5 0.000213288 0.0 0.0
1.1667e-5 -5.13348e-5 0.0002999773 0.0 0.0
1.24448e-5 -5.13348e-5 8.19869e-5 0.0 0.0
1.32226e-5 -5.13348e-5 8.33234e-5 0.0 0.0
1.40004e-5 -5.13348e-5 7.00762e-5 0.0 0.0
1.47782e-5 -5.13348e-5 0.0001439231 0.0 0.0
1.5556e-5 -5.13348e-5 0.0001279592 0.0 0.0
1.63338e-5 -5.13348e-5 0.0001132269 0.0 0.0
1.71116e-5 -5.13348e-5 0.0001012433 0.0 0.0
1.78894e-5 -5.13348e-5 8.5887e-5 0.0 0.0
1.86672e-5 -5.13348e-5 7.69194e-5 0.0 0.0
-9.72251e-5 -5.0557e-5 0.0001634796 0.0 0.0
-9.64473e-5 -5.0557e-5 5.4614e-6 0.0 0.0
-9.56695e-5 -5.0557e-5 1.601e-7 0.0 0.0
-9.48917e-5 -5.0557e-5 7.098e-7 0.0 0.0
-9.41139e-5 -5.0557e-5 7.916e-7 0.0 0.0
-9.33361e-5 -5.0557e-5 6.0661e-6 0.0 0.0
-9.25583e-5 -5.0557e-5 1.9221e-6 0.0 0.0
-9.17805e-5 -5.0557e-5 1.30825e-5 0.0 0.0
-9.10027e-5 -5.0557e-5 4.1114e-6 0.0 0.0
-9.02249e-5 -5.0557e-5 0.0001376012 0.0 0.0
-8.94471e-5 -5.0557e-5 2.33171e-5 0.0 0.0
-8.86693e-5 -5.0557e-5 1.3859e-5 0.0 0.0
-8.78915e-5 -5.0557e-5 0.0002897772 0.0 0.0
-8.71137e-5 -5.0557e-5 0.0001769993 0.0 0.0
-8.63359e-5 -5.0557e-5 0.0001592728 0.0 0.0
-8.55581e-5 -5.0557e-5 0.0001635651 0.0 0.0
-8.47803e-5 -5.0557e-5 0.0013926265 0.0 0.0
-8.40025e-5 -5.0557e-5 0.0023664246 0.0 0.0
-8.32246e-5 -5.0557e-5 0.0035092785 0.0 0.0
-8.24468e-5 -5.0557e-5 0.0043325586 0.0 0.0
-8.1669e-5 -5.0557e-5 0.0053310834 0.0 0.0
-8.08912e-5 -5.0557e-5 0.0046531667 0.0 0.0
-8.01134e-5 -5.0557e-5 0.0058145387 0.0 0.0
-7.93356e-5 -5.0557e-5 0.0048548938 0.0 0.0
-7.85578e-5 -5.0557e-5 0.0028040842 0.0 0.0
-7.778e-5 -5.0557e-5 0.0046043129 0.0 0.0
-7.70022e-5 -5.0557e-5 0.0033221326 0.0 0.0
-7.62244e-5 -5.0557e-5 0.0017794882 0.0 0.0
-7.54466e-5 -5.0557e-5 0.0046068783 0.0 0.0
-7.46688e-5 -5.0557e-5 0.0017765367 0.0 0.0
-7.3891e-5 -5.0557e-5 0.001461917 0.0 0.0
-7.31132e-5 -5.0557e-5 0.0025489134 0.0 0.0
-7.23354e-5 -5.0557e-5 0.0030403091 0.0 0.0
-7.15576e-5 -5.0557e-5 0.0046878474 0.0 0.0
-7.07798e-5 -5.0557e-5 0.007159134 0.0 0.0
-7.0002e-5 -5.0557e-5 0.0098917432 0.0 0.0
-6.92242e-5 -5.0557e-5 0.010656481 0.0 0.0
-6.84464e-5 -5.0557e-5 0.0136929136 0.0 0.0
-6.76686e-5 -5.0557e-5 0.0199358143 0.0 0.0
-6.68908e-5 -5.0557e-5 0.0246144749 0.0 0.0
-6.6113e-5 -5.0557e-5 0.0313236982 0.0 0.0
-6.53352e-5 -5.0557e-5 0.0251905558 0.0 0.0
-6.45574e-5 -5.0557e-5 0.0158253771 0.0 0.0
-6.37796e-5 -5.0557e-5 0.0174537661 0.0 0.0
-6.30018e-5 -5.0557e-5 0.0184881835 0.0 0.0
-6.2224e-5 -5.0557e-5 0.017102501 0.0 0.0
-6.14462e-5 -5.0557e-5 0.0256613675 0.0 0.0
-6.06684e-5 -5.0557e-5 0.0287075376 0.0 0.0
-5.98906e-5 -5.0557e-5 0.0185293867 0.0 0.0
-5.91128e-5 -5.0557e-5 0.0169162158 0.0 0.0
-5.8335e-5 -5.0557e-5 0.0273226124 0.0 0.0
-5.75572e-5 -5.0557e-5 0.0755004408 0.0 0.0
-5.67794e-5 -5.0557e-5 0.1298065431 0.0 0.0
-5.60016e-5 -5.0557e-5 0.1280226994 0.0 0.0
-5.52238e-5 -5.0557e-5 0.129332371 0.0 0.0
-5.4446e-5 -5.0557e-5 0.1659639447 0.0 0.0
-5.36682e-5 -5.0557e-5 0.2448836815 0.0 0.0
-5.28904e-5 -5.0557e-5 0.2938850373 0.0 0.0
-5.21126e-5 -5.0557e-5 0.3214635188 0.0 0.0
-5.13348e-5 -5.0557e-5 0.3347059101 0.0 0.0
-5.0557e-5 -5.0557e-5 0.2866728171 0.0 0.0
-4.97792e-5 -5.0557e-5 0.3217400473 0.0 0.0
-4.90014e-5 -5.0557e-5 0.4697278562 0.0 0.0
-4.82236e-5 -5.0557e-5 0.5464548913 0.0 0.0
-4.74458e-5 -5.0557e-5 0.5759174632 0.0 0.0
-4.6668e-5 -5.0557e-5 0.5958704529 0.0 0.0
-4.58902e-5 -5.0557e-5 0.6323300148 0.0 0.0
-4.51124e-5 -5.0557e-5 0.7650171233 0.0 0.0
-4.43346e-5 -5.0557e-5 0.8905064802 0.0 0.0
-4.35568e-5 -5.0557e-5 0.8569781849 0.0 0.0
-4.2779e-5 -5.0557e-5 0.8376366317 0.0 0.0
-4.20012e-5 -5.0557e-5 0.821038822 0.0 0.0
-4.12234e-5 -5.0557e-5 0.5271592175 0.0 0.0
-4.04456e-5 -5.0557e-5 0.4035643873 0.0 0.0
-3.96678e-5 -5.0557e-5 0.4286824076 0.0 0.0
-3.889e-5 -5.0557e-5 0.3025118288 0.0 0.0
-3.81122e-5 -5.0557e-5 0.2981336718 0.0 0.0
-3.73344e-5 -5.0557e-5 0.2439711824 0.0 0.0
-3.65566e-5 -5.0557e-5 0.0835223974 0.0 0.0
-3.57788e-5 -5.0557e-5 0.0767086837 0.0 0.0
-3.5001e-5 -5.0557e-5 0.1389367362 0.0 0.0
-3.42232e-5 -5.0557e-5 0.0126993665 0.0 0.0
-3.34454e-5 -5.0557e-5 0.4101596811 0.0 0.0
-3.26676e-5 -5.0557e-5 0.4811009797 0.0 0.0
-3.18898e-5 -5.0557e-5 0.0526061238 0.0 0.0
-3.1112e-5 -5.0557e-5 0.1278384923 0.0 0.0
-3.03342e-5 -5.0557e-5 0.0622806788 0.0 0.0
-2.95564e-5 -5.0557e-5 0.1134289647 0.0 0.0
-2.87786e-5 -5.0557e-5 0.2365440146 0.0 0.0
-2.80008e-5 -5.0557e-5 0.2739127963 0.0 0.0
-2.7223e-5 -5.0557e-5 0.3208576093 0.0 0.0
-2.64452e-5 -5.0557e-5 0.2292084443 0.0 0.0
-2.56674e-5 -5.0557e-5 0.2959689481 0.0 0.0
-2.48896e-5 -5.0557e-5 0.2908315454 0.0 0.0
-2.41118e-5 -5.0557e-5 0.1091966872 0.0 0.0
-2.3334e-5 -5.0557e-5 0.1612083213 0.0 0.0
-2.25562e-5 -5.0557e-5 0.2926889598 0.0 0.0
-2.17784e-5 -5.0557e-5 0.1501507053 0.0 0.0
-2.10006e-5 -5.0557e-5 0.1347275501 0.0 0.0
-2.02228e-5 -5.0557e-5 0.0756211206 0.0 0.0
-1.9445e-5 -5.0557e-5 0.0335944946 0.0 0.0
-1.86672e-5 -5.0557e-5 0.0130853738 0.0 0.0
-1.78894e-5 -5.0557e-5 0.008916136 0.0 0.0
-1.71116e-5 -5.0557e-5 0.01088933 0.0 0.0
-1.63338e-5 -5.0557e-5 0.0085145299 0.0 0.0
-1.5556e-5 -5.0557e-5 0.0101064394 0.0 0.0
-1.47782e-5 -5.0557e-5 0.0052438565 0.0 0.0
-1.40004e-5 -5.0557e-5 0.008854823 0.0 0.0
-1.32226e-5 -5.0557e-5 0.0099506927 0.0 0.0
-1.24448e-5 -5.0557e-5 0.0055673542 0.0 0.0
-1.1667e-5 -5.0557e-5 0.0045071546 0.0 0.0
-1.08892e-5 -5.0557e-5 0.0114912846 0.0 0.0
-1.01114e-5 -5.0557e-5 0.0023952309 0.0 0.0
-9.3336e-6 -5.0557e-5 0.0002246535 0.0 0.0
-8.5558e-6 -5.0557e-5 7.73855e-5 0.0 0.0
-7.778e-6 -5.0557e-5 0.0016966745 0.0 0.0
-7.0002e-6 -5.0557e-5 0.0009030558 0.0 0.0
-6.2224e-6 -5.0557e-5 0.0003953017 0.0 0.0
-5.4446e-6 -5.0557e-5 0.0014812222 0.0 0.0
-4.6668e-6 -5.0557e-5 0.0007639765 0.0 0.0
-3.889e-6 -5.0557e-5 0.0011509863 0.0 0.0
-3.1112e-6 -5.0557e-5 0.0005694946 0.0 0.0
-2.3334e-6 -5.0557e-5 0.0008509564 0.0 0.0
-1.5556e-6 -5.0557e-5 0.0007771704 0.0 0.0
-7.778e-7 -5.0557e-5 0.0007022822 0.0 0.0
0.0 -5.0557e-5 0.0006359958 0.0 0.0
7.778e-7 -5.0557e-5 0.0005005791 0.0 0.0
1.5556e-6 -5.0557e-5 0.0003666628 0.0 0.0
2.3334e-6 -5.0557e-5 0.000570696 0.0 0.0
3.1112e-6 -5.0557e-5 0.0007918286 0.0 0.0
3.889e-6 -5.0557e-5 0.0011465835 0.0 0.0
4.6668e-6 -5.0557e-5 0.0013940211 0.0 0.0
5.4446e-6 -5.0557e-5 0.0015471477 0.0 0.0
6.2224e-6 -5.0557e-5 0.0002085151 0.0 0.0
7.0002e-6 -5.0557e-5 0.000476161 0.0 0.0
7.778e-6 -5.0557e-5 0.0002766785 0.0 0.0
8.5558e-6 -5.0557e-5 6.84426e-5 0.0 0.0
9.3336e-6 -5.0557e-5 0.0002483618 0.0 0.0
1.01114e-5 -5.0557e-5 9.09751e-5 0.0 0.0
1.08892e-5 -5.0557e-5 0.0001213143 0.0 0.0
1.1667e-5 -5.0557e-5 0.000170583 0.0 0.0
1.24448e-5 -5.0557e-5 0.0001612536 0.0 0.0
1.32226e-5 -5.0557e-5 0.0001604055 0.0 0.0
1.40004e-5 -5.0557e-5 0.0001371599 0.0 0.0
1.47782e-5 -5.0557e-5 9.99976e-5 0.0 0.0
1.5556e-5 -5.0557e-5 0.0001624094 0.0 0.0
1.63338e-5 -5.0557e-5 0.0001467947 0.0 0.0
1.71116e-5 -5.0557e-5 0.0001224945 0.0 0.0
1.78894e-5 -5.0557e-5 9.70049e-5 0.0 0.0
1.86672e-5 -5.0557e-5 8.8067e-5 0.0 0.0
-9.72251e-5 -4.97792e-5 0.0003400214 0.0 0.0
-9.64473e-5 -4.97792e-5 4.3401e-6 0.0 0.0
-9.56695e-5 -4.97792e-5 0.0001129112 0.0 0.0
-9.48917e-5 -4.97792e-5 3.6443e-6 0.0 0.0
-9.41139e-5 -4.97792e-5 0.0001316458 0.0 0.0
-9.33361e-5 -4.97792e-5 6.4847e-6 0.0 0.0
-9.25583e-5 -4.97792e-5 0.0001245754 0.0 0.0
-9.17805e-5 -4.97792e-5 3.54803e-5 0.0 0.0
-9.10027e-5 -4.97792e-5 1.13554e-5 0.0 0.0
-9.02249e-5 -4.97792e-5 8.03929e-5 0.0 0.0
-8.94471e-5 -4.97792e-5 2.24813e-5 0.0 0.0
-8.86693e-5 -4.97792e-5 1.84203e-5 0.0 0.0
-8.78915e-5 -4.97792e-5 0.0001889489 0.0 0.0
-8.71137e-5 -4.97792e-5 0.0001874659 0.0 0.0
-8.63359e-5 -4.97792e-5 0.0001960813 0.0 0.0
-8.55581e-5 -4.97792e-5 0.0014051189 0.0 0.0
-8.47803e-5 -4.97792e-5 0.0026834233 0.0 0.0
-8.40025e-5 -4.97792e-5 0.0039332957 0.0 0.0
-8.32246e-5 -4.97792e-5 0.0051941801 0.0 0.0
-8.24468e-5 -4.97792e-5 0.0058352701 0.0 0.0
-8.1669e-5 -4.97792e-5 0.0058764124 0.0 0.0
-8.08912e-5 -4.97792e-5 0.0055245716 0.0 0.0
-8.01134e-5 -4.97792e-5 0.0038310935 0.0 0.0
-7.93356e-5 -4.97792e-5 0.0052740192 0.0 0.0
-7.85578e-5 -4.97792e-5 0.0030430672 0.0 0.0
-7.778e-5 -4.97792e-5 0.004956747 0.0 0.0
-7.70022e-5 -4.97792e-5 0.0033772055 0.0 0.0
-7.62244e-5 -4.97792e-5 0.001538632 0.0 0.0
-7.54466e-5 -4.97792e-5 0.0038931267 0.0 0.0
-7.46688e-5 -4.97792e-5 0.0053552497 0.0 0.0
-7.3891e-5 -4.97792e-5 0.002254208 0.0 0.0
-7.31132e-5 -4.97792e-5 0.0033207628 0.0 0.0
-7.23354e-5 -4.97792e-5 0.005967798 0.0 0.0
-7.15576e-5 -4.97792e-5 0.0100921842 0.0 0.0
-7.07798e-5 -4.97792e-5 0.0066281588 0.0 0.0
-7.0002e-5 -4.97792e-5 0.004485085 0.0 0.0
-6.92242e-5 -4.97792e-5 0.0121758416 0.0 0.0
-6.84464e-5 -4.97792e-5 0.0134960447 0.0 0.0
-6.76686e-5 -4.97792e-5 0.0208108309 0.0 0.0
-6.68908e-5 -4.97792e-5 0.0314948183 0.0 0.0
-6.6113e-5 -4.97792e-5 0.0333365617 0.0 0.0
-6.53352e-5 -4.97792e-5 0.0299210247 0.0 0.0
-6.45574e-5 -4.97792e-5 0.0246634203 0.0 0.0
-6.37796e-5 -4.97792e-5 0.0252553076 0.0 0.0
-6.30018e-5 -4.97792e-5 0.0270815866 0.0 0.0
-6.2224e-5 -4.97792e-5 0.012776525 0.0 0.0
-6.14462e-5 -4.97792e-5 0.0209746846 0.0 0.0
-6.06684e-5 -4.97792e-5 0.028340487 0.0 0.0
-5.98906e-5 -4.97792e-5 0.0108448499 0.0 0.0
-5.91128e-5 -4.97792e-5 0.016799476 0.0 0.0
-5.8335e-5 -4.97792e-5 0.0397490827 0.0 0.0
-5.75572e-5 -4.97792e-5 0.0843288565 0.0 0.0
-5.67794e-5 -4.97792e-5 0.1076836641 0.0 0.0
-5.60016e-5 -4.97792e-5 0.1272590878 0.0 0.0
-5.52238e-5 -4.97792e-5 0.1603757803 0.0 0.0
-5.4446e-5 -4.97792e-5 0.2471401688 0.0 0.0
-5.36682e-5 -4.97792e-5 0.3303314133 0.0 0.0
-5.28904e-5 -4.97792e-5 0.3235811304 0.0 0.0
-5.21126e-5 -4.97792e-5 0.390488954 0.0 0.0
-5.13348e-5 -4.97792e-5 0.3277515479 0.0 0.0
-5.0557e-5 -4.97792e-5 0.4230004069 0.0 0.0
-4.97792e-5 -4.97792e-5 0.5260095274 0.0 0.0
-4.90014e-5 -4.97792e-5 0.5502544724 0.0 0.0
-4.82236e-5 -4.97792e-5 0.5290975204 0.0 0.0
-4.74458e-5 -4.97792e-5 0.7830335966 0.0 0.0
-4.6668e-5 -4.97792e-5 0.8093387668 0.0 0.0
-4.58902e-5 -4.97792e-5 0.7059958163 0.0 0.0
-4.51124e-5 -4.97792e-5 0.6808851912 0.0 0.0
-4.43346e-5 -4.97792e-5 0.6534935972 0.0 0.0
-4.35568e-5 -4.97792e-5 0.7162876116 0.0 0.0
-4.2779e-5 -4.97792e-5 0.7177166431 0.0 0.0
-4.20012e-5 -4.97792e-5 0.7091130363 0.0 0.0
-4.12234e-5 -4.97792e-5 0.8358416618 0.0 0.0
-4.04456e-5 -4.97792e-5 1.0 0.0 0.0
-3.96678e-5 -4.97792e-5 0.8205363666 0.0 0.0
-3.889e-5 -4.97792e-5 0.842908475 0.0 0.0
-3.81122e-5 -4.97792e-5 0.7400909684 0.0 0.0
-3.73344e-5 -4.97792e-5 0.5109353225 0.0 0.0
-3.65566e-5 -4.97792e-5 0.5220228486 0.0 0.0
-3.57788e-5 -4.97792e-5 0.2726626511 0.0 0.0
-3.5001e-5 -4.97792e-5 0.0816344171 0.0 0.0
-3.42232e-5 -4.97792e-5 0.1050128685 0.0 0.0
-3.34454e-5 -4.97792e-5 0.0363087251 0.0 0.0
-3.26676e-5 -4.97792e-5 0.3830362218 0.0 0.0
-3.18898e-5 -4.97792e-5 0.2110865512 0.0 0.0
-3.1112e-5 -4.97792e-5 0.1133847857 0.0 0.0
-3.03342e-5 -4.97792e-5 0.0278282725 0.0 0.0
-2.95564e-5 -4.97792e-5 0.1406704998 0.0 0.0
-2.87786e-5 -4.97792e-5 0.1845418047 0.0 0.0
-2.80008e-5 -4.97792e-5 0.1629888705 0.0 0.0
-2.7223e-5 -4.97792e-5 0.2326648435 0.0 0.0
-2.64452e-5 -4.97792e-5 0.2183812535 0.0 0.0
-2.56674e-5 -4.97792e-5 0.2184546492 0.0 0.0
-2.48896e-5 -4.97792e-5 0.2834456434 0.0 0.0
-2.41118e-5 -4.97792e-5 0.1134609384 0.0 0.0
-2.3334e-5 -4.97792e-5 0.1591022767 0.0 0.0
-2.25562e-5 -4.97792e-5 0.2633251691 0.0 0.0
-2.17784e-5 -4.97792e-5 0.1525124699 0.0 0.0
-2.10006e-5 -4.97792e-5 0.1325881288 0.0 0.0
-2.02228e-5 -4.97792e-5 0.0877105532 0.0 0.0
-1.9445e-5 -4.97792e-5 0.0366606605 0.0 0.0
-1.86672e-5 -4.97792e-5 0.0184087932 0.0 0.0
-1.78894e-5 -4.97792e-5 0.0119005845 0.0 0.0
-1.71116e-5 -4.97792e-5 0.0068581754 0.0 0.0
-1.63338e-5 -4.97792e-5 0.0116779687 0.0 0.0
-1.5556e-5 -4.97792e-5 0.0069214999 0.0 0.0
-1.47782e-5 -4.97792e-5 0.0096266803 0.0 0.0
-1.40004e-5 -4.97792e-5 0.0106661982 0.0 0.0
-1.32226e-5 -4.97792e-5 0.0072245751 0.0 0.0
-1.24448e-5 -4.97792e-5 0.0086285655 0.0 0.0
-1.1667e-5 -4.97792e-5 0.0078094078 0.0 0.0
-1.08892e-5 -4.97792e-5 0.0138145595 0.0 0.0
-1.01114e-5 -4.97792e-5 0.0054376352 0.0 0.0
-9.3336e-6 -4.97792e-5 0.0021271419 0.0 0.0
-8.5558e-6 -4.97792e-5 0.0005842177 0.0 0.0
-7.778e-6 -4.97792e-5 0.0002095484 0.0 0.0
-7.0002e-6 -4.97792e-5 0.0017916862 0.0 0.0
-6.2224e-6 -4.97792e-5 0.0015302015 0.0 0.0
-5.4446e-6 -4.97792e-5 0.0008311574 0.0 0.0
-4.6668e-6 -4.97792e-5 0.0011966011 0.0 0.0
-3.889e-6 -4.97792e-5 0.0006357422 0.0 0.0
-3.1112e-6 -4.97792e-5 0.000953346 0.0 0.0
-2.3334e-6 -4.97792e-5 0.0004014762 0.0 0.0
-1.5556e-6 -4.97792e-5 0.0005044737 0.0 0.0
-7.778e-7 -4.97792e-5 0.000494705 0.0 0.0
0.0 -4.97792e-5 0.0004417377 0.0 0.0
7.778e-7 -4.97792e-5 0.0004092571 0.0 0.0
1.5556e-6 -4.97792e-5 0.0004629748 0.0 0.0
2.3334e-6 -4.97792e-5 0.0006962679 0.0 0.0
3.1112e-6 -4.97792e-5 0.0009011946 0.0 0.0
3.889e-6 -4.97792e-5 0.0012568051 0.0 0.0
4.6668e-6 -4.97792e-5 0.0015422065 0.0 0.0
5.4446e-6 -4.97792e-5 0.0017351729 0.0 0.0
6.2224e-6 -4.97792e-5 0.0005362749 0.0 0.0
7.0002e-6 -4.97792e-5 0.0003911551 0.0 0.0
7.778e-6 -4.97792e-5 0.0004567617 0.0 0.0
8.5558e-6 -4.97792e-5 0.0002559322 0.0 0.0
9.3336e-6 -4.97792e-5 6.23793e-5 0.0 0.0
1.01114e-5 -4.97792e-5 0.0002109291 0.0 0.0
1.08892e-5 -4.97792e-5 3.58665e-5 0.0 0.0
1.1667e-5 -4.97792e-5 5.1159e-5 0.0 0.0
1.24448e-5 -4.97792e-5 6.9777e-5 0.0 0.0
1.32226e-5 -4.97792e-5 0.0002408022 0.0 0.0
1.40004e-5 -4.97792e-5 0.0002042151 0.0 0.0
1.47782e-5 -4.97792e-5 0.0001579343 0.0 0.0
1.5556e-5 -4.97792e-5 0.0001169195 0.0 0.0
1.63338e-5 -4.97792e-5 9.47007e-5 0.0 0.0
1.71116e-5 -4.97792e-5 9.51808e-5 0.0 0.0
1.78894e-5 -4.97792e-5 7.05213e-5 0.0 0.0
1.86672e-5 -4.97792e-5 6.70252e-5 0.0 0.0
-9.72251e-5 -4.90014e-5 2.9629e-6 0.0 0.0
-9.64473e-5 -4.90014e-5 4.166e-7 0.0 0.0
-9.56695e-5 -4.90014e-5 1.907e-6 0.0 0.0
-9.48917e-5 -4.90014e-5 0.0003072232 0.0 0.0
-9.41139e-5 -4.90014e-5 7.273e-6 0.0 0.0
-9.33361e-5 -4.90014e-5 0.0002108991 0.0 0.0
-9.25583e-5 -4.90014e-5 3.45257e-5 0.0 0.0
-9.17805e-5 -4.90014e-5 0.0002822694 0.0 0.0
-9.10027e-5 -4.90014e-5 7.57867e-5 0.0 0.0
-9.02249e-5 -4.90014e-5 6.45574e-5 0.0 0.0
-8.94471e-5 -4.90014e-5 0.0004831234 0.0 0.0
-8.86693e-5 -4.90014e-5 0.0001608147 0.0 0.0
-8.78915e-5 -4.90014e-5 8.57274e-5 0.0 0.0
-8.71137e-5 -4.90014e-5 0.0006715864 0.0 0.0
-8.63359e-5 -4.90014e-5 0.0010215108 0.0 0.0
-8.55581e-5 -4.90014e-5 0.002630261 0.0 0.0
-8.47803e-5 -4.90014e-5 0.0046798735 0.0 0.0
-8.40025e-5 -4.90014e-5 0.0052611802 0.0 0.0
-8.32246e-5 -4.90014e-5 0.0057578509 0.0 0.0
-8.24468e-5 -4.90014e-5 0.0059944373 0.0 0.0
-8.1669e-5 -4.90014e-5 0.0051064416 0.0 0.0
-8.08912e-5 -4.90014e-5 0.0062574998 0.0 0.0
-8.01134e-5 -4.90014e-5 0.0051935816 0.0 0.0
-7.93356e-5 -4.90014e-5 0.0036307132 0.0 0.0
-7.85578e-5 -4.90014e-5 0.004992851 0.0 0.0
-7.778e-5 -4.90014e-5 0.0039161334 0.0 0.0
-7.70022e-5 -4.90014e-5 0.0019777551 0.0 0.0
-7.62244e-5 -4.90014e-5 0.0036558883 0.0 0.0
-7.54466e-5 -4.90014e-5 0.0018113354 0.0 0.0
-7.46688e-5 -4.90014e-5 0.0023718519 0.0 0.0
-7.3891e-5 -4.90014e-5 0.0034290074 0.0 0.0
-7.31132e-5 -4.90014e-5 0.0048219888 0.0 0.0
-7.23354e-5 -4.90014e-5 0.008710663 0.0 0.0
-7.15576e-5 -4.90014e-5 0.0130831108 0.0 0.0
-7.07798e-5 -4.90014e-5 0.0070631751 0.0 0.0
-7.0002e-5 -4.90014e-5 0.0146594656 0.0 0.0
-6.92242e-5 -4.90014e-5 0.015236345 0.0 0.0
-6.84464e-5 -4.90014e-5 0.0168585918 0.0 0.0
-6.76686e-5 -4.90014e-5 0.0236477283 0.0 0.0
-6.68908e-5 -4.90014e-5 0.0294982891 0.0 0.0
-6.6113e-5 -4.90014e-5 0.0317064223 0.0 0.0
-6.53352e-5 -4.90014e-5 0.0288270791 0.0 0.0
-6.45574e-5 -4.90014e-5 0.0235995429 0.0 0.0
-6.37796e-5 -4.90014e-5 0.0249256051 0.0 0.0
-6.30018e-5 -4.90014e-5 0.0296231264 0.0 0.0
-6.2224e-5 -4.90014e-5 0.0255066322 0.0 0.0
-6.14462e-5 -4.90014e-5 0.0259686495 0.0 0.0
-6.06684e-5 -4.90014e-5 0.0129811117 0.0 0.0
-5.98906e-5 -4.90014e-5 0.0100965897 0.0 0.0
-5.91128e-5 -4.90014e-5 0.0310946078 0.0 0.0
-5.8335e-5 -4.90014e-5 0.0567418315 0.0 0.0
-5.75572e-5 -4.90014e-5 0.0854390929 0.0 0.0
-5.67794e-5 -4.90014e-5 0.0950236146 0.0 0.0
-5.60016e-5 -4.90014e-5 0.1284469454 0.0 0.0
-5.52238e-5 -4.90014e-5 0.2157170901 0.0 0.0
-5.4446e-5 -4.90014e-5 0.3024294308 0.0 0.0
-5.36682e-5 -4.90014e-5 0.3990108655 0.0 0.0
-5.28904e-5 -4.90014e-5 0.4291508783 0.0 0.0
-5.21126e-5 -4.90014e-5 0.3597182998 0.0 0.0
-5.13348e-5 -4.90014e-5 0.4680975008 0.0 0.0
-5.0557e-5 -4.90014e-5 0.5390005229 0.0 0.0
-4.97792e-5 -4.90014e-5 0.5325298991 0.0 0.0
-4.90014e-5 -4.90014e-5 0.7098292304 0.0 0.0
-4.82236e-5 -4.90014e-5 0.742655879 0.0 0.0
-4.74458e-5 -4.90014e-5 0.5136872503 0.0 0.0
-4.6668e-5 -4.90014e-5 0.516092309 0.0 0.0
-4.58902e-5 -4.90014e-5 0.4754196095 0.0 0.0
-4.51124e-5 -4.90014e-5 0.5054943648 0.0 0.0
-4.43346e-5 -4.90014e-5 0.6459850933 0.0 0.0
-4.35568e-5 -4.90014e-5 0.9362754623 0.0 0.0
-4.2779e-5 -4.90014e-5 0.5002302641 0.0 0.0
-4.20012e-5 -4.90014e-5 0.5659863224 0.0 0.0
-4.12234e-5 -4.90014e-5 0.7418190964 0.0 0.0
-4.04456e-5 -4.90014e-5 0.3614270107 0.0 0.0
-3.96678e-5 -4.90014e-5 0.5087468809 0.0 0.0
-3.889e-5 -4.90014e-5 0.4245629905 0.0 0.0
-3.81122e-5 -4.90014e-5 0.5789641022 0.0 0.0
-3.73344e-5 -4.90014e-5 0.5292353101 0.0 0.0
-3.65566e-5 -4.90014e-5 0.3182482269 0.0 0.0
-3.57788e-5 -4.90014e-5 0.7964746877 0.0 0.0
-3.5001e-5 -4.90014e-5 0.7515011787 0.0 0.0
-3.42232e-5 -4.90014e-5 0.6174633036 0.0 0.0
-3.34454e-5 -4.90014e-5 0.1135641518 0.0 0.0
-3.26676e-5 -4.90014e-5 0.5928346492 0.0 0.0
-3.18898e-5 -4.90014e-5 0.4067403297 0.0 0.0
-3.1112e-5 -4.90014e-5 0.0747346124 0.0 0.0
-3.03342e-5 -4.90014e-5 0.0782075968 0.0 0.0
-2.95564e-5 -4.90014e-5 0.1292619819 0.0 0.0
-2.87786e-5 -4.90014e-5 0.2393202453 0.0 0.0
-2.80008e-5 -4.90014e-5 0.174971961 0.0 0.0
-2.7223e-5 -4.90014e-5 0.1308211091 0.0 0.0
-2.64452e-5 -4.90014e-5 0.2015208692 0.0 0.0
-2.56674e-5 -4.90014e-5 0.2194481391 0.0 0.0
-2.48896e-5 -4.90014e-5 0.2103843314 0.0 0.0
-2.41118e-5 -4.90014e-5 0.0760461025 0.0 0.0
-2.3334e-5 -4.90014e-5 0.1871808954 0.0 0.0
-2.25562e-5 -4.90014e-5 0.2473328521 0.0 0.0
-2.17784e-5 -4.90014e-5 0.1386442579 0.0 0.0
-2.10006e-5 -4.90014e-5 0.1186642485 0.0 0.0
-2.02228e-5 -4.90014e-5 0.0865943265 0.0 0.0
-1.9445e-5 -4.90014e-5 0.0345293253 0.0 0.0
-1.86672e-5 -4.90014e-5 0.0204291413 0.0 0.0
-1.78894e-5 -4.90014e-5 0.0157831952 0.0 0.0
-1.71116e-5 -4.90014e-5 0.0089713412 0.0 0.0
-1.63338e-5 -4.90014e-5 0.0063636832 0.0 0.0
-1.5556e-5 -4.90014e-5 0.0117259792 0.0 0.0
-1.47782e-5 -4.90014e-5 0.0061433454 0.0 0.0
-1.40004e-5 -4.90014e-5 0.0106908617 0.0 0.0
-1.32226e-5 -4.90014e-5 0.0104541326 0.0 0.0
-1.24448e-5 -4.90014e-5 0.0063897759 0.0 0.0
-1.1667e-5 -4.90014e-5 0.0070101796 0.0 0.0
-1.08892e-5 -4.90014e-5 0.0109351088 0.0 0.0
-1.01114e-5 -4.90014e-5 0.0044529023 0.0 0.0
-9.3336e-6 -4.90014e-5 0.0008231408 0.0 0.0
-8.5558e-6 -4.90014e-5 0.0002406215 0.0 0.0
-7.778e-6 -4.90014e-5 0.0013023199 0.0 0.0
-7.0002e-6 -4.90014e-5 0.0007557599 0.0 0.0
-6.2224e-6 -4.90014e-5 0.0009703944 0.0 0.0
-5.4446e-6 -4.90014e-5 0.001343131 0.0 0.0
-4.6668e-6 -4.90014e-5 0.0008681695 0.0 0.0
-3.889e-6 -4.90014e-5 0.0010471228 0.0 0.0
-3.1112e-6 -4.90014e-5 0.0003805413 0.0 0.0
-2.3334e-6 -4.90014e-5 0.0006314241 0.0 0.0
-1.5556e-6 -4.90014e-5 0.0008474351 0.0 0.0
-7.778e-7 -4.90014e-5 0.0008517236 0.0 0.0
0.0 -4.90014e-5 0.000664792 0.0 0.0
7.778e-7 -4.90014e-5 0.0005322041 0.0 0.0
1.5556e-6 -4.90014e-5 0.0006017441 0.0 0.0
2.3334e-6 -4.90014e-5 0.0006379505 0.0 0.0
3.1112e-6 -4.90014e-5 0.0009199621 0.0 0.0
3.889e-6 -4.90014e-5 0.0013892131 0.0 0.0
4.6668e-6 -4.90014e-5 0.0016714584 0.0 0.0
5.4446e-6 -4.90014e-5 0.001647223 0.0 0.0
6.2224e-6 -4.90014e-5 0.0002760195 0.0 0.0
7.0002e-6 -4.90014e-5 7.00883e-5 0.0 0.0
7.778e-6 -4.90014e-5 0.0002196717 0.0 0.0
8.5558e-6 -4.90014e-5 2.9164e-5 0.0 0.0
9.3336e-6 -4.90014e-5 0.0002311698 0.0 0.0
1.01114e-5 -4.90014e-5 2.35761e-5 0.0 0.0
1.08892e-5 -4.90014e-5 0.0001045896 0.0 0.0
1.1667e-5 -4.90014e-5 0.0001378705 0.0 0.0
1.24448e-5 -4.90014e-5 0.0001736528 0.0 0.0
1.32226e-5 -4.90014e-5 0.0001304395 0.0 0.0
1.40004e-5 -4.90014e-5 9.88095e-5 0.0 0.0
1.47782e-5 -4.90014e-5 8.42826e-5 0.0 0.0
1.5556e-5 -4.90014e-5 0.0001845867 0.0 0.0
1.63338e-5 -4.90014e-5 0.0001201111 0.0 0.0
1.71116e-5 -4.90014e-5 0.0001123596 0.0 0.0
1.78894e-5 -4.90014e-5 8.66261e-5 0.0 0.0
1.86672e-5 -4.90014e-5 7.43229e-5 0.0 0.0
-9.72251e-5 -4.82236e-5 3.14167e-5 0.0 0.0
-9.64473e-5 -4.82236e-5 0.0003227508 0.0 0.0
-9.56695e-5 -4.82236e-5 7.833e-6 0.0 0.0
-9.48917e-5 -4.82236e-5 0.0001810075 0.0 0.0
-9.41139e-5 -4.82236e-5 1.9405e-5 0.0 0.0
-9.33361e-5 -4.82236e-5 0.0002049063 0.0 0.0
-9.25583e-5 -4.82236e-5 6.30111e-5 0.0 0.0
-9.17805e-5 -4.82236e-5 8.44994e-5 0.0 0.0
-9.10027e-5 -4.82236e-5 0.0001505228 0.0 0.0
-9.02249e-5 -4.82236e-5 0.0001468589 0.0 0.0
-8.94471e-5 -4.82236e-5 0.0005209528 0.0 0.0
-8.86693e-5 -4.82236e-5 0.0003288629 0.0 0.0
-8.78915e-5 -4.82236e-5 0.000287383 0.0 0.0
-8.71137e-5 -4.82236e-5 0.0008510259 0.0 0.0
-8.63359e-5 -4.82236e-5 0.0030721987 0.0 0.0
-8.55581e-5 -4.82236e-5 0.0047020461 0.0 0.0
-8.47803e-5 -4.82236e-5 0.0058766364 0.0 0.0
-8.40025e-5 -4.82236e-5 0.0061801791 0.0 0.0
-8.32246e-5 -4.82236e-5 0.0065214901 0.0 0.0
-8.24468e-5 -4.82236e-5 0.0063335677 0.0 0.0
-8.1669e-5 -4.82236e-5 0.0057529102 0.0 0.0
-8.08912e-5 -4.82236e-5 0.0048472705 0.0 0.0
-8.01134e-5 -4.82236e-5 0.0063344898 0.0 0.0
-7.93356e-5 -4.82236e-5 0.0045641474 0.0 0.0
-7.85578e-5 -4.82236e-5 0.005928395 0.0 0.0
-7.778e-5 -4.82236e-5 0.0045547661 0.0 0.0
-7.70022e-5 -4.82236e-5 0.0027890533 0.0 0.0
-7.62244e-5 -4.82236e-5 0.0051423911 0.0 0.0
-7.54466e-5 -4.82236e-5 0.0024719776 0.0 0.0
-7.46688e-5 -4.82236e-5 0.0037842115 0.0 0.0
-7.3891e-5 -4.82236e-5 0.0043256509 0.0 0.0
-7.31132e-5 -4.82236e-5 0.0086803883 0.0 0.0
-7.23354e-5 -4.82236e-5 0.0098588653 0.0 0.0
-7.15576e-5 -4.82236e-5 0.0137292456 0.0 0.0
-7.07798e-5 -4.82236e-5 0.0086433136 0.0 0.0
-7.0002e-5 -4.82236e-5 0.0167167933 0.0 0.0
-6.92242e-5 -4.82236e-5 0.0175354215 0.0 0.0
-6.84464e-5 -4.82236e-5 0.0150538855 0.0 0.0
-6.76686e-5 -4.82236e-5 0.0194520394 0.0 0.0
-6.68908e-5 -4.82236e-5 0.0232483098 0.0 0.0
-6.6113e-5 -4.82236e-5 0.0231050876 0.0 0.0
-6.53352e-5 -4.82236e-5 0.0219536507 0.0 0.0
-6.45574e-5 -4.82236e-5 0.0175741464 0.0 0.0
-6.37796e-5 -4.82236e-5 0.0193495863 0.0 0.0
-6.30018e-5 -4.82236e-5 0.0261260126 0.0 0.0
-6.2224e-5 -4.82236e-5 0.0193249756 0.0 0.0
-6.14462e-5 -4.82236e-5 0.0253297401 0.0 0.0
-6.06684e-5 -4.82236e-5 0.0211298558 0.0 0.0
-5.98906e-5 -4.82236e-5 0.0183347193 0.0 0.0
-5.91128e-5 -4.82236e-5 0.0286469276 0.0 0.0
-5.8335e-5 -4.82236e-5 0.0713741667 0.0 0.0
-5.75572e-5 -4.82236e-5 0.0862043078 0.0 0.0
-5.67794e-5 -4.82236e-5 0.1221209938 0.0 0.0
-5.60016e-5 -4.82236e-5 0.1823130547 0.0 0.0
-5.52238e-5 -4.82236e-5 0.2492486721 0.0 0.0
-5.4446e-5 -4.82236e-5 0.3881988399 0.0 0.0
-5.36682e-5 -4.82236e-5 0.4170635317 0.0 0.0
-5.28904e-5 -4.82236e-5 0.3916715356 0.0 0.0
-5.21126e-5 -4.82236e-5 0.5029876881 0.0 0.0
-5.13348e-5 -4.82236e-5 0.5499934327 0.0 0.0
-5.0557e-5 -4.82236e-5 0.5455858279 0.0 0.0
-4.97792e-5 -4.82236e-5 0.7235819895 0.0 0.0
-4.90014e-5 -4.82236e-5 0.5647819956 0.0 0.0
-4.82236e-5 -4.82236e-5 0.3852066089 0.0 0.0
-4.74458e-5 -4.82236e-5 0.3623287312 0.0 0.0
-4.6668e-5 -4.82236e-5 0.4705276956 0.0 0.0
-4.58902e-5 -4.82236e-5 0.6940247809 0.0 0.0
-4.51124e-5 -4.82236e-5 0.4384154906 0.0 0.0
-4.43346e-5 -4.82236e-5 0.5392885589 0.0 0.0
-4.35568e-5 -4.82236e-5 0.3260160905 0.0 0.0
-4.2779e-5 -4.82236e-5 0.3015592267 0.0 0.0
-4.20012e-5 -4.82236e-5 0.4244646004 0.0 0.0
-4.12234e-5 -4.82236e-5 0.3712784813 0.0 0.0
-4.04456e-5 -4.82236e-5 0.3935278063 0.0 0.0
-3.96678e-5 -4.82236e-5 0.4927667509 0.0 0.0
-3.889e-5 -4.82236e-5 0.4049480898 0.0 0.0
-3.81122e-5 -4.82236e-5 0.642038854 0.0 0.0
-3.73344e-5 -4.82236e-5 0.6090670082 0.0 0.0
-3.65566e-5 -4.82236e-5 0.6487094566 0.0 0.0
-3.57788e-5 -4.82236e-5 0.2614609441 0.0 0.0
-3.5001e-5 -4.82236e-5 0.2179275649 0.0 0.0
-3.42232e-5 -4.82236e-5 0.8720514764 0.0 0.0
-3.34454e-5 -4.82236e-5 0.4928869242 0.0 0.0
-3.26676e-5 -4.82236e-5 0.4696433765 0.0 0.0
-3.18898e-5 -4.82236e-5 0.3449869767 0.0 0.0
-3.1112e-5 -4.82236e-5 0.2969354772 0.0 0.0
-3.03342e-5 -4.82236e-5 0.0508197383 0.0 0.0
-2.95564e-5 -4.82236e-5 0.1344135429 0.0 0.0
-2.87786e-5 -4.82236e-5 0.2515294632 0.0 0.0
-2.80008e-5 -4.82236e-5 0.2239846053 0.0 0.0
-2.7223e-5 -4.82236e-5 0.1091219893 0.0 0.0
-2.64452e-5 -4.82236e-5 0.1843025362 0.0 0.0
-2.56674e-5 -4.82236e-5 0.2226521108 0.0 0.0
-2.48896e-5 -4.82236e-5 0.191164944 0.0 0.0
-2.41118e-5 -4.82236e-5 0.0782198885 0.0 0.0
-2.3334e-5 -4.82236e-5 0.1502217043 0.0 0.0
-2.25562e-5 -4.82236e-5 0.1928322193 0.0 0.0
-2.17784e-5 -4.82236e-5 0.2277413406 0.0 0.0
-2.10006e-5 -4.82236e-5 0.1270302062 0.0 0.0
-2.02228e-5 -4.82236e-5 0.1095060756 0.0 0.0
-1.9445e-5 -4.82236e-5 0.034123066 0.0 0.0
-1.86672e-5 -4.82236e-5 0.0217272748 0.0 0.0
-1.78894e-5 -4.82236e-5 0.0111662453 0.0 0.0
-1.71116e-5 -4.82236e-5 0.0133213458 0.0 0.0
-1.63338e-5 -4.82236e-5 0.0083957372 0.0 0.0
-1.5556e-5 -4.82236e-5 0.007097249 0.0 0.0
-1.47782e-5 -4.82236e-5 0.0095828817 0.0 0.0
-1.40004e-5 -4.82236e-5 0.0054980909 0.0 0.0
-1.32226e-5 -4.82236e-5 0.0103178001 0.0 0.0
-1.24448e-5 -4.82236e-5 0.010664597 0.0 0.0
-1.1667e-5 -4.82236e-5 0.0100550773 0.0 0.0
-1.08892e-5 -4.82236e-5 0.0127613648 0.0 0.0
-1.01114e-5 -4.82236e-5 0.0082259763 0.0 0.0
-9.3336e-6 -4.82236e-5 0.0026919075 0.0 0.0
-8.5558e-6 -4.82236e-5 0.0014679046 0.0 0.0
-7.778e-6 -4.82236e-5 0.0008178088 0.0 0.0
-7.0002e-6 -4.82236e-5 0.0011870037 0.0 0.0
-6.2224e-6 -4.82236e-5 0.0018005533 0.0 0.0
-5.4446e-6 -4.82236e-5 0.0014881297 0.0 0.0
-4.6668e-6 -4.82236e-5 0.0014116192 0.0 0.0
-3.889e-6 -4.82236e-5 0.000514534 0.0 0.0
-3.1112e-6 -4.82236e-5 0.0006032208 0.0 0.0
-2.3334e-6 -4.82236e-5 0.0002905497 0.0 0.0
-1.5556e-6 -4.82236e-5 0.0004198388 0.0 0.0
-7.778e-7 -4.82236e-5 0.0004044075 0.0 0.0
0.0 -4.82236e-5 0.0004707934 0.0 0.0
7.778e-7 -4.82236e-5 0.0007071502 0.0 0.0
1.5556e-6 -4.82236e-5 0.0004855508 0.0 0.0
2.3334e-6 -4.82236e-5 0.0007807505 0.0 0.0
3.1112e-6 -4.82236e-5 0.0010702069 0.0 0.0
3.889e-6 -4.82236e-5 0.0014072494 0.0 0.0
4.6668e-6 -4.82236e-5 0.0017257457 0.0 0.0
5.4446e-6 -4.82236e-5 0.001342477 0.0 0.0
6.2224e-6 -4.82236e-5 0.0005736592 0.0 0.0
7.0002e-6 -4.82236e-5 0.0002837671 0.0 0.0
7.778e-6 -4.82236e-5 4.30284e-5 0.0 0.0
8.5558e-6 -4.82236e-5 0.0001261079 0.0 0.0
9.3336e-6 -4.82236e-5 1.88846e-5 0.0 0.0
1.01114e-5 -4.82236e-5 9.57141e-5 0.0 0.0
1.08892e-5 -4.82236e-5 0.0002325515 0.0 0.0
1.1667e-5 -4.82236e-5 0.0002875823 0.0 0.0
1.24448e-5 -4.82236e-5 4.89818e-5 0.0 0.0
1.32226e-5 -4.82236e-5 0.0002413109 0.0 0.0
1.40004e-5 -4.82236e-5 0.0001638459 0.0 0.0
1.47782e-5 -4.82236e-5 0.0001184829 0.0 0.0
1.5556e-5 -4.82236e-5 0.0001075998 0.0 0.0
1.63338e-5 -4.82236e-5 8.57777e-5 0.0 0.0
1.71116e-5 -4.82236e-5 0.0001249144 0.0 0.0
1.78894e-5 -4.82236e-5 0.0001031126 0.0 0.0
1.86672e-5 -4.82236e-5 8.35049e-5 0.0 0.0
-9.72251e-5 -4.74458e-5 1.1927e-6 0.0 0.0
-9.64473e-5 -4.74458e-5 3.74051e-5 0.0 0.0
-9.56695e-5 -4.74458e-5 6.9172e-6 0.0 0.0
-9.48917e-5 -4.74458e-5 3.25072e-5 0.0 0.0
-9.41139e-5 -4.74458e-5 2.99621e-5 0.0 0.0
-9.33361e-5 -4.74458e-5 0.0001040124 0.0 0.0
-9.25583e-5 -4.74458e-5 7.91236e-5 0.0 0.0
-9.17805e-5 -4.74458e-5 0.0005433568 0.0 0.0
-9.10027e-5 -4.74458e-5 0.0002108946 0.0 0.0
-9.02249e-5 -4.74458e-5 0.0008732738 0.0 0.0
-8.94471e-5 -4.74458e-5 0.0003832154 0.0 0.0
-8.86693e-5 -4.74458e-5 0.0004849605 0.0 0.0
-8.78915e-5 -4.74458e-5 0.0007426777 0.0 0.0
-8.71137e-5 -4.74458e-5 0.003234629 0.0 0.0
-8.63359e-5 -4.74458e-5 0.0050668462 0.0 0.0
-8.55581e-5 -4.74458e-5 0.0063778237 0.0 0.0
-8.47803e-5 -4.74458e-5 0.0065002395 0.0 0.0
-8.40025e-5 -4.74458e-5 0.0067364905 0.0 0.0
-8.32246e-5 -4.74458e-5 0.007356711 0.0 0.0
-8.24468e-5 -4.74458e-5 0.00603931 0.0 0.0
-8.1669e-5 -4.74458e-5 0.0051184865 0.0 0.0
-8.08912e-5 -4.74458e-5 0.0061711908 0.0 0.0
-8.01134e-5 -4.74458e-5 0.005434076 0.0 0.0
-7.93356e-5 -4.74458e-5 0.0040234196 0.0 0.0
-7.85578e-5 -4.74458e-5 0.0055089074 0.0 0.0
-7.778e-5 -4.74458e-5 0.0040815595 0.0 0.0
-7.70022e-5 -4.74458e-5 0.0028117573 0.0 0.0
-7.62244e-5 -4.74458e-5 0.0049986951 0.0 0.0
-7.54466e-5 -4.74458e-5 0.0029943835 0.0 0.0
-7.46688e-5 -4.74458e-5 0.0052955416 0.0 0.0
-7.3891e-5 -4.74458e-5 0.0080400664 0.0 0.0
-7.31132e-5 -4.74458e-5 0.0111270598 0.0 0.0
-7.23354e-5 -4.74458e-5 0.0130677358 0.0 0.0
-7.15576e-5 -4.74458e-5 0.0039125294 0.0 0.0
-7.07798e-5 -4.74458e-5 0.0096732579 0.0 0.0
-7.0002e-5 -4.74458e-5 0.0042470325 0.0 0.0
-6.92242e-5 -4.74458e-5 0.0128481967 0.0 0.0
-6.84464e-5 -4.74458e-5 0.0104396315 0.0 0.0
-6.76686e-5 -4.74458e-5 0.0125684178 0.0 0.0
-6.68908e-5 -4.74458e-5 0.0153715694 0.0 0.0
-6.6113e-5 -4.74458e-5 0.0313336216 0.0 0.0
-6.53352e-5 -4.74458e-5 0.0295948395 0.0 0.0
-6.45574e-5 -4.74458e-5 0.0253580119 0.0 0.0
-6.37796e-5 -4.74458e-5 0.0113134627 0.0 0.0
-6.30018e-5 -4.74458e-5 0.0187181178 0.0 0.0
-6.2224e-5 -4.74458e-5 0.0095861758 0.0 0.0
-6.14462e-5 -4.74458e-5 0.0102568034 0.0 0.0
-6.06684e-5 -4.74458e-5 0.0236003262 0.0 0.0
-5.98906e-5 -4.74458e-5 0.0162414888 0.0 0.0
-5.91128e-5 -4.74458e-5 0.0450574711 0.0 0.0
-5.8335e-5 -4.74458e-5 0.0719074197 0.0 0.0
-5.75572e-5 -4.74458e-5 0.0840549187 0.0 0.0
-5.67794e-5 -4.74458e-5 0.1438565243 0.0 0.0
-5.60016e-5 -4.74458e-5 0.287854278 0.0 0.0
-5.52238e-5 -4.74458e-5 0.3727670919 0.0 0.0
-5.4446e-5 -4.74458e-5 0.4305617422 0.0 0.0
-5.36682e-5 -4.74458e-5 0.393525138 0.0 0.0
-5.28904e-5 -4.74458e-5 0.4618788689 0.0 0.0
-5.21126e-5 -4.74458e-5 0.5675761712 0.0 0.0
-5.13348e-5 -4.74458e-5 0.6837641807 0.0 0.0
-5.0557e-5 -4.74458e-5 0.6588044571 0.0 0.0
-4.97792e-5 -4.74458e-5 0.5493703643 0.0 0.0
-4.90014e-5 -4.74458e-5 0.3183114459 0.0 0.0
-4.82236e-5 -4.74458e-5 0.3740609703 0.0 0.0
-4.74458e-5 -4.74458e-5 0.5179926588 0.0 0.0
-4.6668e-5 -4.74458e-5 0.6915417633 0.0 0.0
-4.58902e-5 -4.74458e-5 0.5365623196 0.0 0.0
-4.51124e-5 -4.74458e-5 0.2302355665 0.0 0.0
-4.43346e-5 -4.74458e-5 0.2534765424 0.0 0.0
-4.35568e-5 -4.74458e-5 0.1976630535 0.0 0.0
-4.2779e-5 -4.74458e-5 0.2921328854 0.0 0.0
-4.20012e-5 -4.74458e-5 0.2610759147 0.0 0.0
-4.12234e-5 -4.74458e-5 0.2375588066 0.0 0.0
-4.04456e-5 -4.74458e-5 0.1331385311 0.0 0.0
-3.96678e-5 -4.74458e-5 0.1978482444 0.0 0.0
-3.889e-5 -4.74458e-5 0.2657473848 0.0 0.0
-3.81122e-5 -4.74458e-5 0.3655843971 0.0 0.0
-3.73344e-5 -4.74458e-5 0.3722798342 0.0 0.0
-3.65566e-5 -4.74458e-5 0.4284573675 0.0 0.0
-3.57788e-5 -4.74458e-5 0.5518547698 0.0 0.0
-3.5001e-5 -4.74458e-5 0.1409251522 0.0 0.0
-3.42232e-5 -4.74458e-5 0.0930068108 0.0 0.0
-3.34454e-5 -4.74458e-5 0.2271384159 0.0 0.0
-3.26676e-5 -4.74458e-5 0.4752652576 0.0 0.0
-3.18898e-5 -4.74458e-5 0.7417732579 0.0 0.0
-3.1112e-5 -4.74458e-5 0.6013360176 0.0 0.0
-3.03342e-5 -4.74458e-5 0.0932543383 0.0 0.0
-2.95564e-5 -4.74458e-5 0.0743335996 0.0 0.0
-2.87786e-5 -4.74458e-5 0.195341425 0.0 0.0
-2.80008e-5 -4.74458e-5 0.2206435468 0.0 0.0
-2.7223e-5 -4.74458e-5 0.1322517396 0.0 0.0
-2.64452e-5 -4.74458e-5 0.1797942441 0.0 0.0
-2.56674e-5 -4.74458e-5 0.2854475951 0.0 0.0
-2.48896e-5 -4.74458e-5 0.1767177557 0.0 0.0
-2.41118e-5 -4.74458e-5 0.1020833002 0.0 0.0
-2.3334e-5 -4.74458e-5 0.1683822881 0.0 0.0
-2.25562e-5 -4.74458e-5 0.1796650764 0.0 0.0
-2.17784e-5 -4.74458e-5 0.252149558 0.0 0.0
-2.10006e-5 -4.74458e-5 0.1280961039 0.0 0.0
-2.02228e-5 -4.74458e-5 0.1226746148 0.0 0.0
-1.9445e-5 -4.74458e-5 0.0452971235 0.0 0.0
-1.86672e-5 -4.74458e-5 0.0294769991 0.0 0.0
-1.78894e-5 -4.74458e-5 0.0177125119 0.0 0.0
-1.71116e-5 -4.74458e-5 0.0073500551 0.0 0.0
-1.63338e-5 -4.74458e-5 0.0124208269 0.0 0.0
-1.5556e-5 -4.74458e-5 0.0089499296 0.0 0.0
-1.47782e-5 -4.74458e-5 0.0131924876 0.0 0.0
-1.40004e-5 -4.74458e-5 0.0118037175 0.0 0.0
-1.32226e-5 -4.74458e-5 0.0082590331 0.0 0.0
-1.24448e-5 -4.74458e-5 0.0094189447 0.0 0.0
-1.1667e-5 -4.74458e-5 0.0087736227 0.0 0.0
-1.08892e-5 -4.74458e-5 0.0108065319 0.0 0.0
-1.01114e-5 -4.74458e-5 0.0075089814 0.0 0.0
-9.3336e-6 -4.74458e-5 0.0011705601 0.0 0.0
-8.5558e-6 -4.74458e-5 0.0031939898 0.0 0.0
-7.778e-6 -4.74458e-5 0.0016156738 0.0 0.0
-7.0002e-6 -4.74458e-5 0.0017037353 0.0 0.0
-6.2224e-6 -4.74458e-5 0.0027537803 0.0 0.0
-5.4446e-6 -4.74458e-5 0.0020169735 0.0 0.0
-4.6668e-6 -4.74458e-5 0.0018621499 0.0 0.0
-3.889e-6 -4.74458e-5 0.0006490769 0.0 0.0
-3.1112e-6 -4.74458e-5 0.000889643 0.0 0.0
-2.3334e-6 -4.74458e-5 0.0004596301 0.0 0.0
-1.5556e-6 -4.74458e-5 0.0006847701 0.0 0.0
-7.778e-7 -4.74458e-5 0.0006106874 0.0 0.0
0.0 -4.74458e-5 0.000682315 0.0 0.0
7.778e-7 -4.74458e-5 0.0006445308 0.0 0.0
1.5556e-6 -4.74458e-5 0.0006557708 0.0 0.0
2.3334e-6 -4.74458e-5 0.0007314998 0.0 0.0
3.1112e-6 -4.74458e-5 0.0012211595 0.0 0.0
3.889e-6 -4.74458e-5 0.0016117801 0.0 0.0
4.6668e-6 -4.74458e-5 0.0019589863 0.0 0.0
5.4446e-6 -4.74458e-5 0.0007816163 0.0 0.0
6.2224e-6 -4.74458e-5 0.0002702754 0.0 0.0
7.0002e-6 -4.74458e-5 0.0004307036 0.0 0.0
7.778e-6 -4.74458e-5 0.0002032759 0.0 0.0
8.5558e-6 -4.74458e-5 1.52417e-5 0.0 0.0
9.3336e-6 -4.74458e-5 8.7924e-5 0.0 0.0
1.01114e-5 -4.74458e-5 0.0002477348 0.0 0.0
1.08892e-5 -4.74458e-5 4.80778e-5 0.0 0.0
1.1667e-5 -4.74458e-5 8.492e-5 0.0 0.0
1.24448e-5 -4.74458e-5 0.0001264026 0.0 0.0
1.32226e-5 -4.74458e-5 0.0001047934 0.0 0.0
1.40004e-5 -4.74458e-5 9.24036e-5 0.0 0.0
1.47782e-5 -4.74458e-5 0.0001811833 0.0 0.0
1.5556e-5 -4.74458e-5 0.0001349986 0.0 0.0
1.63338e-5 -4.74458e-5 0.0001062918 0.0 0.0
1.71116e-5 -4.74458e-5 8.51461e-5 0.0 0.0
1.78894e-5 -4.74458e-5 7.31531e-5 0.0 0.0
1.86672e-5 -4.74458e-5 8.98783e-5 0.0 0.0
-9.72251e-5 -4.6668e-5 1.51075e-5 0.0 0.0
-9.64473e-5 -4.6668e-5 4.2068e-6 0.0 0.0
-9.56695e-5 -4.6668e-5 2.16079e-5 0.0 0.0
-9.48917e-5 -4.6668e-5 2.24214e-5 0.0 0.0
-9.41139e-5 -4.6668e-5 0.0001644495 0.0 0.0
-9.33361e-5 -4.6668e-5 5.6348e-5 0.0 0.0
-9.25583e-5 -4.6668e-5 0.0004084813 0.0 0.0
-9.17805e-5 -4.6668e-5 0.0001337132 0.0 0.0
-9.10027e-5 -4.6668e-5 0.0001473227 0.0 0.0
-9.02249e-5 -4.6668e-5 0.0004186034 0.0 0.0
-8.94471e-5 -4.6668e-5 0.0002823274 0.0 0.0
-8.86693e-5 -4.6668e-5 0.0006983446 0.0 0.0
-8.78915e-5 -4.6668e-5 0.0035932583 0.0 0.0
-8.71137e-5 -4.6668e-5 0.0050147811 0.0 0.0
-8.63359e-5 -4.6668e-5 0.0059875019 0.0 0.0
-8.55581e-5 -4.6668e-5 0.0064553533 0.0 0.0
-8.47803e-5 -4.6668e-5 0.0065945804 0.0 0.0
-8.40025e-5 -4.6668e-5 0.0066491373 0.0 0.0
-8.32246e-5 -4.6668e-5 0.0062021414 0.0 0.0
-8.24468e-5 -4.6668e-5 0.0051845647 0.0 0.0
-8.1669e-5 -4.6668e-5 0.0064064239 0.0 0.0
-8.08912e-5 -4.6668e-5 0.0049329583 0.0 0.0
-8.01134e-5 -4.6668e-5 0.0042846829 0.0 0.0
-7.93356e-5 -4.6668e-5 0.0035297373 0.0 0.0
-7.85578e-5 -4.6668e-5 0.0046899909 0.0 0.0
-7.778e-5 -4.6668e-5 0.0031891491 0.0 0.0
-7.70022e-5 -4.6668e-5 0.0061028092 0.0 0.0
-7.62244e-5 -4.6668e-5 0.0044173304 0.0 0.0
-7.54466e-5 -4.6668e-5 0.0033657761 0.0 0.0
-7.46688e-5 -4.6668e-5 0.0061151311 0.0 0.0
-7.3891e-5 -4.6668e-5 0.0097700457 0.0 0.0
-7.31132e-5 -4.6668e-5 0.0112095984 0.0 0.0
-7.23354e-5 -4.6668e-5 0.0131585921 0.0 0.0
-7.15576e-5 -4.6668e-5 0.0053273295 0.0 0.0
-7.07798e-5 -4.6668e-5 0.0090631755 0.0 0.0
-7.0002e-5 -4.6668e-5 0.015651805 0.0 0.0
-6.92242e-5 -4.6668e-5 0.0144298721 0.0 0.0
-6.84464e-5 -4.6668e-5 0.0089111777 0.0 0.0
-6.76686e-5 -4.6668e-5 0.010629223 0.0 0.0
-6.68908e-5 -4.6668e-5 0.0287833277 0.0 0.0
-6.6113e-5 -4.6668e-5 0.0277794319 0.0 0.0
-6.53352e-5 -4.6668e-5 0.0254256627 0.0 0.0
-6.45574e-5 -4.6668e-5 0.0267604075 0.0 0.0
-6.37796e-5 -4.6668e-5 0.0145951232 0.0 0.0
-6.30018e-5 -4.6668e-5 0.0158411102 0.0 0.0
-6.2224e-5 -4.6668e-5 0.0164134292 0.0 0.0
-6.14462e-5 -4.6668e-5 0.0118431101 0.0 0.0
-6.06684e-5 -4.6668e-5 0.0118519374 0.0 0.0
-5.98906e-5 -4.6668e-5 0.0413552105 0.0 0.0
-5.91128e-5 -4.6668e-5 0.061476713 0.0 0.0
-5.8335e-5 -4.6668e-5 0.0850156334 0.0 0.0
-5.75572e-5 -4.6668e-5 0.1107979729 0.0 0.0
-5.67794e-5 -4.6668e-5 0.2772630591 0.0 0.0
-5.60016e-5 -4.6668e-5 0.3187368412 0.0 0.0
-5.52238e-5 -4.6668e-5 0.3649708576 0.0 0.0
-5.4446e-5 -4.6668e-5 0.4065848472 0.0 0.0
-5.36682e-5 -4.6668e-5 0.4223341298 0.0 0.0
-5.28904e-5 -4.6668e-5 0.5498834796 0.0 0.0
-5.21126e-5 -4.6668e-5 0.646138676 0.0 0.0
-5.13348e-5 -4.6668e-5 0.6635736352 0.0 0.0
-5.0557e-5 -4.6668e-5 0.6340812156 0.0 0.0
-4.97792e-5 -4.6668e-5 0.2867886845 0.0 0.0
-4.90014e-5 -4.6668e-5 0.5612390921 0.0 0.0
-4.82236e-5 -4.6668e-5 0.5446295649 0.0 0.0
-4.74458e-5 -4.6668e-5 0.515010866 0.0 0.0
-4.6668e-5 -4.6668e-5 0.4363398507 0.0 0.0
-4.58902e-5 -4.6668e-5 0.204889562 0.0 0.0
-4.51124e-5 -4.6668e-5 0.3417982464 0.0 0.0
-4.43346e-5 -4.6668e-5 0.2878520672 0.0 0.0
-4.35568e-5 -4.6668e-5 0.1865417121 0.0 0.0
-4.2779e-5 -4.6668e-5 0.1616052882 0.0 0.0
-4.20012e-5 -4.6668e-5 0.1375383927 0.0 0.0
-4.12234e-5 -4.6668e-5 0.097402152 0.0 0.0
-4.04456e-5 -4.6668e-5 0.1244148817 0.0 0.0
-3.96678e-5 -4.6668e-5 0.1722092893 0.0 0.0
-3.889e-5 -4.6668e-5 0.1617399015 0.0 0.0
-3.81122e-5 -4.6668e-5 0.1788659108 0.0 0.0
-3.73344e-5 -4.6668e-5 0.2681122281 0.0 0.0
-3.65566e-5 -4.6668e-5 0.2682357757 0.0 0.0
-3.57788e-5 -4.6668e-5 0.2605608855 0.0 0.0
-3.5001e-5 -4.6668e-5 0.2355728717 0.0 0.0
-3.42232e-5 -4.6668e-5 0.28821369 0.0 0.0
-3.34454e-5 -4.6668e-5 0.0110884638 0.0 0.0
-3.26676e-5 -4.6668e-5 0.0785550045 0.0 0.0
-3.18898e-5 -4.6668e-5 0.5219765992 0.0 0.0
-3.1112e-5 -4.6668e-5 0.7021930448 0.0 0.0
-3.03342e-5 -4.6668e-5 0.6425413662 0.0 0.0
-2.95564e-5 -4.6668e-5 0.2312936769 0.0 0.0
-2.87786e-5 -4.6668e-5 0.1269650707 0.0 0.0
-2.80008e-5 -4.6668e-5 0.2230095585 0.0 0.0
-2.7223e-5 -4.6668e-5 0.1334506569 0.0 0.0
-2.64452e-5 -4.6668e-5 0.1670491373 0.0 0.0
-2.56674e-5 -4.6668e-5 0.3242906897 0.0 0.0
-2.48896e-5 -4.6668e-5 0.2249763489 0.0 0.0
-2.41118e-5 -4.6668e-5 0.0724304383 0.0 0.0
-2.3334e-5 -4.6668e-5 0.1822376597 0.0 0.0
-2.25562e-5 -4.6668e-5 0.1715440213 0.0 0.0
-2.17784e-5 -4.6668e-5 0.1597752132 0.0 0.0
-2.10006e-5 -4.6668e-5 0.1450658948 0.0 0.0
-2.02228e-5 -4.6668e-5 0.0933336295 0.0 0.0
-1.9445e-5 -4.6668e-5 0.0512512446 0.0 0.0
-1.86672e-5 -4.6668e-5 0.0207375896 0.0 0.0
-1.78894e-5 -4.6668e-5 0.0246980261 0.0 0.0
-1.71116e-5 -4.6668e-5 0.0153321471 0.0 0.0
-1.63338e-5 -4.6668e-5 0.0070828787 0.0 0.0
-1.5556e-5 -4.6668e-5 0.0066549097 0.0 0.0
-1.47782e-5 -4.6668e-5 0.0122318108 0.0 0.0
-1.40004e-5 -4.6668e-5 0.0084450319 0.0 0.0
-1.32226e-5 -4.6668e-5 0.0122593249 0.0 0.0
-1.24448e-5 -4.6668e-5 0.0132632926 0.0 0.0
-1.1667e-5 -4.6668e-5 0.0061420517 0.0 0.0
-1.08892e-5 -4.6668e-5 0.013495546 0.0 0.0
-1.01114e-5 -4.6668e-5 0.0114268669 0.0 0.0
-9.3336e-6 -4.6668e-5 0.0037463882 0.0 0.0
-8.5558e-6 -4.6668e-5 0.0016100211 0.0 0.0
-7.778e-6 -4.6668e-5 0.0040757227 0.0 0.0
-7.0002e-6 -4.6668e-5 0.0029538419 0.0 0.0
-6.2224e-6 -4.6668e-5 0.0028634241 0.0 0.0
-5.4446e-6 -4.6668e-5 0.0030184721 0.0 0.0
-4.6668e-6 -4.6668e-5 0.0011769228 0.0 0.0
-3.889e-6 -4.6668e-5 0.0008587071 0.0 0.0
-3.1112e-6 -4.6668e-5 0.0002525014 0.0 0.0
-2.3334e-6 -4.6668e-5 0.0007552875 0.0 0.0
-1.5556e-6 -4.6668e-5 0.0009557254 0.0 0.0
-7.778e-7 -4.6668e-5 0.0004560995 0.0 0.0
0.0 -4.6668e-5 0.0009128942 0.0 0.0
7.778e-7 -4.6668e-5 0.0007791324 0.0 0.0
1.5556e-6 -4.6668e-5 0.0005801084 0.0 0.0
2.3334e-6 -4.6668e-5 0.0008971027 0.0 0.0
3.1112e-6 -4.6668e-5 0.0012390637 0.0 0.0
3.889e-6 -4.6668e-5 0.0018073542 0.0 0.0
4.6668e-6 -4.6668e-5 0.0022135861 0.0 0.0
5.4446e-6 -4.6668e-5 0.0010653876 0.0 0.0
6.2224e-6 -4.6668e-5 0.0005068465 0.0 0.0
7.0002e-6 -4.6668e-5 0.0001937107 0.0 0.0
7.778e-6 -4.6668e-5 0.00046941 0.0 0.0
8.5558e-6 -4.6668e-5 0.0001545586 0.0 0.0
9.3336e-6 -4.6668e-5 1.34645e-5 0.0 0.0
1.01114e-5 -4.6668e-5 3.85881e-5 0.0 0.0
1.08892e-5 -4.6668e-5 0.0001703293 0.0 0.0
1.1667e-5 -4.6668e-5 0.0002246677 0.0 0.0
1.24448e-5 -4.6668e-5 0.0002021438 0.0 0.0
1.32226e-5 -4.6668e-5 0.0002166079 0.0 0.0
1.40004e-5 -4.6668e-5 0.0001556399 0.0 0.0
1.47782e-5 -4.6668e-5 0.000103545 0.0 0.0
1.5556e-5 -4.6668e-5 0.0001738442 0.0 0.0
1.63338e-5 -4.6668e-5 0.0001257332 0.0 0.0
1.71116e-5 -4.6668e-5 0.0001015347 0.0 0.0
1.78894e-5 -4.6668e-5 7.83369e-5 0.0 0.0
1.86672e-5 -4.6668e-5 6.7435e-5 0.0 0.0
-9.72251e-5 -4.58902e-5 0.0005172025 0.0 0.0
-9.64473e-5 -4.58902e-5 2.38011e-5 0.0 0.0
-9.56695e-5 -4.58902e-5 5.6368e-6 0.0 0.0
-9.48917e-5 -4.58902e-5 7.41874e-5 0.0 0.0
-9.41139e-5 -4.58902e-5 2.16599e-5 0.0 0.0
-9.33361e-5 -4.58902e-5 0.0004030357 0.0 0.0
-9.25583e-5 -4.58902e-5 0.0001012346 0.0 0.0
-9.17805e-5 -4.58902e-5 5.91936e-5 0.0 0.0
-9.10027e-5 -4.58902e-5 0.0008173033 0.0 0.0
-9.02249e-5 -4.58902e-5 0.0002964471 0.0 0.0
-8.94471e-5 -4.58902e-5 0.0005681002 0.0 0.0
-8.86693e-5 -4.58902e-5 0.0031934065 0.0 0.0
-8.78915e-5 -4.58902e-5 0.0049327942 0.0 0.0
-8.71137e-5 -4.58902e-5 0.0057797277 0.0 0.0
-8.63359e-5 -4.58902e-5 0.0064734053 0.0 0.0
-8.55581e-5 -4.58902e-5 0.0063654468 0.0 0.0
-8.47803e-5 -4.58902e-5 0.0062670844 0.0 0.0
-8.40025e-5 -4.58902e-5 0.0059925908 0.0 0.0
-8.32246e-5 -4.58902e-5 0.0052542288 0.0 0.0
-8.24468e-5 -4.58902e-5 0.0044016201 0.0 0.0
-8.1669e-5 -4.58902e-5 0.0054178008 0.0 0.0
-8.08912e-5 -4.58902e-5 0.0043980324 0.0 0.0
-8.01134e-5 -4.58902e-5 0.0032903127 0.0 0.0
-7.93356e-5 -4.58902e-5 0.0028444386 0.0 0.0
-7.85578e-5 -4.58902e-5 0.0037162487 0.0 0.0
-7.778e-5 -4.58902e-5 0.0028322273 0.0 0.0
-7.70022e-5 -4.58902e-5 0.0054632278 0.0 0.0
-7.62244e-5 -4.58902e-5 0.004457755 0.0 0.0
-7.54466e-5 -4.58902e-5 0.0034736543 0.0 0.0
-7.46688e-5 -4.58902e-5 0.0081500891 0.0 0.0
-7.3891e-5 -4.58902e-5 0.0115430539 0.0 0.0
-7.31132e-5 -4.58902e-5 0.015599426 0.0 0.0
-7.23354e-5 -4.58902e-5 0.0148786339 0.0 0.0
-7.15576e-5 -4.58902e-5 0.0084015777 0.0 0.0
-7.07798e-5 -4.58902e-5 0.0136781577 0.0 0.0
-7.0002e-5 -4.58902e-5 0.0100682051 0.0 0.0
-6.92242e-5 -4.58902e-5 0.0066591814 0.0 0.0
-6.84464e-5 -4.58902e-5 0.018223121 0.0 0.0
-6.76686e-5 -4.58902e-5 0.0171970335 0.0 0.0
-6.68908e-5 -4.58902e-5 0.0199384025 0.0 0.0
-6.6113e-5 -4.58902e-5 0.0147161165 0.0 0.0
-6.53352e-5 -4.58902e-5 0.011911072 0.0 0.0
-6.45574e-5 -4.58902e-5 0.0136997241 0.0 0.0
-6.37796e-5 -4.58902e-5 0.0128339035 0.0 0.0
-6.30018e-5 -4.58902e-5 0.0134591196 0.0 0.0
-6.2224e-5 -4.58902e-5 0.0097478503 0.0 0.0
-6.14462e-5 -4.58902e-5 0.0204111817 0.0 0.0
-6.06684e-5 -4.58902e-5 0.0230439412 0.0 0.0
-5.98906e-5 -4.58902e-5 0.0564867318 0.0 0.0
-5.91128e-5 -4.58902e-5 0.0690327378 0.0 0.0
-5.8335e-5 -4.58902e-5 0.0863551921 0.0 0.0
-5.75572e-5 -4.58902e-5 0.1983046298 0.0 0.0
-5.67794e-5 -4.58902e-5 0.2830007252 0.0 0.0
-5.60016e-5 -4.58902e-5 0.3339813208 0.0 0.0
-5.52238e-5 -4.58902e-5 0.3565088755 0.0 0.0
-5.4446e-5 -4.58902e-5 0.3805204326 0.0 0.0
-5.36682e-5 -4.58902e-5 0.4773233793 0.0 0.0
-5.28904e-5 -4.58902e-5 0.5318295987 0.0 0.0
-5.21126e-5 -4.58902e-5 0.6120869089 0.0 0.0
-5.13348e-5 -4.58902e-5 0.5811353629 0.0 0.0
-5.0557e-5 -4.58902e-5 0.4000618168 0.0 0.0
-4.97792e-5 -4.58902e-5 0.6787291835 0.0 0.0
-4.90014e-5 -4.58902e-5 0.5758860843 0.0 0.0
-4.82236e-5 -4.58902e-5 0.5238211409 0.0 0.0
-4.74458e-5 -4.58902e-5 0.5137654279 0.0 0.0
-4.6668e-5 -4.58902e-5 0.346636411 0.0 0.0
-4.58902e-5 -4.58902e-5 0.228954598 0.0 0.0
-4.51124e-5 -4.58902e-5 0.1726929561 0.0 0.0
-4.43346e-5 -4.58902e-5 0.1789183462 0.0 0.0
-4.35568e-5 -4.58902e-5 0.1562125539 0.0 0.0
-4.2779e-5 -4.58902e-5 0.1423181458 0.0 0.0
-4.20012e-5 -4.58902e-5 0.0790177082 0.0 0.0
-4.12234e-5 -4.58902e-5 0.0340623411 0.0 0.0
-4.04456e-5 -4.58902e-5 0.031019406 0.0 0.0
-3.96678e-5 -4.58902e-5 0.0536967128 0.0 0.0
-3.889e-5 -4.58902e-5 0.0676301123 0.0 0.0
-3.81122e-5 -4.58902e-5 0.123824565 0.0 0.0
-3.73344e-5 -4.58902e-5 0.1604211516 0.0 0.0
-3.65566e-5 -4.58902e-5 0.2328687298 0.0 0.0
-3.57788e-5 -4.58902e-5 0.2147297751 0.0 0.0
-3.5001e-5 -4.58902e-5 0.2262436669 0.0 0.0
-3.42232e-5 -4.58902e-5 0.1390724837 0.0 0.0
-3.34454e-5 -4.58902e-5 0.0139118447 0.0 0.0
-3.26676e-5 -4.58902e-5 0.007468181 0.0 0.0
-3.18898e-5 -4.58902e-5 0.0219559762 0.0 0.0
-3.1112e-5 -4.58902e-5 0.6944969539 0.0 0.0
-3.03342e-5 -4.58902e-5 0.4191094253 0.0 0.0
-2.95564e-5 -4.58902e-5 0.2746008005 0.0 0.0
-2.87786e-5 -4.58902e-5 0.2163618649 0.0 0.0
-2.80008e-5 -4.58902e-5 0.2700760692 0.0 0.0
-2.7223e-5 -4.58902e-5 0.1605124793 0.0 0.0
-2.64452e-5 -4.58902e-5 0.1562659334 0.0 0.0
-2.56674e-5 -4.58902e-5 0.3490524646 0.0 0.0
-2.48896e-5 -4.58902e-5 0.2133793839 0.0 0.0
-2.41118e-5 -4.58902e-5 0.0993408154 0.0 0.0
-2.3334e-5 -4.58902e-5 0.2027139504 0.0 0.0
-2.25562e-5 -4.58902e-5 0.1858765549 0.0 0.0
-2.17784e-5 -4.58902e-5 0.1579398652 0.0 0.0
-2.10006e-5 -4.58902e-5 0.1195141764 0.0 0.0
-2.02228e-5 -4.58902e-5 0.1043218343 0.0 0.0
-1.9445e-5 -4.58902e-5 0.0525062803 0.0 0.0
-1.86672e-5 -4.58902e-5 0.0247595186 0.0 0.0
-1.78894e-5 -4.58902e-5 0.0161520782 0.0 0.0
-1.71116e-5 -4.58902e-5 0.008881887 0.0 0.0
-1.63338e-5 -4.58902e-5 0.0140680797 0.0 0.0
-1.5556e-5 -4.58902e-5 0.0098726106 0.0 0.0
-1.47782e-5 -4.58902e-5 0.0077166778 0.0 0.0
-1.40004e-5 -4.58902e-5 0.0151867873 0.0 0.0
-1.32226e-5 -4.58902e-5 0.0091661139 0.0 0.0
-1.24448e-5 -4.58902e-5 0.0113782489 0.0 0.0
-1.1667e-5 -4.58902e-5 0.0110485347 0.0 0.0
-1.08892e-5 -4.58902e-5 0.0126447906 0.0 0.0
-1.01114e-5 -4.58902e-5 0.0088678256 0.0 0.0
-9.3336e-6 -4.58902e-5 0.0027427681 0.0 0.0
-8.5558e-6 -4.58902e-5 0.0037633034 0.0 0.0
-7.778e-6 -4.58902e-5 0.0030330563 0.0 0.0
-7.0002e-6 -4.58902e-5 0.0033799527 0.0 0.0
-6.2224e-6 -4.58902e-5 0.0035514175 0.0 0.0
-5.4446e-6 -4.58902e-5 0.0022462269 0.0 0.0
-4.6668e-6 -4.58902e-5 0.0013273311 0.0 0.0
-3.889e-6 -4.58902e-5 0.0003033035 0.0 0.0
-3.1112e-6 -4.58902e-5 0.0005830774 0.0 0.0
-2.3334e-6 -4.58902e-5 0.0002558934 0.0 0.0
-1.5556e-6 -4.58902e-5 0.0005244841 0.0 0.0
-7.778e-7 -4.58902e-5 0.0006173601 0.0 0.0
0.0 -4.58902e-5 0.0006465253 0.0 0.0
7.778e-7 -4.58902e-5 0.0006011212 0.0 0.0
1.5556e-6 -4.58902e-5 0.0007232826 0.0 0.0
2.3334e-6 -4.58902e-5 0.000853411 0.0 0.0
3.1112e-6 -4.58902e-5 0.001507655 0.0 0.0
3.889e-6 -4.58902e-5 0.0018855653 0.0 0.0
4.6668e-6 -4.58902e-5 0.0022251317 0.0 0.0
5.4446e-6 -4.58902e-5 0.0013810257 0.0 0.0
6.2224e-6 -4.58902e-5 0.0006890221 0.0 0.0
7.0002e-6 -4.58902e-5 0.0004474383 0.0 0.0
7.778e-6 -4.58902e-5 8.27348e-5 0.0 0.0
8.5558e-6 -4.58902e-5 0.0003359867 0.0 0.0
9.3336e-6 -4.58902e-5 7.6906e-5 0.0 0.0
1.01114e-5 -4.58902e-5 0.0002971308 0.0 0.0
1.08892e-5 -4.58902e-5 0.0003220392 0.0 0.0
1.1667e-5 -4.58902e-5 4.18518e-5 0.0 0.0
1.24448e-5 -4.58902e-5 5.27778e-5 0.0 0.0
1.32226e-5 -4.58902e-5 6.32227e-5 0.0 0.0
1.40004e-5 -4.58902e-5 0.0002349268 0.0 0.0
1.47782e-5 -4.58902e-5 0.0001548747 0.0 0.0
1.5556e-5 -4.58902e-5 9.67741e-5 0.0 0.0
1.63338e-5 -4.58902e-5 0.0001342222 0.0 0.0
1.71116e-5 -4.58902e-5 0.0001152016 0.0 0.0
1.78894e-5 -4.58902e-5 9.73013e-5 0.0 0.0
1.86672e-5 -4.58902e-5 7.33686e-5 0.0 0.0
-9.72251e-5 -4.51124e-5 0.0002014031 0.0 0.0
-9.64473e-5 -4.51124e-5 1.8634e-6 0.0 0.0
-9.56695e-5 -4.51124e-5 0.0004245552 0.0 0.0
-9.48917e-5 -4.51124e-5 8.06194e-5 0.0 0.0
-9.41139e-5 -4.51124e-5 7.6068e-6 0.0 0.0
-9.33361e-5 -4.51124e-5 0.0004689361 0.0 0.0
-9.25583e-5 -4.51124e-5 7.15244e-5 0.0 0.0
-9.17805e-5 -4.51124e-5 0.0010265225 0.0 0.0
-9.10027e-5 -4.51124e-5 0.0006136033 0.0 0.0
-9.02249e-5 -4.51124e-5 0.0006376629 0.0 0.0
-8.94471e-5 -4.51124e-5 0.0021624036 0.0 0.0
-8.86693e-5 -4.51124e-5 0.0055197853 0.0 0.0
-8.78915e-5 -4.51124e-5 0.0066271254 0.0 0.0
-8.71137e-5 -4.51124e-5 0.0069258401 0.0 0.0
-8.63359e-5 -4.51124e-5 0.0069105809 0.0 0.0
-8.55581e-5 -4.51124e-5 0.0063800885 0.0 0.0
-8.47803e-5 -4.51124e-5 0.0060712256 0.0 0.0
-8.40025e-5 -4.51124e-5 0.0054101441 0.0 0.0
-8.32246e-5 -4.51124e-5 0.0045338701 0.0 0.0
-8.24468e-5 -4.51124e-5 0.0037303366 0.0 0.0
-8.1669e-5 -4.51124e-5 0.0030369566 0.0 0.0
-8.08912e-5 -4.51124e-5 0.0044293315 0.0 0.0
-8.01134e-5 -4.51124e-5 0.00278389 0.0 0.0
-7.93356e-5 -4.51124e-5 0.0024529533 0.0 0.0
-7.85578e-5 -4.51124e-5 0.0045488926 0.0 0.0
-7.778e-5 -4.51124e-5 0.0033273948 0.0 0.0
-7.70022e-5 -4.51124e-5 0.0026145392 0.0 0.0
-7.62244e-5 -4.51124e-5 0.0057264163 0.0 0.0
-7.54466e-5 -4.51124e-5 0.0054377756 0.0 0.0
-7.46688e-5 -4.51124e-5 0.0100383282 0.0 0.0
-7.3891e-5 -4.51124e-5 0.0146641225 0.0 0.0
-7.31132e-5 -4.51124e-5 0.0177718698 0.0 0.0
-7.23354e-5 -4.51124e-5 0.0126162515 0.0 0.0
-7.15576e-5 -4.51124e-5 0.0053809885 0.0 0.0
-7.07798e-5 -4.51124e-5 0.0132113929 0.0 0.0
-7.0002e-5 -4.51124e-5 0.0087332365 0.0 0.0
-6.92242e-5 -4.51124e-5 0.0171363105 0.0 0.0
-6.84464e-5 -4.51124e-5 0.0177883631 0.0 0.0
-6.76686e-5 -4.51124e-5 0.0181232093 0.0 0.0
-6.68908e-5 -4.51124e-5 0.0195102614 0.0 0.0
-6.6113e-5 -4.51124e-5 0.0160525762 0.0 0.0
-6.53352e-5 -4.51124e-5 0.0127296769 0.0 0.0
-6.45574e-5 -4.51124e-5 0.0110100834 0.0 0.0
-6.37796e-5 -4.51124e-5 0.0084492407 0.0 0.0
-6.30018e-5 -4.51124e-5 0.023573889 0.0 0.0
-6.2224e-5 -4.51124e-5 0.019720956 0.0 0.0
-6.14462e-5 -4.51124e-5 0.0268174883 0.0 0.0
-6.06684e-5 -4.51124e-5 0.0272482726 0.0 0.0
-5.98906e-5 -4.51124e-5 0.0552503011 0.0 0.0
-5.91128e-5 -4.51124e-5 0.0794044634 0.0 0.0
-5.8335e-5 -4.51124e-5 0.1736763493 0.0 0.0
-5.75572e-5 -4.51124e-5 0.1954835901 0.0 0.0
-5.67794e-5 -4.51124e-5 0.25495595 0.0 0.0
-5.60016e-5 -4.51124e-5 0.324119422 0.0 0.0
-5.52238e-5 -4.51124e-5 0.3567221672 0.0 0.0
-5.4446e-5 -4.51124e-5 0.4479669702 0.0 0.0
-5.36682e-5 -4.51124e-5 0.524692808 0.0 0.0
-5.28904e-5 -4.51124e-5 0.6220083858 0.0 0.0
-5.21126e-5 -4.51124e-5 0.604050547 0.0 0.0
-5.13348e-5 -4.51124e-5 0.4118098345 0.0 0.0
-5.0557e-5 -4.51124e-5 0.7017847653 0.0 0.0
-4.97792e-5 -4.51124e-5 0.5837155504 0.0 0.0
-4.90014e-5 -4.51124e-5 0.4787898868 0.0 0.0
-4.82236e-5 -4.51124e-5 0.5244714599 0.0 0.0
-4.74458e-5 -4.51124e-5 0.3107240411 0.0 0.0
-4.6668e-5 -4.51124e-5 0.2284534875 0.0 0.0
-4.58902e-5 -4.51124e-5 0.1308023729 0.0 0.0
-4.51124e-5 -4.51124e-5 0.1773214346 0.0 0.0
-4.43346e-5 -4.51124e-5 0.1038661934 0.0 0.0
-4.35568e-5 -4.51124e-5 0.0799906011 0.0 0.0
-4.2779e-5 -4.51124e-5 0.008293607 0.0 0.0
-4.20012e-5 -4.51124e-5 0.010449566 0.0 0.0
-4.12234e-5 -4.51124e-5 0.0298625878 0.0 0.0
-4.04456e-5 -4.51124e-5 0.0070005751 0.0 0.0
-3.96678e-5 -4.51124e-5 0.0086112861 0.0 0.0
-3.889e-5 -4.51124e-5 0.0050254645 0.0 0.0
-3.81122e-5 -4.51124e-5 0.0081458241 0.0 0.0
-3.73344e-5 -4.51124e-5 0.02695751 0.0 0.0
-3.65566e-5 -4.51124e-5 0.0958604905 0.0 0.0
-3.57788e-5 -4.51124e-5 0.1971733981 0.0 0.0
-3.5001e-5 -4.51124e-5 0.2170829862 0.0 0.0
-3.42232e-5 -4.51124e-5 0.1076944477 0.0 0.0
-3.34454e-5 -4.51124e-5 0.2535679832 0.0 0.0
-3.26676e-5 -4.51124e-5 0.029261767 0.0 0.0
-3.18898e-5 -4.51124e-5 0.1380800713 0.0 0.0
-3.1112e-5 -4.51124e-5 0.1439370521 0.0 0.0
-3.03342e-5 -4.51124e-5 0.4997986833 0.0 0.0
-2.95564e-5 -4.51124e-5 0.4726278192 0.0 0.0
-2.87786e-5 -4.51124e-5 0.4547253051 0.0 0.0
-2.80008e-5 -4.51124e-5 0.2630551281 0.0 0.0
-2.7223e-5 -4.51124e-5 0.1817434351 0.0 0.0
-2.64452e-5 -4.51124e-5 0.1787089501 0.0 0.0
-2.56674e-5 -4.51124e-5 0.382689164 0.0 0.0
-2.48896e-5 -4.51124e-5 0.2239918459 0.0 0.0
-2.41118e-5 -4.51124e-5 0.0947591948 0.0 0.0
-2.3334e-5 -4.51124e-5 0.2183696606 0.0 0.0
-2.25562e-5 -4.51124e-5 0.1662168195 0.0 0.0
-2.17784e-5 -4.51124e-5 0.154696224 0.0 0.0
-2.10006e-5 -4.51124e-5 0.1228805076 0.0 0.0
-2.02228e-5 -4.51124e-5 0.0716412784 0.0 0.0
-1.9445e-5 -4.51124e-5 0.0557788637 0.0 0.0
-1.86672e-5 -4.51124e-5 0.0244412125 0.0 0.0
-1.78894e-5 -4.51124e-5 0.0132393802 0.0 0.0
-1.71116e-5 -4.51124e-5 0.0148904938 0.0 0.0
-1.63338e-5 -4.51124e-5 0.0086662319 0.0 0.0
-1.5556e-5 -4.51124e-5 0.0071528744 0.0 0.0
-1.47782e-5 -4.51124e-5 0.0126237166 0.0 0.0
-1.40004e-5 -4.51124e-5 0.011479942 0.0 0.0
-1.32226e-5 -4.51124e-5 0.0144854248 0.0 0.0
-1.24448e-5 -4.51124e-5 0.0081194841 0.0 0.0
-1.1667e-5 -4.51124e-5 0.0074523513 0.0 0.0
-1.08892e-5 -4.51124e-5 0.0081459446 0.0 0.0
-1.01114e-5 -4.51124e-5 0.0138592577 0.0 0.0
-9.3336e-6 -4.51124e-5 0.005343608 0.0 0.0
-8.5558e-6 -4.51124e-5 0.0037102283 0.0 0.0
-7.778e-6 -4.51124e-5 0.0050976391 0.0 0.0
-7.0002e-6 -4.51124e-5 0.005228585 0.0 0.0
-6.2224e-6 -4.51124e-5 0.0048144024 0.0 0.0
-5.4446e-6 -4.51124e-5 0.0019040203 0.0 0.0
-4.6668e-6 -4.51124e-5 0.0014397039 0.0 0.0
-3.889e-6 -4.51124e-5 0.0002302306 0.0 0.0
-3.1112e-6 -4.51124e-5 0.0007833432 0.0 0.0
-2.3334e-6 -4.51124e-5 0.000557428 0.0 0.0
-1.5556e-6 -4.51124e-5 0.0009050089 0.0 0.0
-7.778e-7 -4.51124e-5 0.0008728813 0.0 0.0
0.0 -4.51124e-5 0.0008550525 0.0 0.0
7.778e-7 -4.51124e-5 0.0008001252 0.0 0.0
1.5556e-6 -4.51124e-5 0.0007066617 0.0 0.0
2.3334e-6 -4.51124e-5 0.0010638825 0.0 0.0
3.1112e-6 -4.51124e-5 0.0017564249 0.0 0.0
3.889e-6 -4.51124e-5 0.0022148094 0.0 0.0
4.6668e-6 -4.51124e-5 0.0024798279 0.0 0.0
5.4446e-6 -4.51124e-5 0.0006347134 0.0 0.0
6.2224e-6 -4.51124e-5 0.000375202 0.0 0.0
7.0002e-6 -4.51124e-5 0.0001476081 0.0 0.0
7.778e-6 -4.51124e-5 0.0004694027 0.0 0.0
8.5558e-6 -4.51124e-5 4.65609e-5 0.0 0.0
9.3336e-6 -4.51124e-5 0.0002739779 0.0 0.0
1.01114e-5 -4.51124e-5 3.65809e-5 0.0 0.0
1.08892e-5 -4.51124e-5 0.0001472401 0.0 0.0
1.1667e-5 -4.51124e-5 0.0001683688 0.0 0.0
1.24448e-5 -4.51124e-5 0.0001223661 0.0 0.0
1.32226e-5 -4.51124e-5 0.000115391 0.0 0.0
1.40004e-5 -4.51124e-5 8.93129e-5 0.0 0.0
1.47782e-5 -4.51124e-5 0.000200368 0.0 0.0
1.5556e-5 -4.51124e-5 0.000120938 0.0 0.0
1.63338e-5 -4.51124e-5 8.99414e-5 0.0 0.0
1.71116e-5 -4.51124e-5 0.0001129386 0.0 0.0
1.78894e-5 -4.51124e-5 9.54971e-5 0.0 0.0
1.86672e-5 -4.51124e-5 4.98572e-5 0.0 0.0
-9.72251e-5 -4.43346e-5 8.312e-7 0.0 0.0
-9.64473e-5 -4.43346e-5 0.0001996425 0.0 0.0
-9.56695e-5 -4.43346e-5 2.96747e-5 0.0 0.0
-9.48917e-5 -4.43346e-5 0.0007287239 0.0 0.0
-9.41139e-5 -4.43346e-5 0.0003930215 0.0 0.0
-9.33361e-5 -4.43346e-5 3.66623e-5 0.0 0.0
-9.25583e-5 -4.43346e-5 4.9567e-6 0.0 0.0
-9.17805e-5 -4.43346e-5 0.0007398769 0.0 0.0
-9.10027e-5 -4.43346e-5 0.000713432 0.0 0.0
-9.02249e-5 -4.43346e-5 0.0016930124 0.0 0.0
-8.94471e-5 -4.43346e-5 0.0049531991 0.0 0.0
-8.86693e-5 -4.43346e-5 0.0065916069 0.0 0.0
-8.78915e-5 -4.43346e-5 0.0070219808 0.0 0.0
-8.71137e-5 -4.43346e-5 0.0064471364 0.0 0.0
-8.63359e-5 -4.43346e-5 0.0060988659 0.0 0.0
-8.55581e-5 -4.43346e-5 0.0053290929 0.0 0.0
-8.47803e-5 -4.43346e-5 0.0046860842 0.0 0.0
-8.40025e-5 -4.43346e-5 0.0041674488 0.0 0.0
-8.32246e-5 -4.43346e-5 0.0032786762 0.0 0.0
-8.24468e-5 -4.43346e-5 0.0048391929 0.0 0.0
-8.1669e-5 -4.43346e-5 0.0044854452 0.0 0.0
-8.08912e-5 -4.43346e-5 0.0037752023 0.0 0.0
-8.01134e-5 -4.43346e-5 0.0030328493 0.0 0.0
-7.93356e-5 -4.43346e-5 0.002119037 0.0 0.0
-7.85578e-5 -4.43346e-5 0.0018540195 0.0 0.0
-7.778e-5 -4.43346e-5 0.0040055264 0.0 0.0
-7.70022e-5 -4.43346e-5 0.0040143213 0.0 0.0
-7.62244e-5 -4.43346e-5 0.0030584303 0.0 0.0
-7.54466e-5 -4.43346e-5 0.0069681704 0.0 0.0
-7.46688e-5 -4.43346e-5 0.0120709592 0.0 0.0
-7.3891e-5 -4.43346e-5 0.0149187613 0.0 0.0
-7.31132e-5 -4.43346e-5 0.0118242225 0.0 0.0
-7.23354e-5 -4.43346e-5 0.0145867742 0.0 0.0
-7.15576e-5 -4.43346e-5 0.010779711 0.0 0.0
-7.07798e-5 -4.43346e-5 0.0093112829 0.0 0.0
-7.0002e-5 -4.43346e-5 0.0147746473 0.0 0.0
-6.92242e-5 -4.43346e-5 0.0131953565 0.0 0.0
-6.84464e-5 -4.43346e-5 0.0141319065 0.0 0.0
-6.76686e-5 -4.43346e-5 0.0276927336 0.0 0.0
-6.68908e-5 -4.43346e-5 0.0256961505 0.0 0.0
-6.6113e-5 -4.43346e-5 0.0243226077 0.0 0.0
-6.53352e-5 -4.43346e-5 0.0233582604 0.0 0.0
-6.45574e-5 -4.43346e-5 0.0204633292 0.0 0.0
-6.37796e-5 -4.43346e-5 0.0207241792 0.0 0.0
-6.30018e-5 -4.43346e-5 0.0166834354 0.0 0.0
-6.2224e-5 -4.43346e-5 0.02726693 0.0 0.0
-6.14462e-5 -4.43346e-5 0.034735089 0.0 0.0
-6.06684e-5 -4.43346e-5 0.0524223325 0.0 0.0
-5.98906e-5 -4.43346e-5 0.0785384709 0.0 0.0
-5.91128e-5 -4.43346e-5 0.1543027546 0.0 0.0
-5.8335e-5 -4.43346e-5 0.1584797985 0.0 0.0
-5.75572e-5 -4.43346e-5 0.2174789757 0.0 0.0
-5.67794e-5 -4.43346e-5 0.2867973968 0.0 0.0
-5.60016e-5 -4.43346e-5 0.3519465409 0.0 0.0
-5.52238e-5 -4.43346e-5 0.3927814163 0.0 0.0
-5.4446e-5 -4.43346e-5 0.4414398257 0.0 0.0
-5.36682e-5 -4.43346e-5 0.6908010742 0.0 0.0
-5.28904e-5 -4.43346e-5 0.5465855476 0.0 0.0
-5.21126e-5 -4.43346e-5 0.5939956147 0.0 0.0
-5.13348e-5 -4.43346e-5 0.5123881098 0.0 0.0
-5.0557e-5 -4.43346e-5 0.5831246103 0.0 0.0
-4.97792e-5 -4.43346e-5 0.4295333386 0.0 0.0
-4.90014e-5 -4.43346e-5 0.3639747492 0.0 0.0
-4.82236e-5 -4.43346e-5 0.2014338668 0.0 0.0
-4.74458e-5 -4.43346e-5 0.1219343701 0.0 0.0
-4.6668e-5 -4.43346e-5 0.0672806853 0.0 0.0
-4.58902e-5 -4.43346e-5 0.1567638141 0.0 0.0
-4.51124e-5 -4.43346e-5 0.0866930546 0.0 0.0
-4.43346e-5 -4.43346e-5 0.0212418403 0.0 0.0
-4.35568e-5 -4.43346e-5 0.0246484044 0.0 0.0
-4.2779e-5 -4.43346e-5 0.0165035253 0.0 0.0
-4.20012e-5 -4.43346e-5 0.0001237464 0.0 0.0
-4.12234e-5 -4.43346e-5 0.000633178 0.0 0.0
-4.04456e-5 -4.43346e-5 6.9887e-5 0.0 0.0
-3.96678e-5 -4.43346e-5 6.75926e-5 0.0 0.0
-3.889e-5 -4.43346e-5 0.0004616619 0.0 0.0
-3.81122e-5 -4.43346e-5 7.4547e-6 0.0 0.0
-3.73344e-5 -4.43346e-5 0.0031411263 0.0 0.0
-3.65566e-5 -4.43346e-5 0.0087999739 0.0 0.0
-3.57788e-5 -4.43346e-5 0.1096882018 0.0 0.0
-3.5001e-5 -4.43346e-5 0.1494295164 0.0 0.0
-3.42232e-5 -4.43346e-5 0.1372503402 0.0 0.0
-3.34454e-5 -4.43346e-5 0.146752553 0.0 0.0
-3.26676e-5 -4.43346e-5 0.0030057787 0.0 0.0
-3.18898e-5 -4.43346e-5 0.0080516009 0.0 0.0
-3.1112e-5 -4.43346e-5 0.0342583343 0.0 0.0
-3.03342e-5 -4.43346e-5 0.2245335209 0.0 0.0
-2.95564e-5 -4.43346e-5 0.502687182 0.0 0.0
-2.87786e-5 -4.43346e-5 0.653184895 0.0 0.0
-2.80008e-5 -4.43346e-5 0.5249157123 0.0 0.0
-2.7223e-5 -4.43346e-5 0.2686324986 0.0 0.0
-2.64452e-5 -4.43346e-5 0.1547018182 0.0 0.0
-2.56674e-5 -4.43346e-5 0.3823024395 0.0 0.0
-2.48896e-5 -4.43346e-5 0.2516946571 0.0 0.0
-2.41118e-5 -4.43346e-5 0.0999006451 0.0 0.0
-2.3334e-5 -4.43346e-5 0.2083487729 0.0 0.0
-2.25562e-5 -4.43346e-5 0.1637124943 0.0 0.0
-2.17784e-5 -4.43346e-5 0.1190615291 0.0 0.0
-2.10006e-5 -4.43346e-5 0.0813172824 0.0 0.0
-2.02228e-5 -4.43346e-5 0.1030799364 0.0 0.0
-1.9445e-5 -4.43346e-5 0.0720925561 0.0 0.0
-1.86672e-5 -4.43346e-5 0.0325554398 0.0 0.0
-1.78894e-5 -4.43346e-5 0.0211385916 0.0 0.0
-1.71116e-5 -4.43346e-5 0.0114289506 0.0 0.0
-1.63338e-5 -4.43346e-5 0.0071823375 0.0 0.0
-1.5556e-5 -4.43346e-5 0.0117741992 0.0 0.0
-1.47782e-5 -4.43346e-5 0.0100347165 0.0 0.0
-1.40004e-5 -4.43346e-5 0.0159272344 0.0 0.0
-1.32226e-5 -4.43346e-5 0.0105577373 0.0 0.0
-1.24448e-5 -4.43346e-5 0.0128088376 0.0 0.0
-1.1667e-5 -4.43346e-5 0.0116997387 0.0 0.0
-1.08892e-5 -4.43346e-5 0.0128424654 0.0 0.0
-1.01114e-5 -4.43346e-5 0.0120427598 0.0 0.0
-9.3336e-6 -4.43346e-5 0.0082404865 0.0 0.0
-8.5558e-6 -4.43346e-5 0.0050673859 0.0 0.0
-7.778e-6 -4.43346e-5 0.0052435447 0.0 0.0
-7.0002e-6 -4.43346e-5 0.0061317654 0.0 0.0
-6.2224e-6 -4.43346e-5 0.0034298549 0.0 0.0
-5.4446e-6 -4.43346e-5 0.0017057801 0.0 0.0
-4.6668e-6 -4.43346e-5 0.0002865169 0.0 0.0
-3.889e-6 -4.43346e-5 0.000785818 0.0 0.0
-3.1112e-6 -4.43346e-5 0.0002034979 0.0 0.0
-2.3334e-6 -4.43346e-5 0.00076497 0.0 0.0
-1.5556e-6 -4.43346e-5 0.0003876032 0.0 0.0
-7.778e-7 -4.43346e-5 0.0005675461 0.0 0.0
0.0 -4.43346e-5 0.0005768735 0.0 0.0
7.778e-7 -4.43346e-5 0.0006722023 0.0 0.0
1.5556e-6 -4.43346e-5 0.0008173947 0.0 0.0
2.3334e-6 -4.43346e-5 0.0012793424 0.0 0.0
3.1112e-6 -4.43346e-5 0.0018857874 0.0 0.0
3.889e-6 -4.43346e-5 0.0024568441 0.0 0.0
4.6668e-6 -4.43346e-5 0.0028499311 0.0 0.0
5.4446e-6 -4.43346e-5 0.0009686249 0.0 0.0
6.2224e-6 -4.43346e-5 0.0006876597 0.0 0.0
7.0002e-6 -4.43346e-5 0.000396401 0.0 0.0
7.778e-6 -4.43346e-5 6.18556e-5 0.0 0.0
8.5558e-6 -4.43346e-5 0.0002010207 0.0 0.0
9.3336e-6 -4.43346e-5 5.2518e-6 0.0 0.0
1.01114e-5 -4.43346e-5 7.29739e-5 0.0 0.0
1.08892e-5 -4.43346e-5 0.0002395563 0.0 0.0
1.1667e-5 -4.43346e-5 0.0002906845 0.0 0.0
1.24448e-5 -4.43346e-5 0.0001900854 0.0 0.0
1.32226e-5 -4.43346e-5 0.0001974059 0.0 0.0
1.40004e-5 -4.43346e-5 0.0001267904 0.0 0.0
1.47782e-5 -4.43346e-5 8.40363e-5 0.0 0.0
1.5556e-5 -4.43346e-5 0.0001482897 0.0 0.0
1.63338e-5 -4.43346e-5 0.0001054569 0.0 0.0
1.71116e-5 -4.43346e-5 6.82988e-5 0.0 0.0
1.78894e-5 -4.43346e-5 5.42995e-5 0.0 0.0
1.86672e-5 -4.43346e-5 4.78243e-5 0.0 0.0
-9.72251e-5 -4.35568e-5 3.6e-9 0.0 0.0
-9.64473e-5 -4.35568e-5 1.34281e-5 0.0 0.0
-9.56695e-5 -4.35568e-5 2.88e-8 0.0 0.0
-9.48917e-5 -4.35568e-5 0.0005656562 0.0 0.0
-9.41139e-5 -4.35568e-5 0.0003448318 0.0 0.0
-9.33361e-5 -4.35568e-5 2.38101e-5 0.0 0.0
-9.25583e-5 -4.35568e-5 3.83209e-5 0.0 0.0
-9.17805e-5 -4.35568e-5 0.0012981043 0.0 0.0
-9.10027e-5 -4.35568e-5 0.0021821093 0.0 0.0
-9.02249e-5 -4.35568e-5 0.0037574115 0.0 0.0
-8.94471e-5 -4.35568e-5 0.0049417237 0.0 0.0
-8.86693e-5 -4.35568e-5 0.0058146785 0.0 0.0
-8.78915e-5 -4.35568e-5 0.0072817554 0.0 0.0
-8.71137e-5 -4.35568e-5 0.0068913607 0.0 0.0
-8.63359e-5 -4.35568e-5 0.0064129095 0.0 0.0
-8.55581e-5 -4.35568e-5 0.0049458334 0.0 0.0
-8.47803e-5 -4.35568e-5 0.0045337453 0.0 0.0
-8.40025e-5 -4.35568e-5 0.00429976 0.0 0.0
-8.32246e-5 -4.35568e-5 0.0033841471 0.0 0.0
-8.24468e-5 -4.35568e-5 0.0024668472 0.0 0.0
-8.1669e-5 -4.35568e-5 0.0020194499 0.0 0.0
-8.08912e-5 -4.35568e-5 0.0014258085 0.0 0.0
-8.01134e-5 -4.35568e-5 0.0034516801 0.0 0.0
-7.93356e-5 -4.35568e-5 0.0036022508 0.0 0.0
-7.85578e-5 -4.35568e-5 0.0031043973 0.0 0.0
-7.778e-5 -4.35568e-5 0.0025658883 0.0 0.0
-7.70022e-5 -4.35568e-5 0.006532473 0.0 0.0
-7.62244e-5 -4.35568e-5 0.0055122366 0.0 0.0
-7.54466e-5 -4.35568e-5 0.0104605014 0.0 0.0
-7.46688e-5 -4.35568e-5 0.0146719544 0.0 0.0
-7.3891e-5 -4.35568e-5 0.0115963212 0.0 0.0
-7.31132e-5 -4.35568e-5 0.0086137138 0.0 0.0
-7.23354e-5 -4.35568e-5 0.0137850109 0.0 0.0
-7.15576e-5 -4.35568e-5 0.0105200912 0.0 0.0
-7.07798e-5 -4.35568e-5 0.0077115975 0.0 0.0
-7.0002e-5 -4.35568e-5 0.0155150985 0.0 0.0
-6.92242e-5 -4.35568e-5 0.0138178403 0.0 0.0
-6.84464e-5 -4.35568e-5 0.0273970482 0.0 0.0
-6.76686e-5 -4.35568e-5 0.0186821308 0.0 0.0
-6.68908e-5 -4.35568e-5 0.01548702 0.0 0.0
-6.6113e-5 -4.35568e-5 0.0168032282 0.0 0.0
-6.53352e-5 -4.35568e-5 0.013410203 0.0 0.0
-6.45574e-5 -4.35568e-5 0.0094980933 0.0 0.0
-6.37796e-5 -4.35568e-5 0.0213902341 0.0 0.0
-6.30018e-5 -4.35568e-5 0.0176156657 0.0 0.0
-6.2224e-5 -4.35568e-5 0.0270062875 0.0 0.0
-6.14462e-5 -4.35568e-5 0.0354609761 0.0 0.0
-6.06684e-5 -4.35568e-5 0.0548960687 0.0 0.0
-5.98906e-5 -4.35568e-5 0.1538839794 0.0 0.0
-5.91128e-5 -4.35568e-5 0.1401714803 0.0 0.0
-5.8335e-5 -4.35568e-5 0.1506797283 0.0 0.0
-5.75572e-5 -4.35568e-5 0.1947760346 0.0 0.0
-5.67794e-5 -4.35568e-5 0.261985656 0.0 0.0
-5.60016e-5 -4.35568e-5 0.3511426904 0.0 0.0
-5.52238e-5 -4.35568e-5 0.4036615348 0.0 0.0
-5.4446e-5 -4.35568e-5 0.4912501419 0.0 0.0
-5.36682e-5 -4.35568e-5 0.5371241199 0.0 0.0
-5.28904e-5 -4.35568e-5 0.3847670292 0.0 0.0
-5.21126e-5 -4.35568e-5 0.5013300054 0.0 0.0
-5.13348e-5 -4.35568e-5 0.6816007067 0.0 0.0
-5.0557e-5 -4.35568e-5 0.5085869752 0.0 0.0
-4.97792e-5 -4.35568e-5 0.3866640813 0.0 0.0
-4.90014e-5 -4.35568e-5 0.2828516747 0.0 0.0
-4.82236e-5 -4.35568e-5 0.1314498564 0.0 0.0
-4.74458e-5 -4.35568e-5 0.1963832487 0.0 0.0
-4.6668e-5 -4.35568e-5 0.1626115109 0.0 0.0
-4.58902e-5 -4.35568e-5 0.0801422198 0.0 0.0
-4.51124e-5 -4.35568e-5 0.0236016731 0.0 0.0
-4.43346e-5 -4.35568e-5 0.0046155732 0.0 0.0
-4.35568e-5 -4.35568e-5 0.0005238405 0.0 0.0
-4.2779e-5 -4.35568e-5 0.0002434754 0.0 0.0
-4.20012e-5 -4.35568e-5 0.0 0.0 0.0
-4.12234e-5 -4.35568e-5 0.0 0.0 0.0
-4.04456e-5 -4.35568e-5 0.0 0.0 0.0
-3.96678e-5 -4.35568e-5 0.0 0.0 0.0
-3.889e-5 -4.35568e-5 0.0 0.0 0.0
-3.81122e-5 -4.35568e-5 0.0 0.0 0.0
-3.73344e-5 -4.35568e-5 7.49675e-5 0.0 0.0
-3.65566e-5 -4.35568e-5 0.0021246696 0.0 0.0
-3.57788e-5 -4.35568e-5 0.0045574143 0.0 0.0
-3.5001e-5 -4.35568e-5 0.1122539875 0.0 0.0
-3.42232e-5 -4.35568e-5 0.1815731475 0.0 0.0
-3.34454e-5 -4.35568e-5 0.0245684383 0.0 0.0
-3.26676e-5 -4.35568e-5 0.144023686 0.0 0.0
-3.18898e-5 -4.35568e-5 0.0864001738 0.0 0.0
-3.1112e-5 -4.35568e-5 0.0256691153 0.0 0.0
-3.03342e-5 -4.35568e-5 0.0561763931 0.0 0.0
-2.95564e-5 -4.35568e-5 0.2787738571 0.0 0.0
-2.87786e-5 -4.35568e-5 0.4010549005 0.0 0.0
-2.80008e-5 -4.35568e-5 0.6354316481 0.0 0.0
-2.7223e-5 -4.35568e-5 0.3141466949 0.0 0.0
-2.64452e-5 -4.35568e-5 0.1853665662 0.0 0.0
-2.56674e-5 -4.35568e-5 0.3650891882 0.0 0.0
-2.48896e-5 -4.35568e-5 0.2530160731 0.0 0.0
-2.41118e-5 -4.35568e-5 0.1740773976 0.0 0.0
-2.3334e-5 -4.35568e-5 0.178054945 0.0 0.0
-2.25562e-5 -4.35568e-5 0.1289326127 0.0 0.0
-2.17784e-5 -4.35568e-5 0.054676992 0.0 0.0
-2.10006e-5 -4.35568e-5 0.0881235675 0.0 0.0
-2.02228e-5 -4.35568e-5 0.1099386666 0.0 0.0
-1.9445e-5 -4.35568e-5 0.0701225186 0.0 0.0
-1.86672e-5 -4.35568e-5 0.0319738234 0.0 0.0
-1.78894e-5 -4.35568e-5 0.016281432 0.0 0.0
-1.71116e-5 -4.35568e-5 0.0116766243 0.0 0.0
-1.63338e-5 -4.35568e-5 0.0104472132 0.0 0.0
-1.5556e-5 -4.35568e-5 0.007887317 0.0 0.0
-1.47782e-5 -4.35568e-5 0.0142394216 0.0 0.0
-1.40004e-5 -4.35568e-5 0.0114831199 0.0 0.0
-1.32226e-5 -4.35568e-5 0.0145741397 0.0 0.0
-1.24448e-5 -4.35568e-5 0.0071890674 0.0 0.0
-1.1667e-5 -4.35568e-5 0.0067601398 0.0 0.0
-1.08892e-5 -4.35568e-5 0.0150639151 0.0 0.0
-1.01114e-5 -4.35568e-5 0.0150837975 0.0 0.0
-9.3336e-6 -4.35568e-5 0.0075798124 0.0 0.0
-8.5558e-6 -4.35568e-5 0.0082470634 0.0 0.0
-7.778e-6 -4.35568e-5 0.0065601878 0.0 0.0
-7.0002e-6 -4.35568e-5 0.0051358008 0.0 0.0
-6.2224e-6 -4.35568e-5 0.00225168 0.0 0.0
-5.4446e-6 -4.35568e-5 0.0011680486 0.0 0.0
-4.6668e-6 -4.35568e-5 0.0001614184 0.0 0.0
-3.889e-6 -4.35568e-5 1.73046e-5 0.0 0.0
-3.1112e-6 -4.35568e-5 0.000414849 0.0 0.0
-2.3334e-6 -4.35568e-5 0.000400689 0.0 0.0
-1.5556e-6 -4.35568e-5 0.0006962321 0.0 0.0
-7.778e-7 -4.35568e-5 0.0008415521 0.0 0.0
0.0 -4.35568e-5 0.0008050307 0.0 0.0
7.778e-7 -4.35568e-5 0.000840107 0.0 0.0
1.5556e-6 -4.35568e-5 0.0010613886 0.0 0.0
2.3334e-6 -4.35568e-5 0.0015062149 0.0 0.0
3.1112e-6 -4.35568e-5 0.0021853522 0.0 0.0
3.889e-6 -4.35568e-5 0.0027891619 0.0 0.0
4.6668e-6 -4.35568e-5 0.0016491713 0.0 0.0
5.4446e-6 -4.35568e-5 0.0004833405 0.0 0.0
6.2224e-6 -4.35568e-5 0.0002186174 0.0 0.0
7.0002e-6 -4.35568e-5 0.000590723 0.0 0.0
7.778e-6 -4.35568e-5 0.0002451025 0.0 0.0
8.5558e-6 -4.35568e-5 0.0004396368 0.0 0.0
9.3336e-6 -4.35568e-5 5.79283e-5 0.0 0.0
1.01114e-5 -4.35568e-5 0.0003427236 0.0 0.0
1.08892e-5 -4.35568e-5 1.53117e-5 0.0 0.0
1.1667e-5 -4.35568e-5 3.29028e-5 0.0 0.0
1.24448e-5 -4.35568e-5 2.66079e-5 0.0 0.0
1.32226e-5 -4.35568e-5 0.0002196473 0.0 0.0
1.40004e-5 -4.35568e-5 0.000151385 0.0 0.0
1.47782e-5 -4.35568e-5 0.0001058136 0.0 0.0
1.5556e-5 -4.35568e-5 0.0001425109 0.0 0.0
1.63338e-5 -4.35568e-5 0.0001049535 0.0 0.0
1.71116e-5 -4.35568e-5 7.19342e-5 0.0 0.0
1.78894e-5 -4.35568e-5 5.97887e-5 0.0 0.0
1.86672e-5 -4.35568e-5 5.28381e-5 0.0 0.0
-9.72251e-5 -4.2779e-5 2.0e-10 0.0 0.0
-9.64473e-5 -4.2779e-5 1.57632e-5 0.0 0.0
-9.56695e-5 -4.2779e-5 4.496e-7 0.0 0.0
-9.48917e-5 -4.2779e-5 0.0007587704 0.0 0.0
-9.41139e-5 -4.2779e-5 0.0006458515 0.0 0.0
-9.33361e-5 -4.2779e-5 0.0002926205 0.0 0.0
-9.25583e-5 -4.2779e-5 0.0007868545 0.0 0.0
-9.17805e-5 -4.2779e-5 0.0018213803 0.0 0.0
-9.10027e-5 -4.2779e-5 0.0032487744 0.0 0.0
-9.02249e-5 -4.2779e-5 0.0054921948 0.0 0.0
-8.94471e-5 -4.2779e-5 0.0062781079 0.0 0.0
-8.86693e-5 -4.2779e-5 0.0060127347 0.0 0.0
-8.78915e-5 -4.2779e-5 0.0056253207 0.0 0.0
-8.71137e-5 -4.2779e-5 0.005113314 0.0 0.0
-8.63359e-5 -4.2779e-5 0.0042531009 0.0 0.0
-8.55581e-5 -4.2779e-5 0.0031728927 0.0 0.0
-8.47803e-5 -4.2779e-5 0.0031660268 0.0 0.0
-8.40025e-5 -4.2779e-5 0.0027897675 0.0 0.0
-8.32246e-5 -4.2779e-5 0.0019994361 0.0 0.0
-8.24468e-5 -4.2779e-5 0.0015209459 0.0 0.0
-8.1669e-5 -4.2779e-5 0.001561584 0.0 0.0
-8.08912e-5 -4.2779e-5 0.0010470335 0.0 0.0
-8.01134e-5 -4.2779e-5 0.0011899339 0.0 0.0
-7.93356e-5 -4.2779e-5 0.0030983744 0.0 0.0
-7.85578e-5 -4.2779e-5 0.0034308929 0.0 0.0
-7.778e-5 -4.2779e-5 0.0028676513 0.0 0.0
-7.70022e-5 -4.2779e-5 0.0064923199 0.0 0.0
-7.62244e-5 -4.2779e-5 0.0117333562 0.0 0.0
-7.54466e-5 -4.2779e-5 0.0110795904 0.0 0.0
-7.46688e-5 -4.2779e-5 0.0151659307 0.0 0.0
-7.3891e-5 -4.2779e-5 0.0126804016 0.0 0.0
-7.31132e-5 -4.2779e-5 0.0096436348 0.0 0.0
-7.23354e-5 -4.2779e-5 0.0083801903 0.0 0.0
-7.15576e-5 -4.2779e-5 0.0132716303 0.0 0.0
-7.07798e-5 -4.2779e-5 0.014196359 0.0 0.0
-7.0002e-5 -4.2779e-5 0.0102633221 0.0 0.0
-6.92242e-5 -4.2779e-5 0.0233912482 0.0 0.0
-6.84464e-5 -4.2779e-5 0.0157665985 0.0 0.0
-6.76686e-5 -4.2779e-5 0.0168082481 0.0 0.0
-6.68908e-5 -4.2779e-5 0.0184947058 0.0 0.0
-6.6113e-5 -4.2779e-5 0.0149007925 0.0 0.0
-6.53352e-5 -4.2779e-5 0.0143992327 0.0 0.0
-6.45574e-5 -4.2779e-5 0.025965346 0.0 0.0
-6.37796e-5 -4.2779e-5 0.0177064889 0.0 0.0
-6.30018e-5 -4.2779e-5 0.014743494 0.0 0.0
-6.2224e-5 -4.2779e-5 0.023253082 0.0 0.0
-6.14462e-5 -4.2779e-5 0.0353935043 0.0 0.0
-6.06684e-5 -4.2779e-5 0.12388767 0.0 0.0
-5.98906e-5 -4.2779e-5 0.1434806551 0.0 0.0
-5.91128e-5 -4.2779e-5 0.1284976953 0.0 0.0
-5.8335e-5 -4.2779e-5 0.1633262578 0.0 0.0
-5.75572e-5 -4.2779e-5 0.23460917 0.0 0.0
-5.67794e-5 -4.2779e-5 0.3052545444 0.0 0.0
-5.60016e-5 -4.2779e-5 0.3305405183 0.0 0.0
-5.52238e-5 -4.2779e-5 0.4433500345 0.0 0.0
-5.4446e-5 -4.2779e-5 0.5981526504 0.0 0.0
-5.36682e-5 -4.2779e-5 0.6077702652 0.0 0.0
-5.28904e-5 -4.2779e-5 0.4761176281 0.0 0.0
-5.21126e-5 -4.2779e-5 0.5727623399 0.0 0.0
-5.13348e-5 -4.2779e-5 0.5705291664 0.0 0.0
-5.0557e-5 -4.2779e-5 0.440937364 0.0 0.0
-4.97792e-5 -4.2779e-5 0.3639196931 0.0 0.0
-4.90014e-5 -4.2779e-5 0.2227833261 0.0 0.0
-4.82236e-5 -4.2779e-5 0.0901979154 0.0 0.0
-4.74458e-5 -4.2779e-5 0.1515591797 0.0 0.0
-4.6668e-5 -4.2779e-5 0.1051851429 0.0 0.0
-4.58902e-5 -4.2779e-5 0.0379531206 0.0 0.0
-4.51124e-5 -4.2779e-5 0.0055647452 0.0 0.0
-4.43346e-5 -4.2779e-5 0.0006083755 0.0 0.0
-4.35568e-5 -4.2779e-5 0.00031734 0.0 0.0
-4.2779e-5 -4.2779e-5 0.0 0.0 0.0
-4.20012e-5 -4.2779e-5 0.0 0.0 0.0
-4.12234e-5 -4.2779e-5 0.0 0.0 0.0
-4.04456e-5 -4.2779e-5 0.0 0.0 0.0
-3.96678e-5 -4.2779e-5 0.0 0.0 0.0
-3.889e-5 -4.2779e-5 0.0 0.0 0.0
-3.81122e-5 -4.2779e-5 0.0 0.0 0.0
-3.73344e-5 -4.2779e-5 0.0 0.0 0.0
-3.65566e-5 -4.2779e-5 1.86153e-5 0.0 0.0
-3.57788e-5 -4.2779e-5 0.0020972737 0.0 0.0
-3.5001e-5 -4.2779e-5 0.0531231716 0.0 0.0
-3.42232e-5 -4.2779e-5 0.1053929842 0.0 0.0
-3.34454e-5 -4.2779e-5 0.0831420742 0.0 0.0
-3.26676e-5 -4.2779e-5 0.1028542981 0.0 0.0
-3.18898e-5 -4.2779e-5 0.0054859489 0.0 0.0
-3.1112e-5 -4.2779e-5 0.1049536799 0.0 0.0
-3.03342e-5 -4.2779e-5 0.0215178211 0.0 0.0
-2.95564e-5 -4.2779e-5 0.1013666236 0.0 0.0
-2.87786e-5 -4.2779e-5 0.4115707546 0.0 0.0
-2.80008e-5 -4.2779e-5 0.7231528894 0.0 0.0
-2.7223e-5 -4.2779e-5 0.4420322465 0.0 0.0
-2.64452e-5 -4.2779e-5 0.2971501657 0.0 0.0
-2.56674e-5 -4.2779e-5 0.3523662234 0.0 0.0
-2.48896e-5 -4.2779e-5 0.1809569496 0.0 0.0
-2.41118e-5 -4.2779e-5 0.172796165 0.0 0.0
-2.3334e-5 -4.2779e-5 0.1348382187 0.0 0.0
-2.25562e-5 -4.2779e-5 0.1248567521 0.0 0.0
-2.17784e-5 -4.2779e-5 0.0577970931 0.0 0.0
-2.10006e-5 -4.2779e-5 0.0718801129 0.0 0.0
-2.02228e-5 -4.2779e-5 0.101211337 0.0 0.0
-1.9445e-5 -4.2779e-5 0.068375365 0.0 0.0
-1.86672e-5 -4.2779e-5 0.0401222506 0.0 0.0
-1.78894e-5 -4.2779e-5 0.0242300373 0.0 0.0
-1.71116e-5 -4.2779e-5 0.0150177886 0.0 0.0
-1.63338e-5 -4.2779e-5 0.0083143352 0.0 0.0
-1.5556e-5 -4.2779e-5 0.0132691512 0.0 0.0
-1.47782e-5 -4.2779e-5 0.0092453466 0.0 0.0
-1.40004e-5 -4.2779e-5 0.0168665841 0.0 0.0
-1.32226e-5 -4.2779e-5 0.0101485285 0.0 0.0
-1.24448e-5 -4.2779e-5 0.0130245805 0.0 0.0
-1.1667e-5 -4.2779e-5 0.0130908044 0.0 0.0
-1.08892e-5 -4.2779e-5 0.0146344318 0.0 0.0
-1.01114e-5 -4.2779e-5 0.0181360934 0.0 0.0
-9.3336e-6 -4.2779e-5 0.0096223148 0.0 0.0
-8.5558e-6 -4.2779e-5 0.0068569049 0.0 0.0
-7.778e-6 -4.2779e-5 0.0061190108 0.0 0.0
-7.0002e-6 -4.2779e-5 0.0034494726 0.0 0.0
-6.2224e-6 -4.2779e-5 0.0012819448 0.0 0.0
-5.4446e-6 -4.2779e-5 0.0001100663 0.0 0.0
-4.6668e-6 -4.2779e-5 0.0006089734 0.0 0.0
-3.889e-6 -4.2779e-5 4.49337e-5 0.0 0.0
-3.1112e-6 -4.2779e-5 0.0007709379 0.0 0.0
-2.3334e-6 -4.2779e-5 0.0005503623 0.0 0.0
-1.5556e-6 -4.2779e-5 0.0010443601 0.0 0.0
-7.778e-7 -4.2779e-5 0.0011586403 0.0 0.0
0.0 -4.2779e-5 0.0010385346 0.0 0.0
7.778e-7 -4.2779e-5 0.0010093646 0.0 0.0
1.5556e-6 -4.2779e-5 0.0009828332 0.0 0.0
2.3334e-6 -4.2779e-5 0.001641744 0.0 0.0
3.1112e-6 -4.2779e-5 0.0025720879 0.0 0.0
3.889e-6 -4.2779e-5 0.003177328 0.0 0.0
4.6668e-6 -4.2779e-5 0.0011744196 0.0 0.0
5.4446e-6 -4.2779e-5 0.0008798104 0.0 0.0
6.2224e-6 -4.2779e-5 0.0004608134 0.0 0.0
7.0002e-6 -4.2779e-5 0.0001831078 0.0 0.0
7.778e-6 -4.2779e-5 0.0004813273 0.0 0.0
8.5558e-6 -4.2779e-5 6.42469e-5 0.0 0.0
9.3336e-6 -4.2779e-5 2.7258e-6 0.0 0.0
1.01114e-5 -4.2779e-5 2.26738e-5 0.0 0.0
1.08892e-5 -4.2779e-5 6.41381e-5 0.0 0.0
1.1667e-5 -4.2779e-5 9.96249e-5 0.0 0.0
1.24448e-5 -4.2779e-5 7.75193e-5 0.0 0.0
1.32226e-5 -4.2779e-5 5.71171e-5 0.0 0.0
1.40004e-5 -4.2779e-5 0.0001986169 0.0 0.0
1.47782e-5 -4.2779e-5 0.0001219739 0.0 0.0
1.5556e-5 -4.2779e-5 0.0001369174 0.0 0.0
1.63338e-5 -4.2779e-5 0.0001027984 0.0 0.0
1.71116e-5 -4.2779e-5 7.04027e-5 0.0 0.0
1.78894e-5 -4.2779e-5 5.58991e-5 0.0 0.0
1.86672e-5 -4.2779e-5 5.18737e-5 0.0 0.0
-9.72251e-5 -4.20012e-5 7.0e-10 0.0 0.0
-9.64473e-5 -4.20012e-5 0.0002224704 0.0 0.0
-9.56695e-5 -4.20012e-5 5.5195e-6 0.0 0.0
-9.48917e-5 -4.20012e-5 9.6026e-6 0.0 0.0
-9.41139e-5 -4.20012e-5 8.04395e-5 0.0 0.0
-9.33361e-5 -4.20012e-5 0.0006456131 0.0 0.0
-9.25583e-5 -4.20012e-5 0.0027544383 0.0 0.0
-9.17805e-5 -4.20012e-5 0.0036350638 0.0 0.0
-9.10027e-5 -4.20012e-5 0.0044047851 0.0 0.0
-9.02249e-5 -4.20012e-5 0.0053566738 0.0 0.0
-8.94471e-5 -4.20012e-5 0.005201906 0.0 0.0
-8.86693e-5 -4.20012e-5 0.005399756 0.0 0.0
-8.78915e-5 -4.20012e-5 0.0062755758 0.0 0.0
-8.71137e-5 -4.20012e-5 0.003655352 0.0 0.0
-8.63359e-5 -4.20012e-5 0.0047853817 0.0 0.0
-8.55581e-5 -4.20012e-5 0.0043305289 0.0 0.0
-8.47803e-5 -4.20012e-5 0.0023224689 0.0 0.0
-8.40025e-5 -4.20012e-5 0.0019964893 0.0 0.0
-8.32246e-5 -4.20012e-5 0.0020826597 0.0 0.0
-8.24468e-5 -4.20012e-5 0.001729109 0.0 0.0
-8.1669e-5 -4.20012e-5 0.0011848946 0.0 0.0
-8.08912e-5 -4.20012e-5 0.0012178082 0.0 0.0
-8.01134e-5 -4.20012e-5 0.0013749599 0.0 0.0
-7.93356e-5 -4.20012e-5 0.0037006913 0.0 0.0
-7.85578e-5 -4.20012e-5 0.0042952949 0.0 0.0
-7.778e-5 -4.20012e-5 0.0043257806 0.0 0.0
-7.70022e-5 -4.20012e-5 0.0081974468 0.0 0.0
-7.62244e-5 -4.20012e-5 0.0132493346 0.0 0.0
-7.54466e-5 -4.20012e-5 0.0136711878 0.0 0.0
-7.46688e-5 -4.20012e-5 0.0116408848 0.0 0.0
-7.3891e-5 -4.20012e-5 0.010650063 0.0 0.0
-7.31132e-5 -4.20012e-5 0.0087676824 0.0 0.0
-7.23354e-5 -4.20012e-5 0.0074656471 0.0 0.0
-7.15576e-5 -4.20012e-5 0.012303924 0.0 0.0
-7.07798e-5 -4.20012e-5 0.0109780728 0.0 0.0
-7.0002e-5 -4.20012e-5 0.0101883252 0.0 0.0
-6.92242e-5 -4.20012e-5 0.016923828 0.0 0.0
-6.84464e-5 -4.20012e-5 0.0205306119 0.0 0.0
-6.76686e-5 -4.20012e-5 0.0247175653 0.0 0.0
-6.68908e-5 -4.20012e-5 0.0246964018 0.0 0.0
-6.6113e-5 -4.20012e-5 0.0221745638 0.0 0.0
-6.53352e-5 -4.20012e-5 0.0193807302 0.0 0.0
-6.45574e-5 -4.20012e-5 0.0142164428 0.0 0.0
-6.37796e-5 -4.20012e-5 0.0241005257 0.0 0.0
-6.30018e-5 -4.20012e-5 0.0205390569 0.0 0.0
-6.2224e-5 -4.20012e-5 0.0365471919 0.0 0.0
-6.14462e-5 -4.20012e-5 0.0673638069 0.0 0.0
-6.06684e-5 -4.20012e-5 0.1161567334 0.0 0.0
-5.98906e-5 -4.20012e-5 0.1203900538 0.0 0.0
-5.91128e-5 -4.20012e-5 0.1169633046 0.0 0.0
-5.8335e-5 -4.20012e-5 0.1502992255 0.0 0.0
-5.75572e-5 -4.20012e-5 0.1987468953 0.0 0.0
-5.67794e-5 -4.20012e-5 0.2783099401 0.0 0.0
-5.60016e-5 -4.20012e-5 0.3432420257 0.0 0.0
-5.52238e-5 -4.20012e-5 0.4674604631 0.0 0.0
-5.4446e-5 -4.20012e-5 0.5336449092 0.0 0.0
-5.36682e-5 -4.20012e-5 0.464152729 0.0 0.0
-5.28904e-5 -4.20012e-5 0.5229322386 0.0 0.0
-5.21126e-5 -4.20012e-5 0.6156767455 0.0 0.0
-5.13348e-5 -4.20012e-5 0.4782573793 0.0 0.0
-5.0557e-5 -4.20012e-5 0.2485752631 0.0 0.0
-4.97792e-5 -4.20012e-5 0.2407858388 0.0 0.0
-4.90014e-5 -4.20012e-5 0.1203635834 0.0 0.0
-4.82236e-5 -4.20012e-5 0.1270515815 0.0 0.0
-4.74458e-5 -4.20012e-5 0.1112541291 0.0 0.0
-4.6668e-5 -4.20012e-5 0.0474613335 0.0 0.0
-4.58902e-5 -4.20012e-5 0.0449230098 0.0 0.0
-4.51124e-5 -4.20012e-5 0.0007004764 0.0 0.0
-4.43346e-5 -4.20012e-5 0.0006914214 0.0 0.0
-4.35568e-5 -4.20012e-5 0.0 0.0 0.0
-4.2779e-5 -4.20012e-5 0.0 0.0 0.0
-4.20012e-5 -4.20012e-5 0.0 0.0 0.0
-4.12234e-5 -4.20012e-5 0.0 0.0 0.0
-4.04456e-5 -4.20012e-5 0.0 0.0 0.0
-3.96678e-5 -4.20012e-5 0.0 0.0 0.0
-3.889e-5 -4.20012e-5 0.0 0.0 0.0
-3.81122e-5 -4.20012e-5 0.0 0.0 0.0
-3.73344e-5 -4.20012e-5 0.0 0.0 0.0
-3.65566e-5 -4.20012e-5 0.0 0.0 0.0
-3.57788e-5 -4.20012e-5 4.06945e-5 0.0 0.0
-3.5001e-5 -4.20012e-5 0.0008825259 0.0 0.0
-3.42232e-5 -4.20012e-5 0.0773573351 0.0 0.0
-3.34454e-5 -4.20012e-5 0.0778218442 0.0 0.0
-3.26676e-5 -4.20012e-5 0.1335683848 0.0 0.0
-3.18898e-5 -4.20012e-5 0.0352854933 0.0 0.0
-3.1112e-5 -4.20012e-5 0.0049571831 0.0 0.0
-3.03342e-5 -4.20012e-5 0.0968151227 0.0 0.0
-2.95564e-5 -4.20012e-5 0.1623342366 0.0 0.0
-2.87786e-5 -4.20012e-5 0.2533372643 0.0 0.0
-2.80008e-5 -4.20012e-5 0.6122312512 0.0 0.0
-2.7223e-5 -4.20012e-5 0.6753268722 0.0 0.0
-2.64452e-5 -4.20012e-5 0.2713261141 0.0 0.0
-2.56674e-5 -4.20012e-5 0.2892408391 0.0 0.0
-2.48896e-5 -4.20012e-5 0.1544661092 0.0 0.0
-2.41118e-5 -4.20012e-5 0.1674555284 0.0 0.0
-2.3334e-5 -4.20012e-5 0.0918170006 0.0 0.0
-2.25562e-5 -4.20012e-5 0.0729546665 0.0 0.0
-2.17784e-5 -4.20012e-5 0.0403914553 0.0 0.0
-2.10006e-5 -4.20012e-5 0.0650257246 0.0 0.0
-2.02228e-5 -4.20012e-5 0.095182737 0.0 0.0
-1.9445e-5 -4.20012e-5 0.0766157971 0.0 0.0
-1.86672e-5 -4.20012e-5 0.0327371819 0.0 0.0
-1.78894e-5 -4.20012e-5 0.0161877103 0.0 0.0
-1.71116e-5 -4.20012e-5 0.014272355 0.0 0.0
-1.63338e-5 -4.20012e-5 0.012478865 0.0 0.0
-1.5556e-5 -4.20012e-5 0.008523447 0.0 0.0
-1.47782e-5 -4.20012e-5 0.0165919442 0.0 0.0
-1.40004e-5 -4.20012e-5 0.0141103076 0.0 0.0
-1.32226e-5 -4.20012e-5 0.0153561973 0.0 0.0
-1.24448e-5 -4.20012e-5 0.0091870219 0.0 0.0
-1.1667e-5 -4.20012e-5 0.0103413154 0.0 0.0
-1.08892e-5 -4.20012e-5 0.0182158975 0.0 0.0
-1.01114e-5 -4.20012e-5 0.0152073327 0.0 0.0
-9.3336e-6 -4.20012e-5 0.0116699321 0.0 0.0
-8.5558e-6 -4.20012e-5 0.0069337894 0.0 0.0
-7.778e-6 -4.20012e-5 0.0059001423 0.0 0.0
-7.0002e-6 -4.20012e-5 0.0014340604 0.0 0.0
-6.2224e-6 -4.20012e-5 0.0010461793 0.0 0.0
-5.4446e-6 -4.20012e-5 1.98119e-5 0.0 0.0
-4.6668e-6 -4.20012e-5 0.0006561508 0.0 0.0
-3.889e-6 -4.20012e-5 0.0001509065 0.0 0.0
-3.1112e-6 -4.20012e-5 0.0001862159 0.0 0.0
-2.3334e-6 -4.20012e-5 0.0007887049 0.0 0.0
-1.5556e-6 -4.20012e-5 0.0004857299 0.0 0.0
-7.778e-7 -4.20012e-5 0.0006458398 0.0 0.0
0.0 -4.20012e-5 0.0012546065 0.0 0.0
7.778e-7 -4.20012e-5 0.0012094021 0.0 0.0
1.5556e-6 -4.20012e-5 0.0011599628 0.0 0.0
2.3334e-6 -4.20012e-5 0.0019182294 0.0 0.0
3.1112e-6 -4.20012e-5 0.0028108663 0.0 0.0
3.889e-6 -4.20012e-5 0.0035499539 0.0 0.0
4.6668e-6 -4.20012e-5 0.0013730027 0.0 0.0
5.4446e-6 -4.20012e-5 0.0002805671 0.0 0.0
6.2224e-6 -4.20012e-5 0.0007714655 0.0 0.0
7.0002e-6 -4.20012e-5 0.0004900267 0.0 0.0
7.778e-6 -4.20012e-5 6.11287e-5 0.0 0.0
8.5558e-6 -4.20012e-5 0.0003227804 0.0 0.0
9.3336e-6 -4.20012e-5 7.7218e-6 0.0 0.0
1.01114e-5 -4.20012e-5 2.89004e-5 0.0 0.0
1.08892e-5 -4.20012e-5 0.000156487 0.0 0.0
1.1667e-5 -4.20012e-5 0.0001163413 0.0 0.0
1.24448e-5 -4.20012e-5 9.7883e-5 0.0 0.0
1.32226e-5 -4.20012e-5 9.95033e-5 0.0 0.0
1.40004e-5 -4.20012e-5 0.0002274102 0.0 0.0
1.47782e-5 -4.20012e-5 0.0001314125 0.0 0.0
1.5556e-5 -4.20012e-5 0.0001221531 0.0 0.0
1.63338e-5 -4.20012e-5 9.31288e-5 0.0 0.0
1.71116e-5 -4.20012e-5 7.87203e-5 0.0 0.0
1.78894e-5 -4.20012e-5 5.79915e-5 0.0 0.0
1.86672e-5 -4.20012e-5 4.92128e-5 0.0 0.0
-9.72251e-5 -4.12234e-5 1.0e-10 0.0 0.0
-9.64473e-5 -4.12234e-5 0.0002356948 0.0 0.0
-9.56695e-5 -4.12234e-5 2.78947e-5 0.0 0.0
-9.48917e-5 -4.12234e-5 0.0001490671 0.0 0.0
-9.41139e-5 -4.12234e-5 0.0006827402 0.0 0.0
-9.33361e-5 -4.12234e-5 0.0018218369 0.0 0.0
-9.25583e-5 -4.12234e-5 0.0028193989 0.0 0.0
-9.17805e-5 -4.12234e-5 0.0037127038 0.0 0.0
-9.10027e-5 -4.12234e-5 0.004636897 0.0 0.0
-9.02249e-5 -4.12234e-5 0.005016911 0.0 0.0
-8.94471e-5 -4.12234e-5 0.0047759728 0.0 0.0
-8.86693e-5 -4.12234e-5 0.0040781177 0.0 0.0
-8.78915e-5 -4.12234e-5 0.0052238246 0.0 0.0
-8.71137e-5 -4.12234e-5 0.0023837323 0.0 0.0
-8.63359e-5 -4.12234e-5 0.0041643468 0.0 0.0
-8.55581e-5 -4.12234e-5 0.0015731617 0.0 0.0
-8.47803e-5 -4.12234e-5 0.0019269812 0.0 0.0
-8.40025e-5 -4.12234e-5 0.0020143221 0.0 0.0
-8.32246e-5 -4.12234e-5 0.0024846154 0.0 0.0
-8.24468e-5 -4.12234e-5 0.0022013478 0.0 0.0
-8.1669e-5 -4.12234e-5 0.001661894 0.0 0.0
-8.08912e-5 -4.12234e-5 0.0024440853 0.0 0.0
-8.01134e-5 -4.12234e-5 0.0022793418 0.0 0.0
-7.93356e-5 -4.12234e-5 0.0028257273 0.0 0.0
-7.85578e-5 -4.12234e-5 0.0035926 0.0 0.0
-7.778e-5 -4.12234e-5 0.0062004104 0.0 0.0
-7.70022e-5 -4.12234e-5 0.0115815451 0.0 0.0
-7.62244e-5 -4.12234e-5 0.0120145806 0.0 0.0
-7.54466e-5 -4.12234e-5 0.0121937687 0.0 0.0
-7.46688e-5 -4.12234e-5 0.0112216329 0.0 0.0
-7.3891e-5 -4.12234e-5 0.0111652283 0.0 0.0
-7.31132e-5 -4.12234e-5 0.0096730212 0.0 0.0
-7.23354e-5 -4.12234e-5 0.0074091074 0.0 0.0
-7.15576e-5 -4.12234e-5 0.013758882 0.0 0.0
-7.07798e-5 -4.12234e-5 0.0150057441 0.0 0.0
-7.0002e-5 -4.12234e-5 0.0204652893 0.0 0.0
-6.92242e-5 -4.12234e-5 0.0278038171 0.0 0.0
-6.84464e-5 -4.12234e-5 0.0233198685 0.0 0.0
-6.76686e-5 -4.12234e-5 0.0265919561 0.0 0.0
-6.68908e-5 -4.12234e-5 0.0266400305 0.0 0.0
-6.6113e-5 -4.12234e-5 0.0245408744 0.0 0.0
-6.53352e-5 -4.12234e-5 0.0207694347 0.0 0.0
-6.45574e-5 -4.12234e-5 0.021367894 0.0 0.0
-6.37796e-5 -4.12234e-5 0.0181329215 0.0 0.0
-6.30018e-5 -4.12234e-5 0.0306570041 0.0 0.0
-6.2224e-5 -4.12234e-5 0.0443574887 0.0 0.0
-6.14462e-5 -4.12234e-5 0.1098739518 0.0 0.0
-6.06684e-5 -4.12234e-5 0.1051232645 0.0 0.0
-5.98906e-5 -4.12234e-5 0.1110148033 0.0 0.0
-5.91128e-5 -4.12234e-5 0.1313119001 0.0 0.0
-5.8335e-5 -4.12234e-5 0.1584640272 0.0 0.0
-5.75572e-5 -4.12234e-5 0.2181305538 0.0 0.0
-5.67794e-5 -4.12234e-5 0.2782878126 0.0 0.0
-5.60016e-5 -4.12234e-5 0.3789550092 0.0 0.0
-5.52238e-5 -4.12234e-5 0.5746945281 0.0 0.0
-5.4446e-5 -4.12234e-5 0.513844296 0.0 0.0
-5.36682e-5 -4.12234e-5 0.473494349 0.0 0.0
-5.28904e-5 -4.12234e-5 0.5595218147 0.0 0.0
-5.21126e-5 -4.12234e-5 0.5540495508 0.0 0.0
-5.13348e-5 -4.12234e-5 0.33705339 0.0 0.0
-5.0557e-5 -4.12234e-5 0.3189635681 0.0 0.0
-4.97792e-5 -4.12234e-5 0.2502724966 0.0 0.0
-4.90014e-5 -4.12234e-5 0.2270055189 0.0 0.0
-4.82236e-5 -4.12234e-5 0.2053420463 0.0 0.0
-4.74458e-5 -4.12234e-5 0.0547495661 0.0 0.0
-4.6668e-5 -4.12234e-5 0.0417394189 0.0 0.0
-4.58902e-5 -4.12234e-5 0.0067237281 0.0 0.0
-4.51124e-5 -4.12234e-5 0.0002776269 0.0 0.0
-4.43346e-5 -4.12234e-5 0.0 0.0 0.0
-4.35568e-5 -4.12234e-5 0.0 0.0 0.0
-4.2779e-5 -4.12234e-5 0.0 0.0 0.0
-4.20012e-5 -4.12234e-5 0.0 0.0 0.0
-4.12234e-5 -4.12234e-5 0.0 0.0 0.0
-4.04456e-5 -4.12234e-5 0.0 0.0 0.0
-3.96678e-5 -4.12234e-5 0.0 0.0 0.0
-3.889e-5 -4.12234e-5 0.0 0.0 0.0
-3.81122e-5 -4.12234e-5 0.0 0.0 0.0
-3.73344e-5 -4.12234e-5 0.0 0.0 0.0
-3.65566e-5 -4.12234e-5 0.0 0.0 0.0
-3.57788e-5 -4.12234e-5 0.0 0.0 0.0
-3.5001e-5 -4.12234e-5 0.0001267509 0.0 0.0
-3.42232e-5 -4.12234e-5 0.0594505899 0.0 0.0
-3.34454e-5 -4.12234e-5 0.1140052915 0.0 0.0
-3.26676e-5 -4.12234e-5 0.0458801271 0.0 0.0
-3.18898e-5 -4.12234e-5 0.0445987864 0.0 0.0
-3.1112e-5 -4.12234e-5 0.052199895 0.0 0.0
-3.03342e-5 -4.12234e-5 0.017966639 0.0 0.0
-2.95564e-5 -4.12234e-5 0.1502350286 0.0 0.0
-2.87786e-5 -4.12234e-5 0.2885440761 0.0 0.0
-2.80008e-5 -4.12234e-5 0.4099609113 0.0 0.0
-2.7223e-5 -4.12234e-5 0.6847775528 0.0 0.0
-2.64452e-5 -4.12234e-5 0.3099090466 0.0 0.0
-2.56674e-5 -4.12234e-5 0.286011046 0.0 0.0
-2.48896e-5 -4.12234e-5 0.1886636414 0.0 0.0
-2.41118e-5 -4.12234e-5 0.1441113852 0.0 0.0
-2.3334e-5 -4.12234e-5 0.0949798332 0.0 0.0
-2.25562e-5 -4.12234e-5 0.0299732992 0.0 0.0
-2.17784e-5 -4.12234e-5 0.0319429902 0.0 0.0
-2.10006e-5 -4.12234e-5 0.0788916194 0.0 0.0
-2.02228e-5 -4.12234e-5 0.0849272464 0.0 0.0
-1.9445e-5 -4.12234e-5 0.0634222402 0.0 0.0
-1.86672e-5 -4.12234e-5 0.0454223236 0.0 0.0
-1.78894e-5 -4.12234e-5 0.0274681292 0.0 0.0
-1.71116e-5 -4.12234e-5 0.0169302188 0.0 0.0
-1.63338e-5 -4.12234e-5 0.0095599934 0.0 0.0
-1.5556e-5 -4.12234e-5 0.0152739684 0.0 0.0
-1.47782e-5 -4.12234e-5 0.011824699 0.0 0.0
-1.40004e-5 -4.12234e-5 0.0097887155 0.0 0.0
-1.32226e-5 -4.12234e-5 0.0128477247 0.0 0.0
-1.24448e-5 -4.12234e-5 0.014489452 0.0 0.0
-1.1667e-5 -4.12234e-5 0.0140667154 0.0 0.0
-1.08892e-5 -4.12234e-5 0.0174878791 0.0 0.0
-1.01114e-5 -4.12234e-5 0.018908648 0.0 0.0
-9.3336e-6 -4.12234e-5 0.0095930567 0.0 0.0
-8.5558e-6 -4.12234e-5 0.0056334952 0.0 0.0
-7.778e-6 -4.12234e-5 0.0023842208 0.0 0.0
-7.0002e-6 -4.12234e-5 0.0005016398 0.0 0.0
-6.2224e-6 -4.12234e-5 7.5593e-6 0.0 0.0
-5.4446e-6 -4.12234e-5 9.606e-5 0.0 0.0
-4.6668e-6 -4.12234e-5 2.8653e-6 0.0 0.0
-3.889e-6 -4.12234e-5 0.0005338951 0.0 0.0
-3.1112e-6 -4.12234e-5 0.0003966252 0.0 0.0
-2.3334e-6 -4.12234e-5 0.0003875637 0.0 0.0
-1.5556e-6 -4.12234e-5 0.0006826756 0.0 0.0
-7.778e-7 -4.12234e-5 0.0010814652 0.0 0.0
0.0 -4.12234e-5 0.0009760959 0.0 0.0
7.778e-7 -4.12234e-5 0.0010588599 0.0 0.0
1.5556e-6 -4.12234e-5 0.0014453226 0.0 0.0
2.3334e-6 -4.12234e-5 0.0023096404 0.0 0.0
3.1112e-6 -4.12234e-5 0.0033998572 0.0 0.0
3.889e-6 -4.12234e-5 0.0021833916 0.0 0.0
4.6668e-6 -4.12234e-5 0.0014070796 0.0 0.0
5.4446e-6 -4.12234e-5 0.0006853065 0.0 0.0
6.2224e-6 -4.12234e-5 0.000371847 0.0 0.0
7.0002e-6 -4.12234e-5 0.0006810792 0.0 0.0
7.778e-6 -4.12234e-5 0.0003078577 0.0 0.0
8.5558e-6 -4.12234e-5 0.0004907359 0.0 0.0
9.3336e-6 -4.12234e-5 3.18723e-5 0.0 0.0
1.01114e-5 -4.12234e-5 0.0001886251 0.0 0.0
1.08892e-5 -4.12234e-5 0.0002031911 0.0 0.0
1.1667e-5 -4.12234e-5 0.0001442008 0.0 0.0
1.24448e-5 -4.12234e-5 0.0001502906 0.0 0.0
1.32226e-5 -4.12234e-5 0.0001373452 0.0 0.0
1.40004e-5 -4.12234e-5 8.06217e-5 0.0 0.0
1.47782e-5 -4.12234e-5 0.0001047249 0.0 0.0
1.5556e-5 -4.12234e-5 5.54886e-5 0.0 0.0
1.63338e-5 -4.12234e-5 9.3907e-5 0.0 0.0
1.71116e-5 -4.12234e-5 7.54048e-5 0.0 0.0
1.78894e-5 -4.12234e-5 5.92543e-5 0.0 0.0
1.86672e-5 -4.12234e-5 4.77863e-5 0.0 0.0
-9.72251e-5 -4.04456e-5 2.3946e-5 0.0 0.0
-9.64473e-5 -4.04456e-5 1.5631e-6 0.0 0.0
-9.56695e-5 -4.04456e-5 4.57073e-5 0.0 0.0
-9.48917e-5 -4.04456e-5 0.0005163126 0.0 0.0
-9.41139e-5 -4.04456e-5 0.0013848902 0.0 0.0
-9.33361e-5 -4.04456e-5 0.0024072906 0.0 0.0
-9.25583e-5 -4.04456e-5 0.0032574325 0.0 0.0
-9.17805e-5 -4.04456e-5 0.0042206696 0.0 0.0
-9.10027e-5 -4.04456e-5 0.004897041 0.0 0.0
-9.02249e-5 -4.04456e-5 0.0045677707 0.0 0.0
-8.94471e-5 -4.04456e-5 0.004028892 0.0 0.0
-8.86693e-5 -4.04456e-5 0.003771113 0.0 0.0
-8.78915e-5 -4.04456e-5 0.0033880355 0.0 0.0
-8.71137e-5 -4.04456e-5 0.0036405128 0.0 0.0
-8.63359e-5 -4.04456e-5 0.0031597131 0.0 0.0
-8.55581e-5 -4.04456e-5 0.0036213389 0.0 0.0
-8.47803e-5 -4.04456e-5 0.001854811 0.0 0.0
-8.40025e-5 -4.04456e-5 0.0020436313 0.0 0.0
-8.32246e-5 -4.04456e-5 0.0026550394 0.0 0.0
-8.24468e-5 -4.04456e-5 0.0025354671 0.0 0.0
-8.1669e-5 -4.04456e-5 0.0030093879 0.0 0.0
-8.08912e-5 -4.04456e-5 0.003259583 0.0 0.0
-8.01134e-5 -4.04456e-5 0.0016828277 0.0 0.0
-7.93356e-5 -4.04456e-5 0.0054713982 0.0 0.0
-7.85578e-5 -4.04456e-5 0.0067163287 0.0 0.0
-7.778e-5 -4.04456e-5 0.0098775766 0.0 0.0
-7.70022e-5 -4.04456e-5 0.0114107715 0.0 0.0
-7.62244e-5 -4.04456e-5 0.0128785402 0.0 0.0
-7.54466e-5 -4.04456e-5 0.0147078649 0.0 0.0
-7.46688e-5 -4.04456e-5 0.0141561972 0.0 0.0
-7.3891e-5 -4.04456e-5 0.0084776089 0.0 0.0
-7.31132e-5 -4.04456e-5 0.0138492851 0.0 0.0
-7.23354e-5 -4.04456e-5 0.0137677694 0.0 0.0
-7.15576e-5 -4.04456e-5 0.0133741129 0.0 0.0
-7.07798e-5 -4.04456e-5 0.0166550635 0.0 0.0
-7.0002e-5 -4.04456e-5 0.0135556555 0.0 0.0
-6.92242e-5 -4.04456e-5 0.0250261884 0.0 0.0
-6.84464e-5 -4.04456e-5 0.022052292 0.0 0.0
-6.76686e-5 -4.04456e-5 0.0255403901 0.0 0.0
-6.68908e-5 -4.04456e-5 0.0273371461 0.0 0.0
-6.6113e-5 -4.04456e-5 0.0253173882 0.0 0.0
-6.53352e-5 -4.04456e-5 0.0266370275 0.0 0.0
-6.45574e-5 -4.04456e-5 0.0246144236 0.0 0.0
-6.37796e-5 -4.04456e-5 0.0253832019 0.0 0.0
-6.30018e-5 -4.04456e-5 0.0431756025 0.0 0.0
-6.2224e-5 -4.04456e-5 0.0651853201 0.0 0.0
-6.14462e-5 -4.04456e-5 0.0785028088 0.0 0.0
-6.06684e-5 -4.04456e-5 0.1159165411 0.0 0.0
-5.98906e-5 -4.04456e-5 0.1057703003 0.0 0.0
-5.91128e-5 -4.04456e-5 0.1464773228 0.0 0.0
-5.8335e-5 -4.04456e-5 0.1730232838 0.0 0.0
-5.75572e-5 -4.04456e-5 0.2188129874 0.0 0.0
-5.67794e-5 -4.04456e-5 0.2971707655 0.0 0.0
-5.60016e-5 -4.04456e-5 0.4159943553 0.0 0.0
-5.52238e-5 -4.04456e-5 0.4905586113 0.0 0.0
-5.4446e-5 -4.04456e-5 0.5119733868 0.0 0.0
-5.36682e-5 -4.04456e-5 0.4838582079 0.0 0.0
-5.28904e-5 -4.04456e-5 0.5755296915 0.0 0.0
-5.21126e-5 -4.04456e-5 0.4699720683 0.0 0.0
-5.13348e-5 -4.04456e-5 0.3584728124 0.0 0.0
-5.0557e-5 -4.04456e-5 0.3390835369 0.0 0.0
-4.97792e-5 -4.04456e-5 0.1274958871 0.0 0.0
-4.90014e-5 -4.04456e-5 0.0798570973 0.0 0.0
-4.82236e-5 -4.04456e-5 0.1206281808 0.0 0.0
-4.74458e-5 -4.04456e-5 0.0555957975 0.0 0.0
-4.6668e-5 -4.04456e-5 0.0510590193 0.0 0.0
-4.58902e-5 -4.04456e-5 0.0002463456 0.0 0.0
-4.51124e-5 -4.04456e-5 0.0005632263 0.0 0.0
-4.43346e-5 -4.04456e-5 0.0 0.0 0.0
-4.35568e-5 -4.04456e-5 0.0 0.0 0.0
-4.2779e-5 -4.04456e-5 0.0 0.0 0.0
-4.20012e-5 -4.04456e-5 0.0 0.0 0.0
-4.12234e-5 -4.04456e-5 0.0 0.0 0.0
-4.04456e-5 -4.04456e-5 0.0 0.0 0.0
-3.96678e-5 -4.04456e-5 0.0 0.0 0.0
-3.889e-5 -4.04456e-5 0.0 0.0 0.0
-3.81122e-5 -4.04456e-5 0.0 0.0 0.0
-3.73344e-5 -4.04456e-5 0.0 0.0 0.0
-3.65566e-5 -4.04456e-5 0.0 0.0 0.0
-3.57788e-5 -4.04456e-5 0.0 0.0 0.0
-3.5001e-5 -4.04456e-5 4.03904e-5 0.0 0.0
-3.42232e-5 -4.04456e-5 0.0506814203 0.0 0.0
-3.34454e-5 -4.04456e-5 0.1057932439 0.0 0.0
-3.26676e-5 -4.04456e-5 0.0663882679 0.0 0.0
-3.18898e-5 -4.04456e-5 0.0363918002 0.0 0.0
-3.1112e-5 -4.04456e-5 0.0486947086 0.0 0.0
-3.03342e-5 -4.04456e-5 0.1423195741 0.0 0.0
-2.95564e-5 -4.04456e-5 0.1453338786 0.0 0.0
-2.87786e-5 -4.04456e-5 0.2354180151 0.0 0.0
-2.80008e-5 -4.04456e-5 0.3255078339 0.0 0.0
-2.7223e-5 -4.04456e-5 0.478670272 0.0 0.0
-2.64452e-5 -4.04456e-5 0.3568109624 0.0 0.0
-2.56674e-5 -4.04456e-5 0.3444033178 0.0 0.0
-2.48896e-5 -4.04456e-5 0.2181438434 0.0 0.0
-2.41118e-5 -4.04456e-5 0.1363487381 0.0 0.0
-2.3334e-5 -4.04456e-5 0.0958473993 0.0 0.0
-2.25562e-5 -4.04456e-5 0.0542324254 0.0 0.0
-2.17784e-5 -4.04456e-5 0.0644624625 0.0 0.0
-2.10006e-5 -4.04456e-5 0.0473325755 0.0 0.0
-2.02228e-5 -4.04456e-5 0.1227811502 0.0 0.0
-1.9445e-5 -4.04456e-5 0.0771182989 0.0 0.0
-1.86672e-5 -4.04456e-5 0.0396094358 0.0 0.0
-1.78894e-5 -4.04456e-5 0.0222063901 0.0 0.0
-1.71116e-5 -4.04456e-5 0.0155834932 0.0 0.0
-1.63338e-5 -4.04456e-5 0.0146553986 0.0 0.0
-1.5556e-5 -4.04456e-5 0.010098043 0.0 0.0
-1.47782e-5 -4.04456e-5 0.0098177751 0.0 0.0
-1.40004e-5 -4.04456e-5 0.0172498268 0.0 0.0
-1.32226e-5 -4.04456e-5 0.0102579204 0.0 0.0
-1.24448e-5 -4.04456e-5 0.0135453458 0.0 0.0
-1.1667e-5 -4.04456e-5 0.0189779337 0.0 0.0
-1.08892e-5 -4.04456e-5 0.0207213089 0.0 0.0
-1.01114e-5 -4.04456e-5 0.0184254866 0.0 0.0
-9.3336e-6 -4.04456e-5 0.007870273 0.0 0.0
-8.5558e-6 -4.04456e-5 0.0052458769 0.0 0.0
-7.778e-6 -4.04456e-5 0.0003412067 0.0 0.0
-7.0002e-6 -4.04456e-5 0.0006818032 0.0 0.0
-6.2224e-6 -4.04456e-5 1.1e-7 0.0 0.0
-5.4446e-6 -4.04456e-5 0.0001700052 0.0 0.0
-4.6668e-6 -4.04456e-5 6.766e-6 0.0 0.0
-3.889e-6 -4.04456e-5 0.000719975 0.0 0.0
-3.1112e-6 -4.04456e-5 0.0005828092 0.0 0.0
-2.3334e-6 -4.04456e-5 0.0005618677 0.0 0.0
-1.5556e-6 -4.04456e-5 0.000952307 0.0 0.0
-7.778e-7 -4.04456e-5 0.0012594282 0.0 0.0
0.0 -4.04456e-5 0.0011113323 0.0 0.0
7.778e-7 -4.04456e-5 0.0012699002 0.0 0.0
1.5556e-6 -4.04456e-5 0.0017781636 0.0 0.0
2.3334e-6 -4.04456e-5 0.0026546826 0.0 0.0
3.1112e-6 -4.04456e-5 0.0039145365 0.0 0.0
3.889e-6 -4.04456e-5 0.002267838 0.0 0.0
4.6668e-6 -4.04456e-5 0.0008229197 0.0 0.0
5.4446e-6 -4.04456e-5 0.0010015534 0.0 0.0
6.2224e-6 -4.04456e-5 0.0005813662 0.0 0.0
7.0002e-6 -4.04456e-5 7.93724e-5 0.0 0.0
7.778e-6 -4.04456e-5 0.0004790531 0.0 0.0
8.5558e-6 -4.04456e-5 3.0524e-6 0.0 0.0
9.3336e-6 -4.04456e-5 0.000157251 0.0 0.0
1.01114e-5 -4.04456e-5 0.0003964997 0.0 0.0
1.08892e-5 -4.04456e-5 9.1879e-6 0.0 0.0
1.1667e-5 -4.04456e-5 0.000250165 0.0 0.0
1.24448e-5 -4.04456e-5 0.0001317899 0.0 0.0
1.32226e-5 -4.04456e-5 0.0001307429 0.0 0.0
1.40004e-5 -4.04456e-5 9.11599e-5 0.0 0.0
1.47782e-5 -4.04456e-5 0.0001141093 0.0 0.0
1.5556e-5 -4.04456e-5 4.47726e-5 0.0 0.0
1.63338e-5 -4.04456e-5 8.64744e-5 0.0 0.0
1.71116e-5 -4.04456e-5 6.68878e-5 0.0 0.0
1.78894e-5 -4.04456e-5 5.64873e-5 0.0 0.0
1.86672e-5 -4.04456e-5 4.51533e-5 0.0 0.0
-9.72251e-5 -3.96678e-5 0.0002083721 0.0 0.0
-9.64473e-5 -3.96678e-5 0.0002730575 0.0 0.0
-9.56695e-5 -3.96678e-5 0.0011131384 0.0 0.0
-9.48917e-5 -3.96678e-5 0.0012085563 0.0 0.0
-9.41139e-5 -3.96678e-5 0.0021915595 0.0 0.0
-9.33361e-5 -3.96678e-5 0.0031793968 0.0 0.0
-9.25583e-5 -3.96678e-5 0.0043380015 0.0 0.0
-9.17805e-5 -3.96678e-5 0.0038047871 0.0 0.0
-9.10027e-5 -3.96678e-5 0.0042803566 0.0 0.0
-9.02249e-5 -3.96678e-5 0.0036767006 0.0 0.0
-8.94471e-5 -3.96678e-5 0.0033259109 0.0 0.0
-8.86693e-5 -3.96678e-5 0.0027064048 0.0 0.0
-8.78915e-5 -3.96678e-5 0.0030753719 0.0 0.0
-8.71137e-5 -3.96678e-5 0.001368874 0.0 0.0
-8.63359e-5 -3.96678e-5 0.00206322 0.0 0.0
-8.55581e-5 -3.96678e-5 0.0027147097 0.0 0.0
-8.47803e-5 -3.96678e-5 0.0011335301 0.0 0.0
-8.40025e-5 -3.96678e-5 0.0030025336 0.0 0.0
-8.32246e-5 -3.96678e-5 0.0008857262 0.0 0.0
-8.24468e-5 -3.96678e-5 0.0016669847 0.0 0.0
-8.1669e-5 -3.96678e-5 0.0022751892 0.0 0.0
-8.08912e-5 -3.96678e-5 0.0034770567 0.0 0.0
-8.01134e-5 -3.96678e-5 0.0018336148 0.0 0.0
-7.93356e-5 -3.96678e-5 0.0030154813 0.0 0.0
-7.85578e-5 -3.96678e-5 0.0089320019 0.0 0.0
-7.778e-5 -3.96678e-5 0.0099977361 0.0 0.0
-7.70022e-5 -3.96678e-5 0.0121692873 0.0 0.0
-7.62244e-5 -3.96678e-5 0.0103083545 0.0 0.0
-7.54466e-5 -3.96678e-5 0.0112517648 0.0 0.0
-7.46688e-5 -3.96678e-5 0.0130028546 0.0 0.0
-7.3891e-5 -3.96678e-5 0.0142897135 0.0 0.0
-7.31132e-5 -3.96678e-5 0.0078615742 0.0 0.0
-7.23354e-5 -3.96678e-5 0.0096470351 0.0 0.0
-7.15576e-5 -3.96678e-5 0.0122970231 0.0 0.0
-7.07798e-5 -3.96678e-5 0.010005068 0.0 0.0
-7.0002e-5 -3.96678e-5 0.0233238699 0.0 0.0
-6.92242e-5 -3.96678e-5 0.0253397075 0.0 0.0
-6.84464e-5 -3.96678e-5 0.0254357684 0.0 0.0
-6.76686e-5 -3.96678e-5 0.0204480348 0.0 0.0
-6.68908e-5 -3.96678e-5 0.0253386159 0.0 0.0
-6.6113e-5 -3.96678e-5 0.0183720264 0.0 0.0
-6.53352e-5 -3.96678e-5 0.0213385685 0.0 0.0
-6.45574e-5 -3.96678e-5 0.0255998145 0.0 0.0
-6.37796e-5 -3.96678e-5 0.0333651018 0.0 0.0
-6.30018e-5 -3.96678e-5 0.0401914408 0.0 0.0
-6.2224e-5 -3.96678e-5 0.0598120884 0.0 0.0
-6.14462e-5 -3.96678e-5 0.0869898394 0.0 0.0
-6.06684e-5 -3.96678e-5 0.1167037479 0.0 0.0
-5.98906e-5 -3.96678e-5 0.1249244121 0.0 0.0
-5.91128e-5 -3.96678e-5 0.1300058712 0.0 0.0
-5.8335e-5 -3.96678e-5 0.1616742854 0.0 0.0
-5.75572e-5 -3.96678e-5 0.2018618815 0.0 0.0
-5.67794e-5 -3.96678e-5 0.287937697 0.0 0.0
-5.60016e-5 -3.96678e-5 0.4671043851 0.0 0.0
-5.52238e-5 -3.96678e-5 0.473012444 0.0 0.0
-5.4446e-5 -3.96678e-5 0.3914906235 0.0 0.0
-5.36682e-5 -3.96678e-5 0.5366183081 0.0 0.0
-5.28904e-5 -3.96678e-5 0.6339617317 0.0 0.0
-5.21126e-5 -3.96678e-5 0.320290021 0.0 0.0
-5.13348e-5 -3.96678e-5 0.4218677475 0.0 0.0
-5.0557e-5 -3.96678e-5 0.2956589766 0.0 0.0
-4.97792e-5 -3.96678e-5 0.2030694223 0.0 0.0
-4.90014e-5 -3.96678e-5 0.169954893 0.0 0.0
-4.82236e-5 -3.96678e-5 0.0279914792 0.0 0.0
-4.74458e-5 -3.96678e-5 0.0606102012 0.0 0.0
-4.6668e-5 -3.96678e-5 0.0110130268 0.0 0.0
-4.58902e-5 -3.96678e-5 0.0010353657 0.0 0.0
-4.51124e-5 -3.96678e-5 1.2e-9 0.0 0.0
-4.43346e-5 -3.96678e-5 0.0 0.0 0.0
-4.35568e-5 -3.96678e-5 0.0 0.0 0.0
-4.2779e-5 -3.96678e-5 0.0 0.0 0.0
-4.20012e-5 -3.96678e-5 0.0 0.0 0.0
-4.12234e-5 -3.96678e-5 0.0 0.0 0.0
-4.04456e-5 -3.96678e-5 0.0 0.0 0.0
-3.96678e-5 -3.96678e-5 0.0 0.0 0.0
-3.889e-5 -3.96678e-5 0.0 0.0 0.0
-3.81122e-5 -3.96678e-5 0.0 0.0 0.0
-3.73344e-5 -3.96678e-5 0.0 0.0 0.0
-3.65566e-5 -3.96678e-5 0.0 0.0 0.0
-3.57788e-5 -3.96678e-5 0.0 0.0 0.0
-3.5001e-5 -3.96678e-5 1.2262e-6 0.0 0.0
-3.42232e-5 -3.96678e-5 0.0375468508 0.0 0.0
-3.34454e-5 -3.96678e-5 0.0670009495 0.0 0.0
-3.26676e-5 -3.96678e-5 0.0365644315 0.0 0.0
-3.18898e-5 -3.96678e-5 0.0192601675 0.0 0.0
-3.1112e-5 -3.96678e-5 0.0874101696 0.0 0.0
-3.03342e-5 -3.96678e-5 0.0713206099 0.0 0.0
-2.95564e-5 -3.96678e-5 0.2442695043 0.0 0.0
-2.87786e-5 -3.96678e-5 0.364665766 0.0 0.0
-2.80008e-5 -3.96678e-5 0.3814557513 0.0 0.0
-2.7223e-5 -3.96678e-5 0.6758108565 0.0 0.0
-2.64452e-5 -3.96678e-5 0.4071275893 0.0 0.0
-2.56674e-5 -3.96678e-5 0.3643608809 0.0 0.0
-2.48896e-5 -3.96678e-5 0.2526244776 0.0 0.0
-2.41118e-5 -3.96678e-5 0.0970555954 0.0 0.0
-2.3334e-5 -3.96678e-5 0.1067569722 0.0 0.0
-2.25562e-5 -3.96678e-5 0.0626026158 0.0 0.0
-2.17784e-5 -3.96678e-5 0.1070241001 0.0 0.0
-2.10006e-5 -3.96678e-5 0.0664273231 0.0 0.0
-2.02228e-5 -3.96678e-5 0.1266662557 0.0 0.0
-1.9445e-5 -3.96678e-5 0.0597133921 0.0 0.0
-1.86672e-5 -3.96678e-5 0.0339150369 0.0 0.0
-1.78894e-5 -3.96678e-5 0.0313636035 0.0 0.0
-1.71116e-5 -3.96678e-5 0.0209222082 0.0 0.0
-1.63338e-5 -3.96678e-5 0.0106269404 0.0 0.0
-1.5556e-5 -3.96678e-5 0.0085533577 0.0 0.0
-1.47782e-5 -3.96678e-5 0.0202734644 0.0 0.0
-1.40004e-5 -3.96678e-5 0.0128935423 0.0 0.0
-1.32226e-5 -3.96678e-5 0.0151752727 0.0 0.0
-1.24448e-5 -3.96678e-5 0.0185292685 0.0 0.0
-1.1667e-5 -3.96678e-5 0.0235667038 0.0 0.0
-1.08892e-5 -3.96678e-5 0.0213787547 0.0 0.0
-1.01114e-5 -3.96678e-5 0.0183265162 0.0 0.0
-9.3336e-6 -3.96678e-5 0.0053702789 0.0 0.0
-8.5558e-6 -3.96678e-5 0.0030743407 0.0 0.0
-7.778e-6 -3.96678e-5 2.2276e-5 0.0 0.0
-7.0002e-6 -3.96678e-5 0.0012945331 0.0 0.0
-6.2224e-6 -3.96678e-5 2.5538e-6 0.0 0.0
-5.4446e-6 -3.96678e-5 0.0004428624 0.0 0.0
-4.6668e-6 -3.96678e-5 7.76606e-5 0.0 0.0
-3.889e-6 -3.96678e-5 7.91768e-5 0.0 0.0
-3.1112e-6 -3.96678e-5 0.0011271779 0.0 0.0
-2.3334e-6 -3.96678e-5 0.0008237623 0.0 0.0
-1.5556e-6 -3.96678e-5 0.0011727645 0.0 0.0
-7.778e-7 -3.96678e-5 0.0013808107 0.0 0.0
0.0 -3.96678e-5 0.0014113909 0.0 0.0
7.778e-7 -3.96678e-5 0.0015091307 0.0 0.0
1.5556e-6 -3.96678e-5 0.0021410842 0.0 0.0
2.3334e-6 -3.96678e-5 0.0032338271 0.0 0.0
3.1112e-6 -3.96678e-5 0.0034279682 0.0 0.0
3.889e-6 -3.96678e-5 0.002572749 0.0 0.0
4.6668e-6 -3.96678e-5 0.0006732535 0.0 0.0
5.4446e-6 -3.96678e-5 0.0003248434 0.0 0.0
6.2224e-6 -3.96678e-5 6.0303e-5 0.0 0.0
7.0002e-6 -3.96678e-5 0.0003366244 0.0 0.0
7.778e-6 -3.96678e-5 2.6817e-6 0.0 0.0
8.5558e-6 -3.96678e-5 3.84831e-5 0.0 0.0
9.3336e-6 -3.96678e-5 0.0002488267 0.0 0.0
1.01114e-5 -3.96678e-5 1.5594e-6 0.0 0.0
1.08892e-5 -3.96678e-5 0.0003354198 0.0 0.0
1.1667e-5 -3.96678e-5 1.6549e-5 0.0 0.0
1.24448e-5 -3.96678e-5 0.0001684224 0.0 0.0
1.32226e-5 -3.96678e-5 0.0001453805 0.0 0.0
1.40004e-5 -3.96678e-5 0.0002191499 0.0 0.0
1.47782e-5 -3.96678e-5 9.5867e-5 0.0 0.0
1.5556e-5 -3.96678e-5 9.6895e-5 0.0 0.0
1.63338e-5 -3.96678e-5 8.11808e-5 0.0 0.0
1.71116e-5 -3.96678e-5 6.15292e-5 0.0 0.0
1.78894e-5 -3.96678e-5 5.0179e-5 0.0 0.0
1.86672e-5 -3.96678e-5 4.31206e-5 0.0 0.0
-9.72251e-5 -3.889e-5 0.0002994135 0.0 0.0
-9.64473e-5 -3.889e-5 0.0008453001 0.0 0.0
-9.56695e-5 -3.889e-5 0.0015477683 0.0 0.0
-9.48917e-5 -3.889e-5 0.0029253864 0.0 0.0
-9.41139e-5 -3.889e-5 0.0027101348 0.0 0.0
-9.33361e-5 -3.889e-5 0.0033962134 0.0 0.0
-9.25583e-5 -3.889e-5 0.0039743568 0.0 0.0
-9.17805e-5 -3.889e-5 0.0024320233 0.0 0.0
-9.10027e-5 -3.889e-5 0.0018105488 0.0 0.0
-9.02249e-5 -3.889e-5 0.0012294676 0.0 0.0
-8.94471e-5 -3.889e-5 0.0012587798 0.0 0.0
-8.86693e-5 -3.889e-5 0.0012003685 0.0 0.0
-8.78915e-5 -3.889e-5 0.0023376697 0.0 0.0
-8.71137e-5 -3.889e-5 0.003183113 0.0 0.0
-8.63359e-5 -3.889e-5 0.0035578521 0.0 0.0
-8.55581e-5 -3.889e-5 0.0025131369 0.0 0.0
-8.47803e-5 -3.889e-5 0.0032178363 0.0 0.0
-8.40025e-5 -3.889e-5 0.0022581429 0.0 0.0
-8.32246e-5 -3.889e-5 0.0031267483 0.0 0.0
-8.24468e-5 -3.889e-5 0.0009787149 0.0 0.0
-8.1669e-5 -3.889e-5 0.0017723297 0.0 0.0
-8.08912e-5 -3.889e-5 0.0029407236 0.0 0.0
-8.01134e-5 -3.889e-5 0.0046017031 0.0 0.0
-7.93356e-5 -3.889e-5 0.0065065114 0.0 0.0
-7.85578e-5 -3.889e-5 0.0075155658 0.0 0.0
-7.778e-5 -3.889e-5 0.0084085905 0.0 0.0
-7.70022e-5 -3.889e-5 0.0107373711 0.0 0.0
-7.62244e-5 -3.889e-5 0.0128771457 0.0 0.0
-7.54466e-5 -3.889e-5 0.0130234615 0.0 0.0
-7.46688e-5 -3.889e-5 0.0081376767 0.0 0.0
-7.3891e-5 -3.889e-5 0.008595652 0.0 0.0
-7.31132e-5 -3.889e-5 0.0096086056 0.0 0.0
-7.23354e-5 -3.889e-5 0.0117101224 0.0 0.0
-7.15576e-5 -3.889e-5 0.0066998726 0.0 0.0
-7.07798e-5 -3.889e-5 0.0177059404 0.0 0.0
-7.0002e-5 -3.889e-5 0.0199045993 0.0 0.0
-6.92242e-5 -3.889e-5 0.0206235155 0.0 0.0
-6.84464e-5 -3.889e-5 0.0183743877 0.0 0.0
-6.76686e-5 -3.889e-5 0.0246800368 0.0 0.0
-6.68908e-5 -3.889e-5 0.0267021119 0.0 0.0
-6.6113e-5 -3.889e-5 0.0187571504 0.0 0.0
-6.53352e-5 -3.889e-5 0.0228387173 0.0 0.0
-6.45574e-5 -3.889e-5 0.0283878973 0.0 0.0
-6.37796e-5 -3.889e-5 0.0326880281 0.0 0.0
-6.30018e-5 -3.889e-5 0.0563806257 0.0 0.0
-6.2224e-5 -3.889e-5 0.0535029927 0.0 0.0
-6.14462e-5 -3.889e-5 0.0868915762 0.0 0.0
-6.06684e-5 -3.889e-5 0.1118352277 0.0 0.0
-5.98906e-5 -3.889e-5 0.1271465437 0.0 0.0
-5.91128e-5 -3.889e-5 0.1127117991 0.0 0.0
-5.8335e-5 -3.889e-5 0.1356051902 0.0 0.0
-5.75572e-5 -3.889e-5 0.1909548423 0.0 0.0
-5.67794e-5 -3.889e-5 0.3203072233 0.0 0.0
-5.60016e-5 -3.889e-5 0.4768469772 0.0 0.0
-5.52238e-5 -3.889e-5 0.4471157062 0.0 0.0
-5.4446e-5 -3.889e-5 0.3291480421 0.0 0.0
-5.36682e-5 -3.889e-5 0.5940939591 0.0 0.0
-5.28904e-5 -3.889e-5 0.4449029166 0.0 0.0
-5.21126e-5 -3.889e-5 0.3931567459 0.0 0.0
-5.13348e-5 -3.889e-5 0.19565428 0.0 0.0
-5.0557e-5 -3.889e-5 0.1562751931 0.0 0.0
-4.97792e-5 -3.889e-5 0.1379176287 0.0 0.0
-4.90014e-5 -3.889e-5 0.2338976956 0.0 0.0
-4.82236e-5 -3.889e-5 0.0919887059 0.0 0.0
-4.74458e-5 -3.889e-5 0.0351964172 0.0 0.0
-4.6668e-5 -3.889e-5 0.0246038404 0.0 0.0
-4.58902e-5 -3.889e-5 0.0022775472 0.0 0.0
-4.51124e-5 -3.889e-5 8.0e-10 0.0 0.0
-4.43346e-5 -3.889e-5 0.0 0.0 0.0
-4.35568e-5 -3.889e-5 0.0 0.0 0.0
-4.2779e-5 -3.889e-5 0.0 0.0 0.0
-4.20012e-5 -3.889e-5 0.0 0.0 0.0
-4.12234e-5 -3.889e-5 0.0 0.0 0.0
-4.04456e-5 -3.889e-5 0.0 0.0 0.0
-3.96678e-5 -3.889e-5 0.0 0.0 0.0
-3.889e-5 -3.889e-5 0.0 0.0 0.0
-3.81122e-5 -3.889e-5 0.0 0.0 0.0
-3.73344e-5 -3.889e-5 0.0 0.0 0.0
-3.65566e-5 -3.889e-5 0.0 0.0 0.0
-3.57788e-5 -3.889e-5 0.0 0.0 0.0
-3.5001e-5 -3.889e-5 9.753e-7 0.0 0.0
-3.42232e-5 -3.889e-5 0.0348737847 0.0 0.0
-3.34454e-5 -3.889e-5 0.0592941756 0.0 0.0
-3.26676e-5 -3.889e-5 0.0560636943 0.0 0.0
-3.18898e-5 -3.889e-5 0.0174561928 0.0 0.0
-3.1112e-5 -3.889e-5 0.0086614631 0.0 0.0
-3.03342e-5 -3.889e-5 0.3513377237 0.0 0.0
-2.95564e-5 -3.889e-5 0.233747155 0.0 0.0
-2.87786e-5 -3.889e-5 0.4229802412 0.0 0.0
-2.80008e-5 -3.889e-5 0.3321500703 0.0 0.0
-2.7223e-5 -3.889e-5 0.6839680047 0.0 0.0
-2.64452e-5 -3.889e-5 0.4754008416 0.0 0.0
-2.56674e-5 -3.889e-5 0.2756882537 0.0 0.0
-2.48896e-5 -3.889e-5 0.2327802512 0.0 0.0
-2.41118e-5 -3.889e-5 0.0968300093 0.0 0.0
-2.3334e-5 -3.889e-5 0.0764328049 0.0 0.0
-2.25562e-5 -3.889e-5 0.0666188651 0.0 0.0
-2.17784e-5 -3.889e-5 0.1806177716 0.0 0.0
-2.10006e-5 -3.889e-5 0.0468807101 0.0 0.0
-2.02228e-5 -3.889e-5 0.1250101769 0.0 0.0
-1.9445e-5 -3.889e-5 0.0664788335 0.0 0.0
-1.86672e-5 -3.889e-5 0.0352986042 0.0 0.0
-1.78894e-5 -3.889e-5 0.0252522752 0.0 0.0
-1.71116e-5 -3.889e-5 0.0147691651 0.0 0.0
-1.63338e-5 -3.889e-5 0.0210905472 0.0 0.0
-1.5556e-5 -3.889e-5 0.0166184395 0.0 0.0
-1.47782e-5 -3.889e-5 0.0162585852 0.0 0.0
-1.40004e-5 -3.889e-5 0.0187642715 0.0 0.0
-1.32226e-5 -3.889e-5 0.0197342591 0.0 0.0
-1.24448e-5 -3.889e-5 0.0227426045 0.0 0.0
-1.1667e-5 -3.889e-5 0.02437565 0.0 0.0
-1.08892e-5 -3.889e-5 0.0177940111 0.0 0.0
-1.01114e-5 -3.889e-5 0.0125739199 0.0 0.0
-9.3336e-6 -3.889e-5 0.0022878936 0.0 0.0
-8.5558e-6 -3.889e-5 0.0015117902 0.0 0.0
-7.778e-6 -3.889e-5 2.7981e-6 0.0 0.0
-7.0002e-6 -3.889e-5 0.0009724017 0.0 0.0
-6.2224e-6 -3.889e-5 5.6135e-6 0.0 0.0
-5.4446e-6 -3.889e-5 0.00080792 0.0 0.0
-4.6668e-6 -3.889e-5 0.0001609206 0.0 0.0
-3.889e-6 -3.889e-5 0.0002126638 0.0 0.0
-3.1112e-6 -3.889e-5 0.0005611396 0.0 0.0
-2.3334e-6 -3.889e-5 0.0011907885 0.0 0.0
-1.5556e-6 -3.889e-5 0.0015002985 0.0 0.0
-7.778e-7 -3.889e-5 0.0015972019 0.0 0.0
0.0 -3.889e-5 0.0015484969 0.0 0.0
7.778e-7 -3.889e-5 0.0017136471 0.0 0.0
1.5556e-6 -3.889e-5 0.0025583705 0.0 0.0
2.3334e-6 -3.889e-5 0.0039103186 0.0 0.0
3.1112e-6 -3.889e-5 0.0024418301 0.0 0.0
3.889e-6 -3.889e-5 0.0018259542 0.0 0.0
4.6668e-6 -3.889e-5 0.0009907062 0.0 0.0
5.4446e-6 -3.889e-5 0.0005845982 0.0 0.0
6.2224e-6 -3.889e-5 0.0002024591 0.0 0.0
7.0002e-6 -3.889e-5 0.0006477736 0.0 0.0
7.778e-6 -3.889e-5 7.7657e-6 0.0 0.0
8.5558e-6 -3.889e-5 9.5397e-5 0.0 0.0
9.3336e-6 -3.889e-5 0.0003129383 0.0 0.0
1.01114e-5 -3.889e-5 2.3043e-6 0.0 0.0
1.08892e-5 -3.889e-5 6.7819e-6 0.0 0.0
1.1667e-5 -3.889e-5 2.07592e-5 0.0 0.0
1.24448e-5 -3.889e-5 0.0001873447 0.0 0.0
1.32226e-5 -3.889e-5 0.000149297 0.0 0.0
1.40004e-5 -3.889e-5 0.0001986661 0.0 0.0
1.47782e-5 -3.889e-5 8.50317e-5 0.0 0.0
1.5556e-5 -3.889e-5 8.96791e-5 0.0 0.0
1.63338e-5 -3.889e-5 7.48588e-5 0.0 0.0
1.71116e-5 -3.889e-5 5.61214e-5 0.0 0.0
1.78894e-5 -3.889e-5 4.5069e-5 0.0 0.0
1.86672e-5 -3.889e-5 4.1162e-5 0.0 0.0
-9.72251e-5 -3.81122e-5 0.0005995292 0.0 0.0
-9.64473e-5 -3.81122e-5 0.0019607158 0.0 0.0
-9.56695e-5 -3.81122e-5 0.0016008132 0.0 0.0
-9.48917e-5 -3.81122e-5 0.0020683994 0.0 0.0
-9.41139e-5 -3.81122e-5 0.0025203042 0.0 0.0
-9.33361e-5 -3.81122e-5 0.0028095046 0.0 0.0
-9.25583e-5 -3.81122e-5 0.0025250251 0.0 0.0
-9.17805e-5 -3.81122e-5 0.0023540125 0.0 0.0
-9.10027e-5 -3.81122e-5 0.0017649605 0.0 0.0
-9.02249e-5 -3.81122e-5 0.0014925094 0.0 0.0
-8.94471e-5 -3.81122e-5 0.0014588159 0.0 0.0
-8.86693e-5 -3.81122e-5 0.0014587127 0.0 0.0
-8.78915e-5 -3.81122e-5 0.0020648657 0.0 0.0
-8.71137e-5 -3.81122e-5 0.0026721289 0.0 0.0
-8.63359e-5 -3.81122e-5 0.0048397375 0.0 0.0
-8.55581e-5 -3.81122e-5 0.0060916238 0.0 0.0
-8.47803e-5 -3.81122e-5 0.0017282976 0.0 0.0
-8.40025e-5 -3.81122e-5 0.0023558868 0.0 0.0
-8.32246e-5 -3.81122e-5 0.0030038482 0.0 0.0
-8.24468e-5 -3.81122e-5 0.0027934087 0.0 0.0
-8.1669e-5 -3.81122e-5 0.0032643565 0.0 0.0
-8.08912e-5 -3.81122e-5 0.0037868786 0.0 0.0
-8.01134e-5 -3.81122e-5 0.0050162598 0.0 0.0
-7.93356e-5 -3.81122e-5 0.0092228961 0.0 0.0
-7.85578e-5 -3.81122e-5 0.0090312104 0.0 0.0
-7.778e-5 -3.81122e-5 0.0086273028 0.0 0.0
-7.70022e-5 -3.81122e-5 0.0097226076 0.0 0.0
-7.62244e-5 -3.81122e-5 0.0108901722 0.0 0.0
-7.54466e-5 -3.81122e-5 0.0083274291 0.0 0.0
-7.46688e-5 -3.81122e-5 0.0076219742 0.0 0.0
-7.3891e-5 -3.81122e-5 0.0063221705 0.0 0.0
-7.31132e-5 -3.81122e-5 0.0065217651 0.0 0.0
-7.23354e-5 -3.81122e-5 0.0059850016 0.0 0.0
-7.15576e-5 -3.81122e-5 0.0077152105 0.0 0.0
-7.07798e-5 -3.81122e-5 0.0163760736 0.0 0.0
-7.0002e-5 -3.81122e-5 0.0164046692 0.0 0.0
-6.92242e-5 -3.81122e-5 0.0243404451 0.0 0.0
-6.84464e-5 -3.81122e-5 0.0175667397 0.0 0.0
-6.76686e-5 -3.81122e-5 0.0291288501 0.0 0.0
-6.68908e-5 -3.81122e-5 0.0288153209 0.0 0.0
-6.6113e-5 -3.81122e-5 0.0270544135 0.0 0.0
-6.53352e-5 -3.81122e-5 0.027815534 0.0 0.0
-6.45574e-5 -3.81122e-5 0.0277112591 0.0 0.0
-6.37796e-5 -3.81122e-5 0.040927095 0.0 0.0
-6.30018e-5 -3.81122e-5 0.0512182692 0.0 0.0
-6.2224e-5 -3.81122e-5 0.0621987336 0.0 0.0
-6.14462e-5 -3.81122e-5 0.0825870933 0.0 0.0
-6.06684e-5 -3.81122e-5 0.1186238159 0.0 0.0
-5.98906e-5 -3.81122e-5 0.1023864079 0.0 0.0
-5.91128e-5 -3.81122e-5 0.090119087 0.0 0.0
-5.8335e-5 -3.81122e-5 0.1261853789 0.0 0.0
-5.75572e-5 -3.81122e-5 0.1540733576 0.0 0.0
-5.67794e-5 -3.81122e-5 0.3366316637 0.0 0.0
-5.60016e-5 -3.81122e-5 0.401224924 0.0 0.0
-5.52238e-5 -3.81122e-5 0.3994680996 0.0 0.0
-5.4446e-5 -3.81122e-5 0.4158787989 0.0 0.0
-5.36682e-5 -3.81122e-5 0.6098889677 0.0 0.0
-5.28904e-5 -3.81122e-5 0.3339018387 0.0 0.0
-5.21126e-5 -3.81122e-5 0.4843311226 0.0 0.0
-5.13348e-5 -3.81122e-5 0.1593257186 0.0 0.0
-5.0557e-5 -3.81122e-5 0.0975298025 0.0 0.0
-4.97792e-5 -3.81122e-5 0.1415037947 0.0 0.0
-4.90014e-5 -3.81122e-5 0.2126740279 0.0 0.0
-4.82236e-5 -3.81122e-5 0.1018779625 0.0 0.0
-4.74458e-5 -3.81122e-5 0.0341775027 0.0 0.0
-4.6668e-5 -3.81122e-5 0.0282557687 0.0 0.0
-4.58902e-5 -3.81122e-5 0.0027248695 0.0 0.0
-4.51124e-5 -3.81122e-5 2.0e-9 0.0 0.0
-4.43346e-5 -3.81122e-5 0.0 0.0 0.0
-4.35568e-5 -3.81122e-5 0.0 0.0 0.0
-4.2779e-5 -3.81122e-5 0.0 0.0 0.0
-4.20012e-5 -3.81122e-5 0.0 0.0 0.0
-4.12234e-5 -3.81122e-5 0.0 0.0 0.0
-4.04456e-5 -3.81122e-5 0.0 0.0 0.0
-3.96678e-5 -3.81122e-5 0.0 0.0 0.0
-3.889e-5 -3.81122e-5 0.0 0.0 0.0
-3.81122e-5 -3.81122e-5 0.0 0.0 0.0
-3.73344e-5 -3.81122e-5 0.0 0.0 0.0
-3.65566e-5 -3.81122e-5 0.0 0.0 0.0
-3.57788e-5 -3.81122e-5 0.0 0.0 0.0
-3.5001e-5 -3.81122e-5 2.5102e-6 0.0 0.0
-3.42232e-5 -3.81122e-5 0.0045637672 0.0 0.0
-3.34454e-5 -3.81122e-5 0.0325088555 0.0 0.0
-3.26676e-5 -3.81122e-5 0.0488251324 0.0 0.0
-3.18898e-5 -3.81122e-5 0.0276767623 0.0 0.0
-3.1112e-5 -3.81122e-5 0.0039353983 0.0 0.0
-3.03342e-5 -3.81122e-5 0.1740651097 0.0 0.0
-2.95564e-5 -3.81122e-5 0.3406304161 0.0 0.0
-2.87786e-5 -3.81122e-5 0.3229467423 0.0 0.0
-2.80008e-5 -3.81122e-5 0.2973500551 0.0 0.0
-2.7223e-5 -3.81122e-5 0.5514775763 0.0 0.0
-2.64452e-5 -3.81122e-5 0.5323892647 0.0 0.0
-2.56674e-5 -3.81122e-5 0.303991356 0.0 0.0
-2.48896e-5 -3.81122e-5 0.2366565779 0.0 0.0
-2.41118e-5 -3.81122e-5 0.1012876581 0.0 0.0
-2.3334e-5 -3.81122e-5 0.0229143073 0.0 0.0
-2.25562e-5 -3.81122e-5 0.0343282697 0.0 0.0
-2.17784e-5 -3.81122e-5 0.1302453663 0.0 0.0
-2.10006e-5 -3.81122e-5 0.0588568411 0.0 0.0
-2.02228e-5 -3.81122e-5 0.1222519756 0.0 0.0
-1.9445e-5 -3.81122e-5 0.0501138197 0.0 0.0
-1.86672e-5 -3.81122e-5 0.0321797332 0.0 0.0
-1.78894e-5 -3.81122e-5 0.0288301873 0.0 0.0
-1.71116e-5 -3.81122e-5 0.0169075084 0.0 0.0
-1.63338e-5 -3.81122e-5 0.0139566784 0.0 0.0
-1.5556e-5 -3.81122e-5 0.0121642795 0.0 0.0
-1.47782e-5 -3.81122e-5 0.0224417579 0.0 0.0
-1.40004e-5 -3.81122e-5 0.0221302738 0.0 0.0
-1.32226e-5 -3.81122e-5 0.0232452745 0.0 0.0
-1.24448e-5 -3.81122e-5 0.0256278638 0.0 0.0
-1.1667e-5 -3.81122e-5 0.0228053503 0.0 0.0
-1.08892e-5 -3.81122e-5 0.0158864067 0.0 0.0
-1.01114e-5 -3.81122e-5 0.0094000317 0.0 0.0
-9.3336e-6 -3.81122e-5 0.0016359439 0.0 0.0
-8.5558e-6 -3.81122e-5 0.0009510599 0.0 0.0
-7.778e-6 -3.81122e-5 1.57242e-5 0.0 0.0
-7.0002e-6 -3.81122e-5 0.0008190344 0.0 0.0
-6.2224e-6 -3.81122e-5 8.1189e-6 0.0 0.0
-5.4446e-6 -3.81122e-5 0.0007113526 0.0 0.0
-4.6668e-6 -3.81122e-5 0.0004151556 0.0 0.0
-3.889e-6 -3.81122e-5 0.0004786965 0.0 0.0
-3.1112e-6 -3.81122e-5 0.0009071185 0.0 0.0
-2.3334e-6 -3.81122e-5 0.0015234614 0.0 0.0
-1.5556e-6 -3.81122e-5 0.001828126 0.0 0.0
-7.778e-7 -3.81122e-5 0.0017320342 0.0 0.0
0.0 -3.81122e-5 0.0016335068 0.0 0.0
7.778e-7 -3.81122e-5 0.0019648469 0.0 0.0
1.5556e-6 -3.81122e-5 0.002815787 0.0 0.0
2.3334e-6 -3.81122e-5 0.0045838575 0.0 0.0
3.1112e-6 -3.81122e-5 0.0028567095 0.0 0.0
3.889e-6 -3.81122e-5 0.0020518469 0.0 0.0
4.6668e-6 -3.81122e-5 0.0012194644 0.0 0.0
5.4446e-6 -3.81122e-5 0.0008674899 0.0 0.0
6.2224e-6 -3.81122e-5 0.0005135761 0.0 0.0
7.0002e-6 -3.81122e-5 8.3746e-6 0.0 0.0
7.778e-6 -3.81122e-5 4.14289e-5 0.0 0.0
8.5558e-6 -3.81122e-5 5.87692e-5 0.0 0.0
9.3336e-6 -3.81122e-5 0.0003103985 0.0 0.0
1.01114e-5 -3.81122e-5 2.6447e-6 0.0 0.0
1.08892e-5 -3.81122e-5 8.0715e-6 0.0 0.0
1.1667e-5 -3.81122e-5 1.94818e-5 0.0 0.0
1.24448e-5 -3.81122e-5 0.0002282321 0.0 0.0
1.32226e-5 -3.81122e-5 0.0001780762 0.0 0.0
1.40004e-5 -3.81122e-5 0.0002003316 0.0 0.0
1.47782e-5 -3.81122e-5 8.33103e-5 0.0 0.0
1.5556e-5 -3.81122e-5 3.68581e-5 0.0 0.0
1.63338e-5 -3.81122e-5 7.76455e-5 0.0 0.0
1.71116e-5 -3.81122e-5 5.69299e-5 0.0 0.0
1.78894e-5 -3.81122e-5 4.46645e-5 0.0 0.0
1.86672e-5 -3.81122e-5 4.34229e-5 0.0 0.0
-9.72251e-5 -3.73344e-5 0.0010152482 0.0 0.0
-9.64473e-5 -3.73344e-5 0.0014796744 0.0 0.0
-9.56695e-5 -3.73344e-5 0.0019399382 0.0 0.0
-9.48917e-5 -3.73344e-5 0.0022850459 0.0 0.0
-9.41139e-5 -3.73344e-5 0.0025364748 0.0 0.0
-9.33361e-5 -3.73344e-5 0.0021603631 0.0 0.0
-9.25583e-5 -3.73344e-5 0.0020251016 0.0 0.0
-9.17805e-5 -3.73344e-5 0.001183801 0.0 0.0
-9.10027e-5 -3.73344e-5 0.0011213976 0.0 0.0
-9.02249e-5 -3.73344e-5 0.0006335677 0.0 0.0
-8.94471e-5 -3.73344e-5 0.0006416456 0.0 0.0
-8.86693e-5 -3.73344e-5 0.0007089196 0.0 0.0
-8.78915e-5 -3.73344e-5 0.0011797415 0.0 0.0
-8.71137e-5 -3.73344e-5 0.0047977485 0.0 0.0
-8.63359e-5 -3.73344e-5 0.0078386343 0.0 0.0
-8.55581e-5 -3.73344e-5 0.0089115432 0.0 0.0
-8.47803e-5 -3.73344e-5 0.0023544733 0.0 0.0
-8.40025e-5 -3.73344e-5 0.002249573 0.0 0.0
-8.32246e-5 -3.73344e-5 0.0029507062 0.0 0.0
-8.24468e-5 -3.73344e-5 0.0023688351 0.0 0.0
-8.1669e-5 -3.73344e-5 0.0027641796 0.0 0.0
-8.08912e-5 -3.73344e-5 0.006217882 0.0 0.0
-8.01134e-5 -3.73344e-5 0.0066121117 0.0 0.0
-7.93356e-5 -3.73344e-5 0.0072795167 0.0 0.0
-7.85578e-5 -3.73344e-5 0.0095338997 0.0 0.0
-7.778e-5 -3.73344e-5 0.0085991538 0.0 0.0
-7.70022e-5 -3.73344e-5 0.0092412377 0.0 0.0
-7.62244e-5 -3.73344e-5 0.0088053712 0.0 0.0
-7.54466e-5 -3.73344e-5 0.0114452494 0.0 0.0
-7.46688e-5 -3.73344e-5 0.0104045606 0.0 0.0
-7.3891e-5 -3.73344e-5 0.0089046471 0.0 0.0
-7.31132e-5 -3.73344e-5 0.0081003958 0.0 0.0
-7.23354e-5 -3.73344e-5 0.0076773164 0.0 0.0
-7.15576e-5 -3.73344e-5 0.0092314518 0.0 0.0
-7.07798e-5 -3.73344e-5 0.01792778 0.0 0.0
-7.0002e-5 -3.73344e-5 0.0157049781 0.0 0.0
-6.92242e-5 -3.73344e-5 0.0205000263 0.0 0.0
-6.84464e-5 -3.73344e-5 0.0204695043 0.0 0.0
-6.76686e-5 -3.73344e-5 0.0209438614 0.0 0.0
-6.68908e-5 -3.73344e-5 0.0295587217 0.0 0.0
-6.6113e-5 -3.73344e-5 0.0248605894 0.0 0.0
-6.53352e-5 -3.73344e-5 0.024662856 0.0 0.0
-6.45574e-5 -3.73344e-5 0.0197539037 0.0 0.0
-6.37796e-5 -3.73344e-5 0.026057717 0.0 0.0
-6.30018e-5 -3.73344e-5 0.052120573 0.0 0.0
-6.2224e-5 -3.73344e-5 0.0523975913 0.0 0.0
-6.14462e-5 -3.73344e-5 0.0616226038 0.0 0.0
-6.06684e-5 -3.73344e-5 0.0849068871 0.0 0.0
-5.98906e-5 -3.73344e-5 0.0702300575 0.0 0.0
-5.91128e-5 -3.73344e-5 0.090177303 0.0 0.0
-5.8335e-5 -3.73344e-5 0.0970684778 0.0 0.0
-5.75572e-5 -3.73344e-5 0.1631934775 0.0 0.0
-5.67794e-5 -3.73344e-5 0.3612847631 0.0 0.0
-5.60016e-5 -3.73344e-5 0.3791948272 0.0 0.0
-5.52238e-5 -3.73344e-5 0.3972977768 0.0 0.0
-5.4446e-5 -3.73344e-5 0.5330867279 0.0 0.0
-5.36682e-5 -3.73344e-5 0.5100735045 0.0 0.0
-5.28904e-5 -3.73344e-5 0.3088324972 0.0 0.0
-5.21126e-5 -3.73344e-5 0.3371485409 0.0 0.0
-5.13348e-5 -3.73344e-5 0.1877907182 0.0 0.0
-5.0557e-5 -3.73344e-5 0.0914637428 0.0 0.0
-4.97792e-5 -3.73344e-5 0.051262268 0.0 0.0
-4.90014e-5 -3.73344e-5 0.1785635845 0.0 0.0
-4.82236e-5 -3.73344e-5 0.11449614 0.0 0.0
-4.74458e-5 -3.73344e-5 0.0329188585 0.0 0.0
-4.6668e-5 -3.73344e-5 0.0212182687 0.0 0.0
-4.58902e-5 -3.73344e-5 0.0008976723 0.0 0.0
-4.51124e-5 -3.73344e-5 1.12e-8 0.0 0.0
-4.43346e-5 -3.73344e-5 0.0 0.0 0.0
-4.35568e-5 -3.73344e-5 0.0 0.0 0.0
-4.2779e-5 -3.73344e-5 0.0 0.0 0.0
-4.20012e-5 -3.73344e-5 0.0 0.0 0.0
-4.12234e-5 -3.73344e-5 0.0 0.0 0.0
-4.04456e-5 -3.73344e-5 0.0 0.0 0.0
-3.96678e-5 -3.73344e-5 0.0 0.0 0.0
-3.889e-5 -3.73344e-5 0.0 0.0 0.0
-3.81122e-5 -3.73344e-5 0.0 0.0 0.0
-3.73344e-5 -3.73344e-5 0.0 0.0 0.0
-3.65566e-5 -3.73344e-5 0.0 0.0 0.0
-3.57788e-5 -3.73344e-5 0.0 0.0 0.0
-3.5001e-5 -3.73344e-5 6.019e-7 0.0 0.0
-3.42232e-5 -3.73344e-5 0.0311487163 0.0 0.0
-3.34454e-5 -3.73344e-5 0.0186240907 0.0 0.0
-3.26676e-5 -3.73344e-5 0.0716683 0.0 0.0
-3.18898e-5 -3.73344e-5 0.0053274357 0.0 0.0
-3.1112e-5 -3.73344e-5 0.0825117482 0.0 0.0
-3.03342e-5 -3.73344e-5 0.2749613491 0.0 0.0
-2.95564e-5 -3.73344e-5 0.3651994114 0.0 0.0
-2.87786e-5 -3.73344e-5 0.3186415298 0.0 0.0
-2.80008e-5 -3.73344e-5 0.1942571361 0.0 0.0
-2.7223e-5 -3.73344e-5 0.2241202146 0.0 0.0
-2.64452e-5 -3.73344e-5 0.4933256235 0.0 0.0
-2.56674e-5 -3.73344e-5 0.3005419947 0.0 0.0
-2.48896e-5 -3.73344e-5 0.2032886294 0.0 0.0
-2.41118e-5 -3.73344e-5 0.0866963699 0.0 0.0
-2.3334e-5 -3.73344e-5 0.069375937 0.0 0.0
-2.25562e-5 -3.73344e-5 0.0768200926 0.0 0.0
-2.17784e-5 -3.73344e-5 0.0619555718 0.0 0.0
-2.10006e-5 -3.73344e-5 0.0773827285 0.0 0.0
-2.02228e-5 -3.73344e-5 0.1254290596 0.0 0.0
-1.9445e-5 -3.73344e-5 0.0546717383 0.0 0.0
-1.86672e-5 -3.73344e-5 0.0363555298 0.0 0.0
-1.78894e-5 -3.73344e-5 0.0298709541 0.0 0.0
-1.71116e-5 -3.73344e-5 0.0137454151 0.0 0.0
-1.63338e-5 -3.73344e-5 0.0115856242 0.0 0.0
-1.5556e-5 -3.73344e-5 0.0188374275 0.0 0.0
-1.47782e-5 -3.73344e-5 0.0206892761 0.0 0.0
-1.40004e-5 -3.73344e-5 0.0203527424 0.0 0.0
-1.32226e-5 -3.73344e-5 0.0242281475 0.0 0.0
-1.24448e-5 -3.73344e-5 0.0314544491 0.0 0.0
-1.1667e-5 -3.73344e-5 0.021425745 0.0 0.0
-1.08892e-5 -3.73344e-5 0.0163199466 0.0 0.0
-1.01114e-5 -3.73344e-5 0.0110051682 0.0 0.0
-9.3336e-6 -3.73344e-5 0.0010908238 0.0 0.0
-8.5558e-6 -3.73344e-5 0.0008028868 0.0 0.0
-7.778e-6 -3.73344e-5 7.6988e-6 0.0 0.0
-7.0002e-6 -3.73344e-5 0.0006100867 0.0 0.0
-6.2224e-6 -3.73344e-5 5.5025e-6 0.0 0.0
-5.4446e-6 -3.73344e-5 0.0007322563 0.0 0.0
-4.6668e-6 -3.73344e-5 0.0003919198 0.0 0.0
-3.889e-6 -3.73344e-5 0.0005363001 0.0 0.0
-3.1112e-6 -3.73344e-5 0.0009527698 0.0 0.0
-2.3334e-6 -3.73344e-5 0.0018064737 0.0 0.0
-1.5556e-6 -3.73344e-5 0.0017684398 0.0 0.0
-7.778e-7 -3.73344e-5 0.0017083053 0.0 0.0
0.0 -3.73344e-5 0.0016667688 0.0 0.0
7.778e-7 -3.73344e-5 0.0019679708 0.0 0.0
1.5556e-6 -3.73344e-5 0.0028769656 0.0 0.0
2.3334e-6 -3.73344e-5 0.0046137363 0.0 0.0
3.1112e-6 -3.73344e-5 0.002884429 0.0 0.0
3.889e-6 -3.73344e-5 0.0020407936 0.0 0.0
4.6668e-6 -3.73344e-5 0.0003077267 0.0 0.0
5.4446e-6 -3.73344e-5 0.0010077961 0.0 0.0
6.2224e-6 -3.73344e-5 0.0004488261 0.0 0.0
7.0002e-6 -3.73344e-5 1.55572e-5 0.0 0.0
7.778e-6 -3.73344e-5 3.79935e-5 0.0 0.0
8.5558e-6 -3.73344e-5 0.0001964283 0.0 0.0
9.3336e-6 -3.73344e-5 0.0003259044 0.0 0.0
1.01114e-5 -3.73344e-5 6.2514e-6 0.0 0.0
1.08892e-5 -3.73344e-5 2.23106e-5 0.0 0.0
1.1667e-5 -3.73344e-5 2.1528e-5 0.0 0.0
1.24448e-5 -3.73344e-5 0.0002290961 0.0 0.0
1.32226e-5 -3.73344e-5 0.0001892017 0.0 0.0
1.40004e-5 -3.73344e-5 0.0001431712 0.0 0.0
1.47782e-5 -3.73344e-5 5.9607e-5 0.0 0.0
1.5556e-5 -3.73344e-5 7.67885e-5 0.0 0.0
1.63338e-5 -3.73344e-5 5.6773e-5 0.0 0.0
1.71116e-5 -3.73344e-5 4.56564e-5 0.0 0.0
1.78894e-5 -3.73344e-5 3.54756e-5 0.0 0.0
1.86672e-5 -3.73344e-5 3.77671e-5 0.0 0.0
-9.72251e-5 -3.65566e-5 0.001033594 0.0 0.0
-9.64473e-5 -3.65566e-5 0.001366903 0.0 0.0
-9.56695e-5 -3.65566e-5 0.0015180485 0.0 0.0
-9.48917e-5 -3.65566e-5 0.0013861213 0.0 0.0
-9.41139e-5 -3.65566e-5 0.0013295644 0.0 0.0
-9.33361e-5 -3.65566e-5 0.000935834 0.0 0.0
-9.25583e-5 -3.65566e-5 0.0006723739 0.0 0.0
-9.17805e-5 -3.65566e-5 0.0003736198 0.0 0.0
-9.10027e-5 -3.65566e-5 0.0002283972 0.0 0.0
-9.02249e-5 -3.65566e-5 0.0015076999 0.0 0.0
-8.94471e-5 -3.65566e-5 0.0014924168 0.0 0.0
-8.86693e-5 -3.65566e-5 0.0013000486 0.0 0.0
-8.78915e-5 -3.65566e-5 0.0017933749 0.0 0.0
-8.71137e-5 -3.65566e-5 0.0036837771 0.0 0.0
-8.63359e-5 -3.65566e-5 0.0105639263 0.0 0.0
-8.55581e-5 -3.65566e-5 0.0092791283 0.0 0.0
-8.47803e-5 -3.65566e-5 0.0053767708 0.0 0.0
-8.40025e-5 -3.65566e-5 0.0031655556 0.0 0.0
-8.32246e-5 -3.65566e-5 0.0023825662 0.0 0.0
-8.24468e-5 -3.65566e-5 0.0049969395 0.0 0.0
-8.1669e-5 -3.65566e-5 0.0052065717 0.0 0.0
-8.08912e-5 -3.65566e-5 0.0053019271 0.0 0.0
-8.01134e-5 -3.65566e-5 0.0085268362 0.0 0.0
-7.93356e-5 -3.65566e-5 0.0077928265 0.0 0.0
-7.85578e-5 -3.65566e-5 0.0105984935 0.0 0.0
-7.778e-5 -3.65566e-5 0.0089693661 0.0 0.0
-7.70022e-5 -3.65566e-5 0.0095228336 0.0 0.0
-7.62244e-5 -3.65566e-5 0.0130486032 0.0 0.0
-7.54466e-5 -3.65566e-5 0.0104093975 0.0 0.0
-7.46688e-5 -3.65566e-5 0.0090890919 0.0 0.0
-7.3891e-5 -3.65566e-5 0.0067366388 0.0 0.0
-7.31132e-5 -3.65566e-5 0.0061312342 0.0 0.0
-7.23354e-5 -3.65566e-5 0.0056056488 0.0 0.0
-7.15576e-5 -3.65566e-5 0.0076524406 0.0 0.0
-7.07798e-5 -3.65566e-5 0.0142993667 0.0 0.0
-7.0002e-5 -3.65566e-5 0.0225741393 0.0 0.0
-6.92242e-5 -3.65566e-5 0.0247940361 0.0 0.0
-6.84464e-5 -3.65566e-5 0.0247455157 0.0 0.0
-6.76686e-5 -3.65566e-5 0.0219987811 0.0 0.0
-6.68908e-5 -3.65566e-5 0.0286528337 0.0 0.0
-6.6113e-5 -3.65566e-5 0.0260169731 0.0 0.0
-6.53352e-5 -3.65566e-5 0.0202076012 0.0 0.0
-6.45574e-5 -3.65566e-5 0.0237758205 0.0 0.0
-6.37796e-5 -3.65566e-5 0.0295038211 0.0 0.0
-6.30018e-5 -3.65566e-5 0.0305057475 0.0 0.0
-6.2224e-5 -3.65566e-5 0.0407062355 0.0 0.0
-6.14462e-5 -3.65566e-5 0.0410721958 0.0 0.0
-6.06684e-5 -3.65566e-5 0.0730777836 0.0 0.0
-5.98906e-5 -3.65566e-5 0.0828605784 0.0 0.0
-5.91128e-5 -3.65566e-5 0.091257825 0.0 0.0
-5.8335e-5 -3.65566e-5 0.1176927476 0.0 0.0
-5.75572e-5 -3.65566e-5 0.2027441687 0.0 0.0
-5.67794e-5 -3.65566e-5 0.3329493049 0.0 0.0
-5.60016e-5 -3.65566e-5 0.3870824208 0.0 0.0
-5.52238e-5 -3.65566e-5 0.4164808339 0.0 0.0
-5.4446e-5 -3.65566e-5 0.629876069 0.0 0.0
-5.36682e-5 -3.65566e-5 0.3978559236 0.0 0.0
-5.28904e-5 -3.65566e-5 0.3467295289 0.0 0.0
-5.21126e-5 -3.65566e-5 0.2743927721 0.0 0.0
-5.13348e-5 -3.65566e-5 0.2403686044 0.0 0.0
-5.0557e-5 -3.65566e-5 0.1386338578 0.0 0.0
-4.97792e-5 -3.65566e-5 0.071084915 0.0 0.0
-4.90014e-5 -3.65566e-5 0.211357159 0.0 0.0
-4.82236e-5 -3.65566e-5 0.1120311786 0.0 0.0
-4.74458e-5 -3.65566e-5 0.0454175803 0.0 0.0
-4.6668e-5 -3.65566e-5 0.0283190599 0.0 0.0
-4.58902e-5 -3.65566e-5 0.000244833 0.0 0.0
-4.51124e-5 -3.65566e-5 0.0006060213 0.0 0.0
-4.43346e-5 -3.65566e-5 2.1e-9 0.0 0.0
-4.35568e-5 -3.65566e-5 0.0 0.0 0.0
-4.2779e-5 -3.65566e-5 0.0 0.0 0.0
-4.20012e-5 -3.65566e-5 0.0 0.0 0.0
-4.12234e-5 -3.65566e-5 0.0 0.0 0.0
-4.04456e-5 -3.65566e-5 0.0 0.0 0.0
-3.96678e-5 -3.65566e-5 0.0 0.0 0.0
-3.889e-5 -3.65566e-5 0.0 0.0 0.0
-3.81122e-5 -3.65566e-5 0.0 0.0 0.0
-3.73344e-5 -3.65566e-5 0.0 0.0 0.0
-3.65566e-5 -3.65566e-5 0.0 0.0 0.0
-3.57788e-5 -3.65566e-5 3.722e-7 0.0 0.0
-3.5001e-5 -3.65566e-5 0.0100360733 0.0 0.0
-3.42232e-5 -3.65566e-5 0.0130295542 0.0 0.0
-3.34454e-5 -3.65566e-5 0.0104418469 0.0 0.0
-3.26676e-5 -3.65566e-5 0.0235245285 0.0 0.0
-3.18898e-5 -3.65566e-5 0.002147641 0.0 0.0
-3.1112e-5 -3.65566e-5 0.2243032807 0.0 0.0
-3.03342e-5 -3.65566e-5 0.3745058068 0.0 0.0
-2.95564e-5 -3.65566e-5 0.3324804514 0.0 0.0
-2.87786e-5 -3.65566e-5 0.3308205167 0.0 0.0
-2.80008e-5 -3.65566e-5 0.0977744359 0.0 0.0
-2.7223e-5 -3.65566e-5 0.5202506953 0.0 0.0
-2.64452e-5 -3.65566e-5 0.4914914132 0.0 0.0
-2.56674e-5 -3.65566e-5 0.2407063337 0.0 0.0
-2.48896e-5 -3.65566e-5 0.1232215238 0.0 0.0
-2.41118e-5 -3.65566e-5 0.0583158826 0.0 0.0
-2.3334e-5 -3.65566e-5 0.0668646289 0.0 0.0
-2.25562e-5 -3.65566e-5 0.088082786 0.0 0.0
-2.17784e-5 -3.65566e-5 0.0584949009 0.0 0.0
-2.10006e-5 -3.65566e-5 0.1163283311 0.0 0.0
-2.02228e-5 -3.65566e-5 0.0886308675 0.0 0.0
-1.9445e-5 -3.65566e-5 0.0444296058 0.0 0.0
-1.86672e-5 -3.65566e-5 0.0331753203 0.0 0.0
-1.78894e-5 -3.65566e-5 0.0271102882 0.0 0.0
-1.71116e-5 -3.65566e-5 0.0187470491 0.0 0.0
-1.63338e-5 -3.65566e-5 0.0195841462 0.0 0.0
-1.5556e-5 -3.65566e-5 0.0266342755 0.0 0.0
-1.47782e-5 -3.65566e-5 0.0260905345 0.0 0.0
-1.40004e-5 -3.65566e-5 0.0268290717 0.0 0.0
-1.32226e-5 -3.65566e-5 0.0303462428 0.0 0.0
-1.24448e-5 -3.65566e-5 0.0300789662 0.0 0.0
-1.1667e-5 -3.65566e-5 0.0158456767 0.0 0.0
-1.08892e-5 -3.65566e-5 0.0127044339 0.0 0.0
-1.01114e-5 -3.65566e-5 0.0082223761 0.0 0.0
-9.3336e-6 -3.65566e-5 0.0007774886 0.0 0.0
-8.5558e-6 -3.65566e-5 0.0003517515 0.0 0.0
-7.778e-6 -3.65566e-5 5.694e-7 0.0 0.0
-7.0002e-6 -3.65566e-5 0.000581237 0.0 0.0
-6.2224e-6 -3.65566e-5 9.5887e-6 0.0 0.0
-5.4446e-6 -3.65566e-5 0.000734735 0.0 0.0
-4.6668e-6 -3.65566e-5 0.0006504827 0.0 0.0
-3.889e-6 -3.65566e-5 0.0010103488 0.0 0.0
-3.1112e-6 -3.65566e-5 0.0013836559 0.0 0.0
-2.3334e-6 -3.65566e-5 0.0018616697 0.0 0.0
-1.5556e-6 -3.65566e-5 0.0019329821 0.0 0.0
-7.778e-7 -3.65566e-5 0.0017855028 0.0 0.0
0.0 -3.65566e-5 0.0018410484 0.0 0.0
7.778e-7 -3.65566e-5 0.0025423122 0.0 0.0
1.5556e-6 -3.65566e-5 0.004006395 0.0 0.0
2.3334e-6 -3.65566e-5 0.0043231518 0.0 0.0
3.1112e-6 -3.65566e-5 0.0026419583 0.0 0.0
3.889e-6 -3.65566e-5 0.0017736245 0.0 0.0
4.6668e-6 -3.65566e-5 0.0006370951 0.0 0.0
5.4446e-6 -3.65566e-5 0.000159056 0.0 0.0
6.2224e-6 -3.65566e-5 0.0008607075 0.0 0.0
7.0002e-6 -3.65566e-5 1.78476e-5 0.0 0.0
7.778e-6 -3.65566e-5 3.61367e-5 0.0 0.0
8.5558e-6 -3.65566e-5 0.0002070123 0.0 0.0
9.3336e-6 -3.65566e-5 0.0002624457 0.0 0.0
1.01114e-5 -3.65566e-5 0.0003134331 0.0 0.0
1.08892e-5 -3.65566e-5 0.0002934134 0.0 0.0
1.1667e-5 -3.65566e-5 0.0002710225 0.0 0.0
1.24448e-5 -3.65566e-5 0.0001653683 0.0 0.0
1.32226e-5 -3.65566e-5 0.0001245375 0.0 0.0
1.40004e-5 -3.65566e-5 0.0001418114 0.0 0.0
1.47782e-5 -3.65566e-5 4.94301e-5 0.0 0.0
1.5556e-5 -3.65566e-5 6.7323e-5 0.0 0.0
1.63338e-5 -3.65566e-5 5.51075e-5 0.0 0.0
1.71116e-5 -3.65566e-5 4.18355e-5 0.0 0.0
1.78894e-5 -3.65566e-5 3.33321e-5 0.0 0.0
1.86672e-5 -3.65566e-5 3.80275e-5 0.0 0.0
-9.72251e-5 -3.57788e-5 0.001119112 0.0 0.0
-9.64473e-5 -3.57788e-5 0.0022489369 0.0 0.0
-9.56695e-5 -3.57788e-5 0.001192014 0.0 0.0
-9.48917e-5 -3.57788e-5 0.0020216767 0.0 0.0
-9.41139e-5 -3.57788e-5 0.0006184781 0.0 0.0
-9.33361e-5 -3.57788e-5 0.0013934971 0.0 0.0
-9.25583e-5 -3.57788e-5 0.0001864429 0.0 0.0
-9.17805e-5 -3.57788e-5 0.0008294037 0.0 0.0
-9.10027e-5 -3.57788e-5 0.0008090248 0.0 0.0
-9.02249e-5 -3.57788e-5 0.0006708599 0.0 0.0
-8.94471e-5 -3.57788e-5 0.0004975967 0.0 0.0
-8.86693e-5 -3.57788e-5 0.0004534528 0.0 0.0
-8.78915e-5 -3.57788e-5 0.0026235275 0.0 0.0
-8.71137e-5 -3.57788e-5 0.00600589 0.0 0.0
-8.63359e-5 -3.57788e-5 0.0108027802 0.0 0.0
-8.55581e-5 -3.57788e-5 0.0118949034 0.0 0.0
-8.47803e-5 -3.57788e-5 0.010393153 0.0 0.0
-8.40025e-5 -3.57788e-5 0.0036205876 0.0 0.0
-8.32246e-5 -3.57788e-5 0.0030904133 0.0 0.0
-8.24468e-5 -3.57788e-5 0.0050249498 0.0 0.0
-8.1669e-5 -3.57788e-5 0.0050295915 0.0 0.0
-8.08912e-5 -3.57788e-5 0.0049911599 0.0 0.0
-8.01134e-5 -3.57788e-5 0.0070948252 0.0 0.0
-7.93356e-5 -3.57788e-5 0.0094917135 0.0 0.0
-7.85578e-5 -3.57788e-5 0.0083570808 0.0 0.0
-7.778e-5 -3.57788e-5 0.0068404298 0.0 0.0
-7.70022e-5 -3.57788e-5 0.010796623 0.0 0.0
-7.62244e-5 -3.57788e-5 0.0092517555 0.0 0.0
-7.54466e-5 -3.57788e-5 0.0062109191 0.0 0.0
-7.46688e-5 -3.57788e-5 0.0045952913 0.0 0.0
-7.3891e-5 -3.57788e-5 0.0090992448 0.0 0.0
-7.31132e-5 -3.57788e-5 0.0077231107 0.0 0.0
-7.23354e-5 -3.57788e-5 0.0079434802 0.0 0.0
-7.15576e-5 -3.57788e-5 0.0098403476 0.0 0.0
-7.07798e-5 -3.57788e-5 0.0178358436 0.0 0.0
-7.0002e-5 -3.57788e-5 0.012432755 0.0 0.0
-6.92242e-5 -3.57788e-5 0.0242488366 0.0 0.0
-6.84464e-5 -3.57788e-5 0.0201913035 0.0 0.0
-6.76686e-5 -3.57788e-5 0.0287363391 0.0 0.0
-6.68908e-5 -3.57788e-5 0.0236112111 0.0 0.0
-6.6113e-5 -3.57788e-5 0.0178091184 0.0 0.0
-6.53352e-5 -3.57788e-5 0.0238490742 0.0 0.0
-6.45574e-5 -3.57788e-5 0.0297799076 0.0 0.0
-6.37796e-5 -3.57788e-5 0.0307101607 0.0 0.0
-6.30018e-5 -3.57788e-5 0.0261681011 0.0 0.0
-6.2224e-5 -3.57788e-5 0.0283410776 0.0 0.0
-6.14462e-5 -3.57788e-5 0.0297769867 0.0 0.0
-6.06684e-5 -3.57788e-5 0.0689061356 0.0 0.0
-5.98906e-5 -3.57788e-5 0.0820326004 0.0 0.0
-5.91128e-5 -3.57788e-5 0.1012388953 0.0 0.0
-5.8335e-5 -3.57788e-5 0.1331397197 0.0 0.0
-5.75572e-5 -3.57788e-5 0.1859087089 0.0 0.0
-5.67794e-5 -3.57788e-5 0.3565471529 0.0 0.0
-5.60016e-5 -3.57788e-5 0.377123165 0.0 0.0
-5.52238e-5 -3.57788e-5 0.4237331169 0.0 0.0
-5.4446e-5 -3.57788e-5 0.5569029315 0.0 0.0
-5.36682e-5 -3.57788e-5 0.3459625169 0.0 0.0
-5.28904e-5 -3.57788e-5 0.3622024422 0.0 0.0
-5.21126e-5 -3.57788e-5 0.2108359028 0.0 0.0
-5.13348e-5 -3.57788e-5 0.2080842427 0.0 0.0
-5.0557e-5 -3.57788e-5 0.3319080394 0.0 0.0
-4.97792e-5 -3.57788e-5 0.2005722188 0.0 0.0
-4.90014e-5 -3.57788e-5 0.2326289374 0.0 0.0
-4.82236e-5 -3.57788e-5 0.1072531709 0.0 0.0
-4.74458e-5 -3.57788e-5 0.0618654917 0.0 0.0
-4.6668e-5 -3.57788e-5 0.014285558 0.0 0.0
-4.58902e-5 -3.57788e-5 0.0084153407 0.0 0.0
-4.51124e-5 -3.57788e-5 0.0058386261 0.0 0.0
-4.43346e-5 -3.57788e-5 3.6e-8 0.0 0.0
-4.35568e-5 -3.57788e-5 0.0 0.0 0.0
-4.2779e-5 -3.57788e-5 0.0 0.0 0.0
-4.20012e-5 -3.57788e-5 0.0 0.0 0.0
-4.12234e-5 -3.57788e-5 0.0 0.0 0.0
-4.04456e-5 -3.57788e-5 0.0 0.0 0.0
-3.96678e-5 -3.57788e-5 0.0 0.0 0.0
-3.889e-5 -3.57788e-5 0.0 0.0 0.0
-3.81122e-5 -3.57788e-5 0.0 0.0 0.0
-3.73344e-5 -3.57788e-5 0.0 0.0 0.0
-3.65566e-5 -3.57788e-5 0.0 0.0 0.0
-3.57788e-5 -3.57788e-5 6.67e-8 0.0 0.0
-3.5001e-5 -3.57788e-5 0.0100524165 0.0 0.0
-3.42232e-5 -3.57788e-5 0.0145975947 0.0 0.0
-3.34454e-5 -3.57788e-5 0.0281676332 0.0 0.0
-3.26676e-5 -3.57788e-5 0.0017381145 0.0 0.0
-3.18898e-5 -3.57788e-5 0.0918438894 0.0 0.0
-3.1112e-5 -3.57788e-5 0.3435558465 0.0 0.0
-3.03342e-5 -3.57788e-5 0.2981813403 0.0 0.0
-2.95564e-5 -3.57788e-5 0.3251062835 0.0 0.0
-2.87786e-5 -3.57788e-5 0.0942321266 0.0 0.0
-2.80008e-5 -3.57788e-5 0.3300056827 0.0 0.0
-2.7223e-5 -3.57788e-5 0.6863073475 0.0 0.0
-2.64452e-5 -3.57788e-5 0.4458135837 0.0 0.0
-2.56674e-5 -3.57788e-5 0.2072360524 0.0 0.0
-2.48896e-5 -3.57788e-5 0.0626133692 0.0 0.0
-2.41118e-5 -3.57788e-5 0.0513399146 0.0 0.0
-2.3334e-5 -3.57788e-5 0.0649618021 0.0 0.0
-2.25562e-5 -3.57788e-5 0.1253301196 0.0 0.0
-2.17784e-5 -3.57788e-5 0.054785958 0.0 0.0
-2.10006e-5 -3.57788e-5 0.123311591 0.0 0.0
-2.02228e-5 -3.57788e-5 0.0638618015 0.0 0.0
-1.9445e-5 -3.57788e-5 0.0543151407 0.0 0.0
-1.86672e-5 -3.57788e-5 0.0353766228 0.0 0.0
-1.78894e-5 -3.57788e-5 0.0337851372 0.0 0.0
-1.71116e-5 -3.57788e-5 0.0267208429 0.0 0.0
-1.63338e-5 -3.57788e-5 0.0203466913 0.0 0.0
-1.5556e-5 -3.57788e-5 0.0226681684 0.0 0.0
-1.47782e-5 -3.57788e-5 0.0271640175 0.0 0.0
-1.40004e-5 -3.57788e-5 0.0371333556 0.0 0.0
-1.32226e-5 -3.57788e-5 0.0304546321 0.0 0.0
-1.24448e-5 -3.57788e-5 0.0230669555 0.0 0.0
-1.1667e-5 -3.57788e-5 0.010392112 0.0 0.0
-1.08892e-5 -3.57788e-5 0.0099477701 0.0 0.0
-1.01114e-5 -3.57788e-5 0.007039647 0.0 0.0
-9.3336e-6 -3.57788e-5 0.0017114962 0.0 0.0
-8.5558e-6 -3.57788e-5 5.33679e-5 0.0 0.0
-7.778e-6 -3.57788e-5 1.47e-7 0.0 0.0
-7.0002e-6 -3.57788e-5 0.0004632953 0.0 0.0
-6.2224e-6 -3.57788e-5 4.7352e-6 0.0 0.0
-5.4446e-6 -3.57788e-5 1.76578e-5 0.0 0.0
-4.6668e-6 -3.57788e-5 0.0009696831 0.0 0.0
-3.889e-6 -3.57788e-5 0.0014528051 0.0 0.0
-3.1112e-6 -3.57788e-5 0.0014995158 0.0 0.0
-2.3334e-6 -3.57788e-5 0.0020132794 0.0 0.0
-1.5556e-6 -3.57788e-5 0.0018583523 0.0 0.0
-7.778e-7 -3.57788e-5 0.0017565812 0.0 0.0
0.0 -3.57788e-5 0.0020537727 0.0 0.0
7.778e-7 -3.57788e-5 0.0032153611 0.0 0.0
1.5556e-6 -3.57788e-5 0.0049626097 0.0 0.0
2.3334e-6 -3.57788e-5 0.0026620607 0.0 0.0
3.1112e-6 -3.57788e-5 0.0017378703 0.0 0.0
3.889e-6 -3.57788e-5 0.0003346579 0.0 0.0
4.6668e-6 -3.57788e-5 0.0009430174 0.0 0.0
5.4446e-6 -3.57788e-5 0.0004045152 0.0 0.0
6.2224e-6 -3.57788e-5 2.86108e-5 0.0 0.0
7.0002e-6 -3.57788e-5 2.21201e-5 0.0 0.0
7.778e-6 -3.57788e-5 0.0001174683 0.0 0.0
8.5558e-6 -3.57788e-5 0.0003173781 0.0 0.0
9.3336e-6 -3.57788e-5 0.0001506549 0.0 0.0
1.01114e-5 -3.57788e-5 3.6268e-6 0.0 0.0
1.08892e-5 -3.57788e-5 0.0002080624 0.0 0.0
1.1667e-5 -3.57788e-5 0.0002157136 0.0 0.0
1.24448e-5 -3.57788e-5 0.0001776445 0.0 0.0
1.32226e-5 -3.57788e-5 0.0001207556 0.0 0.0
1.40004e-5 -3.57788e-5 9.53337e-5 0.0 0.0
1.47782e-5 -3.57788e-5 9.05491e-5 0.0 0.0
1.5556e-5 -3.57788e-5 5.24055e-5 0.0 0.0
1.63338e-5 -3.57788e-5 4.1622e-5 0.0 0.0
1.71116e-5 -3.57788e-5 3.53593e-5 0.0 0.0
1.78894e-5 -3.57788e-5 2.87327e-5 0.0 0.0
1.86672e-5 -3.57788e-5 3.51643e-5 0.0 0.0
-9.72251e-5 -3.5001e-5 0.0008132494 0.0 0.0
-9.64473e-5 -3.5001e-5 0.0010877342 0.0 0.0
-9.56695e-5 -3.5001e-5 0.0016721549 0.0 0.0
-9.48917e-5 -3.5001e-5 0.0013657302 0.0 0.0
-9.41139e-5 -3.5001e-5 0.001104179 0.0 0.0
-9.33361e-5 -3.5001e-5 0.0008225978 0.0 0.0
-9.25583e-5 -3.5001e-5 0.0006035842 0.0 0.0
-9.17805e-5 -3.5001e-5 0.0002898211 0.0 0.0
-9.10027e-5 -3.5001e-5 0.0002906728 0.0 0.0
-9.02249e-5 -3.5001e-5 0.0002311126 0.0 0.0
-8.94471e-5 -3.5001e-5 0.0015654994 0.0 0.0
-8.86693e-5 -3.5001e-5 0.0017247963 0.0 0.0
-8.78915e-5 -3.5001e-5 0.0017547782 0.0 0.0
-8.71137e-5 -3.5001e-5 0.0067768769 0.0 0.0
-8.63359e-5 -3.5001e-5 0.0111808769 0.0 0.0
-8.55581e-5 -3.5001e-5 0.0147367412 0.0 0.0
-8.47803e-5 -3.5001e-5 0.0119682177 0.0 0.0
-8.40025e-5 -3.5001e-5 0.0041072884 0.0 0.0
-8.32246e-5 -3.5001e-5 0.0037894863 0.0 0.0
-8.24468e-5 -3.5001e-5 0.0036425078 0.0 0.0
-8.1669e-5 -3.5001e-5 0.0052424237 0.0 0.0
-8.08912e-5 -3.5001e-5 0.0069784362 0.0 0.0
-8.01134e-5 -3.5001e-5 0.0063111315 0.0 0.0
-7.93356e-5 -3.5001e-5 0.0085332386 0.0 0.0
-7.85578e-5 -3.5001e-5 0.0114646207 0.0 0.0
-7.778e-5 -3.5001e-5 0.010462004 0.0 0.0
-7.70022e-5 -3.5001e-5 0.0091912031 0.0 0.0
-7.62244e-5 -3.5001e-5 0.0079635664 0.0 0.0
-7.54466e-5 -3.5001e-5 0.0096892032 0.0 0.0
-7.46688e-5 -3.5001e-5 0.007834379 0.0 0.0
-7.3891e-5 -3.5001e-5 0.0064587613 0.0 0.0
-7.31132e-5 -3.5001e-5 0.0051316853 0.0 0.0
-7.23354e-5 -3.5001e-5 0.0050024517 0.0 0.0
-7.15576e-5 -3.5001e-5 0.0077040597 0.0 0.0
-7.07798e-5 -3.5001e-5 0.0146955116 0.0 0.0
-7.0002e-5 -3.5001e-5 0.0183459436 0.0 0.0
-6.92242e-5 -3.5001e-5 0.0175310218 0.0 0.0
-6.84464e-5 -3.5001e-5 0.0258992135 0.0 0.0
-6.76686e-5 -3.5001e-5 0.0208058891 0.0 0.0
-6.68908e-5 -3.5001e-5 0.0252386108 0.0 0.0
-6.6113e-5 -3.5001e-5 0.0196940142 0.0 0.0
-6.53352e-5 -3.5001e-5 0.0125499041 0.0 0.0
-6.45574e-5 -3.5001e-5 0.0260611429 0.0 0.0
-6.37796e-5 -3.5001e-5 0.0267419839 0.0 0.0
-6.30018e-5 -3.5001e-5 0.0307680238 0.0 0.0
-6.2224e-5 -3.5001e-5 0.0194321964 0.0 0.0
-6.14462e-5 -3.5001e-5 0.0209801422 0.0 0.0
-6.06684e-5 -3.5001e-5 0.0860468833 0.0 0.0
-5.98906e-5 -3.5001e-5 0.0911999072 0.0 0.0
-5.91128e-5 -3.5001e-5 0.1208881502 0.0 0.0
-5.8335e-5 -3.5001e-5 0.1356017442 0.0 0.0
-5.75572e-5 -3.5001e-5 0.1966122986 0.0 0.0
-5.67794e-5 -3.5001e-5 0.4228141476 0.0 0.0
-5.60016e-5 -3.5001e-5 0.3332770031 0.0 0.0
-5.52238e-5 -3.5001e-5 0.4121698932 0.0 0.0
-5.4446e-5 -3.5001e-5 0.4929556651 0.0 0.0
-5.36682e-5 -3.5001e-5 0.3207045985 0.0 0.0
-5.28904e-5 -3.5001e-5 0.4620036255 0.0 0.0
-5.21126e-5 -3.5001e-5 0.2090195327 0.0 0.0
-5.13348e-5 -3.5001e-5 0.2389242733 0.0 0.0
-5.0557e-5 -3.5001e-5 0.418874455 0.0 0.0
-4.97792e-5 -3.5001e-5 0.2076168246 0.0 0.0
-4.90014e-5 -3.5001e-5 0.2355829319 0.0 0.0
-4.82236e-5 -3.5001e-5 0.1043759389 0.0 0.0
-4.74458e-5 -3.5001e-5 0.0912010159 0.0 0.0
-4.6668e-5 -3.5001e-5 0.026054974 0.0 0.0
-4.58902e-5 -3.5001e-5 0.0362008295 0.0 0.0
-4.51124e-5 -3.5001e-5 0.0001845132 0.0 0.0
-4.43346e-5 -3.5001e-5 0.0007683045 0.0 0.0
-4.35568e-5 -3.5001e-5 2.77e-8 0.0 0.0
-4.2779e-5 -3.5001e-5 0.0 0.0 0.0
-4.20012e-5 -3.5001e-5 0.0 0.0 0.0
-4.12234e-5 -3.5001e-5 0.0 0.0 0.0
-4.04456e-5 -3.5001e-5 0.0 0.0 0.0
-3.96678e-5 -3.5001e-5 0.0 0.0 0.0
-3.889e-5 -3.5001e-5 0.0 0.0 0.0
-3.81122e-5 -3.5001e-5 0.0 0.0 0.0
-3.73344e-5 -3.5001e-5 4.35e-8 0.0 0.0
-3.65566e-5 -3.5001e-5 3.159e-7 0.0 0.0
-3.57788e-5 -3.5001e-5 0.0096680152 0.0 0.0
-3.5001e-5 -3.5001e-5 0.0121096067 0.0 0.0
-3.42232e-5 -3.5001e-5 0.0341338674 0.0 0.0
-3.34454e-5 -3.5001e-5 0.0025762588 0.0 0.0
-3.26676e-5 -3.5001e-5 0.0474765518 0.0 0.0
-3.18898e-5 -3.5001e-5 0.3025115706 0.0 0.0
-3.1112e-5 -3.5001e-5 0.2459702733 0.0 0.0
-3.03342e-5 -3.5001e-5 0.2521679593 0.0 0.0
-2.95564e-5 -3.5001e-5 0.1030736689 0.0 0.0
-2.87786e-5 -3.5001e-5 0.0978034899 0.0 0.0
-2.80008e-5 -3.5001e-5 0.5883362967 0.0 0.0
-2.7223e-5 -3.5001e-5 0.7319847587 0.0 0.0
-2.64452e-5 -3.5001e-5 0.4057199863 0.0 0.0
-2.56674e-5 -3.5001e-5 0.088664337 0.0 0.0
-2.48896e-5 -3.5001e-5 0.0370833867 0.0 0.0
-2.41118e-5 -3.5001e-5 0.0483281088 0.0 0.0
-2.3334e-5 -3.5001e-5 0.0634547344 0.0 0.0
-2.25562e-5 -3.5001e-5 0.0788275229 0.0 0.0
-2.17784e-5 -3.5001e-5 0.0710794197 0.0 0.0
-2.10006e-5 -3.5001e-5 0.1239979706 0.0 0.0
-2.02228e-5 -3.5001e-5 0.0532146212 0.0 0.0
-1.9445e-5 -3.5001e-5 0.0359883604 0.0 0.0
-1.86672e-5 -3.5001e-5 0.0337830538 0.0 0.0
-1.78894e-5 -3.5001e-5 0.0356938605 0.0 0.0
-1.71116e-5 -3.5001e-5 0.0279983739 0.0 0.0
-1.63338e-5 -3.5001e-5 0.0290583081 0.0 0.0
-1.5556e-5 -3.5001e-5 0.0344465493 0.0 0.0
-1.47782e-5 -3.5001e-5 0.034930866 0.0 0.0
-1.40004e-5 -3.5001e-5 0.0388945038 0.0 0.0
-1.32226e-5 -3.5001e-5 0.0292169645 0.0 0.0
-1.24448e-5 -3.5001e-5 0.0156244385 0.0 0.0
-1.1667e-5 -3.5001e-5 0.0108808055 0.0 0.0
-1.08892e-5 -3.5001e-5 0.0077605807 0.0 0.0
-1.01114e-5 -3.5001e-5 0.0058014981 0.0 0.0
-9.3336e-6 -3.5001e-5 0.0007093525 0.0 0.0
-8.5558e-6 -3.5001e-5 1.20501e-5 0.0 0.0
-7.778e-6 -3.5001e-5 0.0005508025 0.0 0.0
-7.0002e-6 -3.5001e-5 0.0001827756 0.0 0.0
-6.2224e-6 -3.5001e-5 1.60655e-5 0.0 0.0
-5.4446e-6 -3.5001e-5 4.19046e-5 0.0 0.0
-4.6668e-6 -3.5001e-5 0.00037693 0.0 0.0
-3.889e-6 -3.5001e-5 0.0019450352 0.0 0.0
-3.1112e-6 -3.5001e-5 0.0015969506 0.0 0.0
-2.3334e-6 -3.5001e-5 0.0017958685 0.0 0.0
-1.5556e-6 -3.5001e-5 0.0017944079 0.0 0.0
-7.778e-7 -3.5001e-5 0.001767445 0.0 0.0
0.0 -3.5001e-5 0.0024199954 0.0 0.0
7.778e-7 -3.5001e-5 0.0042244682 0.0 0.0
1.5556e-6 -3.5001e-5 0.0033892483 0.0 0.0
2.3334e-6 -3.5001e-5 0.0030921009 0.0 0.0
3.1112e-6 -3.5001e-5 0.0015892651 0.0 0.0
3.889e-6 -3.5001e-5 0.0003377899 0.0 0.0
4.6668e-6 -3.5001e-5 0.0011761588 0.0 0.0
5.4446e-6 -3.5001e-5 0.0006500137 0.0 0.0
6.2224e-6 -3.5001e-5 1.56773e-5 0.0 0.0
7.0002e-6 -3.5001e-5 1.03395e-5 0.0 0.0
7.778e-6 -3.5001e-5 2.19526e-5 0.0 0.0
8.5558e-6 -3.5001e-5 9.01956e-5 0.0 0.0
9.3336e-6 -3.5001e-5 0.00012864 0.0 0.0
1.01114e-5 -3.5001e-5 0.0001067614 0.0 0.0
1.08892e-5 -3.5001e-5 0.0001737989 0.0 0.0
1.1667e-5 -3.5001e-5 0.000145572 0.0 0.0
1.24448e-5 -3.5001e-5 0.0001050492 0.0 0.0
1.32226e-5 -3.5001e-5 0.0001976857 0.0 0.0
1.40004e-5 -3.5001e-5 0.0001282554 0.0 0.0
1.47782e-5 -3.5001e-5 6.15311e-5 0.0 0.0
1.5556e-5 -3.5001e-5 3.89046e-5 0.0 0.0
1.63338e-5 -3.5001e-5 3.57773e-5 0.0 0.0
1.71116e-5 -3.5001e-5 3.29684e-5 0.0 0.0
1.78894e-5 -3.5001e-5 2.76476e-5 0.0 0.0
1.86672e-5 -3.5001e-5 3.25452e-5 0.0 0.0
-9.72251e-5 -3.42232e-5 0.0006176805 0.0 0.0
-9.64473e-5 -3.42232e-5 0.0004720389 0.0 0.0
-9.56695e-5 -3.42232e-5 0.0003998912 0.0 0.0
-9.48917e-5 -3.42232e-5 0.0011452591 0.0 0.0
-9.41139e-5 -3.42232e-5 0.0009021475 0.0 0.0
-9.33361e-5 -3.42232e-5 0.0007308226 0.0 0.0
-9.25583e-5 -3.42232e-5 0.0005249064 0.0 0.0
-9.17805e-5 -3.42232e-5 0.0002483966 0.0 0.0
-9.10027e-5 -3.42232e-5 0.000266283 0.0 0.0
-9.02249e-5 -3.42232e-5 0.001343019 0.0 0.0
-8.94471e-5 -3.42232e-5 0.0013653348 0.0 0.0
-8.86693e-5 -3.42232e-5 0.0013906999 0.0 0.0
-8.78915e-5 -3.42232e-5 0.0044373697 0.0 0.0
-8.71137e-5 -3.42232e-5 0.0077823774 0.0 0.0
-8.63359e-5 -3.42232e-5 0.0135710573 0.0 0.0
-8.55581e-5 -3.42232e-5 0.0154724004 0.0 0.0
-8.47803e-5 -3.42232e-5 0.0110086194 0.0 0.0
-8.40025e-5 -3.42232e-5 0.003179746 0.0 0.0
-8.32246e-5 -3.42232e-5 0.0047071458 0.0 0.0
-8.24468e-5 -3.42232e-5 0.0039279067 0.0 0.0
-8.1669e-5 -3.42232e-5 0.0036459702 0.0 0.0
-8.08912e-5 -3.42232e-5 0.0056917589 0.0 0.0
-8.01134e-5 -3.42232e-5 0.010444086 0.0 0.0
-7.93356e-5 -3.42232e-5 0.0135259834 0.0 0.0
-7.85578e-5 -3.42232e-5 0.0089397345 0.0 0.0
-7.778e-5 -3.42232e-5 0.0071121236 0.0 0.0
-7.70022e-5 -3.42232e-5 0.0104819879 0.0 0.0
-7.62244e-5 -3.42232e-5 0.008768844 0.0 0.0
-7.54466e-5 -3.42232e-5 0.0051937597 0.0 0.0
-7.46688e-5 -3.42232e-5 0.0088248036 0.0 0.0
-7.3891e-5 -3.42232e-5 0.0072419893 0.0 0.0
-7.31132e-5 -3.42232e-5 0.0067209988 0.0 0.0
-7.23354e-5 -3.42232e-5 0.0073500806 0.0 0.0
-7.15576e-5 -3.42232e-5 0.0118579988 0.0 0.0
-7.07798e-5 -3.42232e-5 0.0176232773 0.0 0.0
-7.0002e-5 -3.42232e-5 0.0189487194 0.0 0.0
-6.92242e-5 -3.42232e-5 0.0166533218 0.0 0.0
-6.84464e-5 -3.42232e-5 0.0229223065 0.0 0.0
-6.76686e-5 -3.42232e-5 0.0188396893 0.0 0.0
-6.68908e-5 -3.42232e-5 0.0231858906 0.0 0.0
-6.6113e-5 -3.42232e-5 0.0156112907 0.0 0.0
-6.53352e-5 -3.42232e-5 0.0179573254 0.0 0.0
-6.45574e-5 -3.42232e-5 0.0212978155 0.0 0.0
-6.37796e-5 -3.42232e-5 0.0325380496 0.0 0.0
-6.30018e-5 -3.42232e-5 0.0204420188 0.0 0.0
-6.2224e-5 -3.42232e-5 0.0116619 0.0 0.0
-6.14462e-5 -3.42232e-5 0.0313060398 0.0 0.0
-6.06684e-5 -3.42232e-5 0.0784719686 0.0 0.0
-5.98906e-5 -3.42232e-5 0.0971560331 0.0 0.0
-5.91128e-5 -3.42232e-5 0.1283928756 0.0 0.0
-5.8335e-5 -3.42232e-5 0.1415474052 0.0 0.0
-5.75572e-5 -3.42232e-5 0.2020413413 0.0 0.0
-5.67794e-5 -3.42232e-5 0.4028398026 0.0 0.0
-5.60016e-5 -3.42232e-5 0.3659995738 0.0 0.0
-5.52238e-5 -3.42232e-5 0.3679627504 0.0 0.0
-5.4446e-5 -3.42232e-5 0.4125342423 0.0 0.0
-5.36682e-5 -3.42232e-5 0.2950467124 0.0 0.0
-5.28904e-5 -3.42232e-5 0.2807627018 0.0 0.0
-5.21126e-5 -3.42232e-5 0.1698748092 0.0 0.0
-5.13348e-5 -3.42232e-5 0.2010437186 0.0 0.0
-5.0557e-5 -3.42232e-5 0.1377450682 0.0 0.0
-4.97792e-5 -3.42232e-5 0.2199919628 0.0 0.0
-4.90014e-5 -3.42232e-5 0.2477884498 0.0 0.0
-4.82236e-5 -3.42232e-5 0.1066205192 0.0 0.0
-4.74458e-5 -3.42232e-5 0.0791194425 0.0 0.0
-4.6668e-5 -3.42232e-5 0.0391923018 0.0 0.0
-4.58902e-5 -3.42232e-5 0.0297631214 0.0 0.0
-4.51124e-5 -3.42232e-5 0.0673148319 0.0 0.0
-4.43346e-5 -3.42232e-5 0.0002606857 0.0 0.0
-4.35568e-5 -3.42232e-5 0.0007898413 0.0 0.0
-4.2779e-5 -3.42232e-5 0.0007002169 0.0 0.0
-4.20012e-5 -3.42232e-5 1.9e-9 0.0 0.0
-4.12234e-5 -3.42232e-5 3.2e-8 0.0 0.0
-4.04456e-5 -3.42232e-5 0.0 0.0 0.0
-3.96678e-5 -3.42232e-5 0.0 0.0 0.0
-3.889e-5 -3.42232e-5 2.84e-8 0.0 0.0
-3.81122e-5 -3.42232e-5 2.26e-8 0.0 0.0
-3.73344e-5 -3.42232e-5 0.0047555332 0.0 0.0
-3.65566e-5 -3.42232e-5 0.0042835884 0.0 0.0
-3.57788e-5 -3.42232e-5 0.0077917646 0.0 0.0
-3.5001e-5 -3.42232e-5 0.0279302835 0.0 0.0
-3.42232e-5 -3.42232e-5 0.0013971483 0.0 0.0
-3.34454e-5 -3.42232e-5 0.0167462236 0.0 0.0
-3.26676e-5 -3.42232e-5 0.297001683 0.0 0.0
-3.18898e-5 -3.42232e-5 0.2377340551 0.0 0.0
-3.1112e-5 -3.42232e-5 0.2625908085 0.0 0.0
-3.03342e-5 -3.42232e-5 0.1557719155 0.0 0.0
-2.95564e-5 -3.42232e-5 0.1310880677 0.0 0.0
-2.87786e-5 -3.42232e-5 0.265658197 0.0 0.0
-2.80008e-5 -3.42232e-5 0.3150859229 0.0 0.0
-2.7223e-5 -3.42232e-5 0.5188610874 0.0 0.0
-2.64452e-5 -3.42232e-5 0.1718225382 0.0 0.0
-2.56674e-5 -3.42232e-5 0.0734151181 0.0 0.0
-2.48896e-5 -3.42232e-5 0.0250750082 0.0 0.0
-2.41118e-5 -3.42232e-5 0.0484225346 0.0 0.0
-2.3334e-5 -3.42232e-5 0.0999993587 0.0 0.0
-2.25562e-5 -3.42232e-5 0.068790631 0.0 0.0
-2.17784e-5 -3.42232e-5 0.0488968591 0.0 0.0
-2.10006e-5 -3.42232e-5 0.0778182103 0.0 0.0
-2.02228e-5 -3.42232e-5 0.0480167651 0.0 0.0
-1.9445e-5 -3.42232e-5 0.0337452286 0.0 0.0
-1.86672e-5 -3.42232e-5 0.0351886405 0.0 0.0
-1.78894e-5 -3.42232e-5 0.0346028809 0.0 0.0
-1.71116e-5 -3.42232e-5 0.0225927174 0.0 0.0
-1.63338e-5 -3.42232e-5 0.0261676335 0.0 0.0
-1.5556e-5 -3.42232e-5 0.0339018895 0.0 0.0
-1.47782e-5 -3.42232e-5 0.038172118 0.0 0.0
-1.40004e-5 -3.42232e-5 0.0341577369 0.0 0.0
-1.32226e-5 -3.42232e-5 0.0226803181 0.0 0.0
-1.24448e-5 -3.42232e-5 0.0122855733 0.0 0.0
-1.1667e-5 -3.42232e-5 0.0080104644 0.0 0.0
-1.08892e-5 -3.42232e-5 0.0071738749 0.0 0.0
-1.01114e-5 -3.42232e-5 0.0054527427 0.0 0.0
-9.3336e-6 -3.42232e-5 0.0002758786 0.0 0.0
-8.5558e-6 -3.42232e-5 0.0008340991 0.0 0.0
-7.778e-6 -3.42232e-5 7.66024e-5 0.0 0.0
-7.0002e-6 -3.42232e-5 2.73304e-5 0.0 0.0
-6.2224e-6 -3.42232e-5 3.0283e-5 0.0 0.0
-5.4446e-6 -3.42232e-5 0.0001954015 0.0 0.0
-4.6668e-6 -3.42232e-5 0.000766224 0.0 0.0
-3.889e-6 -3.42232e-5 0.0022795937 0.0 0.0
-3.1112e-6 -3.42232e-5 0.0014975798 0.0 0.0
-2.3334e-6 -3.42232e-5 0.0014564191 0.0 0.0
-1.5556e-6 -3.42232e-5 0.0023686497 0.0 0.0
-7.778e-7 -3.42232e-5 0.0023933749 0.0 0.0
0.0 -3.42232e-5 0.0034845741 0.0 0.0
7.778e-7 -3.42232e-5 0.0055879192 0.0 0.0
1.5556e-6 -3.42232e-5 0.0040332289 0.0 0.0
2.3334e-6 -3.42232e-5 0.0033783129 0.0 0.0
3.1112e-6 -3.42232e-5 0.0011872865 0.0 0.0
3.889e-6 -3.42232e-5 0.0006209604 0.0 0.0
4.6668e-6 -3.42232e-5 0.0001928508 0.0 0.0
5.4446e-6 -3.42232e-5 0.0007378913 0.0 0.0
6.2224e-6 -3.42232e-5 1.06029e-5 0.0 0.0
7.0002e-6 -3.42232e-5 1.65917e-5 0.0 0.0
7.778e-6 -3.42232e-5 8.00623e-5 0.0 0.0
8.5558e-6 -3.42232e-5 1.61383e-5 0.0 0.0
9.3336e-6 -3.42232e-5 3.24768e-5 0.0 0.0
1.01114e-5 -3.42232e-5 5.15914e-5 0.0 0.0
1.08892e-5 -3.42232e-5 8.67948e-5 0.0 0.0
1.1667e-5 -3.42232e-5 0.0001153252 0.0 0.0
1.24448e-5 -3.42232e-5 0.0002564451 0.0 0.0
1.32226e-5 -3.42232e-5 0.0001444099 0.0 0.0
1.40004e-5 -3.42232e-5 9.1116e-5 0.0 0.0
1.47782e-5 -3.42232e-5 4.20776e-5 0.0 0.0
1.5556e-5 -3.42232e-5 2.86279e-5 0.0 0.0
1.63338e-5 -3.42232e-5 2.8895e-5 0.0 0.0
1.71116e-5 -3.42232e-5 2.545e-5 0.0 0.0
1.78894e-5 -3.42232e-5 2.34846e-5 0.0 0.0
1.86672e-5 -3.42232e-5 2.94387e-5 0.0 0.0
-9.72251e-5 -3.34454e-5 0.0004919427 0.0 0.0
-9.64473e-5 -3.34454e-5 0.0003814517 0.0 0.0
-9.56695e-5 -3.34454e-5 0.0005277121 0.0 0.0
-9.48917e-5 -3.34454e-5 0.0002353713 0.0 0.0
-9.41139e-5 -3.34454e-5 9.65439e-5 0.0 0.0
-9.33361e-5 -3.34454e-5 3.05296e-5 0.0 0.0
-9.25583e-5 -3.34454e-5 0.0008439589 0.0 0.0
-9.17805e-5 -3.34454e-5 0.0006571899 0.0 0.0
-9.10027e-5 -3.34454e-5 0.0002676827 0.0 0.0
-9.02249e-5 -3.34454e-5 0.0001772077 0.0 0.0
-8.94471e-5 -3.34454e-5 0.0015748123 0.0 0.0
-8.86693e-5 -3.34454e-5 0.0016568039 0.0 0.0
-8.78915e-5 -3.34454e-5 0.004549321 0.0 0.0
-8.71137e-5 -3.34454e-5 0.0074850185 0.0 0.0
-8.63359e-5 -3.34454e-5 0.0114487324 0.0 0.0
-8.55581e-5 -3.34454e-5 0.0150190395 0.0 0.0
-8.47803e-5 -3.34454e-5 0.0105477011 0.0 0.0
-8.40025e-5 -3.34454e-5 0.0049167781 0.0 0.0
-8.32246e-5 -3.34454e-5 0.0042795716 0.0 0.0
-8.24468e-5 -3.34454e-5 0.0036718938 0.0 0.0
-8.1669e-5 -3.34454e-5 0.0051310336 0.0 0.0
-8.08912e-5 -3.34454e-5 0.0072550254 0.0 0.0
-8.01134e-5 -3.34454e-5 0.0124162129 0.0 0.0
-7.93356e-5 -3.34454e-5 0.0126325537 0.0 0.0
-7.85578e-5 -3.34454e-5 0.0113347008 0.0 0.0
-7.778e-5 -3.34454e-5 0.010011439 0.0 0.0
-7.70022e-5 -3.34454e-5 0.0081263273 0.0 0.0
-7.62244e-5 -3.34454e-5 0.0106760834 0.0 0.0
-7.54466e-5 -3.34454e-5 0.0079172288 0.0 0.0
-7.46688e-5 -3.34454e-5 0.0067554794 0.0 0.0
-7.3891e-5 -3.34454e-5 0.0059471302 0.0 0.0
-7.31132e-5 -3.34454e-5 0.0038099392 0.0 0.0
-7.23354e-5 -3.34454e-5 0.0060397506 0.0 0.0
-7.15576e-5 -3.34454e-5 0.009412993 0.0 0.0
-7.07798e-5 -3.34454e-5 0.01431651 0.0 0.0
-7.0002e-5 -3.34454e-5 0.0159152211 0.0 0.0
-6.92242e-5 -3.34454e-5 0.020860861 0.0 0.0
-6.84464e-5 -3.34454e-5 0.0177295869 0.0 0.0
-6.76686e-5 -3.34454e-5 0.0216718379 0.0 0.0
-6.68908e-5 -3.34454e-5 0.0150875011 0.0 0.0
-6.6113e-5 -3.34454e-5 0.0179159238 0.0 0.0
-6.53352e-5 -3.34454e-5 0.0116572132 0.0 0.0
-6.45574e-5 -3.34454e-5 0.0239876102 0.0 0.0
-6.37796e-5 -3.34454e-5 0.0212075103 0.0 0.0
-6.30018e-5 -3.34454e-5 0.0212187257 0.0 0.0
-6.2224e-5 -3.34454e-5 0.0158105691 0.0 0.0
-6.14462e-5 -3.34454e-5 0.0235972661 0.0 0.0
-6.06684e-5 -3.34454e-5 0.0670412875 0.0 0.0
-5.98906e-5 -3.34454e-5 0.096300465 0.0 0.0
-5.91128e-5 -3.34454e-5 0.1282311539 0.0 0.0
-5.8335e-5 -3.34454e-5 0.124536819 0.0 0.0
-5.75572e-5 -3.34454e-5 0.1731220733 0.0 0.0
-5.67794e-5 -3.34454e-5 0.3694005836 0.0 0.0
-5.60016e-5 -3.34454e-5 0.4110434513 0.0 0.0
-5.52238e-5 -3.34454e-5 0.3738542466 0.0 0.0
-5.4446e-5 -3.34454e-5 0.3773652276 0.0 0.0
-5.36682e-5 -3.34454e-5 0.2493671017 0.0 0.0
-5.28904e-5 -3.34454e-5 0.272055461 0.0 0.0
-5.21126e-5 -3.34454e-5 0.1760042731 0.0 0.0
-5.13348e-5 -3.34454e-5 0.1476841304 0.0 0.0
-5.0557e-5 -3.34454e-5 0.1265997961 0.0 0.0
-4.97792e-5 -3.34454e-5 0.2677801212 0.0 0.0
-4.90014e-5 -3.34454e-5 0.2723995305 0.0 0.0
-4.82236e-5 -3.34454e-5 0.1207107701 0.0 0.0
-4.74458e-5 -3.34454e-5 0.0892256548 0.0 0.0
-4.6668e-5 -3.34454e-5 0.0892014406 0.0 0.0
-4.58902e-5 -3.34454e-5 0.0536243891 0.0 0.0
-4.51124e-5 -3.34454e-5 0.0580208878 0.0 0.0
-4.43346e-5 -3.34454e-5 0.0706822448 0.0 0.0
-4.35568e-5 -3.34454e-5 0.0004995527 0.0 0.0
-4.2779e-5 -3.34454e-5 0.0017245915 0.0 0.0
-4.20012e-5 -3.34454e-5 0.0008630976 0.0 0.0
-4.12234e-5 -3.34454e-5 0.0040835823 0.0 0.0
-4.04456e-5 -3.34454e-5 0.001315437 0.0 0.0
-3.96678e-5 -3.34454e-5 0.0015400481 0.0 0.0
-3.889e-5 -3.34454e-5 0.0031921237 0.0 0.0
-3.81122e-5 -3.34454e-5 0.002072226 0.0 0.0
-3.73344e-5 -3.34454e-5 0.0024389254 0.0 0.0
-3.65566e-5 -3.34454e-5 0.0027376765 0.0 0.0
-3.57788e-5 -3.34454e-5 0.0228277623 0.0 0.0
-3.5001e-5 -3.34454e-5 0.0022357073 0.0 0.0
-3.42232e-5 -3.34454e-5 0.0312482095 0.0 0.0
-3.34454e-5 -3.34454e-5 0.3668136952 0.0 0.0
-3.26676e-5 -3.34454e-5 0.2110369639 0.0 0.0
-3.18898e-5 -3.34454e-5 0.2310790603 0.0 0.0
-3.1112e-5 -3.34454e-5 0.1622315428 0.0 0.0
-3.03342e-5 -3.34454e-5 0.1229467561 0.0 0.0
-2.95564e-5 -3.34454e-5 0.2426745043 0.0 0.0
-2.87786e-5 -3.34454e-5 0.3247003171 0.0 0.0
-2.80008e-5 -3.34454e-5 0.4524556951 0.0 0.0
-2.7223e-5 -3.34454e-5 0.4723203568 0.0 0.0
-2.64452e-5 -3.34454e-5 0.111415362 0.0 0.0
-2.56674e-5 -3.34454e-5 0.0481871184 0.0 0.0
-2.48896e-5 -3.34454e-5 0.0396987999 0.0 0.0
-2.41118e-5 -3.34454e-5 0.0745308976 0.0 0.0
-2.3334e-5 -3.34454e-5 0.0569029187 0.0 0.0
-2.25562e-5 -3.34454e-5 0.0588067527 0.0 0.0
-2.17784e-5 -3.34454e-5 0.0677416339 0.0 0.0
-2.10006e-5 -3.34454e-5 0.0725719493 0.0 0.0
-2.02228e-5 -3.34454e-5 0.0433118974 0.0 0.0
-1.9445e-5 -3.34454e-5 0.0342372202 0.0 0.0
-1.86672e-5 -3.34454e-5 0.0339058583 0.0 0.0
-1.78894e-5 -3.34454e-5 0.029186778 0.0 0.0
-1.71116e-5 -3.34454e-5 0.0308168198 0.0 0.0
-1.63338e-5 -3.34454e-5 0.0386707456 0.0 0.0
-1.5556e-5 -3.34454e-5 0.0467221541 0.0 0.0
-1.47782e-5 -3.34454e-5 0.0376111107 0.0 0.0
-1.40004e-5 -3.34454e-5 0.0283691349 0.0 0.0
-1.32226e-5 -3.34454e-5 0.0193503527 0.0 0.0
-1.24448e-5 -3.34454e-5 0.0116502046 0.0 0.0
-1.1667e-5 -3.34454e-5 0.0064783872 0.0 0.0
-1.08892e-5 -3.34454e-5 0.0077278914 0.0 0.0
-1.01114e-5 -3.34454e-5 0.0035340893 0.0 0.0
-9.3336e-6 -3.34454e-5 0.0001613905 0.0 0.0
-8.5558e-6 -3.34454e-5 0.0002014298 0.0 0.0
-7.778e-6 -3.34454e-5 1.54873e-5 0.0 0.0
-7.0002e-6 -3.34454e-5 4.45814e-5 0.0 0.0
-6.2224e-6 -3.34454e-5 0.0010385205 0.0 0.0
-5.4446e-6 -3.34454e-5 0.0005745596 0.0 0.0
-4.6668e-6 -3.34454e-5 0.001227134 0.0 0.0
-3.889e-6 -3.34454e-5 0.0022245283 0.0 0.0
-3.1112e-6 -3.34454e-5 0.0012236708 0.0 0.0
-2.3334e-6 -3.34454e-5 0.0022641195 0.0 0.0
-1.5556e-6 -3.34454e-5 0.002284757 0.0 0.0
-7.778e-7 -3.34454e-5 0.0027647328 0.0 0.0
0.0 -3.34454e-5 0.0047830319 0.0 0.0
7.778e-7 -3.34454e-5 0.0054890633 0.0 0.0
1.5556e-6 -3.34454e-5 0.0024528561 0.0 0.0
2.3334e-6 -3.34454e-5 0.0011904628 0.0 0.0
3.1112e-6 -3.34454e-5 0.0013369185 0.0 0.0
3.889e-6 -3.34454e-5 0.0006563491 0.0 0.0
4.6668e-6 -3.34454e-5 0.0002444793 0.0 0.0
5.4446e-6 -3.34454e-5 0.0006750722 0.0 0.0
6.2224e-6 -3.34454e-5 0.0009545519 0.0 0.0
7.0002e-6 -3.34454e-5 4.6325e-6 0.0 0.0
7.778e-6 -3.34454e-5 3.2209e-6 0.0 0.0
8.5558e-6 -3.34454e-5 7.2619e-6 0.0 0.0
9.3336e-6 -3.34454e-5 6.7165e-6 0.0 0.0
1.01114e-5 -3.34454e-5 2.27927e-5 0.0 0.0
1.08892e-5 -3.34454e-5 6.62796e-5 0.0 0.0
1.1667e-5 -3.34454e-5 8.22905e-5 0.0 0.0
1.24448e-5 -3.34454e-5 0.0001921191 0.0 0.0
1.32226e-5 -3.34454e-5 0.0001996005 0.0 0.0
1.40004e-5 -3.34454e-5 5.75103e-5 0.0 0.0
1.47782e-5 -3.34454e-5 2.55004e-5 0.0 0.0
1.5556e-5 -3.34454e-5 2.158e-5 0.0 0.0
1.63338e-5 -3.34454e-5 2.09935e-5 0.0 0.0
1.71116e-5 -3.34454e-5 2.22934e-5 0.0 0.0
1.78894e-5 -3.34454e-5 2.27032e-5 0.0 0.0
1.86672e-5 -3.34454e-5 3.19896e-5 0.0 0.0
-9.72251e-5 -3.26676e-5 0.0006298873 0.0 0.0
-9.64473e-5 -3.26676e-5 0.0004252698 0.0 0.0
-9.56695e-5 -3.26676e-5 0.0005410171 0.0 0.0
-9.48917e-5 -3.26676e-5 0.0002095469 0.0 0.0
-9.41139e-5 -3.26676e-5 7.71197e-5 0.0 0.0
-9.33361e-5 -3.26676e-5 0.0009789645 0.0 0.0
-9.25583e-5 -3.26676e-5 0.0006221362 0.0 0.0
-9.17805e-5 -3.26676e-5 0.0004491304 0.0 0.0
-9.10027e-5 -3.26676e-5 0.0002366483 0.0 0.0
-9.02249e-5 -3.26676e-5 0.0013082632 0.0 0.0
-8.94471e-5 -3.26676e-5 0.0014928441 0.0 0.0
-8.86693e-5 -3.26676e-5 0.0011334171 0.0 0.0
-8.78915e-5 -3.26676e-5 0.0040453173 0.0 0.0
-8.71137e-5 -3.26676e-5 0.006934942 0.0 0.0
-8.63359e-5 -3.26676e-5 0.0108855259 0.0 0.0
-8.55581e-5 -3.26676e-5 0.014303092 0.0 0.0
-8.47803e-5 -3.26676e-5 0.0158698184 0.0 0.0
-8.40025e-5 -3.26676e-5 0.006835116 0.0 0.0
-8.32246e-5 -3.26676e-5 0.0036436259 0.0 0.0
-8.24468e-5 -3.26676e-5 0.0051797043 0.0 0.0
-8.1669e-5 -3.26676e-5 0.00659115 0.0 0.0
-8.08912e-5 -3.26676e-5 0.0087211334 0.0 0.0
-8.01134e-5 -3.26676e-5 0.0143203766 0.0 0.0
-7.93356e-5 -3.26676e-5 0.0144181 0.0 0.0
-7.85578e-5 -3.26676e-5 0.0134597821 0.0 0.0
-7.778e-5 -3.26676e-5 0.011673873 0.0 0.0
-7.70022e-5 -3.26676e-5 0.0107002049 0.0 0.0
-7.62244e-5 -3.26676e-5 0.0084629152 0.0 0.0
-7.54466e-5 -3.26676e-5 0.0046657383 0.0 0.0
-7.46688e-5 -3.26676e-5 0.0036468086 0.0 0.0
-7.3891e-5 -3.26676e-5 0.0088581786 0.0 0.0
-7.31132e-5 -3.26676e-5 0.009292888 0.0 0.0
-7.23354e-5 -3.26676e-5 0.0130549165 0.0 0.0
-7.15576e-5 -3.26676e-5 0.0156518387 0.0 0.0
-7.07798e-5 -3.26676e-5 0.0103670512 0.0 0.0
-7.0002e-5 -3.26676e-5 0.0191726396 0.0 0.0
-6.92242e-5 -3.26676e-5 0.0143512377 0.0 0.0
-6.84464e-5 -3.26676e-5 0.0190849924 0.0 0.0
-6.76686e-5 -3.26676e-5 0.0233263892 0.0 0.0
-6.68908e-5 -3.26676e-5 0.0182972923 0.0 0.0
-6.6113e-5 -3.26676e-5 0.0111461506 0.0 0.0
-6.53352e-5 -3.26676e-5 0.0161139908 0.0 0.0
-6.45574e-5 -3.26676e-5 0.0249433598 0.0 0.0
-6.37796e-5 -3.26676e-5 0.0187483079 0.0 0.0
-6.30018e-5 -3.26676e-5 0.0113330417 0.0 0.0
-6.2224e-5 -3.26676e-5 0.0094644818 0.0 0.0
-6.14462e-5 -3.26676e-5 0.0173255843 0.0 0.0
-6.06684e-5 -3.26676e-5 0.0658290737 0.0 0.0
-5.98906e-5 -3.26676e-5 0.0952472465 0.0 0.0
-5.91128e-5 -3.26676e-5 0.1118623076 0.0 0.0
-5.8335e-5 -3.26676e-5 0.1363085134 0.0 0.0
-5.75572e-5 -3.26676e-5 0.1602680712 0.0 0.0
-5.67794e-5 -3.26676e-5 0.2983195449 0.0 0.0
-5.60016e-5 -3.26676e-5 0.3450740005 0.0 0.0
-5.52238e-5 -3.26676e-5 0.3860143173 0.0 0.0
-5.4446e-5 -3.26676e-5 0.3174336859 0.0 0.0
-5.36682e-5 -3.26676e-5 0.2056250501 0.0 0.0
-5.28904e-5 -3.26676e-5 0.2880637324 0.0 0.0
-5.21126e-5 -3.26676e-5 0.1759668853 0.0 0.0
-5.13348e-5 -3.26676e-5 0.1665202611 0.0 0.0
-5.0557e-5 -3.26676e-5 0.1271731812 0.0 0.0
-4.97792e-5 -3.26676e-5 0.4516936325 0.0 0.0
-4.90014e-5 -3.26676e-5 0.2849061746 0.0 0.0
-4.82236e-5 -3.26676e-5 0.1583051477 0.0 0.0
-4.74458e-5 -3.26676e-5 0.0667708843 0.0 0.0
-4.6668e-5 -3.26676e-5 0.0857702413 0.0 0.0
-4.58902e-5 -3.26676e-5 0.0523451915 0.0 0.0
-4.51124e-5 -3.26676e-5 0.0250357469 0.0 0.0
-4.43346e-5 -3.26676e-5 0.058629639 0.0 0.0
-4.35568e-5 -3.26676e-5 0.0675721739 0.0 0.0
-4.2779e-5 -3.26676e-5 0.0001394289 0.0 0.0
-4.20012e-5 -3.26676e-5 0.000945917 0.0 0.0
-4.12234e-5 -3.26676e-5 0.0045391233 0.0 0.0
-4.04456e-5 -3.26676e-5 0.0022782029 0.0 0.0
-3.96678e-5 -3.26676e-5 0.0025459999 0.0 0.0
-3.889e-5 -3.26676e-5 0.0027966706 0.0 0.0
-3.81122e-5 -3.26676e-5 0.0141026035 0.0 0.0
-3.73344e-5 -3.26676e-5 0.019000114 0.0 0.0
-3.65566e-5 -3.26676e-5 0.002202275 0.0 0.0
-3.57788e-5 -3.26676e-5 0.0014201382 0.0 0.0
-3.5001e-5 -3.26676e-5 0.2826087722 0.0 0.0
-3.42232e-5 -3.26676e-5 0.1313473964 0.0 0.0
-3.34454e-5 -3.26676e-5 0.1482006675 0.0 0.0
-3.26676e-5 -3.26676e-5 0.1465504684 0.0 0.0
-3.18898e-5 -3.26676e-5 0.1170908704 0.0 0.0
-3.1112e-5 -3.26676e-5 0.0970523256 0.0 0.0
-3.03342e-5 -3.26676e-5 0.2722114022 0.0 0.0
-2.95564e-5 -3.26676e-5 0.2271400171 0.0 0.0
-2.87786e-5 -3.26676e-5 0.2969705419 0.0 0.0
-2.80008e-5 -3.26676e-5 0.4428796696 0.0 0.0
-2.7223e-5 -3.26676e-5 0.2276429159 0.0 0.0
-2.64452e-5 -3.26676e-5 0.0849340962 0.0 0.0
-2.56674e-5 -3.26676e-5 0.0640982742 0.0 0.0
-2.48896e-5 -3.26676e-5 0.0470048051 0.0 0.0
-2.41118e-5 -3.26676e-5 0.0710927298 0.0 0.0
-2.3334e-5 -3.26676e-5 0.0514435703 0.0 0.0
-2.25562e-5 -3.26676e-5 0.0476372111 0.0 0.0
-2.17784e-5 -3.26676e-5 0.0978039012 0.0 0.0
-2.10006e-5 -3.26676e-5 0.0609919834 0.0 0.0
-2.02228e-5 -3.26676e-5 0.0361217226 0.0 0.0
-1.9445e-5 -3.26676e-5 0.0347766404 0.0 0.0
-1.86672e-5 -3.26676e-5 0.0385420083 0.0 0.0
-1.78894e-5 -3.26676e-5 0.030611556 0.0 0.0
-1.71116e-5 -3.26676e-5 0.0319043393 0.0 0.0
-1.63338e-5 -3.26676e-5 0.0416766085 0.0 0.0
-1.5556e-5 -3.26676e-5 0.0440876767 0.0 0.0
-1.47782e-5 -3.26676e-5 0.0381309368 0.0 0.0
-1.40004e-5 -3.26676e-5 0.0248784731 0.0 0.0
-1.32226e-5 -3.26676e-5 0.0140791603 0.0 0.0
-1.24448e-5 -3.26676e-5 0.0104889071 0.0 0.0
-1.1667e-5 -3.26676e-5 0.0060323104 0.0 0.0
-1.08892e-5 -3.26676e-5 0.0071677915 0.0 0.0
-1.01114e-5 -3.26676e-5 0.0033923929 0.0 0.0
-9.3336e-6 -3.26676e-5 0.0001533674 0.0 0.0
-8.5558e-6 -3.26676e-5 6.7142e-6 0.0 0.0
-7.778e-6 -3.26676e-5 0.0008322784 0.0 0.0
-7.0002e-6 -3.26676e-5 0.0001055884 0.0 0.0
-6.2224e-6 -3.26676e-5 0.0014590448 0.0 0.0
-5.4446e-6 -3.26676e-5 0.0010532588 0.0 0.0
-4.6668e-6 -3.26676e-5 0.0014845423 0.0 0.0
-3.889e-6 -3.26676e-5 0.0018784408 0.0 0.0
-3.1112e-6 -3.26676e-5 0.0018988237 0.0 0.0
-2.3334e-6 -3.26676e-5 0.0019978238 0.0 0.0
-1.5556e-6 -3.26676e-5 0.0023192763 0.0 0.0
-7.778e-7 -3.26676e-5 0.0036455156 0.0 0.0
0.0 -3.26676e-5 0.0065028953 0.0 0.0
7.778e-7 -3.26676e-5 0.0035307518 0.0 0.0
1.5556e-6 -3.26676e-5 0.0025741141 0.0 0.0
2.3334e-6 -3.26676e-5 0.0013089267 0.0 0.0
3.1112e-6 -3.26676e-5 0.001546275 0.0 0.0
3.889e-6 -3.26676e-5 0.0008026472 0.0 0.0
4.6668e-6 -3.26676e-5 0.0002288681 0.0 0.0
5.4446e-6 -3.26676e-5 0.0006961747 0.0 0.0
6.2224e-6 -3.26676e-5 0.0004725424 0.0 0.0
7.0002e-6 -3.26676e-5 0.0004457255 0.0 0.0
7.778e-6 -3.26676e-5 1.7318e-6 0.0 0.0
8.5558e-6 -3.26676e-5 0.0002863267 0.0 0.0
9.3336e-6 -3.26676e-5 0.0002797872 0.0 0.0
1.01114e-5 -3.26676e-5 0.0002682294 0.0 0.0
1.08892e-5 -3.26676e-5 0.0002780125 0.0 0.0
1.1667e-5 -3.26676e-5 0.0001960382 0.0 0.0
1.24448e-5 -3.26676e-5 0.0001356304 0.0 0.0
1.32226e-5 -3.26676e-5 0.000112611 0.0 0.0
1.40004e-5 -3.26676e-5 3.27888e-5 0.0 0.0
1.47782e-5 -3.26676e-5 4.85714e-5 0.0 0.0
1.5556e-5 -3.26676e-5 4.02029e-5 0.0 0.0
1.63338e-5 -3.26676e-5 4.01036e-5 0.0 0.0
1.71116e-5 -3.26676e-5 3.39078e-5 0.0 0.0
1.78894e-5 -3.26676e-5 1.99753e-5 0.0 0.0
1.86672e-5 -3.26676e-5 3.16116e-5 0.0 0.0
-9.72251e-5 -3.18898e-5 0.0001268762 0.0 0.0
-9.64473e-5 -3.18898e-5 9.96939e-5 0.0 0.0
-9.56695e-5 -3.18898e-5 0.0010981189 0.0 0.0
-9.48917e-5 -3.18898e-5 0.0006509357 0.0 0.0
-9.41139e-5 -3.18898e-5 0.0001454269 0.0 0.0
-9.33361e-5 -3.18898e-5 3.40949e-5 0.0 0.0
-9.25583e-5 -3.18898e-5 0.0010717359 0.0 0.0
-9.17805e-5 -3.18898e-5 0.0007666916 0.0 0.0
-9.10027e-5 -3.18898e-5 0.0005222967 0.0 0.0
-9.02249e-5 -3.18898e-5 0.0011647389 0.0 0.0
-8.94471e-5 -3.18898e-5 0.0015303336 0.0 0.0
-8.86693e-5 -3.18898e-5 0.0012415293 0.0 0.0
-8.78915e-5 -3.18898e-5 0.0055124169 0.0 0.0
-8.71137e-5 -3.18898e-5 0.0099021532 0.0 0.0
-8.63359e-5 -3.18898e-5 0.0107767368 0.0 0.0
-8.55581e-5 -3.18898e-5 0.0138534398 0.0 0.0
-8.47803e-5 -3.18898e-5 0.0152491651 0.0 0.0
-8.40025e-5 -3.18898e-5 0.009139637 0.0 0.0
-8.32246e-5 -3.18898e-5 0.0053886957 0.0 0.0
-8.24468e-5 -3.18898e-5 0.0049768973 0.0 0.0
-8.1669e-5 -3.18898e-5 0.0066064586 0.0 0.0
-8.08912e-5 -3.18898e-5 0.012046262 0.0 0.0
-8.01134e-5 -3.18898e-5 0.0145287698 0.0 0.0
-7.93356e-5 -3.18898e-5 0.0177529219 0.0 0.0
-7.85578e-5 -3.18898e-5 0.0168919609 0.0 0.0
-7.778e-5 -3.18898e-5 0.0108829762 0.0 0.0
-7.70022e-5 -3.18898e-5 0.0093818033 0.0 0.0
-7.62244e-5 -3.18898e-5 0.0074058328 0.0 0.0
-7.54466e-5 -3.18898e-5 0.0043102557 0.0 0.0
-7.46688e-5 -3.18898e-5 0.0087478188 0.0 0.0
-7.3891e-5 -3.18898e-5 0.0087831417 0.0 0.0
-7.31132e-5 -3.18898e-5 0.010036822 0.0 0.0
-7.23354e-5 -3.18898e-5 0.0153901174 0.0 0.0
-7.15576e-5 -3.18898e-5 0.008298528 0.0 0.0
-7.07798e-5 -3.18898e-5 0.0090363946 0.0 0.0
-7.0002e-5 -3.18898e-5 0.0163124594 0.0 0.0
-6.92242e-5 -3.18898e-5 0.0119018321 0.0 0.0
-6.84464e-5 -3.18898e-5 0.0164394722 0.0 0.0
-6.76686e-5 -3.18898e-5 0.0219074042 0.0 0.0
-6.68908e-5 -3.18898e-5 0.0174567929 0.0 0.0
-6.6113e-5 -3.18898e-5 0.0221795076 0.0 0.0
-6.53352e-5 -3.18898e-5 0.0233218219 0.0 0.0
-6.45574e-5 -3.18898e-5 0.0232380144 0.0 0.0
-6.37796e-5 -3.18898e-5 0.0270066951 0.0 0.0
-6.30018e-5 -3.18898e-5 0.0225091752 0.0 0.0
-6.2224e-5 -3.18898e-5 0.0115352061 0.0 0.0
-6.14462e-5 -3.18898e-5 0.022648096 0.0 0.0
-6.06684e-5 -3.18898e-5 0.0697544394 0.0 0.0
-5.98906e-5 -3.18898e-5 0.090626765 0.0 0.0
-5.91128e-5 -3.18898e-5 0.136219614 0.0 0.0
-5.8335e-5 -3.18898e-5 0.1433052813 0.0 0.0
-5.75572e-5 -3.18898e-5 0.1290977419 0.0 0.0
-5.67794e-5 -3.18898e-5 0.2840545268 0.0 0.0
-5.60016e-5 -3.18898e-5 0.3643811259 0.0 0.0
-5.52238e-5 -3.18898e-5 0.3309079977 0.0 0.0
-5.4446e-5 -3.18898e-5 0.2725267708 0.0 0.0
-5.36682e-5 -3.18898e-5 0.1682130313 0.0 0.0
-5.28904e-5 -3.18898e-5 0.2711364604 0.0 0.0
-5.21126e-5 -3.18898e-5 0.171283901 0.0 0.0
-5.13348e-5 -3.18898e-5 0.1448127949 0.0 0.0
-5.0557e-5 -3.18898e-5 0.1215981525 0.0 0.0
-4.97792e-5 -3.18898e-5 0.2367569276 0.0 0.0
-4.90014e-5 -3.18898e-5 0.3763267934 0.0 0.0
-4.82236e-5 -3.18898e-5 0.2166749824 0.0 0.0
-4.74458e-5 -3.18898e-5 0.0964651418 0.0 0.0
-4.6668e-5 -3.18898e-5 0.0690351356 0.0 0.0
-4.58902e-5 -3.18898e-5 0.0756409124 0.0 0.0
-4.51124e-5 -3.18898e-5 0.0522985879 0.0 0.0
-4.43346e-5 -3.18898e-5 0.0248044833 0.0 0.0
-4.35568e-5 -3.18898e-5 0.0625508718 0.0 0.0
-4.2779e-5 -3.18898e-5 0.0429519877 0.0 0.0
-4.20012e-5 -3.18898e-5 0.0899850023 0.0 0.0
-4.12234e-5 -3.18898e-5 0.0314078873 0.0 0.0
-4.04456e-5 -3.18898e-5 0.0006200714 0.0 0.0
-3.96678e-5 -3.18898e-5 0.0014701557 0.0 0.0
-3.889e-5 -3.18898e-5 0.0010973191 0.0 0.0
-3.81122e-5 -3.18898e-5 0.0011216488 0.0 0.0
-3.73344e-5 -3.18898e-5 0.1734330953 0.0 0.0
-3.65566e-5 -3.18898e-5 0.1768319938 0.0 0.0
-3.57788e-5 -3.18898e-5 0.1475373278 0.0 0.0
-3.5001e-5 -3.18898e-5 0.1207879051 0.0 0.0
-3.42232e-5 -3.18898e-5 0.1007226642 0.0 0.0
-3.34454e-5 -3.18898e-5 0.1374026639 0.0 0.0
-3.26676e-5 -3.18898e-5 0.1370834085 0.0 0.0
-3.18898e-5 -3.18898e-5 0.1751281741 0.0 0.0
-3.1112e-5 -3.18898e-5 0.2238569811 0.0 0.0
-3.03342e-5 -3.18898e-5 0.1419473067 0.0 0.0
-2.95564e-5 -3.18898e-5 0.2534883636 0.0 0.0
-2.87786e-5 -3.18898e-5 0.5954531175 0.0 0.0
-2.80008e-5 -3.18898e-5 0.4513147943 0.0 0.0
-2.7223e-5 -3.18898e-5 0.1170511595 0.0 0.0
-2.64452e-5 -3.18898e-5 0.0803135832 0.0 0.0
-2.56674e-5 -3.18898e-5 0.0697190873 0.0 0.0
-2.48896e-5 -3.18898e-5 0.0536774235 0.0 0.0
-2.41118e-5 -3.18898e-5 0.0553334729 0.0 0.0
-2.3334e-5 -3.18898e-5 0.0600679476 0.0 0.0
-2.25562e-5 -3.18898e-5 0.0614349464 0.0 0.0
-2.17784e-5 -3.18898e-5 0.0747616149 0.0 0.0
-2.10006e-5 -3.18898e-5 0.0575675744 0.0 0.0
-2.02228e-5 -3.18898e-5 0.0500490097 0.0 0.0
-1.9445e-5 -3.18898e-5 0.0408625166 0.0 0.0
-1.86672e-5 -3.18898e-5 0.0242028166 0.0 0.0
-1.78894e-5 -3.18898e-5 0.0294686047 0.0 0.0
-1.71116e-5 -3.18898e-5 0.0452226632 0.0 0.0
-1.63338e-5 -3.18898e-5 0.0428210902 0.0 0.0
-1.5556e-5 -3.18898e-5 0.039098635 0.0 0.0
-1.47782e-5 -3.18898e-5 0.0279658884 0.0 0.0
-1.40004e-5 -3.18898e-5 0.0165375214 0.0 0.0
-1.32226e-5 -3.18898e-5 0.0150114803 0.0 0.0
-1.24448e-5 -3.18898e-5 0.0103257598 0.0 0.0
-1.1667e-5 -3.18898e-5 0.0052767136 0.0 0.0
-1.08892e-5 -3.18898e-5 0.0083685539 0.0 0.0
-1.01114e-5 -3.18898e-5 0.0015695243 0.0 0.0
-9.3336e-6 -3.18898e-5 3.72307e-5 0.0 0.0
-8.5558e-6 -3.18898e-5 1.8554e-6 0.0 0.0
-7.778e-6 -3.18898e-5 0.000775862 0.0 0.0
-7.0002e-6 -3.18898e-5 0.0009924543 0.0 0.0
-6.2224e-6 -3.18898e-5 0.0009880706 0.0 0.0
-5.4446e-6 -3.18898e-5 0.0014362826 0.0 0.0
-4.6668e-6 -3.18898e-5 0.0010620455 0.0 0.0
-3.889e-6 -3.18898e-5 0.0013169963 0.0 0.0
-3.1112e-6 -3.18898e-5 0.0024849738 0.0 0.0
-2.3334e-6 -3.18898e-5 0.0025772101 0.0 0.0
-1.5556e-6 -3.18898e-5 0.0032341198 0.0 0.0
-7.778e-7 -3.18898e-5 0.0052602481 0.0 0.0
0.0 -3.18898e-5 0.0048663564 0.0 0.0
7.778e-7 -3.18898e-5 0.0030193491 0.0 0.0
1.5556e-6 -3.18898e-5 0.0019730407 0.0 0.0
2.3334e-6 -3.18898e-5 0.0007003359 0.0 0.0
3.1112e-6 -3.18898e-5 0.0003855384 0.0 0.0
3.889e-6 -3.18898e-5 0.0008728746 0.0 0.0
4.6668e-6 -3.18898e-5 0.0001582613 0.0 0.0
5.4446e-6 -3.18898e-5 0.0001645495 0.0 0.0
6.2224e-6 -3.18898e-5 0.0001777233 0.0 0.0
7.0002e-6 -3.18898e-5 8.76313e-5 0.0 0.0
7.778e-6 -3.18898e-5 8.20881e-5 0.0 0.0
8.5558e-6 -3.18898e-5 0.0001569614 0.0 0.0
9.3336e-6 -3.18898e-5 0.0001035643 0.0 0.0
1.01114e-5 -3.18898e-5 0.0001737928 0.0 0.0
1.08892e-5 -3.18898e-5 0.0001994234 0.0 0.0
1.1667e-5 -3.18898e-5 0.0001674403 0.0 0.0
1.24448e-5 -3.18898e-5 0.0002018623 0.0 0.0
1.32226e-5 -3.18898e-5 0.0001068357 0.0 0.0
1.40004e-5 -3.18898e-5 4.63853e-5 0.0 0.0
1.47782e-5 -3.18898e-5 3.35834e-5 0.0 0.0
1.5556e-5 -3.18898e-5 2.99593e-5 0.0 0.0
1.63338e-5 -3.18898e-5 2.86502e-5 0.0 0.0
1.71116e-5 -3.18898e-5 2.99145e-5 0.0 0.0
1.78894e-5 -3.18898e-5 1.85037e-5 0.0 0.0
1.86672e-5 -3.18898e-5 2.89679e-5 0.0 0.0
-9.72251e-5 -3.1112e-5 0.0005247647 0.0 0.0
-9.64473e-5 -3.1112e-5 0.0002032801 0.0 0.0
-9.56695e-5 -3.1112e-5 8.93609e-5 0.0 0.0
-9.48917e-5 -3.1112e-5 1.25667e-5 0.0 0.0
-9.41139e-5 -3.1112e-5 0.0004279254 0.0 0.0
-9.33361e-5 -3.1112e-5 0.0001004234 0.0 0.0
-9.25583e-5 -3.1112e-5 9.5661e-5 0.0 0.0
-9.17805e-5 -3.1112e-5 0.0008420576 0.0 0.0
-9.10027e-5 -3.1112e-5 0.0006443758 0.0 0.0
-9.02249e-5 -3.1112e-5 0.0004668318 0.0 0.0
-8.94471e-5 -3.1112e-5 0.0017067039 0.0 0.0
-8.86693e-5 -3.1112e-5 0.0013438763 0.0 0.0
-8.78915e-5 -3.1112e-5 0.0042719967 0.0 0.0
-8.71137e-5 -3.1112e-5 0.0101676988 0.0 0.0
-8.63359e-5 -3.1112e-5 0.0121173336 0.0 0.0
-8.55581e-5 -3.1112e-5 0.0134002224 0.0 0.0
-8.47803e-5 -3.1112e-5 0.0166390477 0.0 0.0
-8.40025e-5 -3.1112e-5 0.0089292769 0.0 0.0
-8.32246e-5 -3.1112e-5 0.0038116881 0.0 0.0
-8.24468e-5 -3.1112e-5 0.0052663486 0.0 0.0
-8.1669e-5 -3.1112e-5 0.0064261846 0.0 0.0
-8.08912e-5 -3.1112e-5 0.0114657219 0.0 0.0
-8.01134e-5 -3.1112e-5 0.0138861719 0.0 0.0
-7.93356e-5 -3.1112e-5 0.0167151845 0.0 0.0
-7.85578e-5 -3.1112e-5 0.0202495487 0.0 0.0
-7.778e-5 -3.1112e-5 0.0149699015 0.0 0.0
-7.70022e-5 -3.1112e-5 0.0089726939 0.0 0.0
-7.62244e-5 -3.1112e-5 0.0069901222 0.0 0.0
-7.54466e-5 -3.1112e-5 0.004113648 0.0 0.0
-7.46688e-5 -3.1112e-5 0.0087458874 0.0 0.0
-7.3891e-5 -3.1112e-5 0.0094785323 0.0 0.0
-7.31132e-5 -3.1112e-5 0.0118899435 0.0 0.0
-7.23354e-5 -3.1112e-5 0.0147963432 0.0 0.0
-7.15576e-5 -3.1112e-5 0.0093204282 0.0 0.0
-7.07798e-5 -3.1112e-5 0.009870996 0.0 0.0
-7.0002e-5 -3.1112e-5 0.015960896 0.0 0.0
-6.92242e-5 -3.1112e-5 0.0111015653 0.0 0.0
-6.84464e-5 -3.1112e-5 0.0155983882 0.0 0.0
-6.76686e-5 -3.1112e-5 0.0113457056 0.0 0.0
-6.68908e-5 -3.1112e-5 0.0174068492 0.0 0.0
-6.6113e-5 -3.1112e-5 0.0243482694 0.0 0.0
-6.53352e-5 -3.1112e-5 0.0279010374 0.0 0.0
-6.45574e-5 -3.1112e-5 0.0321654522 0.0 0.0
-6.37796e-5 -3.1112e-5 0.018206614 0.0 0.0
-6.30018e-5 -3.1112e-5 0.015519829 0.0 0.0
-6.2224e-5 -3.1112e-5 0.0204110327 0.0 0.0
-6.14462e-5 -3.1112e-5 0.0227390158 0.0 0.0
-6.06684e-5 -3.1112e-5 0.0583774093 0.0 0.0
-5.98906e-5 -3.1112e-5 0.0982239057 0.0 0.0
-5.91128e-5 -3.1112e-5 0.1404955298 0.0 0.0
-5.8335e-5 -3.1112e-5 0.1274669987 0.0 0.0
-5.75572e-5 -3.1112e-5 0.1026566086 0.0 0.0
-5.67794e-5 -3.1112e-5 0.2332739162 0.0 0.0
-5.60016e-5 -3.1112e-5 0.351261099 0.0 0.0
-5.52238e-5 -3.1112e-5 0.3522344952 0.0 0.0
-5.4446e-5 -3.1112e-5 0.2680218112 0.0 0.0
-5.36682e-5 -3.1112e-5 0.1684977549 0.0 0.0
-5.28904e-5 -3.1112e-5 0.2964731176 0.0 0.0
-5.21126e-5 -3.1112e-5 0.2237819363 0.0 0.0
-5.13348e-5 -3.1112e-5 0.1856918257 0.0 0.0
-5.0557e-5 -3.1112e-5 0.1274438339 0.0 0.0
-4.97792e-5 -3.1112e-5 0.1675108606 0.0 0.0
-4.90014e-5 -3.1112e-5 0.3447708424 0.0 0.0
-4.82236e-5 -3.1112e-5 0.2398642614 0.0 0.0
-4.74458e-5 -3.1112e-5 0.1714264171 0.0 0.0
-4.6668e-5 -3.1112e-5 0.0763183283 0.0 0.0
-4.58902e-5 -3.1112e-5 0.063115372 0.0 0.0
-4.51124e-5 -3.1112e-5 0.0769653563 0.0 0.0
-4.43346e-5 -3.1112e-5 0.0793845254 0.0 0.0
-4.35568e-5 -3.1112e-5 0.0267805308 0.0 0.0
-4.2779e-5 -3.1112e-5 0.0765305231 0.0 0.0
-4.20012e-5 -3.1112e-5 0.0715155667 0.0 0.0
-4.12234e-5 -3.1112e-5 0.0508792475 0.0 0.0
-4.04456e-5 -3.1112e-5 0.0408449079 0.0 0.0
-3.96678e-5 -3.1112e-5 0.0874462425 0.0 0.0
-3.889e-5 -3.1112e-5 0.0780547951 0.0 0.0
-3.81122e-5 -3.1112e-5 0.0776722926 0.0 0.0
-3.73344e-5 -3.1112e-5 0.1117145487 0.0 0.0
-3.65566e-5 -3.1112e-5 0.100620208 0.0 0.0
-3.57788e-5 -3.1112e-5 0.067784286 0.0 0.0
-3.5001e-5 -3.1112e-5 0.1166595143 0.0 0.0
-3.42232e-5 -3.1112e-5 0.1412660512 0.0 0.0
-3.34454e-5 -3.1112e-5 0.1743055754 0.0 0.0
-3.26676e-5 -3.1112e-5 0.1864827382 0.0 0.0
-3.18898e-5 -3.1112e-5 0.2046967357 0.0 0.0
-3.1112e-5 -3.1112e-5 0.1266169902 0.0 0.0
-3.03342e-5 -3.1112e-5 0.0956704443 0.0 0.0
-2.95564e-5 -3.1112e-5 0.3319324443 0.0 0.0
-2.87786e-5 -3.1112e-5 0.465272761 0.0 0.0
-2.80008e-5 -3.1112e-5 0.1829017218 0.0 0.0
-2.7223e-5 -3.1112e-5 0.0842765953 0.0 0.0
-2.64452e-5 -3.1112e-5 0.067020683 0.0 0.0
-2.56674e-5 -3.1112e-5 0.0806669761 0.0 0.0
-2.48896e-5 -3.1112e-5 0.0516759588 0.0 0.0
-2.41118e-5 -3.1112e-5 0.0503341216 0.0 0.0
-2.3334e-5 -3.1112e-5 0.0618908718 0.0 0.0
-2.25562e-5 -3.1112e-5 0.0693259316 0.0 0.0
-2.17784e-5 -3.1112e-5 0.0691295655 0.0 0.0
-2.10006e-5 -3.1112e-5 0.032460365 0.0 0.0
-2.02228e-5 -3.1112e-5 0.0328737438 0.0 0.0
-1.9445e-5 -3.1112e-5 0.045592278 0.0 0.0
-1.86672e-5 -3.1112e-5 0.0278697891 0.0 0.0
-1.78894e-5 -3.1112e-5 0.0466453386 0.0 0.0
-1.71116e-5 -3.1112e-5 0.0464334832 0.0 0.0
-1.63338e-5 -3.1112e-5 0.0478223137 0.0 0.0
-1.5556e-5 -3.1112e-5 0.0317508998 0.0 0.0
-1.47782e-5 -3.1112e-5 0.0201866334 0.0 0.0
-1.40004e-5 -3.1112e-5 0.0152331954 0.0 0.0
-1.32226e-5 -3.1112e-5 0.0153773055 0.0 0.0
-1.24448e-5 -3.1112e-5 0.0087286934 0.0 0.0
-1.1667e-5 -3.1112e-5 0.0047727858 0.0 0.0
-1.08892e-5 -3.1112e-5 0.007960426 0.0 0.0
-1.01114e-5 -3.1112e-5 0.001678826 0.0 0.0
-9.3336e-6 -3.1112e-5 0.00017595 0.0 0.0
-8.5558e-6 -3.1112e-5 0.0002525091 0.0 0.0
-7.778e-6 -3.1112e-5 0.0005937369 0.0 0.0
-7.0002e-6 -3.1112e-5 0.0020361563 0.0 0.0
-6.2224e-6 -3.1112e-5 0.0016795922 0.0 0.0
-5.4446e-6 -3.1112e-5 0.001250991 0.0 0.0
-4.6668e-6 -3.1112e-5 0.0021833941 0.0 0.0
-3.889e-6 -3.1112e-5 0.0020003274 0.0 0.0
-3.1112e-6 -3.1112e-5 0.0022305177 0.0 0.0
-2.3334e-6 -3.1112e-5 0.0026395456 0.0 0.0
-1.5556e-6 -3.1112e-5 0.0042634141 0.0 0.0
-7.778e-7 -3.1112e-5 0.0077664514 0.0 0.0
0.0 -3.1112e-5 0.0045448389 0.0 0.0
7.778e-7 -3.1112e-5 0.0035501625 0.0 0.0
1.5556e-6 -3.1112e-5 0.0022161575 0.0 0.0
2.3334e-6 -3.1112e-5 0.0008805544 0.0 0.0
3.1112e-6 -3.1112e-5 0.0016061569 0.0 0.0
3.889e-6 -3.1112e-5 0.0006523195 0.0 0.0
4.6668e-6 -3.1112e-5 2.9095e-5 0.0 0.0
5.4446e-6 -3.1112e-5 3.04826e-5 0.0 0.0
6.2224e-6 -3.1112e-5 5.5863e-6 0.0 0.0
7.0002e-6 -3.1112e-5 7.9428e-6 0.0 0.0
7.778e-6 -3.1112e-5 1.19597e-5 0.0 0.0
8.5558e-6 -3.1112e-5 1.87421e-5 0.0 0.0
9.3336e-6 -3.1112e-5 2.42359e-5 0.0 0.0
1.01114e-5 -3.1112e-5 0.0001402562 0.0 0.0
1.08892e-5 -3.1112e-5 0.0001165706 0.0 0.0
1.1667e-5 -3.1112e-5 0.0002522881 0.0 0.0
1.24448e-5 -3.1112e-5 0.0002023085 0.0 0.0
1.32226e-5 -3.1112e-5 6.22573e-5 0.0 0.0
1.40004e-5 -3.1112e-5 3.28263e-5 0.0 0.0
1.47782e-5 -3.1112e-5 2.49136e-5 0.0 0.0
1.5556e-5 -3.1112e-5 2.35328e-5 0.0 0.0
1.63338e-5 -3.1112e-5 2.20022e-5 0.0 0.0
1.71116e-5 -3.1112e-5 2.58193e-5 0.0 0.0
1.78894e-5 -3.1112e-5 1.92416e-5 0.0 0.0
1.86672e-5 -3.1112e-5 3.1977e-5 0.0 0.0
-9.72251e-5 -3.03342e-5 0.0006760924 0.0 0.0
-9.64473e-5 -3.03342e-5 0.0006114567 0.0 0.0
-9.56695e-5 -3.03342e-5 0.0002610699 0.0 0.0
-9.48917e-5 -3.03342e-5 1.3957e-5 0.0 0.0
-9.41139e-5 -3.03342e-5 0.0005637869 0.0 0.0
-9.33361e-5 -3.03342e-5 0.0003603006 0.0 0.0
-9.25583e-5 -3.03342e-5 0.0001382488 0.0 0.0
-9.17805e-5 -3.03342e-5 2.52519e-5 0.0 0.0
-9.10027e-5 -3.03342e-5 0.0009543584 0.0 0.0
-9.02249e-5 -3.03342e-5 0.0007210628 0.0 0.0
-8.94471e-5 -3.03342e-5 0.0016935623 0.0 0.0
-8.86693e-5 -3.03342e-5 0.0016997513 0.0 0.0
-8.78915e-5 -3.03342e-5 0.0054224757 0.0 0.0
-8.71137e-5 -3.03342e-5 0.0096902334 0.0 0.0
-8.63359e-5 -3.03342e-5 0.0117040246 0.0 0.0
-8.55581e-5 -3.03342e-5 0.0127172741 0.0 0.0
-8.47803e-5 -3.03342e-5 0.0164494934 0.0 0.0
-8.40025e-5 -3.03342e-5 0.0133658858 0.0 0.0
-8.32246e-5 -3.03342e-5 0.0057920585 0.0 0.0
-8.24468e-5 -3.03342e-5 0.0073521542 0.0 0.0
-8.1669e-5 -3.03342e-5 0.0062552306 0.0 0.0
-8.08912e-5 -3.03342e-5 0.0112814135 0.0 0.0
-8.01134e-5 -3.03342e-5 0.0131696866 0.0 0.0
-7.93356e-5 -3.03342e-5 0.0161544269 0.0 0.0
-7.85578e-5 -3.03342e-5 0.0200985504 0.0 0.0
-7.778e-5 -3.03342e-5 0.0185901817 0.0 0.0
-7.70022e-5 -3.03342e-5 0.0080253896 0.0 0.0
-7.62244e-5 -3.03342e-5 0.0112149254 0.0 0.0
-7.54466e-5 -3.03342e-5 0.0094878102 0.0 0.0
-7.46688e-5 -3.03342e-5 0.0097468614 0.0 0.0
-7.3891e-5 -3.03342e-5 0.0108706638 0.0 0.0
-7.31132e-5 -3.03342e-5 0.0120021251 0.0 0.0
-7.23354e-5 -3.03342e-5 0.0151931269 0.0 0.0
-7.15576e-5 -3.03342e-5 0.0106032481 0.0 0.0
-7.07798e-5 -3.03342e-5 0.0101894974 0.0 0.0
-7.0002e-5 -3.03342e-5 0.0153485172 0.0 0.0
-6.92242e-5 -3.03342e-5 0.0195338162 0.0 0.0
-6.84464e-5 -3.03342e-5 0.0151434924 0.0 0.0
-6.76686e-5 -3.03342e-5 0.0120749642 0.0 0.0
-6.68908e-5 -3.03342e-5 0.0199929218 0.0 0.0
-6.6113e-5 -3.03342e-5 0.0251919621 0.0 0.0
-6.53352e-5 -3.03342e-5 0.0268651087 0.0 0.0
-6.45574e-5 -3.03342e-5 0.0261466119 0.0 0.0
-6.37796e-5 -3.03342e-5 0.0219698233 0.0 0.0
-6.30018e-5 -3.03342e-5 0.0217270538 0.0 0.0
-6.2224e-5 -3.03342e-5 0.0147680134 0.0 0.0
-6.14462e-5 -3.03342e-5 0.0204147404 0.0 0.0
-6.06684e-5 -3.03342e-5 0.05860239 0.0 0.0
-5.98906e-5 -3.03342e-5 0.0958005485 0.0 0.0
-5.91128e-5 -3.03342e-5 0.1263785372 0.0 0.0
-5.8335e-5 -3.03342e-5 0.1261617914 0.0 0.0
-5.75572e-5 -3.03342e-5 0.0913641313 0.0 0.0
-5.67794e-5 -3.03342e-5 0.195819797 0.0 0.0
-5.60016e-5 -3.03342e-5 0.3203325718 0.0 0.0
-5.52238e-5 -3.03342e-5 0.352558652 0.0 0.0
-5.4446e-5 -3.03342e-5 0.3092119354 0.0 0.0
-5.36682e-5 -3.03342e-5 0.2238896235 0.0 0.0
-5.28904e-5 -3.03342e-5 0.2753146381 0.0 0.0
-5.21126e-5 -3.03342e-5 0.2701700525 0.0 0.0
-5.13348e-5 -3.03342e-5 0.166982581 0.0 0.0
-5.0557e-5 -3.03342e-5 0.1094445572 0.0 0.0
-4.97792e-5 -3.03342e-5 0.1664529655 0.0 0.0
-4.90014e-5 -3.03342e-5 0.39637729 0.0 0.0
-4.82236e-5 -3.03342e-5 0.4184649173 0.0 0.0
-4.74458e-5 -3.03342e-5 0.1613108334 0.0 0.0
-4.6668e-5 -3.03342e-5 0.0942438434 0.0 0.0
-4.58902e-5 -3.03342e-5 0.0724923664 0.0 0.0
-4.51124e-5 -3.03342e-5 0.0520325762 0.0 0.0
-4.43346e-5 -3.03342e-5 0.0689148851 0.0 0.0
-4.35568e-5 -3.03342e-5 0.0927039874 0.0 0.0
-4.2779e-5 -3.03342e-5 0.1744446104 0.0 0.0
-4.20012e-5 -3.03342e-5 0.0708198774 0.0 0.0
-4.12234e-5 -3.03342e-5 0.0763313523 0.0 0.0
-4.04456e-5 -3.03342e-5 0.1292165288 0.0 0.0
-3.96678e-5 -3.03342e-5 0.1407561357 0.0 0.0
-3.889e-5 -3.03342e-5 0.1145578775 0.0 0.0
-3.81122e-5 -3.03342e-5 0.1290699261 0.0 0.0
-3.73344e-5 -3.03342e-5 0.1282385876 0.0 0.0
-3.65566e-5 -3.03342e-5 0.1348732633 0.0 0.0
-3.57788e-5 -3.03342e-5 0.1516074556 0.0 0.0
-3.5001e-5 -3.03342e-5 0.1634145671 0.0 0.0
-3.42232e-5 -3.03342e-5 0.1199354883 0.0 0.0
-3.34454e-5 -3.03342e-5 0.1714460525 0.0 0.0
-3.26676e-5 -3.03342e-5 0.1548176203 0.0 0.0
-3.18898e-5 -3.03342e-5 0.0436788853 0.0 0.0
-3.1112e-5 -3.03342e-5 0.1192236374 0.0 0.0
-3.03342e-5 -3.03342e-5 0.1711426028 0.0 0.0
-2.95564e-5 -3.03342e-5 0.4997566956 0.0 0.0
-2.87786e-5 -3.03342e-5 0.2423505188 0.0 0.0
-2.80008e-5 -3.03342e-5 0.0960760767 0.0 0.0
-2.7223e-5 -3.03342e-5 0.0511444734 0.0 0.0
-2.64452e-5 -3.03342e-5 0.0487163316 0.0 0.0
-2.56674e-5 -3.03342e-5 0.0496021189 0.0 0.0
-2.48896e-5 -3.03342e-5 0.0477587199 0.0 0.0
-2.41118e-5 -3.03342e-5 0.0347559592 0.0 0.0
-2.3334e-5 -3.03342e-5 0.0525142851 0.0 0.0
-2.25562e-5 -3.03342e-5 0.0584286681 0.0 0.0
-2.17784e-5 -3.03342e-5 0.0452375312 0.0 0.0
-2.10006e-5 -3.03342e-5 0.0405093531 0.0 0.0
-2.02228e-5 -3.03342e-5 0.0347109204 0.0 0.0
-1.9445e-5 -3.03342e-5 0.0308410194 0.0 0.0
-1.86672e-5 -3.03342e-5 0.0441516354 0.0 0.0
-1.78894e-5 -3.03342e-5 0.048477678 0.0 0.0
-1.71116e-5 -3.03342e-5 0.0464049409 0.0 0.0
-1.63338e-5 -3.03342e-5 0.036964098 0.0 0.0
-1.5556e-5 -3.03342e-5 0.0235379828 0.0 0.0
-1.47782e-5 -3.03342e-5 0.018180416 0.0 0.0
-1.40004e-5 -3.03342e-5 0.015135836 0.0 0.0
-1.32226e-5 -3.03342e-5 0.0136785957 0.0 0.0
-1.24448e-5 -3.03342e-5 0.0080514013 0.0 0.0
-1.1667e-5 -3.03342e-5 0.0071073648 0.0 0.0
-1.08892e-5 -3.03342e-5 0.0064514679 0.0 0.0
-1.01114e-5 -3.03342e-5 0.0005888948 0.0 0.0
-9.3336e-6 -3.03342e-5 4.8042e-5 0.0 0.0
-8.5558e-6 -3.03342e-5 0.0001613656 0.0 0.0
-7.778e-6 -3.03342e-5 0.0014626273 0.0 0.0
-7.0002e-6 -3.03342e-5 0.0016130616 0.0 0.0
-6.2224e-6 -3.03342e-5 0.001898001 0.0 0.0
-5.4446e-6 -3.03342e-5 0.0008929596 0.0 0.0
-4.6668e-6 -3.03342e-5 0.0011855992 0.0 0.0
-3.889e-6 -3.03342e-5 0.0024698786 0.0 0.0
-3.1112e-6 -3.03342e-5 0.002808485 0.0 0.0
-2.3334e-6 -3.03342e-5 0.0037674459 0.0 0.0
-1.5556e-6 -3.03342e-5 0.0068476242 0.0 0.0
-7.778e-7 -3.03342e-5 0.0046995075 0.0 0.0
0.0 -3.03342e-5 0.0045564084 0.0 0.0
7.778e-7 -3.03342e-5 0.0029881873 0.0 0.0
1.5556e-6 -3.03342e-5 0.0014987734 0.0 0.0
2.3334e-6 -3.03342e-5 0.0008224749 0.0 0.0
3.1112e-6 -3.03342e-5 0.0002278057 0.0 0.0
3.889e-6 -3.03342e-5 0.0002674161 0.0 0.0
4.6668e-6 -3.03342e-5 0.0006438144 0.0 0.0
5.4446e-6 -3.03342e-5 0.0008324244 0.0 0.0
6.2224e-6 -3.03342e-5 0.0004744545 0.0 0.0
7.0002e-6 -3.03342e-5 0.0002925545 0.0 0.0
7.778e-6 -3.03342e-5 3.5227e-6 0.0 0.0
8.5558e-6 -3.03342e-5 0.0002308125 0.0 0.0
9.3336e-6 -3.03342e-5 0.000267758 0.0 0.0
1.01114e-5 -3.03342e-5 4.33402e-5 0.0 0.0
1.08892e-5 -3.03342e-5 0.0003052845 0.0 0.0
1.1667e-5 -3.03342e-5 0.0001747436 0.0 0.0
1.24448e-5 -3.03342e-5 0.0001088126 0.0 0.0
1.32226e-5 -3.03342e-5 3.16626e-5 0.0 0.0
1.40004e-5 -3.03342e-5 5.01574e-5 0.0 0.0
1.47782e-5 -3.03342e-5 1.75216e-5 0.0 0.0
1.5556e-5 -3.03342e-5 1.74789e-5 0.0 0.0
1.63338e-5 -3.03342e-5 2.02837e-5 0.0 0.0
1.71116e-5 -3.03342e-5 2.22074e-5 0.0 0.0
1.78894e-5 -3.03342e-5 1.90633e-5 0.0 0.0
1.86672e-5 -3.03342e-5 3.31114e-5 0.0 0.0
-9.72251e-5 -2.95564e-5 0.0004692992 0.0 0.0
-9.64473e-5 -2.95564e-5 0.0005627767 0.0 0.0
-9.56695e-5 -2.95564e-5 7.38605e-5 0.0 0.0
-9.48917e-5 -2.95564e-5 7.9743e-6 0.0 0.0
-9.41139e-5 -2.95564e-5 0.0005626335 0.0 0.0
-9.33361e-5 -2.95564e-5 0.0001256059 0.0 0.0
-9.25583e-5 -2.95564e-5 3.58771e-5 0.0 0.0
-9.17805e-5 -2.95564e-5 0.0007946709 0.0 0.0
-9.10027e-5 -2.95564e-5 0.0003443329 0.0 0.0
-9.02249e-5 -2.95564e-5 0.0003112927 0.0 0.0
-8.94471e-5 -2.95564e-5 0.0016000539 0.0 0.0
-8.86693e-5 -2.95564e-5 0.0011898695 0.0 0.0
-8.78915e-5 -2.95564e-5 0.0045456108 0.0 0.0
-8.71137e-5 -2.95564e-5 0.0085378484 0.0 0.0
-8.63359e-5 -2.95564e-5 0.0109053525 0.0 0.0
-8.55581e-5 -2.95564e-5 0.0134052893 0.0 0.0
-8.47803e-5 -2.95564e-5 0.015346205 0.0 0.0
-8.40025e-5 -2.95564e-5 0.0168693381 0.0 0.0
-8.32246e-5 -2.95564e-5 0.0042418365 0.0 0.0
-8.24468e-5 -2.95564e-5 0.0062453056 0.0 0.0
-8.1669e-5 -2.95564e-5 0.0083588075 0.0 0.0
-8.08912e-5 -2.95564e-5 0.0098411714 0.0 0.0
-8.01134e-5 -2.95564e-5 0.0117381002 0.0 0.0
-7.93356e-5 -2.95564e-5 0.014662118 0.0 0.0
-7.85578e-5 -2.95564e-5 0.0177168078 0.0 0.0
-7.778e-5 -2.95564e-5 0.0212084223 0.0 0.0
-7.70022e-5 -2.95564e-5 0.0113136708 0.0 0.0
-7.62244e-5 -2.95564e-5 0.0102135018 0.0 0.0
-7.54466e-5 -2.95564e-5 0.0077668172 0.0 0.0
-7.46688e-5 -2.95564e-5 0.0083891549 0.0 0.0
-7.3891e-5 -2.95564e-5 0.0092765498 0.0 0.0
-7.31132e-5 -2.95564e-5 0.0113167975 0.0 0.0
-7.23354e-5 -2.95564e-5 0.0141536213 0.0 0.0
-7.15576e-5 -2.95564e-5 0.0156688165 0.0 0.0
-7.07798e-5 -2.95564e-5 0.0154020652 0.0 0.0
-7.0002e-5 -2.95564e-5 0.0196043115 0.0 0.0
-6.92242e-5 -2.95564e-5 0.0162834136 0.0 0.0
-6.84464e-5 -2.95564e-5 0.0142231827 0.0 0.0
-6.76686e-5 -2.95564e-5 0.0116917558 0.0 0.0
-6.68908e-5 -2.95564e-5 0.0201153435 0.0 0.0
-6.6113e-5 -2.95564e-5 0.0250911484 0.0 0.0
-6.53352e-5 -2.95564e-5 0.0269753033 0.0 0.0
-6.45574e-5 -2.95564e-5 0.0271131932 0.0 0.0
-6.37796e-5 -2.95564e-5 0.023940613 0.0 0.0
-6.30018e-5 -2.95564e-5 0.0131779015 0.0 0.0
-6.2224e-5 -2.95564e-5 0.0233827748 0.0 0.0
-6.14462e-5 -2.95564e-5 0.0262534255 0.0 0.0
-6.06684e-5 -2.95564e-5 0.0433993379 0.0 0.0
-5.98906e-5 -2.95564e-5 0.0976347932 0.0 0.0
-5.91128e-5 -2.95564e-5 0.1221291678 0.0 0.0
-5.8335e-5 -2.95564e-5 0.111970523 0.0 0.0
-5.75572e-5 -2.95564e-5 0.0846123168 0.0 0.0
-5.67794e-5 -2.95564e-5 0.1536476238 0.0 0.0
-5.60016e-5 -2.95564e-5 0.3282293371 0.0 0.0
-5.52238e-5 -2.95564e-5 0.3213497304 0.0 0.0
-5.4446e-5 -2.95564e-5 0.2958211923 0.0 0.0
-5.36682e-5 -2.95564e-5 0.2361645244 0.0 0.0
-5.28904e-5 -2.95564e-5 0.2226763147 0.0 0.0
-5.21126e-5 -2.95564e-5 0.283158097 0.0 0.0
-5.13348e-5 -2.95564e-5 0.1784504108 0.0 0.0
-5.0557e-5 -2.95564e-5 0.1030430206 0.0 0.0
-4.97792e-5 -2.95564e-5 0.1417927827 0.0 0.0
-4.90014e-5 -2.95564e-5 0.2951025831 0.0 0.0
-4.82236e-5 -2.95564e-5 0.3125841854 0.0 0.0
-4.74458e-5 -2.95564e-5 0.5389702429 0.0 0.0
-4.6668e-5 -2.95564e-5 0.1667447149 0.0 0.0
-4.58902e-5 -2.95564e-5 0.0988215683 0.0 0.0
-4.51124e-5 -2.95564e-5 0.037697267 0.0 0.0
-4.43346e-5 -2.95564e-5 0.0643595513 0.0 0.0
-4.35568e-5 -2.95564e-5 0.0746591903 0.0 0.0
-4.2779e-5 -2.95564e-5 0.0541349297 0.0 0.0
-4.20012e-5 -2.95564e-5 0.1031409796 0.0 0.0
-4.12234e-5 -2.95564e-5 0.1259109329 0.0 0.0
-4.04456e-5 -2.95564e-5 0.0711275359 0.0 0.0
-3.96678e-5 -2.95564e-5 0.0782298578 0.0 0.0
-3.889e-5 -2.95564e-5 0.0906205958 0.0 0.0
-3.81122e-5 -2.95564e-5 0.078682017 0.0 0.0
-3.73344e-5 -2.95564e-5 0.0890032296 0.0 0.0
-3.65566e-5 -2.95564e-5 0.0978687801 0.0 0.0
-3.57788e-5 -2.95564e-5 0.1394829869 0.0 0.0
-3.5001e-5 -2.95564e-5 0.1481624364 0.0 0.0
-3.42232e-5 -2.95564e-5 0.0832654174 0.0 0.0
-3.34454e-5 -2.95564e-5 0.0369553862 0.0 0.0
-3.26676e-5 -2.95564e-5 0.0555290427 0.0 0.0
-3.18898e-5 -2.95564e-5 0.0881405456 0.0 0.0
-3.1112e-5 -2.95564e-5 0.2459675556 0.0 0.0
-3.03342e-5 -2.95564e-5 0.4134450706 0.0 0.0
-2.95564e-5 -2.95564e-5 0.2276141872 0.0 0.0
-2.87786e-5 -2.95564e-5 0.1035156175 0.0 0.0
-2.80008e-5 -2.95564e-5 0.0651342649 0.0 0.0
-2.7223e-5 -2.95564e-5 0.0650145998 0.0 0.0
-2.64452e-5 -2.95564e-5 0.0616752282 0.0 0.0
-2.56674e-5 -2.95564e-5 0.0514078502 0.0 0.0
-2.48896e-5 -2.95564e-5 0.0368434641 0.0 0.0
-2.41118e-5 -2.95564e-5 0.0237124966 0.0 0.0
-2.3334e-5 -2.95564e-5 0.0472333594 0.0 0.0
-2.25562e-5 -2.95564e-5 0.0713935406 0.0 0.0
-2.17784e-5 -2.95564e-5 0.0298355346 0.0 0.0
-2.10006e-5 -2.95564e-5 0.0282784554 0.0 0.0
-2.02228e-5 -2.95564e-5 0.0367370604 0.0 0.0
-1.9445e-5 -2.95564e-5 0.0403627674 0.0 0.0
-1.86672e-5 -2.95564e-5 0.0465465064 0.0 0.0
-1.78894e-5 -2.95564e-5 0.0480131423 0.0 0.0
-1.71116e-5 -2.95564e-5 0.0423593053 0.0 0.0
-1.63338e-5 -2.95564e-5 0.0273287896 0.0 0.0
-1.5556e-5 -2.95564e-5 0.0164462731 0.0 0.0
-1.47782e-5 -2.95564e-5 0.0150903589 0.0 0.0
-1.40004e-5 -2.95564e-5 0.0154892735 0.0 0.0
-1.32226e-5 -2.95564e-5 0.0119020194 0.0 0.0
-1.24448e-5 -2.95564e-5 0.0056061248 0.0 0.0
-1.1667e-5 -2.95564e-5 0.0073102467 0.0 0.0
-1.08892e-5 -2.95564e-5 0.0057648762 0.0 0.0
-1.01114e-5 -2.95564e-5 0.0010724028 0.0 0.0
-9.3336e-6 -2.95564e-5 0.0007883889 0.0 0.0
-8.5558e-6 -2.95564e-5 0.0012017195 0.0 0.0
-7.778e-6 -2.95564e-5 0.0014214039 0.0 0.0
-7.0002e-6 -2.95564e-5 0.0020135545 0.0 0.0
-6.2224e-6 -2.95564e-5 0.001324303 0.0 0.0
-5.4446e-6 -2.95564e-5 0.0017857344 0.0 0.0
-4.6668e-6 -2.95564e-5 0.0017516955 0.0 0.0
-3.889e-6 -2.95564e-5 0.0020907451 0.0 0.0
-3.1112e-6 -2.95564e-5 0.0029698524 0.0 0.0
-2.3334e-6 -2.95564e-5 0.0054446899 0.0 0.0
-1.5556e-6 -2.95564e-5 0.0057233652 0.0 0.0
-7.778e-7 -2.95564e-5 0.0026607953 0.0 0.0
0.0 -2.95564e-5 0.0030216038 0.0 0.0
7.778e-7 -2.95564e-5 0.0021382105 0.0 0.0
1.5556e-6 -2.95564e-5 0.0012690624 0.0 0.0
2.3334e-6 -2.95564e-5 0.0004834624 0.0 0.0
3.1112e-6 -2.95564e-5 0.0013848649 0.0 0.0
3.889e-6 -2.95564e-5 9.70598e-5 0.0 0.0
4.6668e-6 -2.95564e-5 0.0001302099 0.0 0.0
5.4446e-6 -2.95564e-5 0.0001326112 0.0 0.0
6.2224e-6 -2.95564e-5 1.95832e-5 0.0 0.0
7.0002e-6 -2.95564e-5 4.20353e-5 0.0 0.0
7.778e-6 -2.95564e-5 5.42812e-5 0.0 0.0
8.5558e-6 -2.95564e-5 7.49005e-5 0.0 0.0
9.3336e-6 -2.95564e-5 0.0001397881 0.0 0.0
1.01114e-5 -2.95564e-5 0.0002001778 0.0 0.0
1.08892e-5 -2.95564e-5 0.0001788495 0.0 0.0
1.1667e-5 -2.95564e-5 0.0002079899 0.0 0.0
1.24448e-5 -2.95564e-5 0.0001003081 0.0 0.0
1.32226e-5 -2.95564e-5 5.13964e-5 0.0 0.0
1.40004e-5 -2.95564e-5 3.89558e-5 0.0 0.0
1.47782e-5 -2.95564e-5 2.749e-5 0.0 0.0
1.5556e-5 -2.95564e-5 3.03646e-5 0.0 0.0
1.63338e-5 -2.95564e-5 1.75511e-5 0.0 0.0
1.71116e-5 -2.95564e-5 2.21793e-5 0.0 0.0
1.78894e-5 -2.95564e-5 3.29489e-5 0.0 0.0
1.86672e-5 -2.95564e-5 3.44368e-5 0.0 0.0
-9.72251e-5 -2.87786e-5 0.0010056749 0.0 0.0
-9.64473e-5 -2.87786e-5 0.0010842848 0.0 0.0
-9.56695e-5 -2.87786e-5 0.0006205346 0.0 0.0
-9.48917e-5 -2.87786e-5 0.0001893465 0.0 0.0
-9.41139e-5 -2.87786e-5 1.33497e-5 0.0 0.0
-9.33361e-5 -2.87786e-5 0.0008498291 0.0 0.0
-9.25583e-5 -2.87786e-5 0.0003558215 0.0 0.0
-9.17805e-5 -2.87786e-5 4.33191e-5 0.0 0.0
-9.10027e-5 -2.87786e-5 0.0011730991 0.0 0.0
-9.02249e-5 -2.87786e-5 0.0010310785 0.0 0.0
-8.94471e-5 -2.87786e-5 0.0004099422 0.0 0.0
-8.86693e-5 -2.87786e-5 0.0003639373 0.0 0.0
-8.78915e-5 -2.87786e-5 0.0048373729 0.0 0.0
-8.71137e-5 -2.87786e-5 0.0086611106 0.0 0.0
-8.63359e-5 -2.87786e-5 0.0105280063 0.0 0.0
-8.55581e-5 -2.87786e-5 0.0115884497 0.0 0.0
-8.47803e-5 -2.87786e-5 0.0153381416 0.0 0.0
-8.40025e-5 -2.87786e-5 0.0153687484 0.0 0.0
-8.32246e-5 -2.87786e-5 0.0077454916 0.0 0.0
-8.24468e-5 -2.87786e-5 0.0068927162 0.0 0.0
-8.1669e-5 -2.87786e-5 0.0085993214 0.0 0.0
-8.08912e-5 -2.87786e-5 0.0104549872 0.0 0.0
-8.01134e-5 -2.87786e-5 0.0126736391 0.0 0.0
-7.93356e-5 -2.87786e-5 0.0152781763 0.0 0.0
-7.85578e-5 -2.87786e-5 0.0186169627 0.0 0.0
-7.778e-5 -2.87786e-5 0.0218125559 0.0 0.0
-7.70022e-5 -2.87786e-5 0.0165345577 0.0 0.0
-7.62244e-5 -2.87786e-5 0.0117107732 0.0 0.0
-7.54466e-5 -2.87786e-5 0.0100548189 0.0 0.0
-7.46688e-5 -2.87786e-5 0.0104028335 0.0 0.0
-7.3891e-5 -2.87786e-5 0.0065409956 0.0 0.0
-7.31132e-5 -2.87786e-5 0.008267575 0.0 0.0
-7.23354e-5 -2.87786e-5 0.0109084715 0.0 0.0
-7.15576e-5 -2.87786e-5 0.013417609 0.0 0.0
-7.07798e-5 -2.87786e-5 0.0201236513 0.0 0.0
-7.0002e-5 -2.87786e-5 0.0169561072 0.0 0.0
-6.92242e-5 -2.87786e-5 0.0211334005 0.0 0.0
-6.84464e-5 -2.87786e-5 0.0115371578 0.0 0.0
-6.76686e-5 -2.87786e-5 0.0093679914 0.0 0.0
-6.68908e-5 -2.87786e-5 0.0184645302 0.0 0.0
-6.6113e-5 -2.87786e-5 0.0217160332 0.0 0.0
-6.53352e-5 -2.87786e-5 0.0251706853 0.0 0.0
-6.45574e-5 -2.87786e-5 0.0232075684 0.0 0.0
-6.37796e-5 -2.87786e-5 0.0217250459 0.0 0.0
-6.30018e-5 -2.87786e-5 0.0133244914 0.0 0.0
-6.2224e-5 -2.87786e-5 0.0243756388 0.0 0.0
-6.14462e-5 -2.87786e-5 0.0277751972 0.0 0.0
-6.06684e-5 -2.87786e-5 0.0399819061 0.0 0.0
-5.98906e-5 -2.87786e-5 0.078219932 0.0 0.0
-5.91128e-5 -2.87786e-5 0.1067047886 0.0 0.0
-5.8335e-5 -2.87786e-5 0.099634028 0.0 0.0
-5.75572e-5 -2.87786e-5 0.0970524781 0.0 0.0
-5.67794e-5 -2.87786e-5 0.1495737676 0.0 0.0
-5.60016e-5 -2.87786e-5 0.2781911928 0.0 0.0
-5.52238e-5 -2.87786e-5 0.3148306173 0.0 0.0
-5.4446e-5 -2.87786e-5 0.2765301054 0.0 0.0
-5.36682e-5 -2.87786e-5 0.250358091 0.0 0.0
-5.28904e-5 -2.87786e-5 0.2067781018 0.0 0.0
-5.21126e-5 -2.87786e-5 0.2594086647 0.0 0.0
-5.13348e-5 -2.87786e-5 0.1980087708 0.0 0.0
-5.0557e-5 -2.87786e-5 0.1180793271 0.0 0.0
-4.97792e-5 -2.87786e-5 0.1643122071 0.0 0.0
-4.90014e-5 -2.87786e-5 0.2514479468 0.0 0.0
-4.82236e-5 -2.87786e-5 0.2687968986 0.0 0.0
-4.74458e-5 -2.87786e-5 0.2368677145 0.0 0.0
-4.6668e-5 -2.87786e-5 0.3946990506 0.0 0.0
-4.58902e-5 -2.87786e-5 0.274947619 0.0 0.0
-4.51124e-5 -2.87786e-5 0.0583136815 0.0 0.0
-4.43346e-5 -2.87786e-5 0.0405226614 0.0 0.0
-4.35568e-5 -2.87786e-5 0.0670651373 0.0 0.0
-4.2779e-5 -2.87786e-5 0.0745917947 0.0 0.0
-4.20012e-5 -2.87786e-5 0.0807433516 0.0 0.0
-4.12234e-5 -2.87786e-5 0.0703633505 0.0 0.0
-4.04456e-5 -2.87786e-5 0.0746995792 0.0 0.0
-3.96678e-5 -2.87786e-5 0.0955216651 0.0 0.0
-3.889e-5 -2.87786e-5 0.113316769 0.0 0.0
-3.81122e-5 -2.87786e-5 0.1341116419 0.0 0.0
-3.73344e-5 -2.87786e-5 0.1501497118 0.0 0.0
-3.65566e-5 -2.87786e-5 0.1491931644 0.0 0.0
-3.57788e-5 -2.87786e-5 0.0936201226 0.0 0.0
-3.5001e-5 -2.87786e-5 0.0649165021 0.0 0.0
-3.42232e-5 -2.87786e-5 0.0808802016 0.0 0.0
-3.34454e-5 -2.87786e-5 0.0673112193 0.0 0.0
-3.26676e-5 -2.87786e-5 0.1280552334 0.0 0.0
-3.18898e-5 -2.87786e-5 0.280467663 0.0 0.0
-3.1112e-5 -2.87786e-5 0.4791902266 0.0 0.0
-3.03342e-5 -2.87786e-5 0.1572002073 0.0 0.0
-2.95564e-5 -2.87786e-5 0.1067643815 0.0 0.0
-2.87786e-5 -2.87786e-5 0.0636465543 0.0 0.0
-2.80008e-5 -2.87786e-5 0.0581908298 0.0 0.0
-2.7223e-5 -2.87786e-5 0.0668100531 0.0 0.0
-2.64452e-5 -2.87786e-5 0.0380995653 0.0 0.0
-2.56674e-5 -2.87786e-5 0.0398591253 0.0 0.0
-2.48896e-5 -2.87786e-5 0.0211984168 0.0 0.0
-2.41118e-5 -2.87786e-5 0.0454405999 0.0 0.0
-2.3334e-5 -2.87786e-5 0.0591481991 0.0 0.0
-2.25562e-5 -2.87786e-5 0.0327354398 0.0 0.0
-2.17784e-5 -2.87786e-5 0.0326438782 0.0 0.0
-2.10006e-5 -2.87786e-5 0.0303474752 0.0 0.0
-2.02228e-5 -2.87786e-5 0.0402726659 0.0 0.0
-1.9445e-5 -2.87786e-5 0.0431575763 0.0 0.0
-1.86672e-5 -2.87786e-5 0.0489939177 0.0 0.0
-1.78894e-5 -2.87786e-5 0.0476702506 0.0 0.0
-1.71116e-5 -2.87786e-5 0.0334190531 0.0 0.0
-1.63338e-5 -2.87786e-5 0.019712682 0.0 0.0
-1.5556e-5 -2.87786e-5 0.0144509559 0.0 0.0
-1.47782e-5 -2.87786e-5 0.0152606238 0.0 0.0
-1.40004e-5 -2.87786e-5 0.0167771038 0.0 0.0
-1.32226e-5 -2.87786e-5 0.0091278694 0.0 0.0
-1.24448e-5 -2.87786e-5 0.0042624856 0.0 0.0
-1.1667e-5 -2.87786e-5 0.0091254458 0.0 0.0
-1.08892e-5 -2.87786e-5 0.0032048831 0.0 0.0
-1.01114e-5 -2.87786e-5 0.0003717634 0.0 0.0
-9.3336e-6 -2.87786e-5 0.0017452382 0.0 0.0
-8.5558e-6 -2.87786e-5 0.0034222501 0.0 0.0
-7.778e-6 -2.87786e-5 0.0017225171 0.0 0.0
-7.0002e-6 -2.87786e-5 0.0010967383 0.0 0.0
-6.2224e-6 -2.87786e-5 0.0020883369 0.0 0.0
-5.4446e-6 -2.87786e-5 0.0021224939 0.0 0.0
-4.6668e-6 -2.87786e-5 0.0021656372 0.0 0.0
-3.889e-6 -2.87786e-5 0.0029627553 0.0 0.0
-3.1112e-6 -2.87786e-5 0.0048539553 0.0 0.0
-2.3334e-6 -2.87786e-5 0.008729038 0.0 0.0
-1.5556e-6 -2.87786e-5 0.0038315931 0.0 0.0
-7.778e-7 -2.87786e-5 0.003650295 0.0 0.0
0.0 -2.87786e-5 0.0016789646 0.0 0.0
7.778e-7 -2.87786e-5 0.0019116975 0.0 0.0
1.5556e-6 -2.87786e-5 0.0013495043 0.0 0.0
2.3334e-6 -2.87786e-5 0.0003347876 0.0 0.0
3.1112e-6 -2.87786e-5 0.0007920664 0.0 0.0
3.889e-6 -2.87786e-5 0.0011456155 0.0 0.0
4.6668e-6 -2.87786e-5 0.0009060087 0.0 0.0
5.4446e-6 -2.87786e-5 0.0004901587 0.0 0.0
6.2224e-6 -2.87786e-5 0.0003239459 0.0 0.0
7.0002e-6 -2.87786e-5 0.0003776884 0.0 0.0
7.778e-6 -2.87786e-5 1.1099e-5 0.0 0.0
8.5558e-6 -2.87786e-5 2.98702e-5 0.0 0.0
9.3336e-6 -2.87786e-5 7.50856e-5 0.0 0.0
1.01114e-5 -2.87786e-5 0.0003285659 0.0 0.0
1.08892e-5 -2.87786e-5 0.0002695766 0.0 0.0
1.1667e-5 -2.87786e-5 0.0001673236 0.0 0.0
1.24448e-5 -2.87786e-5 5.2637e-5 0.0 0.0
1.32226e-5 -2.87786e-5 2.75824e-5 0.0 0.0
1.40004e-5 -2.87786e-5 2.63837e-5 0.0 0.0
1.47782e-5 -2.87786e-5 2.22771e-5 0.0 0.0
1.5556e-5 -2.87786e-5 2.33738e-5 0.0 0.0
1.63338e-5 -2.87786e-5 2.93109e-5 0.0 0.0
1.71116e-5 -2.87786e-5 2.19784e-5 0.0 0.0
1.78894e-5 -2.87786e-5 3.5659e-5 0.0 0.0
1.86672e-5 -2.87786e-5 4.00108e-5 0.0 0.0
-9.72251e-5 -2.80008e-5 3.48552e-5 0.0 0.0
-9.64473e-5 -2.80008e-5 0.0010584763 0.0 0.0
-9.56695e-5 -2.80008e-5 0.0005346888 0.0 0.0
-9.48917e-5 -2.80008e-5 6.27714e-5 0.0 0.0
-9.41139e-5 -2.80008e-5 0.0009605815 0.0 0.0
-9.33361e-5 -2.80008e-5 0.0003885718 0.0 0.0
-9.25583e-5 -2.80008e-5 0.0002615388 0.0 0.0
-9.17805e-5 -2.80008e-5 0.0011240048 0.0 0.0
-9.10027e-5 -2.80008e-5 0.0006885817 0.0 0.0
-9.02249e-5 -2.80008e-5 0.0008802641 0.0 0.0
-8.94471e-5 -2.80008e-5 0.0004221869 0.0 0.0
-8.86693e-5 -2.80008e-5 0.001222147 0.0 0.0
-8.78915e-5 -2.80008e-5 0.0044071681 0.0 0.0
-8.71137e-5 -2.80008e-5 0.0081615399 0.0 0.0
-8.63359e-5 -2.80008e-5 0.0097457114 0.0 0.0
-8.55581e-5 -2.80008e-5 0.0121452929 0.0 0.0
-8.47803e-5 -2.80008e-5 0.0141228724 0.0 0.0
-8.40025e-5 -2.80008e-5 0.0168126301 0.0 0.0
-8.32246e-5 -2.80008e-5 0.0149843737 0.0 0.0
-8.24468e-5 -2.80008e-5 0.0062352954 0.0 0.0
-8.1669e-5 -2.80008e-5 0.0051289792 0.0 0.0
-8.08912e-5 -2.80008e-5 0.0097179761 0.0 0.0
-8.01134e-5 -2.80008e-5 0.0113866988 0.0 0.0
-7.93356e-5 -2.80008e-5 0.0141591526 0.0 0.0
-7.85578e-5 -2.80008e-5 0.0179298804 0.0 0.0
-7.778e-5 -2.80008e-5 0.0204780982 0.0 0.0
-7.70022e-5 -2.80008e-5 0.0206187575 0.0 0.0
-7.62244e-5 -2.80008e-5 0.0115066043 0.0 0.0
-7.54466e-5 -2.80008e-5 0.0099942681 0.0 0.0
-7.46688e-5 -2.80008e-5 0.0056975549 0.0 0.0
-7.3891e-5 -2.80008e-5 0.0074898535 0.0 0.0
-7.31132e-5 -2.80008e-5 0.0093776035 0.0 0.0
-7.23354e-5 -2.80008e-5 0.012582266 0.0 0.0
-7.15576e-5 -2.80008e-5 0.021422881 0.0 0.0
-7.07798e-5 -2.80008e-5 0.0205511136 0.0 0.0
-7.0002e-5 -2.80008e-5 0.0163782761 0.0 0.0
-6.92242e-5 -2.80008e-5 0.013638618 0.0 0.0
-6.84464e-5 -2.80008e-5 0.0116155711 0.0 0.0
-6.76686e-5 -2.80008e-5 0.0109788601 0.0 0.0
-6.68908e-5 -2.80008e-5 0.0187624891 0.0 0.0
-6.6113e-5 -2.80008e-5 0.0148932613 0.0 0.0
-6.53352e-5 -2.80008e-5 0.0264764539 0.0 0.0
-6.45574e-5 -2.80008e-5 0.0247283818 0.0 0.0
-6.37796e-5 -2.80008e-5 0.0166578643 0.0 0.0
-6.30018e-5 -2.80008e-5 0.0198786603 0.0 0.0
-6.2224e-5 -2.80008e-5 0.0294510357 0.0 0.0
-6.14462e-5 -2.80008e-5 0.0306278523 0.0 0.0
-6.06684e-5 -2.80008e-5 0.0434714359 0.0 0.0
-5.98906e-5 -2.80008e-5 0.0581334761 0.0 0.0
-5.91128e-5 -2.80008e-5 0.1007472373 0.0 0.0
-5.8335e-5 -2.80008e-5 0.101451922 0.0 0.0
-5.75572e-5 -2.80008e-5 0.1053114158 0.0 0.0
-5.67794e-5 -2.80008e-5 0.1223580537 0.0 0.0
-5.60016e-5 -2.80008e-5 0.1957172409 0.0 0.0
-5.52238e-5 -2.80008e-5 0.2578054177 0.0 0.0
-5.4446e-5 -2.80008e-5 0.2458853734 0.0 0.0
-5.36682e-5 -2.80008e-5 0.2938575569 0.0 0.0
-5.28904e-5 -2.80008e-5 0.210382904 0.0 0.0
-5.21126e-5 -2.80008e-5 0.2111219201 0.0 0.0
-5.13348e-5 -2.80008e-5 0.2063409638 0.0 0.0
-5.0557e-5 -2.80008e-5 0.1195151988 0.0 0.0
-4.97792e-5 -2.80008e-5 0.1230435979 0.0 0.0
-4.90014e-5 -2.80008e-5 0.1722615435 0.0 0.0
-4.82236e-5 -2.80008e-5 0.2738044812 0.0 0.0
-4.74458e-5 -2.80008e-5 0.1734025138 0.0 0.0
-4.6668e-5 -2.80008e-5 0.1922888251 0.0 0.0
-4.58902e-5 -2.80008e-5 0.1958566835 0.0 0.0
-4.51124e-5 -2.80008e-5 0.3697031052 0.0 0.0
-4.43346e-5 -2.80008e-5 0.085761758 0.0 0.0
-4.35568e-5 -2.80008e-5 0.0759074315 0.0 0.0
-4.2779e-5 -2.80008e-5 0.0534856614 0.0 0.0
-4.20012e-5 -2.80008e-5 0.0844888056 0.0 0.0
-4.12234e-5 -2.80008e-5 0.0889607611 0.0 0.0
-4.04456e-5 -2.80008e-5 0.0748871046 0.0 0.0
-3.96678e-5 -2.80008e-5 0.0753085131 0.0 0.0
-3.889e-5 -2.80008e-5 0.0771476274 0.0 0.0
-3.81122e-5 -2.80008e-5 0.0695157528 0.0 0.0
-3.73344e-5 -2.80008e-5 0.0683017865 0.0 0.0
-3.65566e-5 -2.80008e-5 0.0767178978 0.0 0.0
-3.57788e-5 -2.80008e-5 0.0682762674 0.0 0.0
-3.5001e-5 -2.80008e-5 0.099588566 0.0 0.0
-3.42232e-5 -2.80008e-5 0.1325601233 0.0 0.0
-3.34454e-5 -2.80008e-5 0.2221050676 0.0 0.0
-3.26676e-5 -2.80008e-5 0.5825062163 0.0 0.0
-3.18898e-5 -2.80008e-5 0.3849160106 0.0 0.0
-3.1112e-5 -2.80008e-5 0.1362785 0.0 0.0
-3.03342e-5 -2.80008e-5 0.102342353 0.0 0.0
-2.95564e-5 -2.80008e-5 0.1002742638 0.0 0.0
-2.87786e-5 -2.80008e-5 0.0650927155 0.0 0.0
-2.80008e-5 -2.80008e-5 0.0805731395 0.0 0.0
-2.7223e-5 -2.80008e-5 0.0524605098 0.0 0.0
-2.64452e-5 -2.80008e-5 0.0348337314 0.0 0.0
-2.56674e-5 -2.80008e-5 0.0416122161 0.0 0.0
-2.48896e-5 -2.80008e-5 0.021102605 0.0 0.0
-2.41118e-5 -2.80008e-5 0.0549703874 0.0 0.0
-2.3334e-5 -2.80008e-5 0.053599727 0.0 0.0
-2.25562e-5 -2.80008e-5 0.0256399237 0.0 0.0
-2.17784e-5 -2.80008e-5 0.0223933027 0.0 0.0
-2.10006e-5 -2.80008e-5 0.0356044653 0.0 0.0
-2.02228e-5 -2.80008e-5 0.0407814836 0.0 0.0
-1.9445e-5 -2.80008e-5 0.0479172606 0.0 0.0
-1.86672e-5 -2.80008e-5 0.0518613117 0.0 0.0
-1.78894e-5 -2.80008e-5 0.0399970798 0.0 0.0
-1.71116e-5 -2.80008e-5 0.0251638263 0.0 0.0
-1.63338e-5 -2.80008e-5 0.0169352345 0.0 0.0
-1.5556e-5 -2.80008e-5 0.0157824895 0.0 0.0
-1.47782e-5 -2.80008e-5 0.0160975791 0.0 0.0
-1.40004e-5 -2.80008e-5 0.0133320466 0.0 0.0
-1.32226e-5 -2.80008e-5 0.0075333161 0.0 0.0
-1.24448e-5 -2.80008e-5 0.0048674752 0.0 0.0
-1.1667e-5 -2.80008e-5 0.0099656064 0.0 0.0
-1.08892e-5 -2.80008e-5 0.001868098 0.0 0.0
-1.01114e-5 -2.80008e-5 0.0016982549 0.0 0.0
-9.3336e-6 -2.80008e-5 0.0035053256 0.0 0.0
-8.5558e-6 -2.80008e-5 0.0018915792 0.0 0.0
-7.778e-6 -2.80008e-5 0.0012944599 0.0 0.0
-7.0002e-6 -2.80008e-5 0.0023807489 0.0 0.0
-6.2224e-6 -2.80008e-5 0.0024369764 0.0 0.0
-5.4446e-6 -2.80008e-5 0.0021990728 0.0 0.0
-4.6668e-6 -2.80008e-5 0.0027763188 0.0 0.0
-3.889e-6 -2.80008e-5 0.0043743011 0.0 0.0
-3.1112e-6 -2.80008e-5 0.00806475 0.0 0.0
-2.3334e-6 -2.80008e-5 0.0062034967 0.0 0.0
-1.5556e-6 -2.80008e-5 0.0042927853 0.0 0.0
-7.778e-7 -2.80008e-5 0.0029854303 0.0 0.0
0.0 -2.80008e-5 0.0014844177 0.0 0.0
7.778e-7 -2.80008e-5 0.0021317312 0.0 0.0
1.5556e-6 -2.80008e-5 0.0010286232 0.0 0.0
2.3334e-6 -2.80008e-5 0.0016246367 0.0 0.0
3.1112e-6 -2.80008e-5 0.0001482118 0.0 0.0
3.889e-6 -2.80008e-5 0.0002978194 0.0 0.0
4.6668e-6 -2.80008e-5 0.0001879658 0.0 0.0
5.4446e-6 -2.80008e-5 3.13047e-5 0.0 0.0
6.2224e-6 -2.80008e-5 3.69431e-5 0.0 0.0
7.0002e-6 -2.80008e-5 8.42427e-5 0.0 0.0
7.778e-6 -2.80008e-5 0.0001465897 0.0 0.0
8.5558e-6 -2.80008e-5 0.0001776144 0.0 0.0
9.3336e-6 -2.80008e-5 0.0002042975 0.0 0.0
1.01114e-5 -2.80008e-5 0.0002154804 0.0 0.0
1.08892e-5 -2.80008e-5 0.0001400423 0.0 0.0
1.1667e-5 -2.80008e-5 8.20125e-5 0.0 0.0
1.24448e-5 -2.80008e-5 3.06281e-5 0.0 0.0
1.32226e-5 -2.80008e-5 4.73552e-5 0.0 0.0
1.40004e-5 -2.80008e-5 1.88591e-5 0.0 0.0
1.47782e-5 -2.80008e-5 3.67584e-5 0.0 0.0
1.5556e-5 -2.80008e-5 2.13737e-5 0.0 0.0
1.63338e-5 -2.80008e-5 2.6404e-5 0.0 0.0
1.71116e-5 -2.80008e-5 2.14364e-5 0.0 0.0
1.78894e-5 -2.80008e-5 3.66657e-5 0.0 0.0
1.86672e-5 -2.80008e-5 4.29988e-5 0.0 0.0
-9.72251e-5 -2.7223e-5 0.0003911 0.0 0.0
-9.64473e-5 -2.7223e-5 8.11115e-5 0.0 0.0
-9.56695e-5 -2.7223e-5 8.5354e-6 0.0 0.0
-9.48917e-5 -2.7223e-5 0.0004857941 0.0 0.0
-9.41139e-5 -2.7223e-5 0.0001050128 0.0 0.0
-9.33361e-5 -2.7223e-5 2.6297e-6 0.0 0.0
-9.25583e-5 -2.7223e-5 0.0004381565 0.0 0.0
-9.17805e-5 -2.7223e-5 0.0002132865 0.0 0.0
-9.10027e-5 -2.7223e-5 0.0002143334 0.0 0.0
-9.02249e-5 -2.7223e-5 0.001060791 0.0 0.0
-8.94471e-5 -2.7223e-5 0.0008952406 0.0 0.0
-8.86693e-5 -2.7223e-5 0.0003767234 0.0 0.0
-8.78915e-5 -2.7223e-5 0.0056493505 0.0 0.0
-8.71137e-5 -2.7223e-5 0.0079112222 0.0 0.0
-8.63359e-5 -2.7223e-5 0.0097838532 0.0 0.0
-8.55581e-5 -2.7223e-5 0.0108776716 0.0 0.0
-8.47803e-5 -2.7223e-5 0.0141995546 0.0 0.0
-8.40025e-5 -2.7223e-5 0.0159954338 0.0 0.0
-8.32246e-5 -2.7223e-5 0.015109591 0.0 0.0
-8.24468e-5 -2.7223e-5 0.006725289 0.0 0.0
-8.1669e-5 -2.7223e-5 0.0066299415 0.0 0.0
-8.08912e-5 -2.7223e-5 0.0082143401 0.0 0.0
-8.01134e-5 -2.7223e-5 0.0097966106 0.0 0.0
-7.93356e-5 -2.7223e-5 0.0150295927 0.0 0.0
-7.85578e-5 -2.7223e-5 0.0152936871 0.0 0.0
-7.778e-5 -2.7223e-5 0.0185634116 0.0 0.0
-7.70022e-5 -2.7223e-5 0.0176167116 0.0 0.0
-7.62244e-5 -2.7223e-5 0.0137379368 0.0 0.0
-7.54466e-5 -2.7223e-5 0.0081752711 0.0 0.0
-7.46688e-5 -2.7223e-5 0.0088448797 0.0 0.0
-7.3891e-5 -2.7223e-5 0.0066596958 0.0 0.0
-7.31132e-5 -2.7223e-5 0.0074702001 0.0 0.0
-7.23354e-5 -2.7223e-5 0.0091286119 0.0 0.0
-7.15576e-5 -2.7223e-5 0.017456019 0.0 0.0
-7.07798e-5 -2.7223e-5 0.0241147129 0.0 0.0
-7.0002e-5 -2.7223e-5 0.0199253689 0.0 0.0
-6.92242e-5 -2.7223e-5 0.0191758772 0.0 0.0
-6.84464e-5 -2.7223e-5 0.0167132014 0.0 0.0
-6.76686e-5 -2.7223e-5 0.0163945237 0.0 0.0
-6.68908e-5 -2.7223e-5 0.0156497272 0.0 0.0
-6.6113e-5 -2.7223e-5 0.0199673275 0.0 0.0
-6.53352e-5 -2.7223e-5 0.0225360889 0.0 0.0
-6.45574e-5 -2.7223e-5 0.0232134455 0.0 0.0
-6.37796e-5 -2.7223e-5 0.0261018004 0.0 0.0
-6.30018e-5 -2.7223e-5 0.0195512748 0.0 0.0
-6.2224e-5 -2.7223e-5 0.0153720288 0.0 0.0
-6.14462e-5 -2.7223e-5 0.0250797787 0.0 0.0
-6.06684e-5 -2.7223e-5 0.0298513636 0.0 0.0
-5.98906e-5 -2.7223e-5 0.0605277017 0.0 0.0
-5.91128e-5 -2.7223e-5 0.0848642664 0.0 0.0
-5.8335e-5 -2.7223e-5 0.0931240935 0.0 0.0
-5.75572e-5 -2.7223e-5 0.0990075677 0.0 0.0
-5.67794e-5 -2.7223e-5 0.116201796 0.0 0.0
-5.60016e-5 -2.7223e-5 0.1388878754 0.0 0.0
-5.52238e-5 -2.7223e-5 0.2324315072 0.0 0.0
-5.4446e-5 -2.7223e-5 0.2496950737 0.0 0.0
-5.36682e-5 -2.7223e-5 0.2656053196 0.0 0.0
-5.28904e-5 -2.7223e-5 0.2479015678 0.0 0.0
-5.21126e-5 -2.7223e-5 0.1883818377 0.0 0.0
-5.13348e-5 -2.7223e-5 0.1925623993 0.0 0.0
-5.0557e-5 -2.7223e-5 0.1266618272 0.0 0.0
-4.97792e-5 -2.7223e-5 0.0932288508 0.0 0.0
-4.90014e-5 -2.7223e-5 0.1411246804 0.0 0.0
-4.82236e-5 -2.7223e-5 0.1910784286 0.0 0.0
-4.74458e-5 -2.7223e-5 0.1836514875 0.0 0.0
-4.6668e-5 -2.7223e-5 0.1272366712 0.0 0.0
-4.58902e-5 -2.7223e-5 0.132143686 0.0 0.0
-4.51124e-5 -2.7223e-5 0.1328867765 0.0 0.0
-4.43346e-5 -2.7223e-5 0.3328033298 0.0 0.0
-4.35568e-5 -2.7223e-5 0.5328917718 0.0 0.0
-4.2779e-5 -2.7223e-5 0.0830951123 0.0 0.0
-4.20012e-5 -2.7223e-5 0.069708254 0.0 0.0
-4.12234e-5 -2.7223e-5 0.0994947165 0.0 0.0
-4.04456e-5 -2.7223e-5 0.1041808021 0.0 0.0
-3.96678e-5 -2.7223e-5 0.1137849186 0.0 0.0
-3.889e-5 -2.7223e-5 0.1118722136 0.0 0.0
-3.81122e-5 -2.7223e-5 0.1001595677 0.0 0.0
-3.73344e-5 -2.7223e-5 0.0954245182 0.0 0.0
-3.65566e-5 -2.7223e-5 0.0958938119 0.0 0.0
-3.57788e-5 -2.7223e-5 0.095082757 0.0 0.0
-3.5001e-5 -2.7223e-5 0.2159569881 0.0 0.0
-3.42232e-5 -2.7223e-5 0.5781431597 0.0 0.0
-3.34454e-5 -2.7223e-5 0.4847479714 0.0 0.0
-3.26676e-5 -2.7223e-5 0.1593451646 0.0 0.0
-3.18898e-5 -2.7223e-5 0.0871620747 0.0 0.0
-3.1112e-5 -2.7223e-5 0.1148723315 0.0 0.0
-3.03342e-5 -2.7223e-5 0.0759122416 0.0 0.0
-2.95564e-5 -2.7223e-5 0.0725252423 0.0 0.0
-2.87786e-5 -2.7223e-5 0.0528225261 0.0 0.0
-2.80008e-5 -2.7223e-5 0.0374149879 0.0 0.0
-2.7223e-5 -2.7223e-5 0.0288622374 0.0 0.0
-2.64452e-5 -2.7223e-5 0.0287976576 0.0 0.0
-2.56674e-5 -2.7223e-5 0.0226618232 0.0 0.0
-2.48896e-5 -2.7223e-5 0.0456182456 0.0 0.0
-2.41118e-5 -2.7223e-5 0.0570890003 0.0 0.0
-2.3334e-5 -2.7223e-5 0.0287487695 0.0 0.0
-2.25562e-5 -2.7223e-5 0.0267749572 0.0 0.0
-2.17784e-5 -2.7223e-5 0.0252614569 0.0 0.0
-2.10006e-5 -2.7223e-5 0.0414271471 0.0 0.0
-2.02228e-5 -2.7223e-5 0.0453024519 0.0 0.0
-1.9445e-5 -2.7223e-5 0.05419943 0.0 0.0
-1.86672e-5 -2.7223e-5 0.037516617 0.0 0.0
-1.78894e-5 -2.7223e-5 0.026045274 0.0 0.0
-1.71116e-5 -2.7223e-5 0.0202122267 0.0 0.0
-1.63338e-5 -2.7223e-5 0.0159687367 0.0 0.0
-1.5556e-5 -2.7223e-5 0.0150513229 0.0 0.0
-1.47782e-5 -2.7223e-5 0.0154248939 0.0 0.0
-1.40004e-5 -2.7223e-5 0.010491202 0.0 0.0
-1.32226e-5 -2.7223e-5 0.0046283819 0.0 0.0
-1.24448e-5 -2.7223e-5 0.0082702427 0.0 0.0
-1.1667e-5 -2.7223e-5 0.0087216672 0.0 0.0
-1.08892e-5 -2.7223e-5 0.0041517275 0.0 0.0
-1.01114e-5 -2.7223e-5 0.0032409509 0.0 0.0
-9.3336e-6 -2.7223e-5 0.0014819474 0.0 0.0
-8.5558e-6 -2.7223e-5 0.0012815456 0.0 0.0
-7.778e-6 -2.7223e-5 0.0005988923 0.0 0.0
-7.0002e-6 -2.7223e-5 0.0023967281 0.0 0.0
-6.2224e-6 -2.7223e-5 0.0023069563 0.0 0.0
-5.4446e-6 -2.7223e-5 0.0027409839 0.0 0.0
-4.6668e-6 -2.7223e-5 0.0039453962 0.0 0.0
-3.889e-6 -2.7223e-5 0.0073662876 0.0 0.0
-3.1112e-6 -2.7223e-5 0.0074851937 0.0 0.0
-2.3334e-6 -2.7223e-5 0.0047263876 0.0 0.0
-1.5556e-6 -2.7223e-5 0.0046160908 0.0 0.0
-7.778e-7 -2.7223e-5 0.0027471978 0.0 0.0
0.0 -2.7223e-5 0.002272801 0.0 0.0
7.778e-7 -2.7223e-5 0.001541844 0.0 0.0
1.5556e-6 -2.7223e-5 0.000546406 0.0 0.0
2.3334e-6 -2.7223e-5 0.0007599582 0.0 0.0
3.1112e-6 -2.7223e-5 0.0008701886 0.0 0.0
3.889e-6 -2.7223e-5 0.0008300445 0.0 0.0
4.6668e-6 -2.7223e-5 5.0528e-6 0.0 0.0
5.4446e-6 -2.7223e-5 0.0004363645 0.0 0.0
6.2224e-6 -2.7223e-5 0.000437808 0.0 0.0
7.0002e-6 -2.7223e-5 3.89616e-5 0.0 0.0
7.778e-6 -2.7223e-5 4.6914e-5 0.0 0.0
8.5558e-6 -2.7223e-5 8.92784e-5 0.0 0.0
9.3336e-6 -2.7223e-5 0.0001167142 0.0 0.0
1.01114e-5 -2.7223e-5 0.0002539149 0.0 0.0
1.08892e-5 -2.7223e-5 0.0001205108 0.0 0.0
1.1667e-5 -2.7223e-5 7.13413e-5 0.0 0.0
1.24448e-5 -2.7223e-5 3.9846e-5 0.0 0.0
1.32226e-5 -2.7223e-5 2.84966e-5 0.0 0.0
1.40004e-5 -2.7223e-5 3.18168e-5 0.0 0.0
1.47782e-5 -2.7223e-5 2.92394e-5 0.0 0.0
1.5556e-5 -2.7223e-5 1.95706e-5 0.0 0.0
1.63338e-5 -2.7223e-5 2.54983e-5 0.0 0.0
1.71116e-5 -2.7223e-5 2.16611e-5 0.0 0.0
1.78894e-5 -2.7223e-5 4.34923e-5 0.0 0.0
1.86672e-5 -2.7223e-5 5.18077e-5 0.0 0.0
-9.72251e-5 -2.64452e-5 0.0001207623 0.0 0.0
-9.64473e-5 -2.64452e-5 0.001005449 0.0 0.0
-9.56695e-5 -2.64452e-5 0.0005492758 0.0 0.0
-9.48917e-5 -2.64452e-5 7.55253e-5 0.0 0.0
-9.41139e-5 -2.64452e-5 4.1206e-6 0.0 0.0
-9.33361e-5 -2.64452e-5 0.0005719138 0.0 0.0
-9.25583e-5 -2.64452e-5 0.0002404525 0.0 0.0
-9.17805e-5 -2.64452e-5 0.0009984895 0.0 0.0
-9.10027e-5 -2.64452e-5 0.0007550325 0.0 0.0
-9.02249e-5 -2.64452e-5 0.0007583074 0.0 0.0
-8.94471e-5 -2.64452e-5 0.0004135769 0.0 0.0
-8.86693e-5 -2.64452e-5 0.0010958968 0.0 0.0
-8.78915e-5 -2.64452e-5 0.0065275438 0.0 0.0
-8.71137e-5 -2.64452e-5 0.0073423921 0.0 0.0
-8.63359e-5 -2.64452e-5 0.0089108763 0.0 0.0
-8.55581e-5 -2.64452e-5 0.011287138 0.0 0.0
-8.47803e-5 -2.64452e-5 0.0131409451 0.0 0.0
-8.40025e-5 -2.64452e-5 0.0149375685 0.0 0.0
-8.32246e-5 -2.64452e-5 0.0140084918 0.0 0.0
-8.24468e-5 -2.64452e-5 0.0060751209 0.0 0.0
-8.1669e-5 -2.64452e-5 0.0059288967 0.0 0.0
-8.08912e-5 -2.64452e-5 0.0074067649 0.0 0.0
-8.01134e-5 -2.64452e-5 0.0093285152 0.0 0.0
-7.93356e-5 -2.64452e-5 0.0111759455 0.0 0.0
-7.85578e-5 -2.64452e-5 0.0145770491 0.0 0.0
-7.778e-5 -2.64452e-5 0.0173260521 0.0 0.0
-7.70022e-5 -2.64452e-5 0.0177603649 0.0 0.0
-7.62244e-5 -2.64452e-5 0.0135865722 0.0 0.0
-7.54466e-5 -2.64452e-5 0.0086156265 0.0 0.0
-7.46688e-5 -2.64452e-5 0.0090279715 0.0 0.0
-7.3891e-5 -2.64452e-5 0.0060791133 0.0 0.0
-7.31132e-5 -2.64452e-5 0.0080985244 0.0 0.0
-7.23354e-5 -2.64452e-5 0.0105777947 0.0 0.0
-7.15576e-5 -2.64452e-5 0.0166291879 0.0 0.0
-7.07798e-5 -2.64452e-5 0.0242869739 0.0 0.0
-7.0002e-5 -2.64452e-5 0.021133371 0.0 0.0
-6.92242e-5 -2.64452e-5 0.0115471272 0.0 0.0
-6.84464e-5 -2.64452e-5 0.0094949364 0.0 0.0
-6.76686e-5 -2.64452e-5 0.0083529383 0.0 0.0
-6.68908e-5 -2.64452e-5 0.015477622 0.0 0.0
-6.6113e-5 -2.64452e-5 0.0119739857 0.0 0.0
-6.53352e-5 -2.64452e-5 0.0230167689 0.0 0.0
-6.45574e-5 -2.64452e-5 0.0238270456 0.0 0.0
-6.37796e-5 -2.64452e-5 0.0174874286 0.0 0.0
-6.30018e-5 -2.64452e-5 0.0232235276 0.0 0.0
-6.2224e-5 -2.64452e-5 0.0163126288 0.0 0.0
-6.14462e-5 -2.64452e-5 0.025076672 0.0 0.0
-6.06684e-5 -2.64452e-5 0.0264807972 0.0 0.0
-5.98906e-5 -2.64452e-5 0.0483149138 0.0 0.0
-5.91128e-5 -2.64452e-5 0.0771586709 0.0 0.0
-5.8335e-5 -2.64452e-5 0.0899718918 0.0 0.0
-5.75572e-5 -2.64452e-5 0.0922621592 0.0 0.0
-5.67794e-5 -2.64452e-5 0.0985829441 0.0 0.0
-5.60016e-5 -2.64452e-5 0.1158215147 0.0 0.0
-5.52238e-5 -2.64452e-5 0.1907580547 0.0 0.0
-5.4446e-5 -2.64452e-5 0.2239029438 0.0 0.0
-5.36682e-5 -2.64452e-5 0.1998037482 0.0 0.0
-5.28904e-5 -2.64452e-5 0.2467573658 0.0 0.0
-5.21126e-5 -2.64452e-5 0.1973844568 0.0 0.0
-5.13348e-5 -2.64452e-5 0.1565909637 0.0 0.0
-5.0557e-5 -2.64452e-5 0.1635218583 0.0 0.0
-4.97792e-5 -2.64452e-5 0.110766243 0.0 0.0
-4.90014e-5 -2.64452e-5 0.0968269551 0.0 0.0
-4.82236e-5 -2.64452e-5 0.1331577202 0.0 0.0
-4.74458e-5 -2.64452e-5 0.1555499708 0.0 0.0
-4.6668e-5 -2.64452e-5 0.1153224678 0.0 0.0
-4.58902e-5 -2.64452e-5 0.1446623849 0.0 0.0
-4.51124e-5 -2.64452e-5 0.1456883976 0.0 0.0
-4.43346e-5 -2.64452e-5 0.095038858 0.0 0.0
-4.35568e-5 -2.64452e-5 0.0930211505 0.0 0.0
-4.2779e-5 -2.64452e-5 0.1282594146 0.0 0.0
-4.20012e-5 -2.64452e-5 0.4505427892 0.0 0.0
-4.12234e-5 -2.64452e-5 0.4397801959 0.0 0.0
-4.04456e-5 -2.64452e-5 0.6073257104 0.0 0.0
-3.96678e-5 -2.64452e-5 0.2581065401 0.0 0.0
-3.889e-5 -2.64452e-5 0.2195842805 0.0 0.0
-3.81122e-5 -2.64452e-5 0.2842272999 0.0 0.0
-3.73344e-5 -2.64452e-5 0.4987549661 0.0 0.0
-3.65566e-5 -2.64452e-5 0.4082339159 0.0 0.0
-3.57788e-5 -2.64452e-5 0.3812084564 0.0 0.0
-3.5001e-5 -2.64452e-5 0.2209158691 0.0 0.0
-3.42232e-5 -2.64452e-5 0.1419272597 0.0 0.0
-3.34454e-5 -2.64452e-5 0.1279286492 0.0 0.0
-3.26676e-5 -2.64452e-5 0.144232783 0.0 0.0
-3.18898e-5 -2.64452e-5 0.1263205142 0.0 0.0
-3.1112e-5 -2.64452e-5 0.0744539087 0.0 0.0
-3.03342e-5 -2.64452e-5 0.071383002 0.0 0.0
-2.95564e-5 -2.64452e-5 0.0511891475 0.0 0.0
-2.87786e-5 -2.64452e-5 0.0439810816 0.0 0.0
-2.80008e-5 -2.64452e-5 0.023554232 0.0 0.0
-2.7223e-5 -2.64452e-5 0.0176016694 0.0 0.0
-2.64452e-5 -2.64452e-5 0.0214050222 0.0 0.0
-2.56674e-5 -2.64452e-5 0.0236451833 0.0 0.0
-2.48896e-5 -2.64452e-5 0.0649644335 0.0 0.0
-2.41118e-5 -2.64452e-5 0.0278927488 0.0 0.0
-2.3334e-5 -2.64452e-5 0.0226247153 0.0 0.0
-2.25562e-5 -2.64452e-5 0.0239513711 0.0 0.0
-2.17784e-5 -2.64452e-5 0.0330455261 0.0 0.0
-2.10006e-5 -2.64452e-5 0.0431218972 0.0 0.0
-2.02228e-5 -2.64452e-5 0.0541939688 0.0 0.0
-1.9445e-5 -2.64452e-5 0.0387450596 0.0 0.0
-1.86672e-5 -2.64452e-5 0.0284116912 0.0 0.0
-1.78894e-5 -2.64452e-5 0.0191627797 0.0 0.0
-1.71116e-5 -2.64452e-5 0.0175530794 0.0 0.0
-1.63338e-5 -2.64452e-5 0.0155259654 0.0 0.0
-1.5556e-5 -2.64452e-5 0.0147722256 0.0 0.0
-1.47782e-5 -2.64452e-5 0.0138924521 0.0 0.0
-1.40004e-5 -2.64452e-5 0.007673115 0.0 0.0
-1.32226e-5 -2.64452e-5 0.0037612649 0.0 0.0
-1.24448e-5 -2.64452e-5 0.0111659562 0.0 0.0
-1.1667e-5 -2.64452e-5 0.0087239151 0.0 0.0
-1.08892e-5 -2.64452e-5 0.0032728388 0.0 0.0
-1.01114e-5 -2.64452e-5 0.0003268466 0.0 0.0
-9.3336e-6 -2.64452e-5 0.000461684 0.0 0.0
-8.5558e-6 -2.64452e-5 0.0025801153 0.0 0.0
-7.778e-6 -2.64452e-5 0.0027500399 0.0 0.0
-7.0002e-6 -2.64452e-5 0.0023924806 0.0 0.0
-6.2224e-6 -2.64452e-5 0.002902329 0.0 0.0
-5.4446e-6 -2.64452e-5 0.003855366 0.0 0.0
-4.6668e-6 -2.64452e-5 0.0066832859 0.0 0.0
-3.889e-6 -2.64452e-5 0.011359478 0.0 0.0
-3.1112e-6 -2.64452e-5 0.0061475491 0.0 0.0
-2.3334e-6 -2.64452e-5 0.0052792756 0.0 0.0
-1.5556e-6 -2.64452e-5 0.0036253227 0.0 0.0
-7.778e-7 -2.64452e-5 0.0011066374 0.0 0.0
0.0 -2.64452e-5 0.0018411152 0.0 0.0
7.778e-7 -2.64452e-5 0.0008421135 0.0 0.0
1.5556e-6 -2.64452e-5 0.0016725877 0.0 0.0
2.3334e-6 -2.64452e-5 9.81674e-5 0.0 0.0
3.1112e-6 -2.64452e-5 0.0001184269 0.0 0.0
3.889e-6 -2.64452e-5 7.33617e-5 0.0 0.0
4.6668e-6 -2.64452e-5 4.10544e-5 0.0 0.0
5.4446e-6 -2.64452e-5 6.79047e-5 0.0 0.0
6.2224e-6 -2.64452e-5 0.0001105998 0.0 0.0
7.0002e-6 -2.64452e-5 0.0001986329 0.0 0.0
7.778e-6 -2.64452e-5 0.0001815151 0.0 0.0
8.5558e-6 -2.64452e-5 0.0002231249 0.0 0.0
9.3336e-6 -2.64452e-5 0.0001848635 0.0 0.0
1.01114e-5 -2.64452e-5 0.0001144881 0.0 0.0
1.08892e-5 -2.64452e-5 0.0001085864 0.0 0.0
1.1667e-5 -2.64452e-5 7.57301e-5 0.0 0.0
1.24448e-5 -2.64452e-5 2.38886e-5 0.0 0.0
1.32226e-5 -2.64452e-5 2.10186e-5 0.0 0.0
1.40004e-5 -2.64452e-5 2.32885e-5 0.0 0.0
1.47782e-5 -2.64452e-5 2.56877e-5 0.0 0.0
1.5556e-5 -2.64452e-5 1.82819e-5 0.0 0.0
1.63338e-5 -2.64452e-5 2.34814e-5 0.0 0.0
1.71116e-5 -2.64452e-5 2.35039e-5 0.0 0.0
1.78894e-5 -2.64452e-5 4.81206e-5 0.0 0.0
1.86672e-5 -2.64452e-5 6.19928e-5 0.0 0.0
-9.72251e-5 -2.56674e-5 0.0001452792 0.0 0.0
-9.64473e-5 -2.56674e-5 0.001041991 0.0 0.0
-9.56695e-5 -2.56674e-5 0.0006376245 0.0 0.0
-9.48917e-5 -2.56674e-5 0.0001842156 0.0 0.0
-9.41139e-5 -2.56674e-5 0.0008775942 0.0 0.0
-9.33361e-5 -2.56674e-5 0.0003317321 0.0 0.0
-9.25583e-5 -2.56674e-5 0.0002407418 0.0 0.0
-9.17805e-5 -2.56674e-5 4.96613e-5 0.0 0.0
-9.10027e-5 -2.56674e-5 0.0007337843 0.0 0.0
-9.02249e-5 -2.56674e-5 0.0006806084 0.0 0.0
-8.94471e-5 -2.56674e-5 0.0004800041 0.0 0.0
-8.86693e-5 -2.56674e-5 0.001088729 0.0 0.0
-8.78915e-5 -2.56674e-5 0.006309781 0.0 0.0
-8.71137e-5 -2.56674e-5 0.0069497344 0.0 0.0
-8.63359e-5 -2.56674e-5 0.0085143074 0.0 0.0
-8.55581e-5 -2.56674e-5 0.0108542043 0.0 0.0
-8.47803e-5 -2.56674e-5 0.0125189079 0.0 0.0
-8.40025e-5 -2.56674e-5 0.01393807 0.0 0.0
-8.32246e-5 -2.56674e-5 0.0136401661 0.0 0.0
-8.24468e-5 -2.56674e-5 0.0065981441 0.0 0.0
-8.1669e-5 -2.56674e-5 0.0061577258 0.0 0.0
-8.08912e-5 -2.56674e-5 0.0051458658 0.0 0.0
-8.01134e-5 -2.56674e-5 0.0094671214 0.0 0.0
-7.93356e-5 -2.56674e-5 0.0123186077 0.0 0.0
-7.85578e-5 -2.56674e-5 0.0150104867 0.0 0.0
-7.778e-5 -2.56674e-5 0.0184904943 0.0 0.0
-7.70022e-5 -2.56674e-5 0.0153305707 0.0 0.0
-7.62244e-5 -2.56674e-5 0.0113605467 0.0 0.0
-7.54466e-5 -2.56674e-5 0.0066109785 0.0 0.0
-7.46688e-5 -2.56674e-5 0.0070818895 0.0 0.0
-7.3891e-5 -2.56674e-5 0.0083059242 0.0 0.0
-7.31132e-5 -2.56674e-5 0.0046650618 0.0 0.0
-7.23354e-5 -2.56674e-5 0.0065482344 0.0 0.0
-7.15576e-5 -2.56674e-5 0.0119120169 0.0 0.0
-7.07798e-5 -2.56674e-5 0.0171930773 0.0 0.0
-7.0002e-5 -2.56674e-5 0.0153272661 0.0 0.0
-6.92242e-5 -2.56674e-5 0.012037173 0.0 0.0
-6.84464e-5 -2.56674e-5 0.0099438377 0.0 0.0
-6.76686e-5 -2.56674e-5 0.0100460367 0.0 0.0
-6.68908e-5 -2.56674e-5 0.0097315669 0.0 0.0
-6.6113e-5 -2.56674e-5 0.0155640303 0.0 0.0
-6.53352e-5 -2.56674e-5 0.0171181986 0.0 0.0
-6.45574e-5 -2.56674e-5 0.0192673348 0.0 0.0
-6.37796e-5 -2.56674e-5 0.0223517044 0.0 0.0
-6.30018e-5 -2.56674e-5 0.0174496011 0.0 0.0
-6.2224e-5 -2.56674e-5 0.0226209424 0.0 0.0
-6.14462e-5 -2.56674e-5 0.0143465105 0.0 0.0
-6.06684e-5 -2.56674e-5 0.0263463373 0.0 0.0
-5.98906e-5 -2.56674e-5 0.0454114184 0.0 0.0
-5.91128e-5 -2.56674e-5 0.0717244182 0.0 0.0
-5.8335e-5 -2.56674e-5 0.0866761218 0.0 0.0
-5.75572e-5 -2.56674e-5 0.1007344906 0.0 0.0
-5.67794e-5 -2.56674e-5 0.0892960097 0.0 0.0
-5.60016e-5 -2.56674e-5 0.1174795069 0.0 0.0
-5.52238e-5 -2.56674e-5 0.1261577274 0.0 0.0
-5.4446e-5 -2.56674e-5 0.1923852047 0.0 0.0
-5.36682e-5 -2.56674e-5 0.1811238379 0.0 0.0
-5.28904e-5 -2.56674e-5 0.253883742 0.0 0.0
-5.21126e-5 -2.56674e-5 0.1996068215 0.0 0.0
-5.13348e-5 -2.56674e-5 0.1716218336 0.0 0.0
-5.0557e-5 -2.56674e-5 0.1594702752 0.0 0.0
-4.97792e-5 -2.56674e-5 0.1262839197 0.0 0.0
-4.90014e-5 -2.56674e-5 0.0804206934 0.0 0.0
-4.82236e-5 -2.56674e-5 0.0970382499 0.0 0.0
-4.74458e-5 -2.56674e-5 0.1204004386 0.0 0.0
-4.6668e-5 -2.56674e-5 0.1347515047 0.0 0.0
-4.58902e-5 -2.56674e-5 0.1165251024 0.0 0.0
-4.51124e-5 -2.56674e-5 0.1493569281 0.0 0.0
-4.43346e-5 -2.56674e-5 0.1138001769 0.0 0.0
-4.35568e-5 -2.56674e-5 0.096657995 0.0 0.0
-4.2779e-5 -2.56674e-5 0.0661532203 0.0 0.0
-4.20012e-5 -2.56674e-5 0.0706039214 0.0 0.0
-4.12234e-5 -2.56674e-5 0.050829623 0.0 0.0
-4.04456e-5 -2.56674e-5 0.1061227607 0.0 0.0
-3.96678e-5 -2.56674e-5 0.1444211192 0.0 0.0
-3.889e-5 -2.56674e-5 0.1428022016 0.0 0.0
-3.81122e-5 -2.56674e-5 0.1564920512 0.0 0.0
-3.73344e-5 -2.56674e-5 0.1633576705 0.0 0.0
-3.65566e-5 -2.56674e-5 0.1264790911 0.0 0.0
-3.57788e-5 -2.56674e-5 0.1436235425 0.0 0.0
-3.5001e-5 -2.56674e-5 0.128898091 0.0 0.0
-3.42232e-5 -2.56674e-5 0.1261801861 0.0 0.0
-3.34454e-5 -2.56674e-5 0.0686880766 0.0 0.0
-3.26676e-5 -2.56674e-5 0.0703061807 0.0 0.0
-3.18898e-5 -2.56674e-5 0.0554640258 0.0 0.0
-3.1112e-5 -2.56674e-5 0.0543664431 0.0 0.0
-3.03342e-5 -2.56674e-5 0.0390589982 0.0 0.0
-2.95564e-5 -2.56674e-5 0.0407641109 0.0 0.0
-2.87786e-5 -2.56674e-5 0.0242585344 0.0 0.0
-2.80008e-5 -2.56674e-5 0.0155366951 0.0 0.0
-2.7223e-5 -2.56674e-5 0.0197996364 0.0 0.0
-2.64452e-5 -2.56674e-5 0.0215566621 0.0 0.0
-2.56674e-5 -2.56674e-5 0.0477820886 0.0 0.0
-2.48896e-5 -2.56674e-5 0.0276471238 0.0 0.0
-2.41118e-5 -2.56674e-5 0.0323169373 0.0 0.0
-2.3334e-5 -2.56674e-5 0.0238088049 0.0 0.0
-2.25562e-5 -2.56674e-5 0.0274114187 0.0 0.0
-2.17784e-5 -2.56674e-5 0.0412598832 0.0 0.0
-2.10006e-5 -2.56674e-5 0.051350818 0.0 0.0
-2.02228e-5 -2.56674e-5 0.0381518549 0.0 0.0
-1.9445e-5 -2.56674e-5 0.0281174484 0.0 0.0
-1.86672e-5 -2.56674e-5 0.0215297129 0.0 0.0
-1.78894e-5 -2.56674e-5 0.0186196473 0.0 0.0
-1.71116e-5 -2.56674e-5 0.0162012567 0.0 0.0
-1.63338e-5 -2.56674e-5 0.0148915408 0.0 0.0
-1.5556e-5 -2.56674e-5 0.0150864149 0.0 0.0
-1.47782e-5 -2.56674e-5 0.0124763469 0.0 0.0
-1.40004e-5 -2.56674e-5 0.0058693576 0.0 0.0
-1.32226e-5 -2.56674e-5 0.0040236405 0.0 0.0
-1.24448e-5 -2.56674e-5 0.0163176145 0.0 0.0
-1.1667e-5 -2.56674e-5 0.0053505952 0.0 0.0
-1.08892e-5 -2.56674e-5 0.0002347337 0.0 0.0
-1.01114e-5 -2.56674e-5 0.0001200541 0.0 0.0
-9.3336e-6 -2.56674e-5 0.0028579421 0.0 0.0
-8.5558e-6 -2.56674e-5 0.0028821403 0.0 0.0
-7.778e-6 -2.56674e-5 0.002629733 0.0 0.0
-7.0002e-6 -2.56674e-5 0.002882246 0.0 0.0
-6.2224e-6 -2.56674e-5 0.0038402542 0.0 0.0
-5.4446e-6 -2.56674e-5 0.0061329353 0.0 0.0
-4.6668e-6 -2.56674e-5 0.0111345655 0.0 0.0
-3.889e-6 -2.56674e-5 0.0063339899 0.0 0.0
-3.1112e-6 -2.56674e-5 0.0059862 0.0 0.0
-2.3334e-6 -2.56674e-5 0.0042743977 0.0 0.0
-1.5556e-6 -2.56674e-5 0.0022392615 0.0 0.0
-7.778e-7 -2.56674e-5 0.0008673448 0.0 0.0
0.0 -2.56674e-5 0.0012861601 0.0 0.0
7.778e-7 -2.56674e-5 0.0004460751 0.0 0.0
1.5556e-6 -2.56674e-5 0.0010328067 0.0 0.0
2.3334e-6 -2.56674e-5 0.0011566825 0.0 0.0
3.1112e-6 -2.56674e-5 0.0005553341 0.0 0.0
3.889e-6 -2.56674e-5 0.0003640834 0.0 0.0
4.6668e-6 -2.56674e-5 0.0003179682 0.0 0.0
5.4446e-6 -2.56674e-5 5.66419e-5 0.0 0.0
6.2224e-6 -2.56674e-5 6.17848e-5 0.0 0.0
7.0002e-6 -2.56674e-5 6.54085e-5 0.0 0.0
7.778e-6 -2.56674e-5 7.6509e-5 0.0 0.0
8.5558e-6 -2.56674e-5 6.47614e-5 0.0 0.0
9.3336e-6 -2.56674e-5 0.0001818169 0.0 0.0
1.01114e-5 -2.56674e-5 0.0001333077 0.0 0.0
1.08892e-5 -2.56674e-5 8.28204e-5 0.0 0.0
1.1667e-5 -2.56674e-5 4.6134e-5 0.0 0.0
1.24448e-5 -2.56674e-5 3.64484e-5 0.0 0.0
1.32226e-5 -2.56674e-5 3.6749e-5 0.0 0.0
1.40004e-5 -2.56674e-5 3.59006e-5 0.0 0.0
1.47782e-5 -2.56674e-5 2.34592e-5 0.0 0.0
1.5556e-5 -2.56674e-5 2.912e-5 0.0 0.0
1.63338e-5 -2.56674e-5 2.51931e-5 0.0 0.0
1.71116e-5 -2.56674e-5 2.61153e-5 0.0 0.0
1.78894e-5 -2.56674e-5 5.65086e-5 0.0 0.0
1.86672e-5 -2.56674e-5 6.19135e-5 0.0 0.0
-9.72251e-5 -2.48896e-5 0.0002862651 0.0 0.0
-9.64473e-5 -2.48896e-5 0.0001505015 0.0 0.0
-9.56695e-5 -2.48896e-5 0.0009959391 0.0 0.0
-9.48917e-5 -2.48896e-5 0.0004667219 0.0 0.0
-9.41139e-5 -2.48896e-5 0.0001317227 0.0 0.0
-9.33361e-5 -2.48896e-5 0.0008317772 0.0 0.0
-9.25583e-5 -2.48896e-5 0.0005789877 0.0 0.0
-9.17805e-5 -2.48896e-5 0.0004246393 0.0 0.0
-9.10027e-5 -2.48896e-5 0.000209476 0.0 0.0
-9.02249e-5 -2.48896e-5 0.0009821373 0.0 0.0
-8.94471e-5 -2.48896e-5 0.0008926744 0.0 0.0
-8.86693e-5 -2.48896e-5 0.0013826666 0.0 0.0
-8.78915e-5 -2.48896e-5 0.0056008181 0.0 0.0
-8.71137e-5 -2.48896e-5 0.007448651 0.0 0.0
-8.63359e-5 -2.48896e-5 0.0076852275 0.0 0.0
-8.55581e-5 -2.48896e-5 0.0097229315 0.0 0.0
-8.47803e-5 -2.48896e-5 0.0125182438 0.0 0.0
-8.40025e-5 -2.48896e-5 0.0129034683 0.0 0.0
-8.32246e-5 -2.48896e-5 0.0121985541 0.0 0.0
-8.24468e-5 -2.48896e-5 0.0074392239 0.0 0.0
-8.1669e-5 -2.48896e-5 0.0077661028 0.0 0.0
-8.08912e-5 -2.48896e-5 0.0067600762 0.0 0.0
-8.01134e-5 -2.48896e-5 0.0084042125 0.0 0.0
-7.93356e-5 -2.48896e-5 0.0110639192 0.0 0.0
-7.85578e-5 -2.48896e-5 0.0133578813 0.0 0.0
-7.778e-5 -2.48896e-5 0.0168378637 0.0 0.0
-7.70022e-5 -2.48896e-5 0.0175800439 0.0 0.0
-7.62244e-5 -2.48896e-5 0.0101782265 0.0 0.0
-7.54466e-5 -2.48896e-5 0.0059526479 0.0 0.0
-7.46688e-5 -2.48896e-5 0.0057134587 0.0 0.0
-7.3891e-5 -2.48896e-5 0.0072181998 0.0 0.0
-7.31132e-5 -2.48896e-5 0.0040843279 0.0 0.0
-7.23354e-5 -2.48896e-5 0.0050953853 0.0 0.0
-7.15576e-5 -2.48896e-5 0.0100399595 0.0 0.0
-7.07798e-5 -2.48896e-5 0.0134191899 0.0 0.0
-7.0002e-5 -2.48896e-5 0.0115490331 0.0 0.0
-6.92242e-5 -2.48896e-5 0.0088998519 0.0 0.0
-6.84464e-5 -2.48896e-5 0.0069589647 0.0 0.0
-6.76686e-5 -2.48896e-5 0.0065266521 0.0 0.0
-6.68908e-5 -2.48896e-5 0.0066631037 0.0 0.0
-6.6113e-5 -2.48896e-5 0.0111778915 0.0 0.0
-6.53352e-5 -2.48896e-5 0.0137500539 0.0 0.0
-6.45574e-5 -2.48896e-5 0.0150587935 0.0 0.0
-6.37796e-5 -2.48896e-5 0.0186281044 0.0 0.0
-6.30018e-5 -2.48896e-5 0.0243457104 0.0 0.0
-6.2224e-5 -2.48896e-5 0.0166047773 0.0 0.0
-6.14462e-5 -2.48896e-5 0.0207565457 0.0 0.0
-6.06684e-5 -2.48896e-5 0.0329280642 0.0 0.0
-5.98906e-5 -2.48896e-5 0.035457897 0.0 0.0
-5.91128e-5 -2.48896e-5 0.0583354132 0.0 0.0
-5.8335e-5 -2.48896e-5 0.0919942684 0.0 0.0
-5.75572e-5 -2.48896e-5 0.0958258345 0.0 0.0
-5.67794e-5 -2.48896e-5 0.090157942 0.0 0.0
-5.60016e-5 -2.48896e-5 0.1233709193 0.0 0.0
-5.52238e-5 -2.48896e-5 0.1068262235 0.0 0.0
-5.4446e-5 -2.48896e-5 0.1895358956 0.0 0.0
-5.36682e-5 -2.48896e-5 0.2086681826 0.0 0.0
-5.28904e-5 -2.48896e-5 0.1915356902 0.0 0.0
-5.21126e-5 -2.48896e-5 0.2381824145 0.0 0.0
-5.13348e-5 -2.48896e-5 0.1964836077 0.0 0.0
-5.0557e-5 -2.48896e-5 0.1655886964 0.0 0.0
-4.97792e-5 -2.48896e-5 0.1372266486 0.0 0.0
-4.90014e-5 -2.48896e-5 0.0917177783 0.0 0.0
-4.82236e-5 -2.48896e-5 0.0774854517 0.0 0.0
-4.74458e-5 -2.48896e-5 0.0987266696 0.0 0.0
-4.6668e-5 -2.48896e-5 0.1093087902 0.0 0.0
-4.58902e-5 -2.48896e-5 0.1376619232 0.0 0.0
-4.51124e-5 -2.48896e-5 0.1301661747 0.0 0.0
-4.43346e-5 -2.48896e-5 0.122437913 0.0 0.0
-4.35568e-5 -2.48896e-5 0.1081889545 0.0 0.0
-4.2779e-5 -2.48896e-5 0.0859903881 0.0 0.0
-4.20012e-5 -2.48896e-5 0.0768758533 0.0 0.0
-4.12234e-5 -2.48896e-5 0.0764014977 0.0 0.0
-4.04456e-5 -2.48896e-5 0.0502782171 0.0 0.0
-3.96678e-5 -2.48896e-5 0.0661260952 0.0 0.0
-3.889e-5 -2.48896e-5 0.0525114674 0.0 0.0
-3.81122e-5 -2.48896e-5 0.0737967327 0.0 0.0
-3.73344e-5 -2.48896e-5 0.0710245303 0.0 0.0
-3.65566e-5 -2.48896e-5 0.0920689727 0.0 0.0
-3.57788e-5 -2.48896e-5 0.094058887 0.0 0.0
-3.5001e-5 -2.48896e-5 0.0559669205 0.0 0.0
-3.42232e-5 -2.48896e-5 0.0557203188 0.0 0.0
-3.34454e-5 -2.48896e-5 0.0504821796 0.0 0.0
-3.26676e-5 -2.48896e-5 0.0419696378 0.0 0.0
-3.18898e-5 -2.48896e-5 0.0382443455 0.0 0.0
-3.1112e-5 -2.48896e-5 0.0346585461 0.0 0.0
-3.03342e-5 -2.48896e-5 0.030278756 0.0 0.0
-2.95564e-5 -2.48896e-5 0.0294391714 0.0 0.0
-2.87786e-5 -2.48896e-5 0.0156646082 0.0 0.0
-2.80008e-5 -2.48896e-5 0.0151192831 0.0 0.0
-2.7223e-5 -2.48896e-5 0.0145208728 0.0 0.0
-2.64452e-5 -2.48896e-5 0.0417247741 0.0 0.0
-2.56674e-5 -2.48896e-5 0.0244146361 0.0 0.0
-2.48896e-5 -2.48896e-5 0.0281082816 0.0 0.0
-2.41118e-5 -2.48896e-5 0.0228930788 0.0 0.0
-2.3334e-5 -2.48896e-5 0.0197129383 0.0 0.0
-2.25562e-5 -2.48896e-5 0.037359982 0.0 0.0
-2.17784e-5 -2.48896e-5 0.0398739038 0.0 0.0
-2.10006e-5 -2.48896e-5 0.0365607633 0.0 0.0
-2.02228e-5 -2.48896e-5 0.0283791007 0.0 0.0
-1.9445e-5 -2.48896e-5 0.0223623426 0.0 0.0
-1.86672e-5 -2.48896e-5 0.0163674163 0.0 0.0
-1.78894e-5 -2.48896e-5 0.0130456298 0.0 0.0
-1.71116e-5 -2.48896e-5 0.0146184401 0.0 0.0
-1.63338e-5 -2.48896e-5 0.0156675775 0.0 0.0
-1.5556e-5 -2.48896e-5 0.0145349639 0.0 0.0
-1.47782e-5 -2.48896e-5 0.0089839303 0.0 0.0
-1.40004e-5 -2.48896e-5 0.0061245657 0.0 0.0
-1.32226e-5 -2.48896e-5 0.0102574377 0.0 0.0
-1.24448e-5 -2.48896e-5 0.0116531893 0.0 0.0
-1.1667e-5 -2.48896e-5 0.0049243895 0.0 0.0
-1.08892e-5 -2.48896e-5 0.0034072011 0.0 0.0
-1.01114e-5 -2.48896e-5 0.0021237018 0.0 0.0
-9.3336e-6 -2.48896e-5 0.0028104929 0.0 0.0
-8.5558e-6 -2.48896e-5 0.0025682139 0.0 0.0
-7.778e-6 -2.48896e-5 0.0028120454 0.0 0.0
-7.0002e-6 -2.48896e-5 0.0036487281 0.0 0.0
-6.2224e-6 -2.48896e-5 0.0059320074 0.0 0.0
-5.4446e-6 -2.48896e-5 0.0106692478 0.0 0.0
-4.6668e-6 -2.48896e-5 0.0062561397 0.0 0.0
-3.889e-6 -2.48896e-5 0.006463923 0.0 0.0
-3.1112e-6 -2.48896e-5 0.0058071403 0.0 0.0
-2.3334e-6 -2.48896e-5 0.0040046684 0.0 0.0
-1.5556e-6 -2.48896e-5 0.0010392819 0.0 0.0
-7.778e-7 -2.48896e-5 0.0021191182 0.0 0.0
0.0 -2.48896e-5 0.0009601657 0.0 0.0
7.778e-7 -2.48896e-5 0.0014476547 0.0 0.0
1.5556e-6 -2.48896e-5 4.25878e-5 0.0 0.0
2.3334e-6 -2.48896e-5 7.83249e-5 0.0 0.0
3.1112e-6 -2.48896e-5 1.30812e-5 0.0 0.0
3.889e-6 -2.48896e-5 3.66245e-5 0.0 0.0
4.6668e-6 -2.48896e-5 6.58926e-5 0.0 0.0
5.4446e-6 -2.48896e-5 8.82376e-5 0.0 0.0
6.2224e-6 -2.48896e-5 0.0001115779 0.0 0.0
7.0002e-6 -2.48896e-5 8.94783e-5 0.0 0.0
7.778e-6 -2.48896e-5 0.0001145848 0.0 0.0
8.5558e-6 -2.48896e-5 8.4038e-5 0.0 0.0
9.3336e-6 -2.48896e-5 8.374e-5 0.0 0.0
1.01114e-5 -2.48896e-5 0.0001202253 0.0 0.0
1.08892e-5 -2.48896e-5 4.06545e-5 0.0 0.0
1.1667e-5 -2.48896e-5 3.1277e-5 0.0 0.0
1.24448e-5 -2.48896e-5 2.53452e-5 0.0 0.0
1.32226e-5 -2.48896e-5 2.7712e-5 0.0 0.0
1.40004e-5 -2.48896e-5 3.10706e-5 0.0 0.0
1.47782e-5 -2.48896e-5 2.28181e-5 0.0 0.0
1.5556e-5 -2.48896e-5 3.05819e-5 0.0 0.0
1.63338e-5 -2.48896e-5 2.42102e-5 0.0 0.0
1.71116e-5 -2.48896e-5 3.06203e-5 0.0 0.0
1.78894e-5 -2.48896e-5 6.40736e-5 0.0 0.0
1.86672e-5 -2.48896e-5 3.97566e-5 0.0 0.0
-9.72251e-5 -2.41118e-5 9.23193e-5 0.0 0.0
-9.64473e-5 -2.41118e-5 0.0008903337 0.0 0.0
-9.56695e-5 -2.41118e-5 0.0004889341 0.0 0.0
-9.48917e-5 -2.41118e-5 9.82098e-5 0.0 0.0
-9.41139e-5 -2.41118e-5 0.0007516502 0.0 0.0
-9.33361e-5 -2.41118e-5 0.0004978322 0.0 0.0
-9.25583e-5 -2.41118e-5 0.0001712772 0.0 0.0
-9.17805e-5 -2.41118e-5 0.0001097962 0.0 0.0
-9.10027e-5 -2.41118e-5 0.0008205191 0.0 0.0
-9.02249e-5 -2.41118e-5 0.0006014334 0.0 0.0
-8.94471e-5 -2.41118e-5 0.0004933801 0.0 0.0
-8.86693e-5 -2.41118e-5 0.0010942374 0.0 0.0
-8.78915e-5 -2.41118e-5 0.0051069166 0.0 0.0
-8.71137e-5 -2.41118e-5 0.0068826939 0.0 0.0
-8.63359e-5 -2.41118e-5 0.0081816209 0.0 0.0
-8.55581e-5 -2.41118e-5 0.0091223922 0.0 0.0
-8.47803e-5 -2.41118e-5 0.0115778962 0.0 0.0
-8.40025e-5 -2.41118e-5 0.0134363473 0.0 0.0
-8.32246e-5 -2.41118e-5 0.013189218 0.0 0.0
-8.24468e-5 -2.41118e-5 0.0100766541 0.0 0.0
-8.1669e-5 -2.41118e-5 0.0068666233 0.0 0.0
-8.08912e-5 -2.41118e-5 0.0068413786 0.0 0.0
-8.01134e-5 -2.41118e-5 0.0059247319 0.0 0.0
-7.93356e-5 -2.41118e-5 0.0105795275 0.0 0.0
-7.85578e-5 -2.41118e-5 0.0136074344 0.0 0.0
-7.778e-5 -2.41118e-5 0.0164666913 0.0 0.0
-7.70022e-5 -2.41118e-5 0.0166351141 0.0 0.0
-7.62244e-5 -2.41118e-5 0.0133814544 0.0 0.0
-7.54466e-5 -2.41118e-5 0.0060631303 0.0 0.0
-7.46688e-5 -2.41118e-5 0.0049142114 0.0 0.0
-7.3891e-5 -2.41118e-5 0.0069818525 0.0 0.0
-7.31132e-5 -2.41118e-5 0.0038618579 0.0 0.0
-7.23354e-5 -2.41118e-5 0.0044427976 0.0 0.0
-7.15576e-5 -2.41118e-5 0.0089538868 0.0 0.0
-7.07798e-5 -2.41118e-5 0.0136055817 0.0 0.0
-7.0002e-5 -2.41118e-5 0.0104645039 0.0 0.0
-6.92242e-5 -2.41118e-5 0.0072342582 0.0 0.0
-6.84464e-5 -2.41118e-5 0.0052500956 0.0 0.0
-6.76686e-5 -2.41118e-5 0.0099788093 0.0 0.0
-6.68908e-5 -2.41118e-5 0.0114553555 0.0 0.0
-6.6113e-5 -2.41118e-5 0.0091524184 0.0 0.0
-6.53352e-5 -2.41118e-5 0.0191578137 0.0 0.0
-6.45574e-5 -2.41118e-5 0.0225328019 0.0 0.0
-6.37796e-5 -2.41118e-5 0.0265950416 0.0 0.0
-6.30018e-5 -2.41118e-5 0.0234313439 0.0 0.0
-6.2224e-5 -2.41118e-5 0.0278021309 0.0 0.0
-6.14462e-5 -2.41118e-5 0.0203773914 0.0 0.0
-6.06684e-5 -2.41118e-5 0.0273464464 0.0 0.0
-5.98906e-5 -2.41118e-5 0.0424986237 0.0 0.0
-5.91128e-5 -2.41118e-5 0.0466941413 0.0 0.0
-5.8335e-5 -2.41118e-5 0.0825104242 0.0 0.0
-5.75572e-5 -2.41118e-5 0.0856608167 0.0 0.0
-5.67794e-5 -2.41118e-5 0.083813168 0.0 0.0
-5.60016e-5 -2.41118e-5 0.0975010792 0.0 0.0
-5.52238e-5 -2.41118e-5 0.1194090939 0.0 0.0
-5.4446e-5 -2.41118e-5 0.1469300447 0.0 0.0
-5.36682e-5 -2.41118e-5 0.2128995994 0.0 0.0
-5.28904e-5 -2.41118e-5 0.2038885693 0.0 0.0
-5.21126e-5 -2.41118e-5 0.2537842336 0.0 0.0
-5.13348e-5 -2.41118e-5 0.2057790854 0.0 0.0
-5.0557e-5 -2.41118e-5 0.1580872778 0.0 0.0
-4.97792e-5 -2.41118e-5 0.1469022359 0.0 0.0
-4.90014e-5 -2.41118e-5 0.1378902903 0.0 0.0
-4.82236e-5 -2.41118e-5 0.09529534 0.0 0.0
-4.74458e-5 -2.41118e-5 0.1051251232 0.0 0.0
-4.6668e-5 -2.41118e-5 0.1017466046 0.0 0.0
-4.58902e-5 -2.41118e-5 0.1302150339 0.0 0.0
-4.51124e-5 -2.41118e-5 0.1411382742 0.0 0.0
-4.43346e-5 -2.41118e-5 0.1301846113 0.0 0.0
-4.35568e-5 -2.41118e-5 0.1058595886 0.0 0.0
-4.2779e-5 -2.41118e-5 0.1061464522 0.0 0.0
-4.20012e-5 -2.41118e-5 0.0933856684 0.0 0.0
-4.12234e-5 -2.41118e-5 0.0626371261 0.0 0.0
-4.04456e-5 -2.41118e-5 0.0638876922 0.0 0.0
-3.96678e-5 -2.41118e-5 0.0788036105 0.0 0.0
-3.889e-5 -2.41118e-5 0.0558285668 0.0 0.0
-3.81122e-5 -2.41118e-5 0.0529353749 0.0 0.0
-3.73344e-5 -2.41118e-5 0.0627362869 0.0 0.0
-3.65566e-5 -2.41118e-5 0.0544527952 0.0 0.0
-3.57788e-5 -2.41118e-5 0.0639009262 0.0 0.0
-3.5001e-5 -2.41118e-5 0.0423062212 0.0 0.0
-3.42232e-5 -2.41118e-5 0.0431966958 0.0 0.0
-3.34454e-5 -2.41118e-5 0.0427653853 0.0 0.0
-3.26676e-5 -2.41118e-5 0.0293704137 0.0 0.0
-3.18898e-5 -2.41118e-5 0.029575212 0.0 0.0
-3.1112e-5 -2.41118e-5 0.0294683598 0.0 0.0
-3.03342e-5 -2.41118e-5 0.0220839707 0.0 0.0
-2.95564e-5 -2.41118e-5 0.0130741376 0.0 0.0
-2.87786e-5 -2.41118e-5 0.0184182964 0.0 0.0
-2.80008e-5 -2.41118e-5 0.0116065834 0.0 0.0
-2.7223e-5 -2.41118e-5 0.0526156076 0.0 0.0
-2.64452e-5 -2.41118e-5 0.0177278359 0.0 0.0
-2.56674e-5 -2.41118e-5 0.0173492405 0.0 0.0
-2.48896e-5 -2.41118e-5 0.0149329686 0.0 0.0
-2.41118e-5 -2.41118e-5 0.0206124368 0.0 0.0
-2.3334e-5 -2.41118e-5 0.0325906127 0.0 0.0
-2.25562e-5 -2.41118e-5 0.0357287939 0.0 0.0
-2.17784e-5 -2.41118e-5 0.0343016195 0.0 0.0
-2.10006e-5 -2.41118e-5 0.0305826594 0.0 0.0
-2.02228e-5 -2.41118e-5 0.0217666917 0.0 0.0
-1.9445e-5 -2.41118e-5 0.0171552865 0.0 0.0
-1.86672e-5 -2.41118e-5 0.0135776212 0.0 0.0
-1.78894e-5 -2.41118e-5 0.0147866978 0.0 0.0
-1.71116e-5 -2.41118e-5 0.0143870167 0.0 0.0
-1.63338e-5 -2.41118e-5 0.0145185547 0.0 0.0
-1.5556e-5 -2.41118e-5 0.0132813029 0.0 0.0
-1.47782e-5 -2.41118e-5 0.0089308222 0.0 0.0
-1.40004e-5 -2.41118e-5 0.0118732898 0.0 0.0
-1.32226e-5 -2.41118e-5 0.0115437998 0.0 0.0
-1.24448e-5 -2.41118e-5 0.0082923289 0.0 0.0
-1.1667e-5 -2.41118e-5 0.0023046104 0.0 0.0
-1.08892e-5 -2.41118e-5 0.0015070474 0.0 0.0
-1.01114e-5 -2.41118e-5 0.0021313267 0.0 0.0
-9.3336e-6 -2.41118e-5 0.0024952064 0.0 0.0
-8.5558e-6 -2.41118e-5 0.0027374998 0.0 0.0
-7.778e-6 -2.41118e-5 0.0037163153 0.0 0.0
-7.0002e-6 -2.41118e-5 0.0056806823 0.0 0.0
-6.2224e-6 -2.41118e-5 0.0112485148 0.0 0.0
-5.4446e-6 -2.41118e-5 0.0065171753 0.0 0.0
-4.6668e-6 -2.41118e-5 0.0070858457 0.0 0.0
-3.889e-6 -2.41118e-5 0.0038652688 0.0 0.0
-3.1112e-6 -2.41118e-5 0.0054864173 0.0 0.0
-2.3334e-6 -2.41118e-5 0.0029320482 0.0 0.0
-1.5556e-6 -2.41118e-5 0.0021630649 0.0 0.0
-7.778e-7 -2.41118e-5 0.001009473 0.0 0.0
0.0 -2.41118e-5 0.0018373658 0.0 0.0
7.778e-7 -2.41118e-5 0.0004145727 0.0 0.0
1.5556e-6 -2.41118e-5 0.0005700108 0.0 0.0
2.3334e-6 -2.41118e-5 0.0002778883 0.0 0.0
3.1112e-6 -2.41118e-5 0.0002822589 0.0 0.0
3.889e-6 -2.41118e-5 0.0001890304 0.0 0.0
4.6668e-6 -2.41118e-5 0.0004307263 0.0 0.0
5.4446e-6 -2.41118e-5 6.81003e-5 0.0 0.0
6.2224e-6 -2.41118e-5 2.97874e-5 0.0 0.0
7.0002e-6 -2.41118e-5 0.0001944955 0.0 0.0
7.778e-6 -2.41118e-5 0.0001735692 0.0 0.0
8.5558e-6 -2.41118e-5 0.0001278708 0.0 0.0
9.3336e-6 -2.41118e-5 0.000146103 0.0 0.0
1.01114e-5 -2.41118e-5 9.99061e-5 0.0 0.0
1.08892e-5 -2.41118e-5 5.14869e-5 0.0 0.0
1.1667e-5 -2.41118e-5 5.00144e-5 0.0 0.0
1.24448e-5 -2.41118e-5 4.46409e-5 0.0 0.0
1.32226e-5 -2.41118e-5 2.12627e-5 0.0 0.0
1.40004e-5 -2.41118e-5 2.91342e-5 0.0 0.0
1.47782e-5 -2.41118e-5 3.56193e-5 0.0 0.0
1.5556e-5 -2.41118e-5 2.85292e-5 0.0 0.0
1.63338e-5 -2.41118e-5 3.07038e-5 0.0 0.0
1.71116e-5 -2.41118e-5 3.92594e-5 0.0 0.0
1.78894e-5 -2.41118e-5 7.08527e-5 0.0 0.0
1.86672e-5 -2.41118e-5 4.37263e-5 0.0 0.0
-9.72251e-5 -2.3334e-5 0.0001004852 0.0 0.0
-9.64473e-5 -2.3334e-5 0.0007450202 0.0 0.0
-9.56695e-5 -2.3334e-5 0.0002602158 0.0 0.0
-9.48917e-5 -2.3334e-5 4.418e-5 0.0 0.0
-9.41139e-5 -2.3334e-5 0.0004914733 0.0 0.0
-9.33361e-5 -2.3334e-5 0.0002064521 0.0 0.0
-9.25583e-5 -2.3334e-5 8.16978e-5 0.0 0.0
-9.17805e-5 -2.3334e-5 0.000842879 0.0 0.0
-9.10027e-5 -2.3334e-5 0.0006888287 0.0 0.0
-9.02249e-5 -2.3334e-5 0.0004873252 0.0 0.0
-8.94471e-5 -2.3334e-5 0.0004003748 0.0 0.0
-8.86693e-5 -2.3334e-5 0.0009182762 0.0 0.0
-8.78915e-5 -2.3334e-5 0.0038000467 0.0 0.0
-8.71137e-5 -2.3334e-5 0.0067660858 0.0 0.0
-8.63359e-5 -2.3334e-5 0.0078178633 0.0 0.0
-8.55581e-5 -2.3334e-5 0.0084952473 0.0 0.0
-8.47803e-5 -2.3334e-5 0.0111160991 0.0 0.0
-8.40025e-5 -2.3334e-5 0.0125507779 0.0 0.0
-8.32246e-5 -2.3334e-5 0.0143470232 0.0 0.0
-8.24468e-5 -2.3334e-5 0.0099082188 0.0 0.0
-8.1669e-5 -2.3334e-5 0.0076574811 0.0 0.0
-8.08912e-5 -2.3334e-5 0.0070526515 0.0 0.0
-8.01134e-5 -2.3334e-5 0.0061516628 0.0 0.0
-7.93356e-5 -2.3334e-5 0.0083231987 0.0 0.0
-7.85578e-5 -2.3334e-5 0.0106708156 0.0 0.0
-7.778e-5 -2.3334e-5 0.0137590019 0.0 0.0
-7.70022e-5 -2.3334e-5 0.0172109977 0.0 0.0
-7.62244e-5 -2.3334e-5 0.0174871871 0.0 0.0
-7.54466e-5 -2.3334e-5 0.0065314295 0.0 0.0
-7.46688e-5 -2.3334e-5 0.0053648793 0.0 0.0
-7.3891e-5 -2.3334e-5 0.0060174666 0.0 0.0
-7.31132e-5 -2.3334e-5 0.0035609304 0.0 0.0
-7.23354e-5 -2.3334e-5 0.0043651175 0.0 0.0
-7.15576e-5 -2.3334e-5 0.008196998 0.0 0.0
-7.07798e-5 -2.3334e-5 0.0128648724 0.0 0.0
-7.0002e-5 -2.3334e-5 0.0096447728 0.0 0.0
-6.92242e-5 -2.3334e-5 0.0058234376 0.0 0.0
-6.84464e-5 -2.3334e-5 0.0048290629 0.0 0.0
-6.76686e-5 -2.3334e-5 0.0097864737 0.0 0.0
-6.68908e-5 -2.3334e-5 0.0093765346 0.0 0.0
-6.6113e-5 -2.3334e-5 0.0088837744 0.0 0.0
-6.53352e-5 -2.3334e-5 0.0191815542 0.0 0.0
-6.45574e-5 -2.3334e-5 0.0295027817 0.0 0.0
-6.37796e-5 -2.3334e-5 0.0264982706 0.0 0.0
-6.30018e-5 -2.3334e-5 0.0230979445 0.0 0.0
-6.2224e-5 -2.3334e-5 0.0273919042 0.0 0.0
-6.14462e-5 -2.3334e-5 0.020399093 0.0 0.0
-6.06684e-5 -2.3334e-5 0.0283071115 0.0 0.0
-5.98906e-5 -2.3334e-5 0.0284253417 0.0 0.0
-5.91128e-5 -2.3334e-5 0.0540677244 0.0 0.0
-5.8335e-5 -2.3334e-5 0.0745915605 0.0 0.0
-5.75572e-5 -2.3334e-5 0.0738712303 0.0 0.0
-5.67794e-5 -2.3334e-5 0.065494161 0.0 0.0
-5.60016e-5 -2.3334e-5 0.088268415 0.0 0.0
-5.52238e-5 -2.3334e-5 0.1178882046 0.0 0.0
-5.4446e-5 -2.3334e-5 0.1226077389 0.0 0.0
-5.36682e-5 -2.3334e-5 0.1855835108 0.0 0.0
-5.28904e-5 -2.3334e-5 0.2443505936 0.0 0.0
-5.21126e-5 -2.3334e-5 0.2145243916 0.0 0.0
-5.13348e-5 -2.3334e-5 0.2427136107 0.0 0.0
-5.0557e-5 -2.3334e-5 0.2085740125 0.0 0.0
-4.97792e-5 -2.3334e-5 0.1518212753 0.0 0.0
-4.90014e-5 -2.3334e-5 0.1602812297 0.0 0.0
-4.82236e-5 -2.3334e-5 0.1292648902 0.0 0.0
-4.74458e-5 -2.3334e-5 0.103905268 0.0 0.0
-4.6668e-5 -2.3334e-5 0.1366586139 0.0 0.0
-4.58902e-5 -2.3334e-5 0.1410875303 0.0 0.0
-4.51124e-5 -2.3334e-5 0.1219335802 0.0 0.0
-4.43346e-5 -2.3334e-5 0.1194006413 0.0 0.0
-4.35568e-5 -2.3334e-5 0.1041923723 0.0 0.0
-4.2779e-5 -2.3334e-5 0.089691402 0.0 0.0
-4.20012e-5 -2.3334e-5 0.0916355587 0.0 0.0
-4.12234e-5 -2.3334e-5 0.0654948802 0.0 0.0
-4.04456e-5 -2.3334e-5 0.0487015541 0.0 0.0
-3.96678e-5 -2.3334e-5 0.052693741 0.0 0.0
-3.889e-5 -2.3334e-5 0.0430983301 0.0 0.0
-3.81122e-5 -2.3334e-5 0.0475074204 0.0 0.0
-3.73344e-5 -2.3334e-5 0.0359835131 0.0 0.0
-3.65566e-5 -2.3334e-5 0.0429869368 0.0 0.0
-3.57788e-5 -2.3334e-5 0.0335404795 0.0 0.0
-3.5001e-5 -2.3334e-5 0.0358839719 0.0 0.0
-3.42232e-5 -2.3334e-5 0.0252057738 0.0 0.0
-3.34454e-5 -2.3334e-5 0.0307609754 0.0 0.0
-3.26676e-5 -2.3334e-5 0.0337750387 0.0 0.0
-3.18898e-5 -2.3334e-5 0.0241274545 0.0 0.0
-3.1112e-5 -2.3334e-5 0.0206548336 0.0 0.0
-3.03342e-5 -2.3334e-5 0.01434461 0.0 0.0
-2.95564e-5 -2.3334e-5 0.0095804802 0.0 0.0
-2.87786e-5 -2.3334e-5 0.0166828714 0.0 0.0
-2.80008e-5 -2.3334e-5 0.0442801147 0.0 0.0
-2.7223e-5 -2.3334e-5 0.0208728361 0.0 0.0
-2.64452e-5 -2.3334e-5 0.0183564327 0.0 0.0
-2.56674e-5 -2.3334e-5 0.0166692044 0.0 0.0
-2.48896e-5 -2.3334e-5 0.0192807305 0.0 0.0
-2.41118e-5 -2.3334e-5 0.0293947523 0.0 0.0
-2.3334e-5 -2.3334e-5 0.0346621315 0.0 0.0
-2.25562e-5 -2.3334e-5 0.0368092176 0.0 0.0
-2.17784e-5 -2.3334e-5 0.030342301 0.0 0.0
-2.10006e-5 -2.3334e-5 0.0215582545 0.0 0.0
-2.02228e-5 -2.3334e-5 0.0175900031 0.0 0.0
-1.9445e-5 -2.3334e-5 0.0144554675 0.0 0.0
-1.86672e-5 -2.3334e-5 0.0120574443 0.0 0.0
-1.78894e-5 -2.3334e-5 0.0131096157 0.0 0.0
-1.71116e-5 -2.3334e-5 0.0147370472 0.0 0.0
-1.63338e-5 -2.3334e-5 0.0136402 0.0 0.0
-1.5556e-5 -2.3334e-5 0.01526447 0.0 0.0
-1.47782e-5 -2.3334e-5 0.0152611679 0.0 0.0
-1.40004e-5 -2.3334e-5 0.003137889 0.0 0.0
-1.32226e-5 -2.3334e-5 0.0139707827 0.0 0.0
-1.24448e-5 -2.3334e-5 0.00438008 0.0 0.0
-1.1667e-5 -2.3334e-5 0.0035098793 0.0 0.0
-1.08892e-5 -2.3334e-5 0.0016220981 0.0 0.0
-1.01114e-5 -2.3334e-5 0.0016697674 0.0 0.0
-9.3336e-6 -2.3334e-5 0.0026477621 0.0 0.0
-8.5558e-6 -2.3334e-5 0.0036998321 0.0 0.0
-7.778e-6 -2.3334e-5 0.0055684491 0.0 0.0
-7.0002e-6 -2.3334e-5 0.0109300933 0.0 0.0
-6.2224e-6 -2.3334e-5 0.0091826778 0.0 0.0
-5.4446e-6 -2.3334e-5 0.0051192665 0.0 0.0
-4.6668e-6 -2.3334e-5 0.004797676 0.0 0.0
-3.889e-6 -2.3334e-5 0.0039274993 0.0 0.0
-3.1112e-6 -2.3334e-5 0.0037426924 0.0 0.0
-2.3334e-6 -2.3334e-5 0.0035047776 0.0 0.0
-1.5556e-6 -2.3334e-5 0.0013575179 0.0 0.0
-7.778e-7 -2.3334e-5 0.00029302 0.0 0.0
0.0 -2.3334e-5 0.0007495487 0.0 0.0
7.778e-7 -2.3334e-5 0.0009723011 0.0 0.0
1.5556e-6 -2.3334e-5 3.53838e-5 0.0 0.0
2.3334e-6 -2.3334e-5 0.0008501169 0.0 0.0
3.1112e-6 -2.3334e-5 3.83727e-5 0.0 0.0
3.889e-6 -2.3334e-5 5.82738e-5 0.0 0.0
4.6668e-6 -2.3334e-5 5.96713e-5 0.0 0.0
5.4446e-6 -2.3334e-5 3.71707e-5 0.0 0.0
6.2224e-6 -2.3334e-5 6.54384e-5 0.0 0.0
7.0002e-6 -2.3334e-5 4.89061e-5 0.0 0.0
7.778e-6 -2.3334e-5 6.01229e-5 0.0 0.0
8.5558e-6 -2.3334e-5 0.0002103395 0.0 0.0
9.3336e-6 -2.3334e-5 0.0001236929 0.0 0.0
1.01114e-5 -2.3334e-5 5.01268e-5 0.0 0.0
1.08892e-5 -2.3334e-5 3.45491e-5 0.0 0.0
1.1667e-5 -2.3334e-5 3.33388e-5 0.0 0.0
1.24448e-5 -2.3334e-5 3.54526e-5 0.0 0.0
1.32226e-5 -2.3334e-5 4.04284e-5 0.0 0.0
1.40004e-5 -2.3334e-5 3.04941e-5 0.0 0.0
1.47782e-5 -2.3334e-5 3.77328e-5 0.0 0.0
1.5556e-5 -2.3334e-5 3.42071e-5 0.0 0.0
1.63338e-5 -2.3334e-5 3.82157e-5 0.0 0.0
1.71116e-5 -2.3334e-5 4.52935e-5 0.0 0.0
1.78894e-5 -2.3334e-5 4.53549e-5 0.0 0.0
1.86672e-5 -2.3334e-5 4.59809e-5 0.0 0.0
-9.72251e-5 -2.25562e-5 0.0001179666 0.0 0.0
-9.64473e-5 -2.25562e-5 0.0006401818 0.0 0.0
-9.56695e-5 -2.25562e-5 0.0005345574 0.0 0.0
-9.48917e-5 -2.25562e-5 7.9426e-5 0.0 0.0
-9.41139e-5 -2.25562e-5 7.8349e-6 0.0 0.0
-9.33361e-5 -2.25562e-5 0.0003656114 0.0 0.0
-9.25583e-5 -2.25562e-5 7.45888e-5 0.0 0.0
-9.17805e-5 -2.25562e-5 0.0001061292 0.0 0.0
-9.10027e-5 -2.25562e-5 0.0008305942 0.0 0.0
-9.02249e-5 -2.25562e-5 0.0007396996 0.0 0.0
-8.94471e-5 -2.25562e-5 0.0005038053 0.0 0.0
-8.86693e-5 -2.25562e-5 0.0013201488 0.0 0.0
-8.78915e-5 -2.25562e-5 0.0040549822 0.0 0.0
-8.71137e-5 -2.25562e-5 0.0057464436 0.0 0.0
-8.63359e-5 -2.25562e-5 0.0068265772 0.0 0.0
-8.55581e-5 -2.25562e-5 0.0085242076 0.0 0.0
-8.47803e-5 -2.25562e-5 0.0096094655 0.0 0.0
-8.40025e-5 -2.25562e-5 0.012503637 0.0 0.0
-8.32246e-5 -2.25562e-5 0.0129447314 0.0 0.0
-8.24468e-5 -2.25562e-5 0.0101626945 0.0 0.0
-8.1669e-5 -2.25562e-5 0.0087805798 0.0 0.0
-8.08912e-5 -2.25562e-5 0.0056498609 0.0 0.0
-8.01134e-5 -2.25562e-5 0.0046708296 0.0 0.0
-7.93356e-5 -2.25562e-5 0.0071074679 0.0 0.0
-7.85578e-5 -2.25562e-5 0.0091742041 0.0 0.0
-7.778e-5 -2.25562e-5 0.0145211676 0.0 0.0
-7.70022e-5 -2.25562e-5 0.0148905667 0.0 0.0
-7.62244e-5 -2.25562e-5 0.0149707289 0.0 0.0
-7.54466e-5 -2.25562e-5 0.0077729229 0.0 0.0
-7.46688e-5 -2.25562e-5 0.0068042184 0.0 0.0
-7.3891e-5 -2.25562e-5 0.0031869705 0.0 0.0
-7.31132e-5 -2.25562e-5 0.0043842099 0.0 0.0
-7.23354e-5 -2.25562e-5 0.0057804603 0.0 0.0
-7.15576e-5 -2.25562e-5 0.0046013453 0.0 0.0
-7.07798e-5 -2.25562e-5 0.0076376098 0.0 0.0
-7.0002e-5 -2.25562e-5 0.0105743963 0.0 0.0
-6.92242e-5 -2.25562e-5 0.0065032211 0.0 0.0
-6.84464e-5 -2.25562e-5 0.0104950426 0.0 0.0
-6.76686e-5 -2.25562e-5 0.0094371502 0.0 0.0
-6.68908e-5 -2.25562e-5 0.0083328456 0.0 0.0
-6.6113e-5 -2.25562e-5 0.0081628159 0.0 0.0
-6.53352e-5 -2.25562e-5 0.0132040934 0.0 0.0
-6.45574e-5 -2.25562e-5 0.0229287073 0.0 0.0
-6.37796e-5 -2.25562e-5 0.0292221295 0.0 0.0
-6.30018e-5 -2.25562e-5 0.0250717071 0.0 0.0
-6.2224e-5 -2.25562e-5 0.0305888582 0.0 0.0
-6.14462e-5 -2.25562e-5 0.0232779977 0.0 0.0
-6.06684e-5 -2.25562e-5 0.0307952196 0.0 0.0
-5.98906e-5 -2.25562e-5 0.028425602 0.0 0.0
-5.91128e-5 -2.25562e-5 0.0424700472 0.0 0.0
-5.8335e-5 -2.25562e-5 0.053123244 0.0 0.0
-5.75572e-5 -2.25562e-5 0.0621665913 0.0 0.0
-5.67794e-5 -2.25562e-5 0.0679848885 0.0 0.0
-5.60016e-5 -2.25562e-5 0.0778766489 0.0 0.0
-5.52238e-5 -2.25562e-5 0.0961788142 0.0 0.0
-5.4446e-5 -2.25562e-5 0.1172396436 0.0 0.0
-5.36682e-5 -2.25562e-5 0.1521038522 0.0 0.0
-5.28904e-5 -2.25562e-5 0.2084219573 0.0 0.0
-5.21126e-5 -2.25562e-5 0.2243408814 0.0 0.0
-5.13348e-5 -2.25562e-5 0.2191432972 0.0 0.0
-5.0557e-5 -2.25562e-5 0.2290514433 0.0 0.0
-4.97792e-5 -2.25562e-5 0.1619300019 0.0 0.0
-4.90014e-5 -2.25562e-5 0.1459897458 0.0 0.0
-4.82236e-5 -2.25562e-5 0.1285066274 0.0 0.0
-4.74458e-5 -2.25562e-5 0.1540711083 0.0 0.0
-4.6668e-5 -2.25562e-5 0.1557285674 0.0 0.0
-4.58902e-5 -2.25562e-5 0.1399942989 0.0 0.0
-4.51124e-5 -2.25562e-5 0.1247347912 0.0 0.0
-4.43346e-5 -2.25562e-5 0.1179416901 0.0 0.0
-4.35568e-5 -2.25562e-5 0.0817321772 0.0 0.0
-4.2779e-5 -2.25562e-5 0.077094041 0.0 0.0
-4.20012e-5 -2.25562e-5 0.0761059345 0.0 0.0
-4.12234e-5 -2.25562e-5 0.069509069 0.0 0.0
-4.04456e-5 -2.25562e-5 0.0581866795 0.0 0.0
-3.96678e-5 -2.25562e-5 0.0628209359 0.0 0.0
-3.889e-5 -2.25562e-5 0.0487583643 0.0 0.0
-3.81122e-5 -2.25562e-5 0.0453075922 0.0 0.0
-3.73344e-5 -2.25562e-5 0.0436342207 0.0 0.0
-3.65566e-5 -2.25562e-5 0.0320988945 0.0 0.0
-3.57788e-5 -2.25562e-5 0.03591905 0.0 0.0
-3.5001e-5 -2.25562e-5 0.0270619493 0.0 0.0
-3.42232e-5 -2.25562e-5 0.0293780394 0.0 0.0
-3.34454e-5 -2.25562e-5 0.031753109 0.0 0.0
-3.26676e-5 -2.25562e-5 0.032718454 0.0 0.0
-3.18898e-5 -2.25562e-5 0.017735053 0.0 0.0
-3.1112e-5 -2.25562e-5 0.0210246325 0.0 0.0
-3.03342e-5 -2.25562e-5 0.0168125749 0.0 0.0
-2.95564e-5 -2.25562e-5 0.0145659939 0.0 0.0
-2.87786e-5 -2.25562e-5 0.0283008591 0.0 0.0
-2.80008e-5 -2.25562e-5 0.0194207215 0.0 0.0
-2.7223e-5 -2.25562e-5 0.0179477752 0.0 0.0
-2.64452e-5 -2.25562e-5 0.0200618181 0.0 0.0
-2.56674e-5 -2.25562e-5 0.0200158397 0.0 0.0
-2.48896e-5 -2.25562e-5 0.0209627475 0.0 0.0
-2.41118e-5 -2.25562e-5 0.0371975587 0.0 0.0
-2.3334e-5 -2.25562e-5 0.0313740203 0.0 0.0
-2.25562e-5 -2.25562e-5 0.0227311479 0.0 0.0
-2.17784e-5 -2.25562e-5 0.0222617926 0.0 0.0
-2.10006e-5 -2.25562e-5 0.0165015915 0.0 0.0
-2.02228e-5 -2.25562e-5 0.0149932565 0.0 0.0
-1.9445e-5 -2.25562e-5 0.0124326166 0.0 0.0
-1.86672e-5 -2.25562e-5 0.0131537885 0.0 0.0
-1.78894e-5 -2.25562e-5 0.0127047498 0.0 0.0
-1.71116e-5 -2.25562e-5 0.0156527539 0.0 0.0
-1.63338e-5 -2.25562e-5 0.0205999564 0.0 0.0
-1.5556e-5 -2.25562e-5 0.0186078438 0.0 0.0
-1.47782e-5 -2.25562e-5 0.0075658033 0.0 0.0
-1.40004e-5 -2.25562e-5 0.0083930152 0.0 0.0
-1.32226e-5 -2.25562e-5 0.012968893 0.0 0.0
-1.24448e-5 -2.25562e-5 0.0047722484 0.0 0.0
-1.1667e-5 -2.25562e-5 0.0030285764 0.0 0.0
-1.08892e-5 -2.25562e-5 0.0027156462 0.0 0.0
-1.01114e-5 -2.25562e-5 0.0035426129 0.0 0.0
-9.3336e-6 -2.25562e-5 0.0044693753 0.0 0.0
-8.5558e-6 -2.25562e-5 0.0055214433 0.0 0.0
-7.778e-6 -2.25562e-5 0.0113151059 0.0 0.0
-7.0002e-6 -2.25562e-5 0.009269964 0.0 0.0
-6.2224e-6 -2.25562e-5 0.0066982203 0.0 0.0
-5.4446e-6 -2.25562e-5 0.005071638 0.0 0.0
-4.6668e-6 -2.25562e-5 0.0036635493 0.0 0.0
-3.889e-6 -2.25562e-5 0.0043040905 0.0 0.0
-3.1112e-6 -2.25562e-5 0.0025618703 0.0 0.0
-2.3334e-6 -2.25562e-5 0.0018160472 0.0 0.0
-1.5556e-6 -2.25562e-5 0.0006593808 0.0 0.0
-7.778e-7 -2.25562e-5 0.0011399075 0.0 0.0
0.0 -2.25562e-5 0.0014320594 0.0 0.0
7.778e-7 -2.25562e-5 7.13774e-5 0.0 0.0
1.5556e-6 -2.25562e-5 0.0001551214 0.0 0.0
2.3334e-6 -2.25562e-5 4.3666e-5 0.0 0.0
3.1112e-6 -2.25562e-5 5.48918e-5 0.0 0.0
3.889e-6 -2.25562e-5 0.0001204993 0.0 0.0
4.6668e-6 -2.25562e-5 8.58745e-5 0.0 0.0
5.4446e-6 -2.25562e-5 0.0002145641 0.0 0.0
6.2224e-6 -2.25562e-5 9.79794e-5 0.0 0.0
7.0002e-6 -2.25562e-5 0.0001157823 0.0 0.0
7.778e-6 -2.25562e-5 0.0001362414 0.0 0.0
8.5558e-6 -2.25562e-5 0.0001138 0.0 0.0
9.3336e-6 -2.25562e-5 0.0001078482 0.0 0.0
1.01114e-5 -2.25562e-5 5.62987e-5 0.0 0.0
1.08892e-5 -2.25562e-5 5.47105e-5 0.0 0.0
1.1667e-5 -2.25562e-5 2.66437e-5 0.0 0.0
1.24448e-5 -2.25562e-5 2.93854e-5 0.0 0.0
1.32226e-5 -2.25562e-5 3.92663e-5 0.0 0.0
1.40004e-5 -2.25562e-5 3.01199e-5 0.0 0.0
1.47782e-5 -2.25562e-5 4.23291e-5 0.0 0.0
1.5556e-5 -2.25562e-5 3.95613e-5 0.0 0.0
1.63338e-5 -2.25562e-5 4.91982e-5 0.0 0.0
1.71116e-5 -2.25562e-5 5.15511e-5 0.0 0.0
1.78894e-5 -2.25562e-5 5.54946e-5 0.0 0.0
1.86672e-5 -2.25562e-5 6.04759e-5 0.0 0.0
-9.72251e-5 -2.17784e-5 0.0003484123 0.0 0.0
-9.64473e-5 -2.17784e-5 0.0001883524 0.0 0.0
-9.56695e-5 -2.17784e-5 0.0007276629 0.0 0.0
-9.48917e-5 -2.17784e-5 0.000422272 0.0 0.0
-9.41139e-5 -2.17784e-5 8.0865e-5 0.0 0.0
-9.33361e-5 -2.17784e-5 0.0006958809 0.0 0.0
-9.25583e-5 -2.17784e-5 0.0004098093 0.0 0.0
-9.17805e-5 -2.17784e-5 0.0003864087 0.0 0.0
-9.10027e-5 -2.17784e-5 0.0003483631 0.0 0.0
-9.02249e-5 -2.17784e-5 0.0010101131 0.0 0.0
-8.94471e-5 -2.17784e-5 0.0008922896 0.0 0.0
-8.86693e-5 -2.17784e-5 0.00074976 0.0 0.0
-8.78915e-5 -2.17784e-5 0.0025754592 0.0 0.0
-8.71137e-5 -2.17784e-5 0.0062313507 0.0 0.0
-8.63359e-5 -2.17784e-5 0.0060676621 0.0 0.0
-8.55581e-5 -2.17784e-5 0.0075024474 0.0 0.0
-8.47803e-5 -2.17784e-5 0.0086340795 0.0 0.0
-8.40025e-5 -2.17784e-5 0.0112348237 0.0 0.0
-8.32246e-5 -2.17784e-5 0.0131156399 0.0 0.0
-8.24468e-5 -2.17784e-5 0.0150919616 0.0 0.0
-8.1669e-5 -2.17784e-5 0.0071104691 0.0 0.0
-8.08912e-5 -2.17784e-5 0.0075089911 0.0 0.0
-8.01134e-5 -2.17784e-5 0.0065150365 0.0 0.0
-7.93356e-5 -2.17784e-5 0.008601104 0.0 0.0
-7.85578e-5 -2.17784e-5 0.0106985137 0.0 0.0
-7.778e-5 -2.17784e-5 0.0129225961 0.0 0.0
-7.70022e-5 -2.17784e-5 0.0160278938 0.0 0.0
-7.62244e-5 -2.17784e-5 0.0164707917 0.0 0.0
-7.54466e-5 -2.17784e-5 0.0165798583 0.0 0.0
-7.46688e-5 -2.17784e-5 0.0045913084 0.0 0.0
-7.3891e-5 -2.17784e-5 0.0043566948 0.0 0.0
-7.31132e-5 -2.17784e-5 0.0018953887 0.0 0.0
-7.23354e-5 -2.17784e-5 0.0020438353 0.0 0.0
-7.15576e-5 -2.17784e-5 0.0053274362 0.0 0.0
-7.07798e-5 -2.17784e-5 0.009520715 0.0 0.0
-7.0002e-5 -2.17784e-5 0.0117438099 0.0 0.0
-6.92242e-5 -2.17784e-5 0.0082503929 0.0 0.0
-6.84464e-5 -2.17784e-5 0.0050841962 0.0 0.0
-6.76686e-5 -2.17784e-5 0.0102732155 0.0 0.0
-6.68908e-5 -2.17784e-5 0.00808228 0.0 0.0
-6.6113e-5 -2.17784e-5 0.0089925873 0.0 0.0
-6.53352e-5 -2.17784e-5 0.0145256121 0.0 0.0
-6.45574e-5 -2.17784e-5 0.0271558296 0.0 0.0
-6.37796e-5 -2.17784e-5 0.0310443678 0.0 0.0
-6.30018e-5 -2.17784e-5 0.0282116868 0.0 0.0
-6.2224e-5 -2.17784e-5 0.0227594943 0.0 0.0
-6.14462e-5 -2.17784e-5 0.027715739 0.0 0.0
-6.06684e-5 -2.17784e-5 0.0341621335 0.0 0.0
-5.98906e-5 -2.17784e-5 0.0316234235 0.0 0.0
-5.91128e-5 -2.17784e-5 0.0414686129 0.0 0.0
-5.8335e-5 -2.17784e-5 0.0402282756 0.0 0.0
-5.75572e-5 -2.17784e-5 0.0615114339 0.0 0.0
-5.67794e-5 -2.17784e-5 0.0683121419 0.0 0.0
-5.60016e-5 -2.17784e-5 0.0592127662 0.0 0.0
-5.52238e-5 -2.17784e-5 0.0698832569 0.0 0.0
-5.4446e-5 -2.17784e-5 0.10838025 0.0 0.0
-5.36682e-5 -2.17784e-5 0.1271339922 0.0 0.0
-5.28904e-5 -2.17784e-5 0.1535116199 0.0 0.0
-5.21126e-5 -2.17784e-5 0.2103672848 0.0 0.0
-5.13348e-5 -2.17784e-5 0.2052430331 0.0 0.0
-5.0557e-5 -2.17784e-5 0.2063129047 0.0 0.0
-4.97792e-5 -2.17784e-5 0.2078729718 0.0 0.0
-4.90014e-5 -2.17784e-5 0.1268766629 0.0 0.0
-4.82236e-5 -2.17784e-5 0.1192630065 0.0 0.0
-4.74458e-5 -2.17784e-5 0.1258036135 0.0 0.0
-4.6668e-5 -2.17784e-5 0.1570301989 0.0 0.0
-4.58902e-5 -2.17784e-5 0.1311169263 0.0 0.0
-4.51124e-5 -2.17784e-5 0.1129548617 0.0 0.0
-4.43346e-5 -2.17784e-5 0.0829761518 0.0 0.0
-4.35568e-5 -2.17784e-5 0.0670192488 0.0 0.0
-4.2779e-5 -2.17784e-5 0.0512316441 0.0 0.0
-4.20012e-5 -2.17784e-5 0.0499438912 0.0 0.0
-4.12234e-5 -2.17784e-5 0.0461088796 0.0 0.0
-4.04456e-5 -2.17784e-5 0.0571659968 0.0 0.0
-3.96678e-5 -2.17784e-5 0.0477994089 0.0 0.0
-3.889e-5 -2.17784e-5 0.0469107891 0.0 0.0
-3.81122e-5 -2.17784e-5 0.043301349 0.0 0.0
-3.73344e-5 -2.17784e-5 0.0362716353 0.0 0.0
-3.65566e-5 -2.17784e-5 0.0339154343 0.0 0.0
-3.57788e-5 -2.17784e-5 0.0242101326 0.0 0.0
-3.5001e-5 -2.17784e-5 0.0254465334 0.0 0.0
-3.42232e-5 -2.17784e-5 0.0168488315 0.0 0.0
-3.34454e-5 -2.17784e-5 0.01870761 0.0 0.0
-3.26676e-5 -2.17784e-5 0.0189695944 0.0 0.0
-3.18898e-5 -2.17784e-5 0.0189980308 0.0 0.0
-3.1112e-5 -2.17784e-5 0.01785161 0.0 0.0
-3.03342e-5 -2.17784e-5 0.0283265484 0.0 0.0
-2.95564e-5 -2.17784e-5 0.0198105152 0.0 0.0
-2.87786e-5 -2.17784e-5 0.0117731212 0.0 0.0
-2.80008e-5 -2.17784e-5 0.0228638991 0.0 0.0
-2.7223e-5 -2.17784e-5 0.0292657632 0.0 0.0
-2.64452e-5 -2.17784e-5 0.027384723 0.0 0.0
-2.56674e-5 -2.17784e-5 0.0180796346 0.0 0.0
-2.48896e-5 -2.17784e-5 0.0229029875 0.0 0.0
-2.41118e-5 -2.17784e-5 0.024383615 0.0 0.0
-2.3334e-5 -2.17784e-5 0.0203575162 0.0 0.0
-2.25562e-5 -2.17784e-5 0.0171119952 0.0 0.0
-2.17784e-5 -2.17784e-5 0.0166738763 0.0 0.0
-2.10006e-5 -2.17784e-5 0.0157224314 0.0 0.0
-2.02228e-5 -2.17784e-5 0.0141161873 0.0 0.0
-1.9445e-5 -2.17784e-5 0.0113112651 0.0 0.0
-1.86672e-5 -2.17784e-5 0.0132451169 0.0 0.0
-1.78894e-5 -2.17784e-5 0.017086829 0.0 0.0
-1.71116e-5 -2.17784e-5 0.0238457973 0.0 0.0
-1.63338e-5 -2.17784e-5 0.0223852731 0.0 0.0
-1.5556e-5 -2.17784e-5 0.0075714917 0.0 0.0
-1.47782e-5 -2.17784e-5 0.0084393663 0.0 0.0
-1.40004e-5 -2.17784e-5 0.0120160705 0.0 0.0
-1.32226e-5 -2.17784e-5 0.0095707382 0.0 0.0
-1.24448e-5 -2.17784e-5 0.002694787 0.0 0.0
-1.1667e-5 -2.17784e-5 0.0023442833 0.0 0.0
-1.08892e-5 -2.17784e-5 0.0029257309 0.0 0.0
-1.01114e-5 -2.17784e-5 0.0040437702 0.0 0.0
-9.3336e-6 -2.17784e-5 0.0060304656 0.0 0.0
-8.5558e-6 -2.17784e-5 0.0116107013 0.0 0.0
-7.778e-6 -2.17784e-5 0.0109873925 0.0 0.0
-7.0002e-6 -2.17784e-5 0.0045481159 0.0 0.0
-6.2224e-6 -2.17784e-5 0.005872118 0.0 0.0
-5.4446e-6 -2.17784e-5 0.0042942129 0.0 0.0
-4.6668e-6 -2.17784e-5 0.0057782417 0.0 0.0
-3.889e-6 -2.17784e-5 0.0031355067 0.0 0.0
-3.1112e-6 -2.17784e-5 0.0021061243 0.0 0.0
-2.3334e-6 -2.17784e-5 0.0006055043 0.0 0.0
-1.5556e-6 -2.17784e-5 0.0013765252 0.0 0.0
-7.778e-7 -2.17784e-5 0.000103938 0.0 0.0
0.0 -2.17784e-5 0.0004347455 0.0 0.0
7.778e-7 -2.17784e-5 0.0007249128 0.0 0.0
1.5556e-6 -2.17784e-5 0.000134066 0.0 0.0
2.3334e-6 -2.17784e-5 8.25403e-5 0.0 0.0
3.1112e-6 -2.17784e-5 0.0003500362 0.0 0.0
3.889e-6 -2.17784e-5 0.0004027529 0.0 0.0
4.6668e-6 -2.17784e-5 0.0002058015 0.0 0.0
5.4446e-6 -2.17784e-5 0.0001391846 0.0 0.0
6.2224e-6 -2.17784e-5 0.0001695403 0.0 0.0
7.0002e-6 -2.17784e-5 0.0001672075 0.0 0.0
7.778e-6 -2.17784e-5 0.0001657153 0.0 0.0
8.5558e-6 -2.17784e-5 0.0001002102 0.0 0.0
9.3336e-6 -2.17784e-5 4.84989e-5 0.0 0.0
1.01114e-5 -2.17784e-5 3.59724e-5 0.0 0.0
1.08892e-5 -2.17784e-5 4.65439e-5 0.0 0.0
1.1667e-5 -2.17784e-5 4.18222e-5 0.0 0.0
1.24448e-5 -2.17784e-5 2.81701e-5 0.0 0.0
1.32226e-5 -2.17784e-5 3.63198e-5 0.0 0.0
1.40004e-5 -2.17784e-5 3.08637e-5 0.0 0.0
1.47782e-5 -2.17784e-5 4.54237e-5 0.0 0.0
1.5556e-5 -2.17784e-5 5.23984e-5 0.0 0.0
1.63338e-5 -2.17784e-5 5.83958e-5 0.0 0.0
1.71116e-5 -2.17784e-5 5.68686e-5 0.0 0.0
1.78894e-5 -2.17784e-5 6.32138e-5 0.0 0.0
1.86672e-5 -2.17784e-5 5.38493e-5 0.0 0.0
-9.72251e-5 -2.10006e-5 0.000895098 0.0 0.0
-9.64473e-5 -2.10006e-5 0.0005944652 0.0 0.0
-9.56695e-5 -2.10006e-5 0.0002910658 0.0 0.0
-9.48917e-5 -2.10006e-5 7.08821e-5 0.0 0.0
-9.41139e-5 -2.10006e-5 0.0006130378 0.0 0.0
-9.33361e-5 -2.10006e-5 0.0002293643 0.0 0.0
-9.25583e-5 -2.10006e-5 0.0001000964 0.0 0.0
-9.17805e-5 -2.10006e-5 0.0006274129 0.0 0.0
-9.10027e-5 -2.10006e-5 0.000587113 0.0 0.0
-9.02249e-5 -2.10006e-5 0.0004746414 0.0 0.0
-8.94471e-5 -2.10006e-5 0.0005480124 0.0 0.0
-8.86693e-5 -2.10006e-5 0.0012526907 0.0 0.0
-8.78915e-5 -2.10006e-5 0.001313906 0.0 0.0
-8.71137e-5 -2.10006e-5 0.0050281774 0.0 0.0
-8.63359e-5 -2.10006e-5 0.0056951895 0.0 0.0
-8.55581e-5 -2.10006e-5 0.007077294 0.0 0.0
-8.47803e-5 -2.10006e-5 0.0089392434 0.0 0.0
-8.40025e-5 -2.10006e-5 0.0101206924 0.0 0.0
-8.32246e-5 -2.10006e-5 0.0121089299 0.0 0.0
-8.24468e-5 -2.10006e-5 0.0137388146 0.0 0.0
-8.1669e-5 -2.10006e-5 0.0086296291 0.0 0.0
-8.08912e-5 -2.10006e-5 0.0065752655 0.0 0.0
-8.01134e-5 -2.10006e-5 0.0056681574 0.0 0.0
-7.93356e-5 -2.10006e-5 0.0074563067 0.0 0.0
-7.85578e-5 -2.10006e-5 0.0097508228 0.0 0.0
-7.778e-5 -2.10006e-5 0.0118327716 0.0 0.0
-7.70022e-5 -2.10006e-5 0.0140748791 0.0 0.0
-7.62244e-5 -2.10006e-5 0.0145337212 0.0 0.0
-7.54466e-5 -2.10006e-5 0.0177546142 0.0 0.0
-7.46688e-5 -2.10006e-5 0.0062925709 0.0 0.0
-7.3891e-5 -2.10006e-5 0.0059406789 0.0 0.0
-7.31132e-5 -2.10006e-5 0.00309564 0.0 0.0
-7.23354e-5 -2.10006e-5 0.0033415375 0.0 0.0
-7.15576e-5 -2.10006e-5 0.0032670419 0.0 0.0
-7.07798e-5 -2.10006e-5 0.0062626671 0.0 0.0
-7.0002e-5 -2.10006e-5 0.0087552657 0.0 0.0
-6.92242e-5 -2.10006e-5 0.0109485546 0.0 0.0
-6.84464e-5 -2.10006e-5 0.007345907 0.0 0.0
-6.76686e-5 -2.10006e-5 0.00482473 0.0 0.0
-6.68908e-5 -2.10006e-5 0.0102162826 0.0 0.0
-6.6113e-5 -2.10006e-5 0.0098532887 0.0 0.0
-6.53352e-5 -2.10006e-5 0.0182236691 0.0 0.0
-6.45574e-5 -2.10006e-5 0.022824732 0.0 0.0
-6.37796e-5 -2.10006e-5 0.0280403807 0.0 0.0
-6.30018e-5 -2.10006e-5 0.0331046638 0.0 0.0
-6.2224e-5 -2.10006e-5 0.0292704796 0.0 0.0
-6.14462e-5 -2.10006e-5 0.0235227343 0.0 0.0
-6.06684e-5 -2.10006e-5 0.0313816664 0.0 0.0
-5.98906e-5 -2.10006e-5 0.0274573359 0.0 0.0
-5.91128e-5 -2.10006e-5 0.0354954518 0.0 0.0
-5.8335e-5 -2.10006e-5 0.0420027656 0.0 0.0
-5.75572e-5 -2.10006e-5 0.04914275 0.0 0.0
-5.67794e-5 -2.10006e-5 0.0619034596 0.0 0.0
-5.60016e-5 -2.10006e-5 0.0715907933 0.0 0.0
-5.52238e-5 -2.10006e-5 0.0678410074 0.0 0.0
-5.4446e-5 -2.10006e-5 0.0963160112 0.0 0.0
-5.36682e-5 -2.10006e-5 0.1201262493 0.0 0.0
-5.28904e-5 -2.10006e-5 0.1339413713 0.0 0.0
-5.21126e-5 -2.10006e-5 0.1597171716 0.0 0.0
-5.13348e-5 -2.10006e-5 0.2237811825 0.0 0.0
-5.0557e-5 -2.10006e-5 0.2154981391 0.0 0.0
-4.97792e-5 -2.10006e-5 0.1926555402 0.0 0.0
-4.90014e-5 -2.10006e-5 0.1789704251 0.0 0.0
-4.82236e-5 -2.10006e-5 0.1190240281 0.0 0.0
-4.74458e-5 -2.10006e-5 0.1248551135 0.0 0.0
-4.6668e-5 -2.10006e-5 0.1238455118 0.0 0.0
-4.58902e-5 -2.10006e-5 0.12769468 0.0 0.0
-4.51124e-5 -2.10006e-5 0.1087531966 0.0 0.0
-4.43346e-5 -2.10006e-5 0.0808079982 0.0 0.0
-4.35568e-5 -2.10006e-5 0.0565988796 0.0 0.0
-4.2779e-5 -2.10006e-5 0.0561688374 0.0 0.0
-4.20012e-5 -2.10006e-5 0.0571427586 0.0 0.0
-4.12234e-5 -2.10006e-5 0.0484183113 0.0 0.0
-4.04456e-5 -2.10006e-5 0.0430843366 0.0 0.0
-3.96678e-5 -2.10006e-5 0.0389114856 0.0 0.0
-3.889e-5 -2.10006e-5 0.0376850801 0.0 0.0
-3.81122e-5 -2.10006e-5 0.0418261325 0.0 0.0
-3.73344e-5 -2.10006e-5 0.0304380073 0.0 0.0
-3.65566e-5 -2.10006e-5 0.0339935387 0.0 0.0
-3.57788e-5 -2.10006e-5 0.0227172107 0.0 0.0
-3.5001e-5 -2.10006e-5 0.0227764025 0.0 0.0
-3.42232e-5 -2.10006e-5 0.0234935998 0.0 0.0
-3.34454e-5 -2.10006e-5 0.0215516061 0.0 0.0
-3.26676e-5 -2.10006e-5 0.0189413839 0.0 0.0
-3.18898e-5 -2.10006e-5 0.0246417841 0.0 0.0
-3.1112e-5 -2.10006e-5 0.0216496602 0.0 0.0
-3.03342e-5 -2.10006e-5 0.0082232081 0.0 0.0
-2.95564e-5 -2.10006e-5 0.013799887 0.0 0.0
-2.87786e-5 -2.10006e-5 0.0097508747 0.0 0.0
-2.80008e-5 -2.10006e-5 0.0202832079 0.0 0.0
-2.7223e-5 -2.10006e-5 0.0198024721 0.0 0.0
-2.64452e-5 -2.10006e-5 0.0165762021 0.0 0.0
-2.56674e-5 -2.10006e-5 0.024581732 0.0 0.0
-2.48896e-5 -2.10006e-5 0.0233659669 0.0 0.0
-2.41118e-5 -2.10006e-5 0.0159940113 0.0 0.0
-2.3334e-5 -2.10006e-5 0.0157544205 0.0 0.0
-2.25562e-5 -2.10006e-5 0.0169996416 0.0 0.0
-2.17784e-5 -2.10006e-5 0.0147048896 0.0 0.0
-2.10006e-5 -2.10006e-5 0.0135959189 0.0 0.0
-2.02228e-5 -2.10006e-5 0.0113932655 0.0 0.0
-1.9445e-5 -2.10006e-5 0.0141842296 0.0 0.0
-1.86672e-5 -2.10006e-5 0.0198045145 0.0 0.0
-1.78894e-5 -2.10006e-5 0.0256181174 0.0 0.0
-1.71116e-5 -2.10006e-5 0.0168378454 0.0 0.0
-1.63338e-5 -2.10006e-5 0.0089161827 0.0 0.0
-1.5556e-5 -2.10006e-5 0.0064512073 0.0 0.0
-1.47782e-5 -2.10006e-5 0.0102992841 0.0 0.0
-1.40004e-5 -2.10006e-5 0.0131857661 0.0 0.0
-1.32226e-5 -2.10006e-5 0.006598937 0.0 0.0
-1.24448e-5 -2.10006e-5 0.003524732 0.0 0.0
-1.1667e-5 -2.10006e-5 0.003693581 0.0 0.0
-1.08892e-5 -2.10006e-5 0.0033612168 0.0 0.0
-1.01114e-5 -2.10006e-5 0.0059843595 0.0 0.0
-9.3336e-6 -2.10006e-5 0.0123739277 0.0 0.0
-8.5558e-6 -2.10006e-5 0.0065690465 0.0 0.0
-7.778e-6 -2.10006e-5 0.0075813511 0.0 0.0
-7.0002e-6 -2.10006e-5 0.0050762216 0.0 0.0
-6.2224e-6 -2.10006e-5 0.0052854177 0.0 0.0
-5.4446e-6 -2.10006e-5 0.0065775826 0.0 0.0
-4.6668e-6 -2.10006e-5 0.004964324 0.0 0.0
-3.889e-6 -2.10006e-5 0.002396434 0.0 0.0
-3.1112e-6 -2.10006e-5 0.0007812802 0.0 0.0
-2.3334e-6 -2.10006e-5 0.0014176995 0.0 0.0
-1.5556e-6 -2.10006e-5 0.0004764363 0.0 0.0
-7.778e-7 -2.10006e-5 0.0008169433 0.0 0.0
0.0 -2.10006e-5 1.87462e-5 0.0 0.0
7.778e-7 -2.10006e-5 2.3855e-5 0.0 0.0
1.5556e-6 -2.10006e-5 0.0004549834 0.0 0.0
2.3334e-6 -2.10006e-5 0.0004167824 0.0 0.0
3.1112e-6 -2.10006e-5 6.6193e-6 0.0 0.0
3.889e-6 -2.10006e-5 4.8723e-6 0.0 0.0
4.6668e-6 -2.10006e-5 1.15045e-5 0.0 0.0
5.4446e-6 -2.10006e-5 1.65342e-5 0.0 0.0
6.2224e-6 -2.10006e-5 3.45752e-5 0.0 0.0
7.0002e-6 -2.10006e-5 7.60887e-5 0.0 0.0
7.778e-6 -2.10006e-5 0.0001675877 0.0 0.0
8.5558e-6 -2.10006e-5 9.86055e-5 0.0 0.0
9.3336e-6 -2.10006e-5 6.1202e-5 0.0 0.0
1.01114e-5 -2.10006e-5 6.42328e-5 0.0 0.0
1.08892e-5 -2.10006e-5 3.1123e-5 0.0 0.0
1.1667e-5 -2.10006e-5 3.7908e-5 0.0 0.0
1.24448e-5 -2.10006e-5 5.09543e-5 0.0 0.0
1.32226e-5 -2.10006e-5 4.04207e-5 0.0 0.0
1.40004e-5 -2.10006e-5 3.426e-5 0.0 0.0
1.47782e-5 -2.10006e-5 5.5787e-5 0.0 0.0
1.5556e-5 -2.10006e-5 6.15581e-5 0.0 0.0
1.63338e-5 -2.10006e-5 6.56114e-5 0.0 0.0
1.71116e-5 -2.10006e-5 6.73359e-5 0.0 0.0
1.78894e-5 -2.10006e-5 6.79778e-5 0.0 0.0
1.86672e-5 -2.10006e-5 5.69048e-5 0.0 0.0
-9.72251e-5 -2.02228e-5 0.0006040276 0.0 0.0
-9.64473e-5 -2.02228e-5 0.0002443862 0.0 0.0
-9.56695e-5 -2.02228e-5 0.0001931156 0.0 0.0
-9.48917e-5 -2.02228e-5 0.0006130978 0.0 0.0
-9.41139e-5 -2.02228e-5 0.0004382549 0.0 0.0
-9.33361e-5 -2.02228e-5 0.0001291761 0.0 0.0
-9.25583e-5 -2.02228e-5 2.67706e-5 0.0 0.0
-9.17805e-5 -2.02228e-5 0.0004598775 0.0 0.0
-9.10027e-5 -2.02228e-5 0.0004375787 0.0 0.0
-9.02249e-5 -2.02228e-5 0.0012180348 0.0 0.0
-8.94471e-5 -2.02228e-5 0.0004419269 0.0 0.0
-8.86693e-5 -2.02228e-5 0.0010173959 0.0 0.0
-8.78915e-5 -2.02228e-5 0.0010761584 0.0 0.0
-8.71137e-5 -2.02228e-5 0.0048291138 0.0 0.0
-8.63359e-5 -2.02228e-5 0.0055095961 0.0 0.0
-8.55581e-5 -2.02228e-5 0.0068671709 0.0 0.0
-8.47803e-5 -2.02228e-5 0.0084267008 0.0 0.0
-8.40025e-5 -2.02228e-5 0.0097084984 0.0 0.0
-8.32246e-5 -2.02228e-5 0.0112431949 0.0 0.0
-8.24468e-5 -2.02228e-5 0.014013309 0.0 0.0
-8.1669e-5 -2.02228e-5 0.0168130641 0.0 0.0
-8.08912e-5 -2.02228e-5 0.008494685 0.0 0.0
-8.01134e-5 -2.02228e-5 0.0081232899 0.0 0.0
-7.93356e-5 -2.02228e-5 0.0075658368 0.0 0.0
-7.85578e-5 -2.02228e-5 0.0093264409 0.0 0.0
-7.778e-5 -2.02228e-5 0.0113779815 0.0 0.0
-7.70022e-5 -2.02228e-5 0.0136437226 0.0 0.0
-7.62244e-5 -2.02228e-5 0.0135672937 0.0 0.0
-7.54466e-5 -2.02228e-5 0.0162399596 0.0 0.0
-7.46688e-5 -2.02228e-5 0.0162215275 0.0 0.0
-7.3891e-5 -2.02228e-5 0.0051555161 0.0 0.0
-7.31132e-5 -2.02228e-5 0.005133202 0.0 0.0
-7.23354e-5 -2.02228e-5 0.001941679 0.0 0.0
-7.15576e-5 -2.02228e-5 0.004554656 0.0 0.0
-7.07798e-5 -2.02228e-5 0.0040190904 0.0 0.0
-7.0002e-5 -2.02228e-5 0.0067635964 0.0 0.0
-6.92242e-5 -2.02228e-5 0.0090530375 0.0 0.0
-6.84464e-5 -2.02228e-5 0.0105851994 0.0 0.0
-6.76686e-5 -2.02228e-5 0.0077323214 0.0 0.0
-6.68908e-5 -2.02228e-5 0.0061342785 0.0 0.0
-6.6113e-5 -2.02228e-5 0.0121739069 0.0 0.0
-6.53352e-5 -2.02228e-5 0.0149683623 0.0 0.0
-6.45574e-5 -2.02228e-5 0.0205080186 0.0 0.0
-6.37796e-5 -2.02228e-5 0.0345976344 0.0 0.0
-6.30018e-5 -2.02228e-5 0.0308170853 0.0 0.0
-6.2224e-5 -2.02228e-5 0.0267286017 0.0 0.0
-6.14462e-5 -2.02228e-5 0.032870836 0.0 0.0
-6.06684e-5 -2.02228e-5 0.0281937137 0.0 0.0
-5.98906e-5 -2.02228e-5 0.0246293862 0.0 0.0
-5.91128e-5 -2.02228e-5 0.0309637843 0.0 0.0
-5.8335e-5 -2.02228e-5 0.0374467021 0.0 0.0
-5.75572e-5 -2.02228e-5 0.0436639195 0.0 0.0
-5.67794e-5 -2.02228e-5 0.0517594326 0.0 0.0
-5.60016e-5 -2.02228e-5 0.0626872875 0.0 0.0
-5.52238e-5 -2.02228e-5 0.0589046651 0.0 0.0
-5.4446e-5 -2.02228e-5 0.0724721339 0.0 0.0
-5.36682e-5 -2.02228e-5 0.0986316407 0.0 0.0
-5.28904e-5 -2.02228e-5 0.1131966853 0.0 0.0
-5.21126e-5 -2.02228e-5 0.1218423157 0.0 0.0
-5.13348e-5 -2.02228e-5 0.1557900147 0.0 0.0
-5.0557e-5 -2.02228e-5 0.1924944088 0.0 0.0
-4.97792e-5 -2.02228e-5 0.1936494266 0.0 0.0
-4.90014e-5 -2.02228e-5 0.184741957 0.0 0.0
-4.82236e-5 -2.02228e-5 0.1655528661 0.0 0.0
-4.74458e-5 -2.02228e-5 0.1187503721 0.0 0.0
-4.6668e-5 -2.02228e-5 0.097445423 0.0 0.0
-4.58902e-5 -2.02228e-5 0.0707931106 0.0 0.0
-4.51124e-5 -2.02228e-5 0.0824970816 0.0 0.0
-4.43346e-5 -2.02228e-5 0.0848282898 0.0 0.0
-4.35568e-5 -2.02228e-5 0.0747993392 0.0 0.0
-4.2779e-5 -2.02228e-5 0.0518738369 0.0 0.0
-4.20012e-5 -2.02228e-5 0.0444771687 0.0 0.0
-4.12234e-5 -2.02228e-5 0.042803645 0.0 0.0
-4.04456e-5 -2.02228e-5 0.0460060591 0.0 0.0
-3.96678e-5 -2.02228e-5 0.0354098254 0.0 0.0
-3.889e-5 -2.02228e-5 0.0362513337 0.0 0.0
-3.81122e-5 -2.02228e-5 0.0428603464 0.0 0.0
-3.73344e-5 -2.02228e-5 0.0235123481 0.0 0.0
-3.65566e-5 -2.02228e-5 0.0289252797 0.0 0.0
-3.57788e-5 -2.02228e-5 0.0216533693 0.0 0.0
-3.5001e-5 -2.02228e-5 0.0221542949 0.0 0.0
-3.42232e-5 -2.02228e-5 0.0219192073 0.0 0.0
-3.34454e-5 -2.02228e-5 0.0204207076 0.0 0.0
-3.26676e-5 -2.02228e-5 0.0189490073 0.0 0.0
-3.18898e-5 -2.02228e-5 0.0106193425 0.0 0.0
-3.1112e-5 -2.02228e-5 0.0105834884 0.0 0.0
-3.03342e-5 -2.02228e-5 0.0117759993 0.0 0.0
-2.95564e-5 -2.02228e-5 0.0135317759 0.0 0.0
-2.87786e-5 -2.02228e-5 0.0200456006 0.0 0.0
-2.80008e-5 -2.02228e-5 0.0157548523 0.0 0.0
-2.7223e-5 -2.02228e-5 0.0222970049 0.0 0.0
-2.64452e-5 -2.02228e-5 0.0218855462 0.0 0.0
-2.56674e-5 -2.02228e-5 0.0232747504 0.0 0.0
-2.48896e-5 -2.02228e-5 0.0150200997 0.0 0.0
-2.41118e-5 -2.02228e-5 0.0153969607 0.0 0.0
-2.3334e-5 -2.02228e-5 0.0149997099 0.0 0.0
-2.25562e-5 -2.02228e-5 0.0137559508 0.0 0.0
-2.17784e-5 -2.02228e-5 0.013737732 0.0 0.0
-2.10006e-5 -2.02228e-5 0.0125282567 0.0 0.0
-2.02228e-5 -2.02228e-5 0.0185806212 0.0 0.0
-1.9445e-5 -2.02228e-5 0.0249358919 0.0 0.0
-1.86672e-5 -2.02228e-5 0.0281021835 0.0 0.0
-1.78894e-5 -2.02228e-5 0.0175303878 0.0 0.0
-1.71116e-5 -2.02228e-5 0.0157303427 0.0 0.0
-1.63338e-5 -2.02228e-5 0.0097957052 0.0 0.0
-1.5556e-5 -2.02228e-5 0.0073219584 0.0 0.0
-1.47782e-5 -2.02228e-5 0.0133507499 0.0 0.0
-1.40004e-5 -2.02228e-5 0.0098723564 0.0 0.0
-1.32226e-5 -2.02228e-5 0.0044695668 0.0 0.0
-1.24448e-5 -2.02228e-5 0.0032723282 0.0 0.0
-1.1667e-5 -2.02228e-5 0.0042124343 0.0 0.0
-1.08892e-5 -2.02228e-5 0.0065183972 0.0 0.0
-1.01114e-5 -2.02228e-5 0.0136779183 0.0 0.0
-9.3336e-6 -2.02228e-5 0.0075395316 0.0 0.0
-8.5558e-6 -2.02228e-5 0.0049202514 0.0 0.0
-7.778e-6 -2.02228e-5 0.0057115526 0.0 0.0
-7.0002e-6 -2.02228e-5 0.0062193132 0.0 0.0
-6.2224e-6 -2.02228e-5 0.0052225784 0.0 0.0
-5.4446e-6 -2.02228e-5 0.0052095059 0.0 0.0
-4.6668e-6 -2.02228e-5 0.0030651436 0.0 0.0
-3.889e-6 -2.02228e-5 0.0008003874 0.0 0.0
-3.1112e-6 -2.02228e-5 0.0014660899 0.0 0.0
-2.3334e-6 -2.02228e-5 0.0004328609 0.0 0.0
-1.5556e-6 -2.02228e-5 0.0010290827 0.0 0.0
-7.778e-7 -2.02228e-5 3.62587e-5 0.0 0.0
0.0 -2.02228e-5 0.0001283788 0.0 0.0
7.778e-7 -2.02228e-5 3.48824e-5 0.0 0.0
1.5556e-6 -2.02228e-5 1.96969e-5 0.0 0.0
2.3334e-6 -2.02228e-5 2.59106e-5 0.0 0.0
3.1112e-6 -2.02228e-5 3.8697e-5 0.0 0.0
3.889e-6 -2.02228e-5 4.191e-5 0.0 0.0
4.6668e-6 -2.02228e-5 3.55388e-5 0.0 0.0
5.4446e-6 -2.02228e-5 6.69365e-5 0.0 0.0
6.2224e-6 -2.02228e-5 0.0001057415 0.0 0.0
7.0002e-6 -2.02228e-5 0.000106984 0.0 0.0
7.778e-6 -2.02228e-5 8.14179e-5 0.0 0.0
8.5558e-6 -2.02228e-5 5.72398e-5 0.0 0.0
9.3336e-6 -2.02228e-5 4.3649e-5 0.0 0.0
1.01114e-5 -2.02228e-5 5.61625e-5 0.0 0.0
1.08892e-5 -2.02228e-5 5.7607e-5 0.0 0.0
1.1667e-5 -2.02228e-5 3.95689e-5 0.0 0.0
1.24448e-5 -2.02228e-5 5.16141e-5 0.0 0.0
1.32226e-5 -2.02228e-5 4.31983e-5 0.0 0.0
1.40004e-5 -2.02228e-5 3.55819e-5 0.0 0.0
1.47782e-5 -2.02228e-5 6.61224e-5 0.0 0.0
1.5556e-5 -2.02228e-5 7.02237e-5 0.0 0.0
1.63338e-5 -2.02228e-5 7.35832e-5 0.0 0.0
1.71116e-5 -2.02228e-5 7.8901e-5 0.0 0.0
1.78894e-5 -2.02228e-5 7.43266e-5 0.0 0.0
1.86672e-5 -2.02228e-5 4.03752e-5 0.0 0.0
-9.72251e-5 -1.9445e-5 0.0005007904 0.0 0.0
-9.64473e-5 -1.9445e-5 0.0002360282 0.0 0.0
-9.56695e-5 -1.9445e-5 0.000780631 0.0 0.0
-9.48917e-5 -1.9445e-5 0.0004007946 0.0 0.0
-9.41139e-5 -1.9445e-5 0.0003592948 0.0 0.0
-9.33361e-5 -1.9445e-5 9.55086e-5 0.0 0.0
-9.25583e-5 -1.9445e-5 0.0006803421 0.0 0.0
-9.17805e-5 -1.9445e-5 0.0003768462 0.0 0.0
-9.10027e-5 -1.9445e-5 0.0003367109 0.0 0.0
-9.02249e-5 -1.9445e-5 0.0011895853 0.0 0.0
-8.94471e-5 -1.9445e-5 0.0012020053 0.0 0.0
-8.86693e-5 -1.9445e-5 0.0009185111 0.0 0.0
-8.78915e-5 -1.9445e-5 0.0021481527 0.0 0.0
-8.71137e-5 -1.9445e-5 0.0038941753 0.0 0.0
-8.63359e-5 -1.9445e-5 0.0055349193 0.0 0.0
-8.55581e-5 -1.9445e-5 0.0066547721 0.0 0.0
-8.47803e-5 -1.9445e-5 0.0071465931 0.0 0.0
-8.40025e-5 -1.9445e-5 0.0091029818 0.0 0.0
-8.32246e-5 -1.9445e-5 0.0104388711 0.0 0.0
-8.24468e-5 -1.9445e-5 0.0128672919 0.0 0.0
-8.1669e-5 -1.9445e-5 0.0154542991 0.0 0.0
-8.08912e-5 -1.9445e-5 0.0078035304 0.0 0.0
-8.01134e-5 -1.9445e-5 0.007025818 0.0 0.0
-7.93356e-5 -1.9445e-5 0.0073397777 0.0 0.0
-7.85578e-5 -1.9445e-5 0.0089522376 0.0 0.0
-7.778e-5 -1.9445e-5 0.011401132 0.0 0.0
-7.70022e-5 -1.9445e-5 0.0131219133 0.0 0.0
-7.62244e-5 -1.9445e-5 0.0150074202 0.0 0.0
-7.54466e-5 -1.9445e-5 0.0150096435 0.0 0.0
-7.46688e-5 -1.9445e-5 0.0184358142 0.0 0.0
-7.3891e-5 -1.9445e-5 0.007801447 0.0 0.0
-7.31132e-5 -1.9445e-5 0.0038013903 0.0 0.0
-7.23354e-5 -1.9445e-5 0.0044010101 0.0 0.0
-7.15576e-5 -1.9445e-5 0.0041922241 0.0 0.0
-7.07798e-5 -1.9445e-5 0.0032041718 0.0 0.0
-7.0002e-5 -1.9445e-5 0.0051437619 0.0 0.0
-6.92242e-5 -1.9445e-5 0.0070157799 0.0 0.0
-6.84464e-5 -1.9445e-5 0.008367694 0.0 0.0
-6.76686e-5 -1.9445e-5 0.0052920949 0.0 0.0
-6.68908e-5 -1.9445e-5 0.009683488 0.0 0.0
-6.6113e-5 -1.9445e-5 0.0080780928 0.0 0.0
-6.53352e-5 -1.9445e-5 0.0097612965 0.0 0.0
-6.45574e-5 -1.9445e-5 0.0183720968 0.0 0.0
-6.37796e-5 -1.9445e-5 0.0251272934 0.0 0.0
-6.30018e-5 -1.9445e-5 0.0285869534 0.0 0.0
-6.2224e-5 -1.9445e-5 0.0341284655 0.0 0.0
-6.14462e-5 -1.9445e-5 0.0315560818 0.0 0.0
-6.06684e-5 -1.9445e-5 0.0273629027 0.0 0.0
-5.98906e-5 -1.9445e-5 0.0343930169 0.0 0.0
-5.91128e-5 -1.9445e-5 0.0286760564 0.0 0.0
-5.8335e-5 -1.9445e-5 0.0352081115 0.0 0.0
-5.75572e-5 -1.9445e-5 0.031864098 0.0 0.0
-5.67794e-5 -1.9445e-5 0.0384236022 0.0 0.0
-5.60016e-5 -1.9445e-5 0.0553791325 0.0 0.0
-5.52238e-5 -1.9445e-5 0.0620912647 0.0 0.0
-5.4446e-5 -1.9445e-5 0.0591635972 0.0 0.0
-5.36682e-5 -1.9445e-5 0.0779843077 0.0 0.0
-5.28904e-5 -1.9445e-5 0.0981882296 0.0 0.0
-5.21126e-5 -1.9445e-5 0.1106512067 0.0 0.0
-5.13348e-5 -1.9445e-5 0.1060870516 0.0 0.0
-5.0557e-5 -1.9445e-5 0.1429610527 0.0 0.0
-4.97792e-5 -1.9445e-5 0.1799731122 0.0 0.0
-4.90014e-5 -1.9445e-5 0.1584026865 0.0 0.0
-4.82236e-5 -1.9445e-5 0.145761972 0.0 0.0
-4.74458e-5 -1.9445e-5 0.1460184176 0.0 0.0
-4.6668e-5 -1.9445e-5 0.1041798928 0.0 0.0
-4.58902e-5 -1.9445e-5 0.0646419625 0.0 0.0
-4.51124e-5 -1.9445e-5 0.0455686291 0.0 0.0
-4.43346e-5 -1.9445e-5 0.037267279 0.0 0.0
-4.35568e-5 -1.9445e-5 0.0508012643 0.0 0.0
-4.2779e-5 -1.9445e-5 0.0465313258 0.0 0.0
-4.20012e-5 -1.9445e-5 0.0567167523 0.0 0.0
-4.12234e-5 -1.9445e-5 0.0470475347 0.0 0.0
-4.04456e-5 -1.9445e-5 0.0515981873 0.0 0.0
-3.96678e-5 -1.9445e-5 0.0401464264 0.0 0.0
-3.889e-5 -1.9445e-5 0.0310903442 0.0 0.0
-3.81122e-5 -1.9445e-5 0.028403907 0.0 0.0
-3.73344e-5 -1.9445e-5 0.0250944788 0.0 0.0
-3.65566e-5 -1.9445e-5 0.021482748 0.0 0.0
-3.57788e-5 -1.9445e-5 0.0208384358 0.0 0.0
-3.5001e-5 -1.9445e-5 0.0280025124 0.0 0.0
-3.42232e-5 -1.9445e-5 0.0189996924 0.0 0.0
-3.34454e-5 -1.9445e-5 0.0147284555 0.0 0.0
-3.26676e-5 -1.9445e-5 0.0136171546 0.0 0.0
-3.18898e-5 -1.9445e-5 0.0111882728 0.0 0.0
-3.1112e-5 -1.9445e-5 0.0187034497 0.0 0.0
-3.03342e-5 -1.9445e-5 0.0155250772 0.0 0.0
-2.95564e-5 -1.9445e-5 0.0209681682 0.0 0.0
-2.87786e-5 -1.9445e-5 0.0229305495 0.0 0.0
-2.80008e-5 -1.9445e-5 0.0231015208 0.0 0.0
-2.7223e-5 -1.9445e-5 0.0203394123 0.0 0.0
-2.64452e-5 -1.9445e-5 0.0220503556 0.0 0.0
-2.56674e-5 -1.9445e-5 0.0115789122 0.0 0.0
-2.48896e-5 -1.9445e-5 0.0116197412 0.0 0.0
-2.41118e-5 -1.9445e-5 0.0143123455 0.0 0.0
-2.3334e-5 -1.9445e-5 0.0134563452 0.0 0.0
-2.25562e-5 -1.9445e-5 0.0152697769 0.0 0.0
-2.17784e-5 -1.9445e-5 0.016935449 0.0 0.0
-2.10006e-5 -1.9445e-5 0.0212469073 0.0 0.0
-2.02228e-5 -1.9445e-5 0.0258462574 0.0 0.0
-1.9445e-5 -1.9445e-5 0.013294516 0.0 0.0
-1.86672e-5 -1.9445e-5 0.0140204158 0.0 0.0
-1.78894e-5 -1.9445e-5 0.0135782287 0.0 0.0
-1.71116e-5 -1.9445e-5 0.0086463743 0.0 0.0
-1.63338e-5 -1.9445e-5 0.0074060042 0.0 0.0
-1.5556e-5 -1.9445e-5 0.0076449313 0.0 0.0
-1.47782e-5 -1.9445e-5 0.0126102267 0.0 0.0
-1.40004e-5 -1.9445e-5 0.0090514959 0.0 0.0
-1.32226e-5 -1.9445e-5 0.005202312 0.0 0.0
-1.24448e-5 -1.9445e-5 0.0042163086 0.0 0.0
-1.1667e-5 -1.9445e-5 0.0072002345 0.0 0.0
-1.08892e-5 -1.9445e-5 0.0143629502 0.0 0.0
-1.01114e-5 -1.9445e-5 0.0067322347 0.0 0.0
-9.3336e-6 -1.9445e-5 0.0061411363 0.0 0.0
-8.5558e-6 -1.9445e-5 0.0066195541 0.0 0.0
-7.778e-6 -1.9445e-5 0.006887468 0.0 0.0
-7.0002e-6 -1.9445e-5 0.0055966459 0.0 0.0
-6.2224e-6 -1.9445e-5 0.0053172642 0.0 0.0
-5.4446e-6 -1.9445e-5 0.0033725831 0.0 0.0
-4.6668e-6 -1.9445e-5 0.0008569501 0.0 0.0
-3.889e-6 -1.9445e-5 0.0013457095 0.0 0.0
-3.1112e-6 -1.9445e-5 0.0003037494 0.0 0.0
-2.3334e-6 -1.9445e-5 0.0011951992 0.0 0.0
-1.5556e-6 -1.9445e-5 0.000100467 0.0 0.0
-7.778e-7 -1.9445e-5 0.0002800277 0.0 0.0
0.0 -1.9445e-5 0.0004595803 0.0 0.0
7.778e-7 -1.9445e-5 0.0001679434 0.0 0.0
1.5556e-6 -1.9445e-5 0.0001154718 0.0 0.0
2.3334e-6 -1.9445e-5 0.0001579858 0.0 0.0
3.1112e-6 -1.9445e-5 0.0001132417 0.0 0.0
3.889e-6 -1.9445e-5 0.0001483446 0.0 0.0
4.6668e-6 -1.9445e-5 0.0001374395 0.0 0.0
5.4446e-6 -1.9445e-5 0.0001682984 0.0 0.0
6.2224e-6 -1.9445e-5 0.0001614752 0.0 0.0
7.0002e-6 -1.9445e-5 0.0001104286 0.0 0.0
7.778e-6 -1.9445e-5 9.1443e-5 0.0 0.0
8.5558e-6 -1.9445e-5 7.50245e-5 0.0 0.0
9.3336e-6 -1.9445e-5 7.24796e-5 0.0 0.0
1.01114e-5 -1.9445e-5 4.00838e-5 0.0 0.0
1.08892e-5 -1.9445e-5 4.67393e-5 0.0 0.0
1.1667e-5 -1.9445e-5 3.97427e-5 0.0 0.0
1.24448e-5 -1.9445e-5 5.00649e-5 0.0 0.0
1.32226e-5 -1.9445e-5 4.50174e-5 0.0 0.0
1.40004e-5 -1.9445e-5 4.16988e-5 0.0 0.0
1.47782e-5 -1.9445e-5 4.27091e-5 0.0 0.0
1.5556e-5 -1.9445e-5 8.33207e-5 0.0 0.0
1.63338e-5 -1.9445e-5 8.7286e-5 0.0 0.0
1.71116e-5 -1.9445e-5 8.66858e-5 0.0 0.0
1.78894e-5 -1.9445e-5 5.82029e-5 0.0 0.0
1.86672e-5 -1.9445e-5 4.08479e-5 0.0 0.0
-9.72251e-5 -1.86672e-5 0.0004193901 0.0 0.0
-9.64473e-5 -1.86672e-5 0.0009931316 0.0 0.0
-9.56695e-5 -1.86672e-5 0.0007787703 0.0 0.0
-9.48917e-5 -1.86672e-5 0.0005756462 0.0 0.0
-9.41139e-5 -1.86672e-5 0.0003598038 0.0 0.0
-9.33361e-5 -1.86672e-5 0.0002167299 0.0 0.0
-9.25583e-5 -1.86672e-5 0.0006850261 0.0 0.0
-9.17805e-5 -1.86672e-5 0.000563208 0.0 0.0
-9.10027e-5 -1.86672e-5 0.0002798274 0.0 0.0
-9.02249e-5 -1.86672e-5 0.0004061295 0.0 0.0
-8.94471e-5 -1.86672e-5 0.0010706784 0.0 0.0
-8.86693e-5 -1.86672e-5 0.0012135456 0.0 0.0
-8.78915e-5 -1.86672e-5 0.0010598726 0.0 0.0
-8.71137e-5 -1.86672e-5 0.0031438737 0.0 0.0
-8.63359e-5 -1.86672e-5 0.0050739932 0.0 0.0
-8.55581e-5 -1.86672e-5 0.0067500015 0.0 0.0
-8.47803e-5 -1.86672e-5 0.0070179511 0.0 0.0
-8.40025e-5 -1.86672e-5 0.0088289128 0.0 0.0
-8.32246e-5 -1.86672e-5 0.009903474 0.0 0.0
-8.24468e-5 -1.86672e-5 0.0124517571 0.0 0.0
-8.1669e-5 -1.86672e-5 0.0141889424 0.0 0.0
-8.08912e-5 -1.86672e-5 0.0142687736 0.0 0.0
-8.01134e-5 -1.86672e-5 0.0073283486 0.0 0.0
-7.93356e-5 -1.86672e-5 0.0072508325 0.0 0.0
-7.85578e-5 -1.86672e-5 0.0096535996 0.0 0.0
-7.778e-5 -1.86672e-5 0.0103795987 0.0 0.0
-7.70022e-5 -1.86672e-5 0.0125538642 0.0 0.0
-7.62244e-5 -1.86672e-5 0.0115184778 0.0 0.0
-7.54466e-5 -1.86672e-5 0.0141919797 0.0 0.0
-7.46688e-5 -1.86672e-5 0.0171776557 0.0 0.0
-7.3891e-5 -1.86672e-5 0.018438619 0.0 0.0
-7.31132e-5 -1.86672e-5 0.0070189008 0.0 0.0
-7.23354e-5 -1.86672e-5 0.0029956534 0.0 0.0
-7.15576e-5 -1.86672e-5 0.0031478641 0.0 0.0
-7.07798e-5 -1.86672e-5 0.0026032704 0.0 0.0
-7.0002e-5 -1.86672e-5 0.0051712082 0.0 0.0
-6.92242e-5 -1.86672e-5 0.0066013326 0.0 0.0
-6.84464e-5 -1.86672e-5 0.008790107 0.0 0.0
-6.76686e-5 -1.86672e-5 0.003708359 0.0 0.0
-6.68908e-5 -1.86672e-5 0.0065947348 0.0 0.0
-6.6113e-5 -1.86672e-5 0.0136587547 0.0 0.0
-6.53352e-5 -1.86672e-5 0.0141934505 0.0 0.0
-6.45574e-5 -1.86672e-5 0.017837228 0.0 0.0
-6.37796e-5 -1.86672e-5 0.0264333486 0.0 0.0
-6.30018e-5 -1.86672e-5 0.0310968517 0.0 0.0
-6.2224e-5 -1.86672e-5 0.0364594177 0.0 0.0
-6.14462e-5 -1.86672e-5 0.0318783118 0.0 0.0
-6.06684e-5 -1.86672e-5 0.0264936784 0.0 0.0
-5.98906e-5 -1.86672e-5 0.0247264406 0.0 0.0
-5.91128e-5 -1.86672e-5 0.0286622769 0.0 0.0
-5.8335e-5 -1.86672e-5 0.0264918481 0.0 0.0
-5.75572e-5 -1.86672e-5 0.0311590273 0.0 0.0
-5.67794e-5 -1.86672e-5 0.0370291223 0.0 0.0
-5.60016e-5 -1.86672e-5 0.0407595098 0.0 0.0
-5.52238e-5 -1.86672e-5 0.0489675028 0.0 0.0
-5.4446e-5 -1.86672e-5 0.0554790977 0.0 0.0
-5.36682e-5 -1.86672e-5 0.0637351006 0.0 0.0
-5.28904e-5 -1.86672e-5 0.0687150761 0.0 0.0
-5.21126e-5 -1.86672e-5 0.0911123821 0.0 0.0
-5.13348e-5 -1.86672e-5 0.0974626657 0.0 0.0
-5.0557e-5 -1.86672e-5 0.1028879194 0.0 0.0
-4.97792e-5 -1.86672e-5 0.1310950112 0.0 0.0
-4.90014e-5 -1.86672e-5 0.1521173138 0.0 0.0
-4.82236e-5 -1.86672e-5 0.1596410609 0.0 0.0
-4.74458e-5 -1.86672e-5 0.1182588946 0.0 0.0
-4.6668e-5 -1.86672e-5 0.1344178067 0.0 0.0
-4.58902e-5 -1.86672e-5 0.0986385001 0.0 0.0
-4.51124e-5 -1.86672e-5 0.0497246358 0.0 0.0
-4.43346e-5 -1.86672e-5 0.0376299944 0.0 0.0
-4.35568e-5 -1.86672e-5 0.0264021085 0.0 0.0
-4.2779e-5 -1.86672e-5 0.0331581373 0.0 0.0
-4.20012e-5 -1.86672e-5 0.0223780694 0.0 0.0
-4.12234e-5 -1.86672e-5 0.0320875531 0.0 0.0
-4.04456e-5 -1.86672e-5 0.0354645262 0.0 0.0
-3.96678e-5 -1.86672e-5 0.044093256 0.0 0.0
-3.889e-5 -1.86672e-5 0.0368448138 0.0 0.0
-3.81122e-5 -1.86672e-5 0.0385495268 0.0 0.0
-3.73344e-5 -1.86672e-5 0.0301287343 0.0 0.0
-3.65566e-5 -1.86672e-5 0.0295228993 0.0 0.0
-3.57788e-5 -1.86672e-5 0.0226519183 0.0 0.0
-3.5001e-5 -1.86672e-5 0.0267859771 0.0 0.0
-3.42232e-5 -1.86672e-5 0.0172822543 0.0 0.0
-3.34454e-5 -1.86672e-5 0.0197049425 0.0 0.0
-3.26676e-5 -1.86672e-5 0.0151395705 0.0 0.0
-3.18898e-5 -1.86672e-5 0.0172611824 0.0 0.0
-3.1112e-5 -1.86672e-5 0.0210416042 0.0 0.0
-3.03342e-5 -1.86672e-5 0.0193303086 0.0 0.0
-2.95564e-5 -1.86672e-5 0.0135095778 0.0 0.0
-2.87786e-5 -1.86672e-5 0.0121689454 0.0 0.0
-2.80008e-5 -1.86672e-5 0.0162689595 0.0 0.0
-2.7223e-5 -1.86672e-5 0.0197590612 0.0 0.0
-2.64452e-5 -1.86672e-5 0.0090640862 0.0 0.0
-2.56674e-5 -1.86672e-5 0.0117326108 0.0 0.0
-2.48896e-5 -1.86672e-5 0.0128609238 0.0 0.0
-2.41118e-5 -1.86672e-5 0.0146785993 0.0 0.0
-2.3334e-5 -1.86672e-5 0.0172113456 0.0 0.0
-2.25562e-5 -1.86672e-5 0.0227277258 0.0 0.0
-2.17784e-5 -1.86672e-5 0.0230452751 0.0 0.0
-2.10006e-5 -1.86672e-5 0.0164423253 0.0 0.0
-2.02228e-5 -1.86672e-5 0.0169165542 0.0 0.0
-1.9445e-5 -1.86672e-5 0.0173364202 0.0 0.0
-1.86672e-5 -1.86672e-5 0.0159767102 0.0 0.0
-1.78894e-5 -1.86672e-5 0.0129545806 0.0 0.0
-1.71116e-5 -1.86672e-5 0.0064437069 0.0 0.0
-1.63338e-5 -1.86672e-5 0.0067866154 0.0 0.0
-1.5556e-5 -1.86672e-5 0.0123727409 0.0 0.0
-1.47782e-5 -1.86672e-5 0.0115430896 0.0 0.0
-1.40004e-5 -1.86672e-5 0.0076928146 0.0 0.0
-1.32226e-5 -1.86672e-5 0.0060904471 0.0 0.0
-1.24448e-5 -1.86672e-5 0.0086852426 0.0 0.0
-1.1667e-5 -1.86672e-5 0.01651574 0.0 0.0
-1.08892e-5 -1.86672e-5 0.0085648333 0.0 0.0
-1.01114e-5 -1.86672e-5 0.006070606 0.0 0.0
-9.3336e-6 -1.86672e-5 0.0075662354 0.0 0.0
-8.5558e-6 -1.86672e-5 0.0069350295 0.0 0.0
-7.778e-6 -1.86672e-5 0.0057421993 0.0 0.0
-7.0002e-6 -1.86672e-5 0.0055514008 0.0 0.0
-6.2224e-6 -1.86672e-5 0.003619909 0.0 0.0
-5.4446e-6 -1.86672e-5 0.0010099496 0.0 0.0
-4.6668e-6 -1.86672e-5 0.0001910325 0.0 0.0
-3.889e-6 -1.86672e-5 0.0006313953 0.0 0.0
-3.1112e-6 -1.86672e-5 7.86939e-5 0.0 0.0
-2.3334e-6 -1.86672e-5 0.000196776 0.0 0.0
-1.5556e-6 -1.86672e-5 0.0005699048 0.0 0.0
-7.778e-7 -1.86672e-5 0.000606197 0.0 0.0
0.0 -1.86672e-5 0.000587844 0.0 0.0
7.778e-7 -1.86672e-5 0.0005729356 0.0 0.0
1.5556e-6 -1.86672e-5 0.0004053407 0.0 0.0
2.3334e-6 -1.86672e-5 0.0002412186 0.0 0.0
3.1112e-6 -1.86672e-5 0.0001859171 0.0 0.0
3.889e-6 -1.86672e-5 9.5391e-6 0.0 0.0
4.6668e-6 -1.86672e-5 2.27061e-5 0.0 0.0
5.4446e-6 -1.86672e-5 6.1579e-5 0.0 0.0
6.2224e-6 -1.86672e-5 0.0001661806 0.0 0.0
7.0002e-6 -1.86672e-5 0.0001213074 0.0 0.0
7.778e-6 -1.86672e-5 0.0001106108 0.0 0.0
8.5558e-6 -1.86672e-5 5.18146e-5 0.0 0.0
9.3336e-6 -1.86672e-5 5.4883e-5 0.0 0.0
1.01114e-5 -1.86672e-5 3.51143e-5 0.0 0.0
1.08892e-5 -1.86672e-5 4.86845e-5 0.0 0.0
1.1667e-5 -1.86672e-5 6.47098e-5 0.0 0.0
1.24448e-5 -1.86672e-5 5.38714e-5 0.0 0.0
1.32226e-5 -1.86672e-5 4.85679e-5 0.0 0.0
1.40004e-5 -1.86672e-5 4.68061e-5 0.0 0.0
1.47782e-5 -1.86672e-5 5.90024e-5 0.0 0.0
1.5556e-5 -1.86672e-5 9.67024e-5 0.0 0.0
1.63338e-5 -1.86672e-5 9.76892e-5 0.0 0.0
1.71116e-5 -1.86672e-5 3.77413e-5 0.0 0.0
1.78894e-5 -1.86672e-5 6.67551e-5 0.0 0.0
1.86672e-5 -1.86672e-5 2.75436e-5 0.0 0.0
-9.72251e-5 -1.78894e-5 0.0004353313 0.0 0.0
-9.64473e-5 -1.78894e-5 0.0003823806 0.0 0.0
-9.56695e-5 -1.78894e-5 0.0001826795 0.0 0.0
-9.48917e-5 -1.78894e-5 0.0007834403 0.0 0.0
-9.41139e-5 -1.78894e-5 0.000567224 0.0 0.0
-9.33361e-5 -1.78894e-5 0.0003731705 0.0 0.0
-9.25583e-5 -1.78894e-5 9.28916e-5 0.0 0.0
-9.17805e-5 -1.78894e-5 0.0006088467 0.0 0.0
-9.10027e-5 -1.78894e-5 0.0005746369 0.0 0.0
-9.02249e-5 -1.78894e-5 0.0004160241 0.0 0.0
-8.94471e-5 -1.78894e-5 0.0003583746 0.0 0.0
-8.86693e-5 -1.78894e-5 0.0012629315 0.0 0.0
-8.78915e-5 -1.78894e-5 0.001204844 0.0 0.0
-8.71137e-5 -1.78894e-5 0.0022648816 0.0 0.0
-8.63359e-5 -1.78894e-5 0.0053312051 0.0 0.0
-8.55581e-5 -1.78894e-5 0.0061650082 0.0 0.0
-8.47803e-5 -1.78894e-5 0.0069259659 0.0 0.0
-8.40025e-5 -1.78894e-5 0.0082684929 0.0 0.0
-8.32246e-5 -1.78894e-5 0.0094994713 0.0 0.0
-8.24468e-5 -1.78894e-5 0.0119770669 0.0 0.0
-8.1669e-5 -1.78894e-5 0.0129543399 0.0 0.0
-8.08912e-5 -1.78894e-5 0.015258205 0.0 0.0
-8.01134e-5 -1.78894e-5 0.0099594249 0.0 0.0
-7.93356e-5 -1.78894e-5 0.009804815 0.0 0.0
-7.85578e-5 -1.78894e-5 0.0091441972 0.0 0.0
-7.778e-5 -1.78894e-5 0.0112058158 0.0 0.0
-7.70022e-5 -1.78894e-5 0.0096574695 0.0 0.0
-7.62244e-5 -1.78894e-5 0.0116297524 0.0 0.0
-7.54466e-5 -1.78894e-5 0.0139922102 0.0 0.0
-7.46688e-5 -1.78894e-5 0.017058933 0.0 0.0
-7.3891e-5 -1.78894e-5 0.0172787136 0.0 0.0
-7.31132e-5 -1.78894e-5 0.0181402359 0.0 0.0
-7.23354e-5 -1.78894e-5 0.0069314698 0.0 0.0
-7.15576e-5 -1.78894e-5 0.0066014723 0.0 0.0
-7.07798e-5 -1.78894e-5 0.0057404704 0.0 0.0
-7.0002e-5 -1.78894e-5 0.0045077882 0.0 0.0
-6.92242e-5 -1.78894e-5 0.0070735681 0.0 0.0
-6.84464e-5 -1.78894e-5 0.0087243497 0.0 0.0
-6.76686e-5 -1.78894e-5 0.0050317046 0.0 0.0
-6.68908e-5 -1.78894e-5 0.0059769975 0.0 0.0
-6.6113e-5 -1.78894e-5 0.0051087023 0.0 0.0
-6.53352e-5 -1.78894e-5 0.0132157185 0.0 0.0
-6.45574e-5 -1.78894e-5 0.0142207233 0.0 0.0
-6.37796e-5 -1.78894e-5 0.0191434178 0.0 0.0
-6.30018e-5 -1.78894e-5 0.0248061112 0.0 0.0
-6.2224e-5 -1.78894e-5 0.0301047279 0.0 0.0
-6.14462e-5 -1.78894e-5 0.0346607033 0.0 0.0
-6.06684e-5 -1.78894e-5 0.0294709669 0.0 0.0
-5.98906e-5 -1.78894e-5 0.0250287255 0.0 0.0
-5.91128e-5 -1.78894e-5 0.0305044309 0.0 0.0
-5.8335e-5 -1.78894e-5 0.0283237428 0.0 0.0
-5.75572e-5 -1.78894e-5 0.031387938 0.0 0.0
-5.67794e-5 -1.78894e-5 0.0282650857 0.0 0.0
-5.60016e-5 -1.78894e-5 0.033241842 0.0 0.0
-5.52238e-5 -1.78894e-5 0.0473856862 0.0 0.0
-5.4446e-5 -1.78894e-5 0.0530876866 0.0 0.0
-5.36682e-5 -1.78894e-5 0.0522783677 0.0 0.0
-5.28904e-5 -1.78894e-5 0.0489621307 0.0 0.0
-5.21126e-5 -1.78894e-5 0.0588114793 0.0 0.0
-5.13348e-5 -1.78894e-5 0.082488079 0.0 0.0
-5.0557e-5 -1.78894e-5 0.080450699 0.0 0.0
-4.97792e-5 -1.78894e-5 0.0859724299 0.0 0.0
-4.90014e-5 -1.78894e-5 0.1116771217 0.0 0.0
-4.82236e-5 -1.78894e-5 0.1359294446 0.0 0.0
-4.74458e-5 -1.78894e-5 0.1339518126 0.0 0.0
-4.6668e-5 -1.78894e-5 0.1102692837 0.0 0.0
-4.58902e-5 -1.78894e-5 0.0976024003 0.0 0.0
-4.51124e-5 -1.78894e-5 0.1062048806 0.0 0.0
-4.43346e-5 -1.78894e-5 0.0542901364 0.0 0.0
-4.35568e-5 -1.78894e-5 0.0338919684 0.0 0.0
-4.2779e-5 -1.78894e-5 0.018929454 0.0 0.0
-4.20012e-5 -1.78894e-5 0.0150343643 0.0 0.0
-4.12234e-5 -1.78894e-5 0.0090640847 0.0 0.0
-4.04456e-5 -1.78894e-5 0.0231750545 0.0 0.0
-3.96678e-5 -1.78894e-5 0.0160979685 0.0 0.0
-3.889e-5 -1.78894e-5 0.0203755441 0.0 0.0
-3.81122e-5 -1.78894e-5 0.0209385555 0.0 0.0
-3.73344e-5 -1.78894e-5 0.0196501074 0.0 0.0
-3.65566e-5 -1.78894e-5 0.0225882517 0.0 0.0
-3.57788e-5 -1.78894e-5 0.0202608696 0.0 0.0
-3.5001e-5 -1.78894e-5 0.0126589842 0.0 0.0
-3.42232e-5 -1.78894e-5 0.0143542247 0.0 0.0
-3.34454e-5 -1.78894e-5 0.0171626744 0.0 0.0
-3.26676e-5 -1.78894e-5 0.0129339302 0.0 0.0
-3.18898e-5 -1.78894e-5 0.0128761805 0.0 0.0
-3.1112e-5 -1.78894e-5 0.0138838021 0.0 0.0
-3.03342e-5 -1.78894e-5 0.0101251014 0.0 0.0
-2.95564e-5 -1.78894e-5 0.012917374 0.0 0.0
-2.87786e-5 -1.78894e-5 0.0140619093 0.0 0.0
-2.80008e-5 -1.78894e-5 0.0162793072 0.0 0.0
-2.7223e-5 -1.78894e-5 0.0114260633 0.0 0.0
-2.64452e-5 -1.78894e-5 0.010946117 0.0 0.0
-2.56674e-5 -1.78894e-5 0.0181437275 0.0 0.0
-2.48896e-5 -1.78894e-5 0.0211625629 0.0 0.0
-2.41118e-5 -1.78894e-5 0.0230806986 0.0 0.0
-2.3334e-5 -1.78894e-5 0.0157310345 0.0 0.0
-2.25562e-5 -1.78894e-5 0.012324447 0.0 0.0
-2.17784e-5 -1.78894e-5 0.0114923939 0.0 0.0
-2.10006e-5 -1.78894e-5 0.0128429662 0.0 0.0
-2.02228e-5 -1.78894e-5 0.0133962279 0.0 0.0
-1.9445e-5 -1.78894e-5 0.0120263162 0.0 0.0
-1.86672e-5 -1.78894e-5 0.0133446082 0.0 0.0
-1.78894e-5 -1.78894e-5 0.008999634 0.0 0.0
-1.71116e-5 -1.78894e-5 0.0068744681 0.0 0.0
-1.63338e-5 -1.78894e-5 0.0087321453 0.0 0.0
-1.5556e-5 -1.78894e-5 0.0136383768 0.0 0.0
-1.47782e-5 -1.78894e-5 0.0125220187 0.0 0.0
-1.40004e-5 -1.78894e-5 0.0087461133 0.0 0.0
-1.32226e-5 -1.78894e-5 0.0126316235 0.0 0.0
-1.24448e-5 -1.78894e-5 0.0129373498 0.0 0.0
-1.1667e-5 -1.78894e-5 0.0089010972 0.0 0.0
-1.08892e-5 -1.78894e-5 0.007064923 0.0 0.0
-1.01114e-5 -1.78894e-5 0.0082571337 0.0 0.0
-9.3336e-6 -1.78894e-5 0.0074753449 0.0 0.0
-8.5558e-6 -1.78894e-5 0.0061160801 0.0 0.0
-7.778e-6 -1.78894e-5 0.0057240577 0.0 0.0
-7.0002e-6 -1.78894e-5 0.00304985 0.0 0.0
-6.2224e-6 -1.78894e-5 0.0011823744 0.0 0.0
-5.4446e-6 -1.78894e-5 0.0002315779 0.0 0.0
-4.6668e-6 -1.78894e-5 0.0006472402 0.0 0.0
-3.889e-6 -1.78894e-5 7.63304e-5 0.0 0.0
-3.1112e-6 -1.78894e-5 0.0002870215 0.0 0.0
-2.3334e-6 -1.78894e-5 0.000833549 0.0 0.0
-1.5556e-6 -1.78894e-5 2.90187e-5 0.0 0.0
-7.778e-7 -1.78894e-5 2.42407e-5 0.0 0.0
0.0 -1.78894e-5 1.33342e-5 0.0 0.0
7.778e-7 -1.78894e-5 1.60075e-5 0.0 0.0
1.5556e-6 -1.78894e-5 1.55815e-5 0.0 0.0
2.3334e-6 -1.78894e-5 1.27283e-5 0.0 0.0
3.1112e-6 -1.78894e-5 2.61244e-5 0.0 0.0
3.889e-6 -1.78894e-5 5.22735e-5 0.0 0.0
4.6668e-6 -1.78894e-5 8.22603e-5 0.0 0.0
5.4446e-6 -1.78894e-5 9.74475e-5 0.0 0.0
6.2224e-6 -1.78894e-5 8.467e-5 0.0 0.0
7.0002e-6 -1.78894e-5 7.88487e-5 0.0 0.0
7.778e-6 -1.78894e-5 7.85629e-5 0.0 0.0
8.5558e-6 -1.78894e-5 7.76662e-5 0.0 0.0
9.3336e-6 -1.78894e-5 3.84066e-5 0.0 0.0
1.01114e-5 -1.78894e-5 6.1762e-5 0.0 0.0
1.08892e-5 -1.78894e-5 5.31462e-5 0.0 0.0
1.1667e-5 -1.78894e-5 6.94596e-5 0.0 0.0
1.24448e-5 -1.78894e-5 5.98869e-5 0.0 0.0
1.32226e-5 -1.78894e-5 5.90706e-5 0.0 0.0
1.40004e-5 -1.78894e-5 5.77899e-5 0.0 0.0
1.47782e-5 -1.78894e-5 5.94338e-5 0.0 0.0
1.5556e-5 -1.78894e-5 5.77332e-5 0.0 0.0
1.63338e-5 -1.78894e-5 5.0446e-5 0.0 0.0
1.71116e-5 -1.78894e-5 2.53343e-5 0.0 0.0
1.78894e-5 -1.78894e-5 5.74732e-5 0.0 0.0
1.86672e-5 -1.78894e-5 1.81587e-5 0.0 0.0
-9.72251e-5 -1.71116e-5 0.0007831446 0.0 0.0
-9.64473e-5 -1.71116e-5 0.0006254337 0.0 0.0
-9.56695e-5 -1.71116e-5 0.0003658718 0.0 0.0
-9.48917e-5 -1.71116e-5 0.0002458567 0.0 0.0
-9.41139e-5 -1.71116e-5 0.0007344092 0.0 0.0
-9.33361e-5 -1.71116e-5 0.0005696052 0.0 0.0
-9.25583e-5 -1.71116e-5 0.000385947 0.0 0.0
-9.17805e-5 -1.71116e-5 0.0001719849 0.0 0.0
-9.10027e-5 -1.71116e-5 0.0007876196 0.0 0.0
-9.02249e-5 -1.71116e-5 0.0006715272 0.0 0.0
-8.94471e-5 -1.71116e-5 0.0005565953 0.0 0.0
-8.86693e-5 -1.71116e-5 0.000594488 0.0 0.0
-8.78915e-5 -1.71116e-5 0.0015271038 0.0 0.0
-8.71137e-5 -1.71116e-5 0.0015342545 0.0 0.0
-8.63359e-5 -1.71116e-5 0.0037513375 0.0 0.0
-8.55581e-5 -1.71116e-5 0.0054841066 0.0 0.0
-8.47803e-5 -1.71116e-5 0.0065623219 0.0 0.0
-8.40025e-5 -1.71116e-5 0.007434187 0.0 0.0
-8.32246e-5 -1.71116e-5 0.0081714509 0.0 0.0
-8.24468e-5 -1.71116e-5 0.0105595836 0.0 0.0
-8.1669e-5 -1.71116e-5 0.0127727172 0.0 0.0
-8.08912e-5 -1.71116e-5 0.0140211575 0.0 0.0
-8.01134e-5 -1.71116e-5 0.0159848664 0.0 0.0
-7.93356e-5 -1.71116e-5 0.0101166866 0.0 0.0
-7.85578e-5 -1.71116e-5 0.0093146269 0.0 0.0
-7.778e-5 -1.71116e-5 0.0090132527 0.0 0.0
-7.70022e-5 -1.71116e-5 0.0107565366 0.0 0.0
-7.62244e-5 -1.71116e-5 0.012145457 0.0 0.0
-7.54466e-5 -1.71116e-5 0.0139472387 0.0 0.0
-7.46688e-5 -1.71116e-5 0.0136986374 0.0 0.0
-7.3891e-5 -1.71116e-5 0.0173378968 0.0 0.0
-7.31132e-5 -1.71116e-5 0.0215234508 0.0 0.0
-7.23354e-5 -1.71116e-5 0.0108943023 0.0 0.0
-7.15576e-5 -1.71116e-5 0.0067573535 0.0 0.0
-7.07798e-5 -1.71116e-5 0.0064270891 0.0 0.0
-7.0002e-5 -1.71116e-5 0.0043734652 0.0 0.0
-6.92242e-5 -1.71116e-5 0.0077161675 0.0 0.0
-6.84464e-5 -1.71116e-5 0.0096467589 0.0 0.0
-6.76686e-5 -1.71116e-5 0.0050557833 0.0 0.0
-6.68908e-5 -1.71116e-5 0.0072246195 0.0 0.0
-6.6113e-5 -1.71116e-5 0.004034533 0.0 0.0
-6.53352e-5 -1.71116e-5 0.0119743736 0.0 0.0
-6.45574e-5 -1.71116e-5 0.0154075768 0.0 0.0
-6.37796e-5 -1.71116e-5 0.0191194537 0.0 0.0
-6.30018e-5 -1.71116e-5 0.0175619687 0.0 0.0
-6.2224e-5 -1.71116e-5 0.0331769073 0.0 0.0
-6.14462e-5 -1.71116e-5 0.0373640651 0.0 0.0
-6.06684e-5 -1.71116e-5 0.0340342629 0.0 0.0
-5.98906e-5 -1.71116e-5 0.0288161398 0.0 0.0
-5.91128e-5 -1.71116e-5 0.0253879988 0.0 0.0
-5.8335e-5 -1.71116e-5 0.0296834587 0.0 0.0
-5.75572e-5 -1.71116e-5 0.0262394541 0.0 0.0
-5.67794e-5 -1.71116e-5 0.030731924 0.0 0.0
-5.60016e-5 -1.71116e-5 0.0332635686 0.0 0.0
-5.52238e-5 -1.71116e-5 0.0396258882 0.0 0.0
-5.4446e-5 -1.71116e-5 0.0458512845 0.0 0.0
-5.36682e-5 -1.71116e-5 0.0511453282 0.0 0.0
-5.28904e-5 -1.71116e-5 0.0457529826 0.0 0.0
-5.21126e-5 -1.71116e-5 0.0471941703 0.0 0.0
-5.13348e-5 -1.71116e-5 0.0531445698 0.0 0.0
-5.0557e-5 -1.71116e-5 0.0759334916 0.0 0.0
-4.97792e-5 -1.71116e-5 0.0699440466 0.0 0.0
-4.90014e-5 -1.71116e-5 0.0745212148 0.0 0.0
-4.82236e-5 -1.71116e-5 0.0993064432 0.0 0.0
-4.74458e-5 -1.71116e-5 0.1085485338 0.0 0.0
-4.6668e-5 -1.71116e-5 0.1208724187 0.0 0.0
-4.58902e-5 -1.71116e-5 0.1124021584 0.0 0.0
-4.51124e-5 -1.71116e-5 0.0859015616 0.0 0.0
-4.43346e-5 -1.71116e-5 0.0945895215 0.0 0.0
-4.35568e-5 -1.71116e-5 0.0715238337 0.0 0.0
-4.2779e-5 -1.71116e-5 0.0387535691 0.0 0.0
-4.20012e-5 -1.71116e-5 0.0204315442 0.0 0.0
-4.12234e-5 -1.71116e-5 0.0089462425 0.0 0.0
-4.04456e-5 -1.71116e-5 0.0172663091 0.0 0.0
-3.96678e-5 -1.71116e-5 0.0083801987 0.0 0.0
-3.889e-5 -1.71116e-5 0.0043559328 0.0 0.0
-3.81122e-5 -1.71116e-5 0.0107775739 0.0 0.0
-3.73344e-5 -1.71116e-5 0.0082937594 0.0 0.0
-3.65566e-5 -1.71116e-5 0.0140517628 0.0 0.0
-3.57788e-5 -1.71116e-5 0.0141671325 0.0 0.0
-3.5001e-5 -1.71116e-5 0.0145758333 0.0 0.0
-3.42232e-5 -1.71116e-5 0.0170439278 0.0 0.0
-3.34454e-5 -1.71116e-5 0.0162493314 0.0 0.0
-3.26676e-5 -1.71116e-5 0.0148210587 0.0 0.0
-3.18898e-5 -1.71116e-5 0.0161098458 0.0 0.0
-3.1112e-5 -1.71116e-5 0.0163813184 0.0 0.0
-3.03342e-5 -1.71116e-5 0.0148450872 0.0 0.0
-2.95564e-5 -1.71116e-5 0.0256337891 0.0 0.0
-2.87786e-5 -1.71116e-5 0.0183411391 0.0 0.0
-2.80008e-5 -1.71116e-5 0.0196038543 0.0 0.0
-2.7223e-5 -1.71116e-5 0.0184467639 0.0 0.0
-2.64452e-5 -1.71116e-5 0.0195489968 0.0 0.0
-2.56674e-5 -1.71116e-5 0.017447848 0.0 0.0
-2.48896e-5 -1.71116e-5 0.0110101816 0.0 0.0
-2.41118e-5 -1.71116e-5 0.0135355532 0.0 0.0
-2.3334e-5 -1.71116e-5 0.0143697343 0.0 0.0
-2.25562e-5 -1.71116e-5 0.0133825561 0.0 0.0
-2.17784e-5 -1.71116e-5 0.0133864033 0.0 0.0
-2.10006e-5 -1.71116e-5 0.0123619066 0.0 0.0
-2.02228e-5 -1.71116e-5 0.0127409023 0.0 0.0
-1.9445e-5 -1.71116e-5 0.0145621913 0.0 0.0
-1.86672e-5 -1.71116e-5 0.0139549176 0.0 0.0
-1.78894e-5 -1.71116e-5 0.0092836321 0.0 0.0
-1.71116e-5 -1.71116e-5 0.0102076789 0.0 0.0
-1.63338e-5 -1.71116e-5 0.0115170049 0.0 0.0
-1.5556e-5 -1.71116e-5 0.0156043158 0.0 0.0
-1.47782e-5 -1.71116e-5 0.0149773114 0.0 0.0
-1.40004e-5 -1.71116e-5 0.0142718483 0.0 0.0
-1.32226e-5 -1.71116e-5 0.0088602284 0.0 0.0
-1.24448e-5 -1.71116e-5 0.0075502293 0.0 0.0
-1.1667e-5 -1.71116e-5 0.0087633706 0.0 0.0
-1.08892e-5 -1.71116e-5 0.0097122053 0.0 0.0
-1.01114e-5 -1.71116e-5 0.0087198315 0.0 0.0
-9.3336e-6 -1.71116e-5 0.0061450981 0.0 0.0
-8.5558e-6 -1.71116e-5 0.0061021347 0.0 0.0
-7.778e-6 -1.71116e-5 0.0015821001 0.0 0.0
-7.0002e-6 -1.71116e-5 0.0012569256 0.0 0.0
-6.2224e-6 -1.71116e-5 0.0013018687 0.0 0.0
-5.4446e-6 -1.71116e-5 0.0009669682 0.0 0.0
-4.6668e-6 -1.71116e-5 0.0001362427 0.0 0.0
-3.889e-6 -1.71116e-5 0.0006265821 0.0 0.0
-3.1112e-6 -1.71116e-5 2.80965e-5 0.0 0.0
-2.3334e-6 -1.71116e-5 8.55329e-5 0.0 0.0
-1.5556e-6 -1.71116e-5 0.0001175865 0.0 0.0
-7.778e-7 -1.71116e-5 8.31135e-5 0.0 0.0
0.0 -1.71116e-5 4.72254e-5 0.0 0.0
7.778e-7 -1.71116e-5 4.01847e-5 0.0 0.0
1.5556e-6 -1.71116e-5 2.83489e-5 0.0 0.0
2.3334e-6 -1.71116e-5 4.22051e-5 0.0 0.0
3.1112e-6 -1.71116e-5 9.14272e-5 0.0 0.0
3.889e-6 -1.71116e-5 0.0001077023 0.0 0.0
4.6668e-6 -1.71116e-5 0.0001322499 0.0 0.0
5.4446e-6 -1.71116e-5 0.0001093332 0.0 0.0
6.2224e-6 -1.71116e-5 9.48403e-5 0.0 0.0
7.0002e-6 -1.71116e-5 0.0001020157 0.0 0.0
7.778e-6 -1.71116e-5 5.46948e-5 0.0 0.0
8.5558e-6 -1.71116e-5 5.57014e-5 0.0 0.0
9.3336e-6 -1.71116e-5 4.00716e-5 0.0 0.0
1.01114e-5 -1.71116e-5 7.00746e-5 0.0 0.0
1.08892e-5 -1.71116e-5 5.81853e-5 0.0 0.0
1.1667e-5 -1.71116e-5 7.37142e-5 0.0 0.0
1.24448e-5 -1.71116e-5 6.87154e-5 0.0 0.0
1.32226e-5 -1.71116e-5 6.58864e-5 0.0 0.0
1.40004e-5 -1.71116e-5 6.66034e-5 0.0 0.0
1.47782e-5 -1.71116e-5 6.38959e-5 0.0 0.0
1.5556e-5 -1.71116e-5 6.42541e-5 0.0 0.0
1.63338e-5 -1.71116e-5 3.83258e-5 0.0 0.0
1.71116e-5 -1.71116e-5 1.28553e-5 0.0 0.0
1.78894e-5 -1.71116e-5 4.99967e-5 0.0 0.0
1.86672e-5 -1.71116e-5 7.704e-6 0.0 0.0
-9.72251e-5 -1.63338e-5 0.0002652017 0.0 0.0
-9.64473e-5 -1.63338e-5 0.0009135823 0.0 0.0
-9.56695e-5 -1.63338e-5 0.0007037207 0.0 0.0
-9.48917e-5 -1.63338e-5 0.0004665713 0.0 0.0
-9.41139e-5 -1.63338e-5 0.0003316256 0.0 0.0
-9.33361e-5 -1.63338e-5 0.0001570583 0.0 0.0
-9.25583e-5 -1.63338e-5 8.70335e-5 0.0 0.0
-9.17805e-5 -1.63338e-5 0.0004484486 0.0 0.0
-9.10027e-5 -1.63338e-5 0.0002683436 0.0 0.0
-9.02249e-5 -1.63338e-5 0.0009407962 0.0 0.0
-8.94471e-5 -1.63338e-5 0.0007944522 0.0 0.0
-8.86693e-5 -1.63338e-5 0.0006885912 0.0 0.0
-8.78915e-5 -1.63338e-5 0.0008639906 0.0 0.0
-8.71137e-5 -1.63338e-5 0.0016483617 0.0 0.0
-8.63359e-5 -1.63338e-5 0.0028214936 0.0 0.0
-8.55581e-5 -1.63338e-5 0.0050629738 0.0 0.0
-8.47803e-5 -1.63338e-5 0.0064860754 0.0 0.0
-8.40025e-5 -1.63338e-5 0.0075519094 0.0 0.0
-8.32246e-5 -1.63338e-5 0.0080859984 0.0 0.0
-8.24468e-5 -1.63338e-5 0.0100587504 0.0 0.0
-8.1669e-5 -1.63338e-5 0.0110662421 0.0 0.0
-8.08912e-5 -1.63338e-5 0.0134246237 0.0 0.0
-8.01134e-5 -1.63338e-5 0.0149995107 0.0 0.0
-7.93356e-5 -1.63338e-5 0.0073596326 0.0 0.0
-7.85578e-5 -1.63338e-5 0.0098421426 0.0 0.0
-7.778e-5 -1.63338e-5 0.009137772 0.0 0.0
-7.70022e-5 -1.63338e-5 0.0109764958 0.0 0.0
-7.62244e-5 -1.63338e-5 0.0094798474 0.0 0.0
-7.54466e-5 -1.63338e-5 0.0114052128 0.0 0.0
-7.46688e-5 -1.63338e-5 0.0142309741 0.0 0.0
-7.3891e-5 -1.63338e-5 0.0175867416 0.0 0.0
-7.31132e-5 -1.63338e-5 0.0208873723 0.0 0.0
-7.23354e-5 -1.63338e-5 0.0227635766 0.0 0.0
-7.15576e-5 -1.63338e-5 0.0062562721 0.0 0.0
-7.07798e-5 -1.63338e-5 0.0056379488 0.0 0.0
-7.0002e-5 -1.63338e-5 0.0051098924 0.0 0.0
-6.92242e-5 -1.63338e-5 0.0086387337 0.0 0.0
-6.84464e-5 -1.63338e-5 0.011785378 0.0 0.0
-6.76686e-5 -1.63338e-5 0.0078356601 0.0 0.0
-6.68908e-5 -1.63338e-5 0.0107880287 0.0 0.0
-6.6113e-5 -1.63338e-5 0.0068585103 0.0 0.0
-6.53352e-5 -1.63338e-5 0.0043800674 0.0 0.0
-6.45574e-5 -1.63338e-5 0.0154800476 0.0 0.0
-6.37796e-5 -1.63338e-5 0.0194605279 0.0 0.0
-6.30018e-5 -1.63338e-5 0.0204246459 0.0 0.0
-6.2224e-5 -1.63338e-5 0.0183701719 0.0 0.0
-6.14462e-5 -1.63338e-5 0.0328282101 0.0 0.0
-6.06684e-5 -1.63338e-5 0.0284856018 0.0 0.0
-5.98906e-5 -1.63338e-5 0.0323917556 0.0 0.0
-5.91128e-5 -1.63338e-5 0.0288105361 0.0 0.0
-5.8335e-5 -1.63338e-5 0.0258843128 0.0 0.0
-5.75572e-5 -1.63338e-5 0.0297727554 0.0 0.0
-5.67794e-5 -1.63338e-5 0.0265239 0.0 0.0
-5.60016e-5 -1.63338e-5 0.029903116 0.0 0.0
-5.52238e-5 -1.63338e-5 0.0342022824 0.0 0.0
-5.4446e-5 -1.63338e-5 0.0373253333 0.0 0.0
-5.36682e-5 -1.63338e-5 0.042259127 0.0 0.0
-5.28904e-5 -1.63338e-5 0.050540887 0.0 0.0
-5.21126e-5 -1.63338e-5 0.0468862905 0.0 0.0
-5.13348e-5 -1.63338e-5 0.0454471605 0.0 0.0
-5.0557e-5 -1.63338e-5 0.0554679138 0.0 0.0
-4.97792e-5 -1.63338e-5 0.0643427942 0.0 0.0
-4.90014e-5 -1.63338e-5 0.0612671773 0.0 0.0
-4.82236e-5 -1.63338e-5 0.0724496832 0.0 0.0
-4.74458e-5 -1.63338e-5 0.080374094 0.0 0.0
-4.6668e-5 -1.63338e-5 0.0926442356 0.0 0.0
-4.58902e-5 -1.63338e-5 0.0989266168 0.0 0.0
-4.51124e-5 -1.63338e-5 0.1079638277 0.0 0.0
-4.43346e-5 -1.63338e-5 0.0902913468 0.0 0.0
-4.35568e-5 -1.63338e-5 0.0793059713 0.0 0.0
-4.2779e-5 -1.63338e-5 0.0699402868 0.0 0.0
-4.20012e-5 -1.63338e-5 0.0549271191 0.0 0.0
-4.12234e-5 -1.63338e-5 0.0321584564 0.0 0.0
-4.04456e-5 -1.63338e-5 0.0176294248 0.0 0.0
-3.96678e-5 -1.63338e-5 0.0186405878 0.0 0.0
-3.889e-5 -1.63338e-5 0.0113523099 0.0 0.0
-3.81122e-5 -1.63338e-5 0.0103358995 0.0 0.0
-3.73344e-5 -1.63338e-5 0.0083210696 0.0 0.0
-3.65566e-5 -1.63338e-5 0.0114782102 0.0 0.0
-3.57788e-5 -1.63338e-5 0.0091412164 0.0 0.0
-3.5001e-5 -1.63338e-5 0.0130164047 0.0 0.0
-3.42232e-5 -1.63338e-5 0.0191381179 0.0 0.0
-3.34454e-5 -1.63338e-5 0.0122855517 0.0 0.0
-3.26676e-5 -1.63338e-5 0.0160946402 0.0 0.0
-3.18898e-5 -1.63338e-5 0.0202912308 0.0 0.0
-3.1112e-5 -1.63338e-5 0.0161023771 0.0 0.0
-3.03342e-5 -1.63338e-5 0.0284953995 0.0 0.0
-2.95564e-5 -1.63338e-5 0.0115939517 0.0 0.0
-2.87786e-5 -1.63338e-5 0.0115443565 0.0 0.0
-2.80008e-5 -1.63338e-5 0.0077549679 0.0 0.0
-2.7223e-5 -1.63338e-5 0.0094241743 0.0 0.0
-2.64452e-5 -1.63338e-5 0.0124376644 0.0 0.0
-2.56674e-5 -1.63338e-5 0.0123728939 0.0 0.0
-2.48896e-5 -1.63338e-5 0.0133874903 0.0 0.0
-2.41118e-5 -1.63338e-5 0.0136395723 0.0 0.0
-2.3334e-5 -1.63338e-5 0.0140817915 0.0 0.0
-2.25562e-5 -1.63338e-5 0.0130452808 0.0 0.0
-2.17784e-5 -1.63338e-5 0.0136781878 0.0 0.0
-2.10006e-5 -1.63338e-5 0.0144991061 0.0 0.0
-2.02228e-5 -1.63338e-5 0.0172586179 0.0 0.0
-1.9445e-5 -1.63338e-5 0.0146708525 0.0 0.0
-1.86672e-5 -1.63338e-5 0.0133514911 0.0 0.0
-1.78894e-5 -1.63338e-5 0.0131361424 0.0 0.0
-1.71116e-5 -1.63338e-5 0.0128345565 0.0 0.0
-1.63338e-5 -1.63338e-5 0.0182378059 0.0 0.0
-1.5556e-5 -1.63338e-5 0.023073464 0.0 0.0
-1.47782e-5 -1.63338e-5 0.0178669917 0.0 0.0
-1.40004e-5 -1.63338e-5 0.0095715475 0.0 0.0
-1.32226e-5 -1.63338e-5 0.0105146129 0.0 0.0
-1.24448e-5 -1.63338e-5 0.0111049533 0.0 0.0
-1.1667e-5 -1.63338e-5 0.010230654 0.0 0.0
-1.08892e-5 -1.63338e-5 0.0091697215 0.0 0.0
-1.01114e-5 -1.63338e-5 0.0067099586 0.0 0.0
-9.3336e-6 -1.63338e-5 0.006308315 0.0 0.0
-8.5558e-6 -1.63338e-5 0.001574174 0.0 0.0
-7.778e-6 -1.63338e-5 0.0015768424 0.0 0.0
-7.0002e-6 -1.63338e-5 0.0003274143 0.0 0.0
-6.2224e-6 -1.63338e-5 0.0011043553 0.0 0.0
-5.4446e-6 -1.63338e-5 0.0003201548 0.0 0.0
-4.6668e-6 -1.63338e-5 0.0008666229 0.0 0.0
-3.889e-6 -1.63338e-5 4.32898e-5 0.0 0.0
-3.1112e-6 -1.63338e-5 0.0002203656 0.0 0.0
-2.3334e-6 -1.63338e-5 0.0002745049 0.0 0.0
-1.5556e-6 -1.63338e-5 0.0002324219 0.0 0.0
-7.778e-7 -1.63338e-5 8.8827e-5 0.0 0.0
0.0 -1.63338e-5 0.0002793245 0.0 0.0
7.778e-7 -1.63338e-5 7.79166e-5 0.0 0.0
1.5556e-6 -1.63338e-5 5.33408e-5 0.0 0.0
2.3334e-6 -1.63338e-5 0.0001464313 0.0 0.0
3.1112e-6 -1.63338e-5 0.0001774544 0.0 0.0
3.889e-6 -1.63338e-5 0.0001541757 0.0 0.0
4.6668e-6 -1.63338e-5 0.0001511178 0.0 0.0
5.4446e-6 -1.63338e-5 0.0001491866 0.0 0.0
6.2224e-6 -1.63338e-5 7.49938e-5 0.0 0.0
7.0002e-6 -1.63338e-5 8.27093e-5 0.0 0.0
7.778e-6 -1.63338e-5 9.32408e-5 0.0 0.0
8.5558e-6 -1.63338e-5 5.27342e-5 0.0 0.0
9.3336e-6 -1.63338e-5 8.0136e-5 0.0 0.0
1.01114e-5 -1.63338e-5 6.91305e-5 0.0 0.0
1.08892e-5 -1.63338e-5 6.12277e-5 0.0 0.0
1.1667e-5 -1.63338e-5 5.35429e-5 0.0 0.0
1.24448e-5 -1.63338e-5 8.77405e-5 0.0 0.0
1.32226e-5 -1.63338e-5 7.52381e-5 0.0 0.0
1.40004e-5 -1.63338e-5 7.66545e-5 0.0 0.0
1.47782e-5 -1.63338e-5 7.70887e-5 0.0 0.0
1.5556e-5 -1.63338e-5 7.25818e-5 0.0 0.0
1.63338e-5 -1.63338e-5 3.06849e-5 0.0 0.0
1.71116e-5 -1.63338e-5 1.04155e-5 0.0 0.0
1.78894e-5 -1.63338e-5 2.42673e-5 0.0 0.0
1.86672e-5 -1.63338e-5 5.56293e-5 0.0 0.0
-9.72251e-5 -1.5556e-5 0.0004672956 0.0 0.0
-9.64473e-5 -1.5556e-5 0.0004830574 0.0 0.0
-9.56695e-5 -1.5556e-5 0.0002816803 0.0 0.0
-9.48917e-5 -1.5556e-5 0.0008857412 0.0 0.0
-9.41139e-5 -1.5556e-5 0.0006222019 0.0 0.0
-9.33361e-5 -1.5556e-5 0.0003572572 0.0 0.0
-9.25583e-5 -1.5556e-5 0.0002415212 0.0 0.0
-9.17805e-5 -1.5556e-5 0.0001289308 0.0 0.0
-9.10027e-5 -1.5556e-5 0.0006644786 0.0 0.0
-9.02249e-5 -1.5556e-5 0.0003513588 0.0 0.0
-8.94471e-5 -1.5556e-5 0.0002744477 0.0 0.0
-8.86693e-5 -1.5556e-5 0.0011124117 0.0 0.0
-8.78915e-5 -1.5556e-5 0.0010790925 0.0 0.0
-8.71137e-5 -1.5556e-5 0.0011551103 0.0 0.0
-8.63359e-5 -1.5556e-5 0.00190617 0.0 0.0
-8.55581e-5 -1.5556e-5 0.0044811936 0.0 0.0
-8.47803e-5 -1.5556e-5 0.0062770522 0.0 0.0
-8.40025e-5 -1.5556e-5 0.0067865181 0.0 0.0
-8.32246e-5 -1.5556e-5 0.0079148618 0.0 0.0
-8.24468e-5 -1.5556e-5 0.0086827708 0.0 0.0
-8.1669e-5 -1.5556e-5 0.0108385383 0.0 0.0
-8.08912e-5 -1.5556e-5 0.0114204165 0.0 0.0
-8.01134e-5 -1.5556e-5 0.0141822086 0.0 0.0
-7.93356e-5 -1.5556e-5 0.0160178466 0.0 0.0
-7.85578e-5 -1.5556e-5 0.0101252828 0.0 0.0
-7.778e-5 -1.5556e-5 0.0098552266 0.0 0.0
-7.70022e-5 -1.5556e-5 0.0088732647 0.0 0.0
-7.62244e-5 -1.5556e-5 0.0104646263 0.0 0.0
-7.54466e-5 -1.5556e-5 0.0119320536 0.0 0.0
-7.46688e-5 -1.5556e-5 0.0113487905 0.0 0.0
-7.3891e-5 -1.5556e-5 0.0145899523 0.0 0.0
-7.31132e-5 -1.5556e-5 0.0183113408 0.0 0.0
-7.23354e-5 -1.5556e-5 0.0228397952 0.0 0.0
-7.15576e-5 -1.5556e-5 0.024264303 0.0 0.0
-7.07798e-5 -1.5556e-5 0.010621193 0.0 0.0
-7.0002e-5 -1.5556e-5 0.0055121296 0.0 0.0
-6.92242e-5 -1.5556e-5 0.009072379 0.0 0.0
-6.84464e-5 -1.5556e-5 0.0072225199 0.0 0.0
-6.76686e-5 -1.5556e-5 0.0105054288 0.0 0.0
-6.68908e-5 -1.5556e-5 0.0071183511 0.0 0.0
-6.6113e-5 -1.5556e-5 0.010615939 0.0 0.0
-6.53352e-5 -1.5556e-5 0.0079057177 0.0 0.0
-6.45574e-5 -1.5556e-5 0.0070317496 0.0 0.0
-6.37796e-5 -1.5556e-5 0.0096194848 0.0 0.0
-6.30018e-5 -1.5556e-5 0.0135291409 0.0 0.0
-6.2224e-5 -1.5556e-5 0.0125577713 0.0 0.0
-6.14462e-5 -1.5556e-5 0.0205818869 0.0 0.0
-6.06684e-5 -1.5556e-5 0.0340143602 0.0 0.0
-5.98906e-5 -1.5556e-5 0.0291291752 0.0 0.0
-5.91128e-5 -1.5556e-5 0.0255434854 0.0 0.0
-5.8335e-5 -1.5556e-5 0.0300695638 0.0 0.0
-5.75572e-5 -1.5556e-5 0.0267095252 0.0 0.0
-5.67794e-5 -1.5556e-5 0.0282464014 0.0 0.0
-5.60016e-5 -1.5556e-5 0.0251033827 0.0 0.0
-5.52238e-5 -1.5556e-5 0.0289456114 0.0 0.0
-5.4446e-5 -1.5556e-5 0.0326822738 0.0 0.0
-5.36682e-5 -1.5556e-5 0.0438088425 0.0 0.0
-5.28904e-5 -1.5556e-5 0.0458988181 0.0 0.0
-5.21126e-5 -1.5556e-5 0.0447723029 0.0 0.0
-5.13348e-5 -1.5556e-5 0.0454368671 0.0 0.0
-5.0557e-5 -1.5556e-5 0.0414932211 0.0 0.0
-4.97792e-5 -1.5556e-5 0.0437824989 0.0 0.0
-4.90014e-5 -1.5556e-5 0.0529655128 0.0 0.0
-4.82236e-5 -1.5556e-5 0.0602250906 0.0 0.0
-4.74458e-5 -1.5556e-5 0.0620433772 0.0 0.0
-4.6668e-5 -1.5556e-5 0.0644883353 0.0 0.0
-4.58902e-5 -1.5556e-5 0.064131408 0.0 0.0
-4.51124e-5 -1.5556e-5 0.079292646 0.0 0.0
-4.43346e-5 -1.5556e-5 0.0855279846 0.0 0.0
-4.35568e-5 -1.5556e-5 0.0970593639 0.0 0.0
-4.2779e-5 -1.5556e-5 0.0793816262 0.0 0.0
-4.20012e-5 -1.5556e-5 0.0594831073 0.0 0.0
-4.12234e-5 -1.5556e-5 0.0627066622 0.0 0.0
-4.04456e-5 -1.5556e-5 0.0606324829 0.0 0.0
-3.96678e-5 -1.5556e-5 0.0444531163 0.0 0.0
-3.889e-5 -1.5556e-5 0.0321524385 0.0 0.0
-3.81122e-5 -1.5556e-5 0.0272386411 0.0 0.0
-3.73344e-5 -1.5556e-5 0.0205666866 0.0 0.0
-3.65566e-5 -1.5556e-5 0.0187890322 0.0 0.0
-3.57788e-5 -1.5556e-5 0.0213265399 0.0 0.0
-3.5001e-5 -1.5556e-5 0.0160712255 0.0 0.0
-3.42232e-5 -1.5556e-5 0.0207108106 0.0 0.0
-3.34454e-5 -1.5556e-5 0.0150914297 0.0 0.0
-3.26676e-5 -1.5556e-5 0.0145906467 0.0 0.0
-3.18898e-5 -1.5556e-5 0.0235868693 0.0 0.0
-3.1112e-5 -1.5556e-5 0.0174256175 0.0 0.0
-3.03342e-5 -1.5556e-5 0.0138617705 0.0 0.0
-2.95564e-5 -1.5556e-5 0.0079133132 0.0 0.0
-2.87786e-5 -1.5556e-5 0.0085347071 0.0 0.0
-2.80008e-5 -1.5556e-5 0.01076795 0.0 0.0
-2.7223e-5 -1.5556e-5 0.0118649975 0.0 0.0
-2.64452e-5 -1.5556e-5 0.0139796769 0.0 0.0
-2.56674e-5 -1.5556e-5 0.0103895089 0.0 0.0
-2.48896e-5 -1.5556e-5 0.01239955 0.0 0.0
-2.41118e-5 -1.5556e-5 0.01408786 0.0 0.0
-2.3334e-5 -1.5556e-5 0.0168745304 0.0 0.0
-2.25562e-5 -1.5556e-5 0.0178368453 0.0 0.0
-2.17784e-5 -1.5556e-5 0.0194053711 0.0 0.0
-2.10006e-5 -1.5556e-5 0.0215645221 0.0 0.0
-2.02228e-5 -1.5556e-5 0.0220399174 0.0 0.0
-1.9445e-5 -1.5556e-5 0.0185505645 0.0 0.0
-1.86672e-5 -1.5556e-5 0.0161598694 0.0 0.0
-1.78894e-5 -1.5556e-5 0.0179805005 0.0 0.0
-1.71116e-5 -1.5556e-5 0.0224681942 0.0 0.0
-1.63338e-5 -1.5556e-5 0.0242044369 0.0 0.0
-1.5556e-5 -1.5556e-5 0.0213953047 0.0 0.0
-1.47782e-5 -1.5556e-5 0.0128286695 0.0 0.0
-1.40004e-5 -1.5556e-5 0.0118196055 0.0 0.0
-1.32226e-5 -1.5556e-5 0.0094861846 0.0 0.0
-1.24448e-5 -1.5556e-5 0.0084330214 0.0 0.0
-1.1667e-5 -1.5556e-5 0.0095629664 0.0 0.0
-1.08892e-5 -1.5556e-5 0.0066423729 0.0 0.0
-1.01114e-5 -1.5556e-5 0.0046277265 0.0 0.0
-9.3336e-6 -1.5556e-5 0.0014034331 0.0 0.0
-8.5558e-6 -1.5556e-5 0.0018117406 0.0 0.0
-7.778e-6 -1.5556e-5 0.0003809933 0.0 0.0
-7.0002e-6 -1.5556e-5 0.001065006 0.0 0.0
-6.2224e-6 -1.5556e-5 0.0001722788 0.0 0.0
-5.4446e-6 -1.5556e-5 2.65815e-5 0.0 0.0
-4.6668e-6 -1.5556e-5 0.0001352865 0.0 0.0
-3.889e-6 -1.5556e-5 0.0003457576 0.0 0.0
-3.1112e-6 -1.5556e-5 2.44042e-5 0.0 0.0
-2.3334e-6 -1.5556e-5 0.0004163792 0.0 0.0
-1.5556e-6 -1.5556e-5 0.0002964856 0.0 0.0
-7.778e-7 -1.5556e-5 9.98895e-5 0.0 0.0
0.0 -1.5556e-5 0.0002289855 0.0 0.0
7.778e-7 -1.5556e-5 0.0001252463 0.0 0.0
1.5556e-6 -1.5556e-5 0.0001887298 0.0 0.0
2.3334e-6 -1.5556e-5 0.0002483566 0.0 0.0
3.1112e-6 -1.5556e-5 0.0001986444 0.0 0.0
3.889e-6 -1.5556e-5 0.0002029761 0.0 0.0
4.6668e-6 -1.5556e-5 0.0001825542 0.0 0.0
5.4446e-6 -1.5556e-5 0.0001014902 0.0 0.0
6.2224e-6 -1.5556e-5 0.0001087663 0.0 0.0
7.0002e-6 -1.5556e-5 6.17759e-5 0.0 0.0
7.778e-6 -1.5556e-5 8.25562e-5 0.0 0.0
8.5558e-6 -1.5556e-5 5.56652e-5 0.0 0.0
9.3336e-6 -1.5556e-5 8.88084e-5 0.0 0.0
1.01114e-5 -1.5556e-5 7.63863e-5 0.0 0.0
1.08892e-5 -1.5556e-5 6.59334e-5 0.0 0.0
1.1667e-5 -1.5556e-5 6.27104e-5 0.0 0.0
1.24448e-5 -1.5556e-5 0.000100873 0.0 0.0
1.32226e-5 -1.5556e-5 9.59113e-5 0.0 0.0
1.40004e-5 -1.5556e-5 8.76559e-5 0.0 0.0
1.47782e-5 -1.5556e-5 9.45822e-5 0.0 0.0
1.5556e-5 -1.5556e-5 5.635e-5 0.0 0.0
1.63338e-5 -1.5556e-5 1.92844e-5 0.0 0.0
1.71116e-5 -1.5556e-5 5.37175e-5 0.0 0.0
1.78894e-5 -1.5556e-5 1.04569e-5 0.0 0.0
1.86672e-5 -1.5556e-5 5.2882e-5 0.0 0.0
-9.72251e-5 -1.47782e-5 0.0009085224 0.0 0.0
-9.64473e-5 -1.47782e-5 0.0008582976 0.0 0.0
-9.56695e-5 -1.47782e-5 0.0007507321 0.0 0.0
-9.48917e-5 -1.47782e-5 0.0004916259 0.0 0.0
-9.41139e-5 -1.47782e-5 0.0002926812 0.0 0.0
-9.33361e-5 -1.47782e-5 0.0001665894 0.0 0.0
-9.25583e-5 -1.47782e-5 0.0005093456 0.0 0.0
-9.17805e-5 -1.47782e-5 0.000462413 0.0 0.0
-9.10027e-5 -1.47782e-5 0.0002273456 0.0 0.0
-9.02249e-5 -1.47782e-5 0.0007977241 0.0 0.0
-8.94471e-5 -1.47782e-5 0.0005258239 0.0 0.0
-8.86693e-5 -1.47782e-5 0.0006713959 0.0 0.0
-8.78915e-5 -1.47782e-5 0.0014122814 0.0 0.0
-8.71137e-5 -1.47782e-5 0.0013437382 0.0 0.0
-8.63359e-5 -1.47782e-5 0.0015253009 0.0 0.0
-8.55581e-5 -1.47782e-5 0.0023188018 0.0 0.0
-8.47803e-5 -1.47782e-5 0.0049617235 0.0 0.0
-8.40025e-5 -1.47782e-5 0.006445741 0.0 0.0
-8.32246e-5 -1.47782e-5 0.0070529079 0.0 0.0
-8.24468e-5 -1.47782e-5 0.0084087913 0.0 0.0
-8.1669e-5 -1.47782e-5 0.0092458435 0.0 0.0
-8.08912e-5 -1.47782e-5 0.0113535584 0.0 0.0
-8.01134e-5 -1.47782e-5 0.0119934535 0.0 0.0
-7.93356e-5 -1.47782e-5 0.015172104 0.0 0.0
-7.85578e-5 -1.47782e-5 0.0169964815 0.0 0.0
-7.778e-5 -1.47782e-5 0.0077152974 0.0 0.0
-7.70022e-5 -1.47782e-5 0.009989987 0.0 0.0
-7.62244e-5 -1.47782e-5 0.0087124202 0.0 0.0
-7.54466e-5 -1.47782e-5 0.0104313341 0.0 0.0
-7.46688e-5 -1.47782e-5 0.0125146944 0.0 0.0
-7.3891e-5 -1.47782e-5 0.0152401717 0.0 0.0
-7.31132e-5 -1.47782e-5 0.0159519226 0.0 0.0
-7.23354e-5 -1.47782e-5 0.0194111068 0.0 0.0
-7.15576e-5 -1.47782e-5 0.0239819376 0.0 0.0
-7.07798e-5 -1.47782e-5 0.0259068764 0.0 0.0
-7.0002e-5 -1.47782e-5 0.0112807947 0.0 0.0
-6.92242e-5 -1.47782e-5 0.010414252 0.0 0.0
-6.84464e-5 -1.47782e-5 0.009543081 0.0 0.0
-6.76686e-5 -1.47782e-5 0.0140179913 0.0 0.0
-6.68908e-5 -1.47782e-5 0.010311765 0.0 0.0
-6.6113e-5 -1.47782e-5 0.0071133576 0.0 0.0
-6.53352e-5 -1.47782e-5 0.0126532166 0.0 0.0
-6.45574e-5 -1.47782e-5 0.0105310332 0.0 0.0
-6.37796e-5 -1.47782e-5 0.013056928 0.0 0.0
-6.30018e-5 -1.47782e-5 0.0190510038 0.0 0.0
-6.2224e-5 -1.47782e-5 0.0192131029 0.0 0.0
-6.14462e-5 -1.47782e-5 0.0161473969 0.0 0.0
-6.06684e-5 -1.47782e-5 0.023144143 0.0 0.0
-5.98906e-5 -1.47782e-5 0.0342585522 0.0 0.0
-5.91128e-5 -1.47782e-5 0.0307004204 0.0 0.0
-5.8335e-5 -1.47782e-5 0.0277029466 0.0 0.0
-5.75572e-5 -1.47782e-5 0.0298454544 0.0 0.0
-5.67794e-5 -1.47782e-5 0.0252498944 0.0 0.0
-5.60016e-5 -1.47782e-5 0.0223046776 0.0 0.0
-5.52238e-5 -1.47782e-5 0.0251594654 0.0 0.0
-5.4446e-5 -1.47782e-5 0.029048996 0.0 0.0
-5.36682e-5 -1.47782e-5 0.0325679242 0.0 0.0
-5.28904e-5 -1.47782e-5 0.0410020281 0.0 0.0
-5.21126e-5 -1.47782e-5 0.0404263655 0.0 0.0
-5.13348e-5 -1.47782e-5 0.0410833047 0.0 0.0
-5.0557e-5 -1.47782e-5 0.0422005645 0.0 0.0
-4.97792e-5 -1.47782e-5 0.0375907382 0.0 0.0
-4.90014e-5 -1.47782e-5 0.0457529041 0.0 0.0
-4.82236e-5 -1.47782e-5 0.0410601805 0.0 0.0
-4.74458e-5 -1.47782e-5 0.0438290846 0.0 0.0
-4.6668e-5 -1.47782e-5 0.0533203842 0.0 0.0
-4.58902e-5 -1.47782e-5 0.0453902233 0.0 0.0
-4.51124e-5 -1.47782e-5 0.0450057956 0.0 0.0
-4.43346e-5 -1.47782e-5 0.0504291 0.0 0.0
-4.35568e-5 -1.47782e-5 0.0656232812 0.0 0.0
-4.2779e-5 -1.47782e-5 0.0704777198 0.0 0.0
-4.20012e-5 -1.47782e-5 0.0718025602 0.0 0.0
-4.12234e-5 -1.47782e-5 0.0607727892 0.0 0.0
-4.04456e-5 -1.47782e-5 0.0574196892 0.0 0.0
-3.96678e-5 -1.47782e-5 0.0557079968 0.0 0.0
-3.889e-5 -1.47782e-5 0.0738559011 0.0 0.0
-3.81122e-5 -1.47782e-5 0.0587945523 0.0 0.0
-3.73344e-5 -1.47782e-5 0.038606039 0.0 0.0
-3.65566e-5 -1.47782e-5 0.0335725601 0.0 0.0
-3.57788e-5 -1.47782e-5 0.0290971816 0.0 0.0
-3.5001e-5 -1.47782e-5 0.0249985496 0.0 0.0
-3.42232e-5 -1.47782e-5 0.0223651217 0.0 0.0
-3.34454e-5 -1.47782e-5 0.0226312437 0.0 0.0
-3.26676e-5 -1.47782e-5 0.0287300195 0.0 0.0
-3.18898e-5 -1.47782e-5 0.0169307664 0.0 0.0
-3.1112e-5 -1.47782e-5 0.015157823 0.0 0.0
-3.03342e-5 -1.47782e-5 0.0140739159 0.0 0.0
-2.95564e-5 -1.47782e-5 0.0130182614 0.0 0.0
-2.87786e-5 -1.47782e-5 0.0110073076 0.0 0.0
-2.80008e-5 -1.47782e-5 0.0128289142 0.0 0.0
-2.7223e-5 -1.47782e-5 0.0148787535 0.0 0.0
-2.64452e-5 -1.47782e-5 0.0154901754 0.0 0.0
-2.56674e-5 -1.47782e-5 0.0169268858 0.0 0.0
-2.48896e-5 -1.47782e-5 0.0220234057 0.0 0.0
-2.41118e-5 -1.47782e-5 0.0233444795 0.0 0.0
-2.3334e-5 -1.47782e-5 0.027381781 0.0 0.0
-2.25562e-5 -1.47782e-5 0.0262721978 0.0 0.0
-2.17784e-5 -1.47782e-5 0.0287437986 0.0 0.0
-2.10006e-5 -1.47782e-5 0.0266083649 0.0 0.0
-2.02228e-5 -1.47782e-5 0.0232047245 0.0 0.0
-1.9445e-5 -1.47782e-5 0.0239445543 0.0 0.0
-1.86672e-5 -1.47782e-5 0.0219654339 0.0 0.0
-1.78894e-5 -1.47782e-5 0.0244404687 0.0 0.0
-1.71116e-5 -1.47782e-5 0.0263967974 0.0 0.0
-1.63338e-5 -1.47782e-5 0.0227262453 0.0 0.0
-1.5556e-5 -1.47782e-5 0.0190053473 0.0 0.0
-1.47782e-5 -1.47782e-5 0.0110186539 0.0 0.0
-1.40004e-5 -1.47782e-5 0.0112006694 0.0 0.0
-1.32226e-5 -1.47782e-5 0.0091026592 0.0 0.0
-1.24448e-5 -1.47782e-5 0.0068838432 0.0 0.0
-1.1667e-5 -1.47782e-5 0.0059198424 0.0 0.0
-1.08892e-5 -1.47782e-5 0.0038680439 0.0 0.0
-1.01114e-5 -1.47782e-5 0.001796339 0.0 0.0
-9.3336e-6 -1.47782e-5 0.0004856367 0.0 0.0
-8.5558e-6 -1.47782e-5 0.0006127406 0.0 0.0
-7.778e-6 -1.47782e-5 8.43122e-5 0.0 0.0
-7.0002e-6 -1.47782e-5 0.0002343929 0.0 0.0
-6.2224e-6 -1.47782e-5 2.70742e-5 0.0 0.0
-5.4446e-6 -1.47782e-5 0.0001883581 0.0 0.0
-4.6668e-6 -1.47782e-5 0.0005623931 0.0 0.0
-3.889e-6 -1.47782e-5 3.94591e-5 0.0 0.0
-3.1112e-6 -1.47782e-5 7.45422e-5 0.0 0.0
-2.3334e-6 -1.47782e-5 6.34139e-5 0.0 0.0
-1.5556e-6 -1.47782e-5 0.0002608889 0.0 0.0
-7.778e-7 -1.47782e-5 0.0001494734 0.0 0.0
0.0 -1.47782e-5 0.0002473293 0.0 0.0
7.778e-7 -1.47782e-5 0.0001959662 0.0 0.0
1.5556e-6 -1.47782e-5 4.77717e-5 0.0 0.0
2.3334e-6 -1.47782e-5 7.64478e-5 0.0 0.0
3.1112e-6 -1.47782e-5 0.0001300155 0.0 0.0
3.889e-6 -1.47782e-5 0.0001377029 0.0 0.0
4.6668e-6 -1.47782e-5 0.0001464206 0.0 0.0
5.4446e-6 -1.47782e-5 0.0001446913 0.0 0.0
6.2224e-6 -1.47782e-5 8.35045e-5 0.0 0.0
7.0002e-6 -1.47782e-5 6.0551e-5 0.0 0.0
7.778e-6 -1.47782e-5 7.58581e-5 0.0 0.0
8.5558e-6 -1.47782e-5 6.54715e-5 0.0 0.0
9.3336e-6 -1.47782e-5 9.18257e-5 0.0 0.0
1.01114e-5 -1.47782e-5 8.25431e-5 0.0 0.0
1.08892e-5 -1.47782e-5 8.61124e-5 0.0 0.0
1.1667e-5 -1.47782e-5 6.77487e-5 0.0 0.0
1.24448e-5 -1.47782e-5 6.57377e-5 0.0 0.0
1.32226e-5 -1.47782e-5 0.0001192445 0.0 0.0
1.40004e-5 -1.47782e-5 0.0001052362 0.0 0.0
1.47782e-5 -1.47782e-5 7.70141e-5 0.0 0.0
1.5556e-5 -1.47782e-5 4.13415e-5 0.0 0.0
1.63338e-5 -1.47782e-5 1.65214e-5 0.0 0.0
1.71116e-5 -1.47782e-5 3.47851e-5 0.0 0.0
1.78894e-5 -1.47782e-5 5.4473e-6 0.0 0.0
1.86672e-5 -1.47782e-5 2.9016e-5 0.0 0.0
-9.72251e-5 -1.40004e-5 0.0004778922 0.0 0.0
-9.64473e-5 -1.40004e-5 0.0005134404 0.0 0.0
-9.56695e-5 -1.40004e-5 0.0003982866 0.0 0.0
-9.48917e-5 -1.40004e-5 0.0008117537 0.0 0.0
-9.41139e-5 -1.40004e-5 0.0006195735 0.0 0.0
-9.33361e-5 -1.40004e-5 0.0004049835 0.0 0.0
-9.25583e-5 -1.40004e-5 0.0002686076 0.0 0.0
-9.17805e-5 -1.40004e-5 0.0001747128 0.0 0.0
-9.10027e-5 -1.40004e-5 0.0006643677 0.0 0.0
-9.02249e-5 -1.40004e-5 0.0004369369 0.0 0.0
-8.94471e-5 -1.40004e-5 0.0002502671 0.0 0.0
-8.86693e-5 -1.40004e-5 0.0007923838 0.0 0.0
-8.78915e-5 -1.40004e-5 0.0008949669 0.0 0.0
-8.71137e-5 -1.40004e-5 0.0007726098 0.0 0.0
-8.63359e-5 -1.40004e-5 0.0009015114 0.0 0.0
-8.55581e-5 -1.40004e-5 0.001879413 0.0 0.0
-8.47803e-5 -1.40004e-5 0.0043116487 0.0 0.0
-8.40025e-5 -1.40004e-5 0.0060597877 0.0 0.0
-8.32246e-5 -1.40004e-5 0.0066411386 0.0 0.0
-8.24468e-5 -1.40004e-5 0.0074327355 0.0 0.0
-8.1669e-5 -1.40004e-5 0.009281102 0.0 0.0
-8.08912e-5 -1.40004e-5 0.0098657819 0.0 0.0
-8.01134e-5 -1.40004e-5 0.011756311 0.0 0.0
-7.93356e-5 -1.40004e-5 0.0126102454 0.0 0.0
-7.85578e-5 -1.40004e-5 0.0157586486 0.0 0.0
-7.778e-5 -1.40004e-5 0.0134190542 0.0 0.0
-7.70022e-5 -1.40004e-5 0.007684625 0.0 0.0
-7.62244e-5 -1.40004e-5 0.0097069109 0.0 0.0
-7.54466e-5 -1.40004e-5 0.0091761173 0.0 0.0
-7.46688e-5 -1.40004e-5 0.0108349219 0.0 0.0
-7.3891e-5 -1.40004e-5 0.0133322692 0.0 0.0
-7.31132e-5 -1.40004e-5 0.0167016981 0.0 0.0
-7.23354e-5 -1.40004e-5 0.0173184588 0.0 0.0
-7.15576e-5 -1.40004e-5 0.0204614028 0.0 0.0
-7.07798e-5 -1.40004e-5 0.0212683964 0.0 0.0
-7.0002e-5 -1.40004e-5 0.0172206105 0.0 0.0
-6.92242e-5 -1.40004e-5 0.0073842802 0.0 0.0
-6.84464e-5 -1.40004e-5 0.0118779574 0.0 0.0
-6.76686e-5 -1.40004e-5 0.0104006933 0.0 0.0
-6.68908e-5 -1.40004e-5 0.0085209206 0.0 0.0
-6.6113e-5 -1.40004e-5 0.0122154248 0.0 0.0
-6.53352e-5 -1.40004e-5 0.009455396 0.0 0.0
-6.45574e-5 -1.40004e-5 0.0075765812 0.0 0.0
-6.37796e-5 -1.40004e-5 0.0086009084 0.0 0.0
-6.30018e-5 -1.40004e-5 0.0125491348 0.0 0.0
-6.2224e-5 -1.40004e-5 0.0155677341 0.0 0.0
-6.14462e-5 -1.40004e-5 0.0157228885 0.0 0.0
-6.06684e-5 -1.40004e-5 0.0127398966 0.0 0.0
-5.98906e-5 -1.40004e-5 0.0261200008 0.0 0.0
-5.91128e-5 -1.40004e-5 0.029014108 0.0 0.0
-5.8335e-5 -1.40004e-5 0.031410421 0.0 0.0
-5.75572e-5 -1.40004e-5 0.0282423366 0.0 0.0
-5.67794e-5 -1.40004e-5 0.0253935854 0.0 0.0
-5.60016e-5 -1.40004e-5 0.0249609745 0.0 0.0
-5.52238e-5 -1.40004e-5 0.0228229023 0.0 0.0
-5.4446e-5 -1.40004e-5 0.0263024222 0.0 0.0
-5.36682e-5 -1.40004e-5 0.0291079901 0.0 0.0
-5.28904e-5 -1.40004e-5 0.0315254541 0.0 0.0
-5.21126e-5 -1.40004e-5 0.0376804655 0.0 0.0
-5.13348e-5 -1.40004e-5 0.0441811941 0.0 0.0
-5.0557e-5 -1.40004e-5 0.0432673398 0.0 0.0
-4.97792e-5 -1.40004e-5 0.0377420113 0.0 0.0
-4.90014e-5 -1.40004e-5 0.0384438462 0.0 0.0
-4.82236e-5 -1.40004e-5 0.0390876507 0.0 0.0
-4.74458e-5 -1.40004e-5 0.0352639943 0.0 0.0
-4.6668e-5 -1.40004e-5 0.0383811991 0.0 0.0
-4.58902e-5 -1.40004e-5 0.0417708361 0.0 0.0
-4.51124e-5 -1.40004e-5 0.0352528077 0.0 0.0
-4.43346e-5 -1.40004e-5 0.0320722919 0.0 0.0
-4.35568e-5 -1.40004e-5 0.0301407883 0.0 0.0
-4.2779e-5 -1.40004e-5 0.033031653 0.0 0.0
-4.20012e-5 -1.40004e-5 0.0432935414 0.0 0.0
-4.12234e-5 -1.40004e-5 0.0508964922 0.0 0.0
-4.04456e-5 -1.40004e-5 0.0579644794 0.0 0.0
-3.96678e-5 -1.40004e-5 0.0564930499 0.0 0.0
-3.889e-5 -1.40004e-5 0.0471338573 0.0 0.0
-3.81122e-5 -1.40004e-5 0.0456560786 0.0 0.0
-3.73344e-5 -1.40004e-5 0.0494613267 0.0 0.0
-3.65566e-5 -1.40004e-5 0.0609666641 0.0 0.0
-3.57788e-5 -1.40004e-5 0.0612398148 0.0 0.0
-3.5001e-5 -1.40004e-5 0.0596317156 0.0 0.0
-3.42232e-5 -1.40004e-5 0.0556612775 0.0 0.0
-3.34454e-5 -1.40004e-5 0.0440756003 0.0 0.0
-3.26676e-5 -1.40004e-5 0.0332906032 0.0 0.0
-3.18898e-5 -1.40004e-5 0.0330983156 0.0 0.0
-3.1112e-5 -1.40004e-5 0.0301241793 0.0 0.0
-3.03342e-5 -1.40004e-5 0.024504277 0.0 0.0
-2.95564e-5 -1.40004e-5 0.0258734106 0.0 0.0
-2.87786e-5 -1.40004e-5 0.0259044707 0.0 0.0
-2.80008e-5 -1.40004e-5 0.0267711307 0.0 0.0
-2.7223e-5 -1.40004e-5 0.029278961 0.0 0.0
-2.64452e-5 -1.40004e-5 0.0305407844 0.0 0.0
-2.56674e-5 -1.40004e-5 0.0313695797 0.0 0.0
-2.48896e-5 -1.40004e-5 0.0330188244 0.0 0.0
-2.41118e-5 -1.40004e-5 0.0318506461 0.0 0.0
-2.3334e-5 -1.40004e-5 0.0320397702 0.0 0.0
-2.25562e-5 -1.40004e-5 0.0325014903 0.0 0.0
-2.17784e-5 -1.40004e-5 0.0322215503 0.0 0.0
-2.10006e-5 -1.40004e-5 0.0328256363 0.0 0.0
-2.02228e-5 -1.40004e-5 0.0260919801 0.0 0.0
-1.9445e-5 -1.40004e-5 0.0277592243 0.0 0.0
-1.86672e-5 -1.40004e-5 0.0265271641 0.0 0.0
-1.78894e-5 -1.40004e-5 0.0298305864 0.0 0.0
-1.71116e-5 -1.40004e-5 0.0235234358 0.0 0.0
-1.63338e-5 -1.40004e-5 0.0206201954 0.0 0.0
-1.5556e-5 -1.40004e-5 0.0140998388 0.0 0.0
-1.47782e-5 -1.40004e-5 0.0119995082 0.0 0.0
-1.40004e-5 -1.40004e-5 0.0088643411 0.0 0.0
-1.32226e-5 -1.40004e-5 0.0058468443 0.0 0.0
-1.24448e-5 -1.40004e-5 0.0038257206 0.0 0.0
-1.1667e-5 -1.40004e-5 0.0035524799 0.0 0.0
-1.08892e-5 -1.40004e-5 0.0014351537 0.0 0.0
-1.01114e-5 -1.40004e-5 0.0005523273 0.0 0.0
-9.3336e-6 -1.40004e-5 0.0010114328 0.0 0.0
-8.5558e-6 -1.40004e-5 0.0001005257 0.0 0.0
-7.778e-6 -1.40004e-5 0.0005678504 0.0 0.0
-7.0002e-6 -1.40004e-5 3.96455e-5 0.0 0.0
-6.2224e-6 -1.40004e-5 0.0002588151 0.0 0.0
-5.4446e-6 -1.40004e-5 1.78408e-5 0.0 0.0
-4.6668e-6 -1.40004e-5 3.10224e-5 0.0 0.0
-3.889e-6 -1.40004e-5 0.0001862733 0.0 0.0
-3.1112e-6 -1.40004e-5 0.0001360501 0.0 0.0
-2.3334e-6 -1.40004e-5 0.000348777 0.0 0.0
-1.5556e-6 -1.40004e-5 0.0002468951 0.0 0.0
-7.778e-7 -1.40004e-5 0.0002233153 0.0 0.0
0.0 -1.40004e-5 1.98906e-5 0.0 0.0
7.778e-7 -1.40004e-5 3.85989e-5 0.0 0.0
1.5556e-6 -1.40004e-5 0.0001045422 0.0 0.0
2.3334e-6 -1.40004e-5 0.0001503318 0.0 0.0
3.1112e-6 -1.40004e-5 0.0001849147 0.0 0.0
3.889e-6 -1.40004e-5 0.0001833845 0.0 0.0
4.6668e-6 -1.40004e-5 0.0001171935 0.0 0.0
5.4446e-6 -1.40004e-5 0.0001152338 0.0 0.0
6.2224e-6 -1.40004e-5 7.89136e-5 0.0 0.0
7.0002e-6 -1.40004e-5 0.0001098713 0.0 0.0
7.778e-6 -1.40004e-5 9.46595e-5 0.0 0.0
8.5558e-6 -1.40004e-5 7.59366e-5 0.0 0.0
9.3336e-6 -1.40004e-5 0.0001062212 0.0 0.0
1.01114e-5 -1.40004e-5 0.0001032106 0.0 0.0
1.08892e-5 -1.40004e-5 9.31965e-5 0.0 0.0
1.1667e-5 -1.40004e-5 7.87533e-5 0.0 0.0
1.24448e-5 -1.40004e-5 0.0001339448 0.0 0.0
1.32226e-5 -1.40004e-5 0.0001247442 0.0 0.0
1.40004e-5 -1.40004e-5 4.72284e-5 0.0 0.0
1.47782e-5 -1.40004e-5 7.11265e-5 0.0 0.0
1.5556e-5 -1.40004e-5 4.01573e-5 0.0 0.0
1.63338e-5 -1.40004e-5 6.52507e-5 0.0 0.0
1.71116e-5 -1.40004e-5 1.38374e-5 0.0 0.0
1.78894e-5 -1.40004e-5 5.33523e-5 0.0 0.0
1.86672e-5 -1.40004e-5 1.81021e-5 0.0 0.0
-9.72251e-5 -1.32226e-5 0.0010773312 0.0 0.0
-9.64473e-5 -1.32226e-5 0.0008784222 0.0 0.0
-9.56695e-5 -1.32226e-5 0.0010212786 0.0 0.0
-9.48917e-5 -1.32226e-5 0.0006860999 0.0 0.0
-9.41139e-5 -1.32226e-5 0.0004253018 0.0 0.0
-9.33361e-5 -1.32226e-5 0.000891483 0.0 0.0
-9.25583e-5 -1.32226e-5 0.0007139277 0.0 0.0
-9.17805e-5 -1.32226e-5 0.0006035548 0.0 0.0
-9.10027e-5 -1.32226e-5 0.0003694798 0.0 0.0
-9.02249e-5 -1.32226e-5 0.0001402037 0.0 0.0
-8.94471e-5 -1.32226e-5 0.0006615485 0.0 0.0
-8.86693e-5 -1.32226e-5 0.0004032488 0.0 0.0
-8.78915e-5 -1.32226e-5 0.0005091678 0.0 0.0
-8.71137e-5 -1.32226e-5 0.0013963869 0.0 0.0
-8.63359e-5 -1.32226e-5 0.0011820024 0.0 0.0
-8.55581e-5 -1.32226e-5 0.001214388 0.0 0.0
-8.47803e-5 -1.32226e-5 0.0024800381 0.0 0.0
-8.40025e-5 -1.32226e-5 0.0046618742 0.0 0.0
-8.32246e-5 -1.32226e-5 0.006402771 0.0 0.0
-8.24468e-5 -1.32226e-5 0.0067877791 0.0 0.0
-8.1669e-5 -1.32226e-5 0.007929904 0.0 0.0
-8.08912e-5 -1.32226e-5 0.0094658849 0.0 0.0
-8.01134e-5 -1.32226e-5 0.0100020296 0.0 0.0
-7.93356e-5 -1.32226e-5 0.011869552 0.0 0.0
-7.85578e-5 -1.32226e-5 0.0131975741 0.0 0.0
-7.778e-5 -1.32226e-5 0.0163863576 0.0 0.0
-7.70022e-5 -1.32226e-5 0.0085948802 0.0 0.0
-7.62244e-5 -1.32226e-5 0.0085360432 0.0 0.0
-7.54466e-5 -1.32226e-5 0.0105247713 0.0 0.0
-7.46688e-5 -1.32226e-5 0.0094140262 0.0 0.0
-7.3891e-5 -1.32226e-5 0.0115153806 0.0 0.0
-7.31132e-5 -1.32226e-5 0.0145024353 0.0 0.0
-7.23354e-5 -1.32226e-5 0.0180865885 0.0 0.0
-7.15576e-5 -1.32226e-5 0.0185436127 0.0 0.0
-7.07798e-5 -1.32226e-5 0.0217783341 0.0 0.0
-7.0002e-5 -1.32226e-5 0.0224672567 0.0 0.0
-6.92242e-5 -1.32226e-5 0.0177548883 0.0 0.0
-6.84464e-5 -1.32226e-5 0.0087643478 0.0 0.0
-6.76686e-5 -1.32226e-5 0.007347572 0.0 0.0
-6.68908e-5 -1.32226e-5 0.0142055341 0.0 0.0
-6.6113e-5 -1.32226e-5 0.0111016749 0.0 0.0
-6.53352e-5 -1.32226e-5 0.0079949104 0.0 0.0
-6.45574e-5 -1.32226e-5 0.0132848886 0.0 0.0
-6.37796e-5 -1.32226e-5 0.0131075069 0.0 0.0
-6.30018e-5 -1.32226e-5 0.016964514 0.0 0.0
-6.2224e-5 -1.32226e-5 0.0216796066 0.0 0.0
-6.14462e-5 -1.32226e-5 0.0228254547 0.0 0.0
-6.06684e-5 -1.32226e-5 0.0121507083 0.0 0.0
-5.98906e-5 -1.32226e-5 0.017624964 0.0 0.0
-5.91128e-5 -1.32226e-5 0.0221935617 0.0 0.0
-5.8335e-5 -1.32226e-5 0.0320552783 0.0 0.0
-5.75572e-5 -1.32226e-5 0.0272850096 0.0 0.0
-5.67794e-5 -1.32226e-5 0.0282745728 0.0 0.0
-5.60016e-5 -1.32226e-5 0.023442641 0.0 0.0
-5.52238e-5 -1.32226e-5 0.0251782255 0.0 0.0
-5.4446e-5 -1.32226e-5 0.0216121603 0.0 0.0
-5.36682e-5 -1.32226e-5 0.0249118888 0.0 0.0
-5.28904e-5 -1.32226e-5 0.0269657676 0.0 0.0
-5.21126e-5 -1.32226e-5 0.0338475711 0.0 0.0
-5.13348e-5 -1.32226e-5 0.0352811509 0.0 0.0
-5.0557e-5 -1.32226e-5 0.0408161141 0.0 0.0
-4.97792e-5 -1.32226e-5 0.0370500658 0.0 0.0
-4.90014e-5 -1.32226e-5 0.0312491077 0.0 0.0
-4.82236e-5 -1.32226e-5 0.0328018448 0.0 0.0
-4.74458e-5 -1.32226e-5 0.0329924821 0.0 0.0
-4.6668e-5 -1.32226e-5 0.0335581931 0.0 0.0
-4.58902e-5 -1.32226e-5 0.032523253 0.0 0.0
-4.51124e-5 -1.32226e-5 0.0363538365 0.0 0.0
-4.43346e-5 -1.32226e-5 0.0415820375 0.0 0.0
-4.35568e-5 -1.32226e-5 0.0301526753 0.0 0.0
-4.2779e-5 -1.32226e-5 0.0225029281 0.0 0.0
-4.20012e-5 -1.32226e-5 0.0200128325 0.0 0.0
-4.12234e-5 -1.32226e-5 0.0244024639 0.0 0.0
-4.04456e-5 -1.32226e-5 0.0292570186 0.0 0.0
-3.96678e-5 -1.32226e-5 0.0354761791 0.0 0.0
-3.889e-5 -1.32226e-5 0.041506524 0.0 0.0
-3.81122e-5 -1.32226e-5 0.0451274435 0.0 0.0
-3.73344e-5 -1.32226e-5 0.0512395215 0.0 0.0
-3.65566e-5 -1.32226e-5 0.0465002397 0.0 0.0
-3.57788e-5 -1.32226e-5 0.0525366724 0.0 0.0
-3.5001e-5 -1.32226e-5 0.0426067551 0.0 0.0
-3.42232e-5 -1.32226e-5 0.0452239462 0.0 0.0
-3.34454e-5 -1.32226e-5 0.0372917162 0.0 0.0
-3.26676e-5 -1.32226e-5 0.0486744427 0.0 0.0
-3.18898e-5 -1.32226e-5 0.0435807767 0.0 0.0
-3.1112e-5 -1.32226e-5 0.0402732701 0.0 0.0
-3.03342e-5 -1.32226e-5 0.0400696464 0.0 0.0
-2.95564e-5 -1.32226e-5 0.0383931575 0.0 0.0
-2.87786e-5 -1.32226e-5 0.0366789992 0.0 0.0
-2.80008e-5 -1.32226e-5 0.0354049949 0.0 0.0
-2.7223e-5 -1.32226e-5 0.0354509467 0.0 0.0
-2.64452e-5 -1.32226e-5 0.0371147496 0.0 0.0
-2.56674e-5 -1.32226e-5 0.0370525787 0.0 0.0
-2.48896e-5 -1.32226e-5 0.0383580027 0.0 0.0
-2.41118e-5 -1.32226e-5 0.0397337093 0.0 0.0
-2.3334e-5 -1.32226e-5 0.0356665597 0.0 0.0
-2.25562e-5 -1.32226e-5 0.0300675368 0.0 0.0
-2.17784e-5 -1.32226e-5 0.0301143092 0.0 0.0
-2.10006e-5 -1.32226e-5 0.0348161808 0.0 0.0
-2.02228e-5 -1.32226e-5 0.0348937311 0.0 0.0
-1.9445e-5 -1.32226e-5 0.0260936905 0.0 0.0
-1.86672e-5 -1.32226e-5 0.0275901444 0.0 0.0
-1.78894e-5 -1.32226e-5 0.0244158812 0.0 0.0
-1.71116e-5 -1.32226e-5 0.022506424 0.0 0.0
-1.63338e-5 -1.32226e-5 0.0141122781 0.0 0.0
-1.5556e-5 -1.32226e-5 0.0112103005 0.0 0.0
-1.47782e-5 -1.32226e-5 0.0078007286 0.0 0.0
-1.40004e-5 -1.32226e-5 0.0040436847 0.0 0.0
-1.32226e-5 -1.32226e-5 0.0031817411 0.0 0.0
-1.24448e-5 -1.32226e-5 0.0029527313 0.0 0.0
-1.1667e-5 -1.32226e-5 0.0012785546 0.0 0.0
-1.08892e-5 -1.32226e-5 0.0004012944 0.0 0.0
-1.01114e-5 -1.32226e-5 0.0005656354 0.0 0.0
-9.3336e-6 -1.32226e-5 0.0001383974 0.0 0.0
-8.5558e-6 -1.32226e-5 0.0010310301 0.0 0.0
-7.778e-6 -1.32226e-5 0.0001058583 0.0 0.0
-7.0002e-6 -1.32226e-5 0.0003061727 0.0 0.0
-6.2224e-6 -1.32226e-5 0.0007665611 0.0 0.0
-5.4446e-6 -1.32226e-5 9.15706e-5 0.0 0.0
-4.6668e-6 -1.32226e-5 0.000259686 0.0 0.0
-3.889e-6 -1.32226e-5 0.0002348644 0.0 0.0
-3.1112e-6 -1.32226e-5 8.03914e-5 0.0 0.0
-2.3334e-6 -1.32226e-5 3.81662e-5 0.0 0.0
-1.5556e-6 -1.32226e-5 0.0002197821 0.0 0.0
-7.778e-7 -1.32226e-5 0.000245766 0.0 0.0
0.0 -1.32226e-5 9.23801e-5 0.0 0.0
7.778e-7 -1.32226e-5 0.000183908 0.0 0.0
1.5556e-6 -1.32226e-5 0.0002260015 0.0 0.0
2.3334e-6 -1.32226e-5 0.0002428757 0.0 0.0
3.1112e-6 -1.32226e-5 0.0002307775 0.0 0.0
3.889e-6 -1.32226e-5 0.0001713932 0.0 0.0
4.6668e-6 -1.32226e-5 0.0001617713 0.0 0.0
5.4446e-6 -1.32226e-5 0.0001137694 0.0 0.0
6.2224e-6 -1.32226e-5 8.48595e-5 0.0 0.0
7.0002e-6 -1.32226e-5 0.0001252087 0.0 0.0
7.778e-6 -1.32226e-5 0.0001054004 0.0 0.0
8.5558e-6 -1.32226e-5 8.52791e-5 0.0 0.0
9.3336e-6 -1.32226e-5 0.0001346881 0.0 0.0
1.01114e-5 -1.32226e-5 0.0001363314 0.0 0.0
1.08892e-5 -1.32226e-5 0.0001087189 0.0 0.0
1.1667e-5 -1.32226e-5 9.76719e-5 0.0 0.0
1.24448e-5 -1.32226e-5 7.81137e-5 0.0 0.0
1.32226e-5 -1.32226e-5 6.54938e-5 0.0 0.0
1.40004e-5 -1.32226e-5 2.84092e-5 0.0 0.0
1.47782e-5 -1.32226e-5 5.25252e-5 0.0 0.0
1.5556e-5 -1.32226e-5 2.00706e-5 0.0 0.0
1.63338e-5 -1.32226e-5 4.15763e-5 0.0 0.0
1.71116e-5 -1.32226e-5 5.3874e-6 0.0 0.0
1.78894e-5 -1.32226e-5 3.91774e-5 0.0 0.0
1.86672e-5 -1.32226e-5 5.1648e-6 0.0 0.0
-9.72251e-5 -1.24448e-5 0.0006752604 0.0 0.0
-9.64473e-5 -1.24448e-5 0.000703173 0.0 0.0
-9.56695e-5 -1.24448e-5 0.0007223877 0.0 0.0
-9.48917e-5 -1.24448e-5 0.0004506682 0.0 0.0
-9.41139e-5 -1.24448e-5 0.0009944204 0.0 0.0
-9.33361e-5 -1.24448e-5 0.0005478138 0.0 0.0
-9.25583e-5 -1.24448e-5 0.0005562167 0.0 0.0
-9.17805e-5 -1.24448e-5 0.0002944741 0.0 0.0
-9.10027e-5 -1.24448e-5 0.0001555655 0.0 0.0
-9.02249e-5 -1.24448e-5 0.000546671 0.0 0.0
-8.94471e-5 -1.24448e-5 0.0004388137 0.0 0.0
-8.86693e-5 -1.24448e-5 0.0010035852 0.0 0.0
-8.78915e-5 -1.24448e-5 0.0007896562 0.0 0.0
-8.71137e-5 -1.24448e-5 0.0008084559 0.0 0.0
-8.63359e-5 -1.24448e-5 0.0007676402 0.0 0.0
-8.55581e-5 -1.24448e-5 0.0021009441 0.0 0.0
-8.47803e-5 -1.24448e-5 0.001689584 0.0 0.0
-8.40025e-5 -1.24448e-5 0.0046348869 0.0 0.0
-8.32246e-5 -1.24448e-5 0.0065329302 0.0 0.0
-8.24468e-5 -1.24448e-5 0.006589377 0.0 0.0
-8.1669e-5 -1.24448e-5 0.0069159387 0.0 0.0
-8.08912e-5 -1.24448e-5 0.008318439 0.0 0.0
-8.01134e-5 -1.24448e-5 0.0085092346 0.0 0.0
-7.93356e-5 -1.24448e-5 0.0101526794 0.0 0.0
-7.85578e-5 -1.24448e-5 0.0124924605 0.0 0.0
-7.778e-5 -1.24448e-5 0.0139873062 0.0 0.0
-7.70022e-5 -1.24448e-5 0.0157766007 0.0 0.0
-7.62244e-5 -1.24448e-5 0.0096892516 0.0 0.0
-7.54466e-5 -1.24448e-5 0.0093462707 0.0 0.0
-7.46688e-5 -1.24448e-5 0.0116217416 0.0 0.0
-7.3891e-5 -1.24448e-5 0.0107973452 0.0 0.0
-7.31132e-5 -1.24448e-5 0.0133565739 0.0 0.0
-7.23354e-5 -1.24448e-5 0.0161893762 0.0 0.0
-7.15576e-5 -1.24448e-5 0.0164690621 0.0 0.0
-7.07798e-5 -1.24448e-5 0.019882118 0.0 0.0
-7.0002e-5 -1.24448e-5 0.0191746773 0.0 0.0
-6.92242e-5 -1.24448e-5 0.024274933 0.0 0.0
-6.84464e-5 -1.24448e-5 0.0152415841 0.0 0.0
-6.76686e-5 -1.24448e-5 0.0108890925 0.0 0.0
-6.68908e-5 -1.24448e-5 0.011805569 0.0 0.0
-6.6113e-5 -1.24448e-5 0.0102317912 0.0 0.0
-6.53352e-5 -1.24448e-5 0.0091002082 0.0 0.0
-6.45574e-5 -1.24448e-5 0.0127175918 0.0 0.0
-6.37796e-5 -1.24448e-5 0.0128203112 0.0 0.0
-6.30018e-5 -1.24448e-5 0.0125508995 0.0 0.0
-6.2224e-5 -1.24448e-5 0.0155553181 0.0 0.0
-6.14462e-5 -1.24448e-5 0.0101377322 0.0 0.0
-6.06684e-5 -1.24448e-5 0.0100415611 0.0 0.0
-5.98906e-5 -1.24448e-5 0.0178130987 0.0 0.0
-5.91128e-5 -1.24448e-5 0.0150662589 0.0 0.0
-5.8335e-5 -1.24448e-5 0.0240207891 0.0 0.0
-5.75572e-5 -1.24448e-5 0.0310076842 0.0 0.0
-5.67794e-5 -1.24448e-5 0.0262327783 0.0 0.0
-5.60016e-5 -1.24448e-5 0.0279735801 0.0 0.0
-5.52238e-5 -1.24448e-5 0.0241574016 0.0 0.0
-5.4446e-5 -1.24448e-5 0.0246468158 0.0 0.0
-5.36682e-5 -1.24448e-5 0.0221136861 0.0 0.0
-5.28904e-5 -1.24448e-5 0.0237614993 0.0 0.0
-5.21126e-5 -1.24448e-5 0.0260105621 0.0 0.0
-5.13348e-5 -1.24448e-5 0.0330015502 0.0 0.0
-5.0557e-5 -1.24448e-5 0.0340427811 0.0 0.0
-4.97792e-5 -1.24448e-5 0.0364535644 0.0 0.0
-4.90014e-5 -1.24448e-5 0.031307848 0.0 0.0
-4.82236e-5 -1.24448e-5 0.0284577779 0.0 0.0
-4.74458e-5 -1.24448e-5 0.0293000266 0.0 0.0
-4.6668e-5 -1.24448e-5 0.0282594429 0.0 0.0
-4.58902e-5 -1.24448e-5 0.0281063964 0.0 0.0
-4.51124e-5 -1.24448e-5 0.0275351384 0.0 0.0
-4.43346e-5 -1.24448e-5 0.0253464435 0.0 0.0
-4.35568e-5 -1.24448e-5 0.0338731616 0.0 0.0
-4.2779e-5 -1.24448e-5 0.0420298282 0.0 0.0
-4.20012e-5 -1.24448e-5 0.0253696427 0.0 0.0
-4.12234e-5 -1.24448e-5 0.0219855487 0.0 0.0
-4.04456e-5 -1.24448e-5 0.0158057774 0.0 0.0
-3.96678e-5 -1.24448e-5 0.020784848 0.0 0.0
-3.889e-5 -1.24448e-5 0.0236894269 0.0 0.0
-3.81122e-5 -1.24448e-5 0.0297017207 0.0 0.0
-3.73344e-5 -1.24448e-5 0.0309854402 0.0 0.0
-3.65566e-5 -1.24448e-5 0.0286863876 0.0 0.0
-3.57788e-5 -1.24448e-5 0.0264956356 0.0 0.0
-3.5001e-5 -1.24448e-5 0.0233355859 0.0 0.0
-3.42232e-5 -1.24448e-5 0.0222811587 0.0 0.0
-3.34454e-5 -1.24448e-5 0.0229808749 0.0 0.0
-3.26676e-5 -1.24448e-5 0.0246711525 0.0 0.0
-3.18898e-5 -1.24448e-5 0.0198548988 0.0 0.0
-3.1112e-5 -1.24448e-5 0.0252016319 0.0 0.0
-3.03342e-5 -1.24448e-5 0.0204902271 0.0 0.0
-2.95564e-5 -1.24448e-5 0.021030169 0.0 0.0
-2.87786e-5 -1.24448e-5 0.0233909041 0.0 0.0
-2.80008e-5 -1.24448e-5 0.0230483671 0.0 0.0
-2.7223e-5 -1.24448e-5 0.0219113121 0.0 0.0
-2.64452e-5 -1.24448e-5 0.0251496585 0.0 0.0
-2.56674e-5 -1.24448e-5 0.0245672921 0.0 0.0
-2.48896e-5 -1.24448e-5 0.025195227 0.0 0.0
-2.41118e-5 -1.24448e-5 0.0295097811 0.0 0.0
-2.3334e-5 -1.24448e-5 0.0325205611 0.0 0.0
-2.25562e-5 -1.24448e-5 0.042364096 0.0 0.0
-2.17784e-5 -1.24448e-5 0.0322458005 0.0 0.0
-2.10006e-5 -1.24448e-5 0.0306998867 0.0 0.0
-2.02228e-5 -1.24448e-5 0.0278001425 0.0 0.0
-1.9445e-5 -1.24448e-5 0.0258429002 0.0 0.0
-1.86672e-5 -1.24448e-5 0.0211790168 0.0 0.0
-1.78894e-5 -1.24448e-5 0.0173149356 0.0 0.0
-1.71116e-5 -1.24448e-5 0.0134299123 0.0 0.0
-1.63338e-5 -1.24448e-5 0.0067370224 0.0 0.0
-1.5556e-5 -1.24448e-5 0.0055677686 0.0 0.0
-1.47782e-5 -1.24448e-5 0.0052175135 0.0 0.0
-1.40004e-5 -1.24448e-5 0.0023691363 0.0 0.0
-1.32226e-5 -1.24448e-5 0.0025612678 0.0 0.0
-1.24448e-5 -1.24448e-5 0.0012311455 0.0 0.0
-1.1667e-5 -1.24448e-5 0.0003443504 0.0 0.0
-1.08892e-5 -1.24448e-5 0.0012083646 0.0 0.0
-1.01114e-5 -1.24448e-5 0.0001701043 0.0 0.0
-9.3336e-6 -1.24448e-5 3.37965e-5 0.0 0.0
-8.5558e-6 -1.24448e-5 0.0001137154 0.0 0.0
-7.778e-6 -1.24448e-5 0.0005481943 0.0 0.0
-7.0002e-6 -1.24448e-5 6.42656e-5 0.0 0.0
-6.2224e-6 -1.24448e-5 0.0001687645 0.0 0.0
-5.4446e-6 -1.24448e-5 0.0003562021 0.0 0.0
-4.6668e-6 -1.24448e-5 0.0003509729 0.0 0.0
-3.889e-6 -1.24448e-5 0.0001662889 0.0 0.0
-3.1112e-6 -1.24448e-5 4.63788e-5 0.0 0.0
-2.3334e-6 -1.24448e-5 2.84553e-5 0.0 0.0
-1.5556e-6 -1.24448e-5 3.6637e-5 0.0 0.0
-7.778e-7 -1.24448e-5 0.0001193363 0.0 0.0
0.0 -1.24448e-5 0.0002175869 0.0 0.0
7.778e-7 -1.24448e-5 0.0002806483 0.0 0.0
1.5556e-6 -1.24448e-5 0.0002989788 0.0 0.0
2.3334e-6 -1.24448e-5 0.0002801322 0.0 0.0
3.1112e-6 -1.24448e-5 0.0002160026 0.0 0.0
3.889e-6 -1.24448e-5 0.0002035539 0.0 0.0
4.6668e-6 -1.24448e-5 0.0001580039 0.0 0.0
5.4446e-6 -1.24448e-5 0.0001092196 0.0 0.0
6.2224e-6 -1.24448e-5 9.63124e-5 0.0 0.0
7.0002e-6 -1.24448e-5 0.0001386981 0.0 0.0
7.778e-6 -1.24448e-5 0.0001250682 0.0 0.0
8.5558e-6 -1.24448e-5 9.37315e-5 0.0 0.0
9.3336e-6 -1.24448e-5 8.11839e-5 0.0 0.0
1.01114e-5 -1.24448e-5 0.0001361184 0.0 0.0
1.08892e-5 -1.24448e-5 0.0001224889 0.0 0.0
1.1667e-5 -1.24448e-5 0.0001086948 0.0 0.0
1.24448e-5 -1.24448e-5 8.75368e-5 0.0 0.0
1.32226e-5 -1.24448e-5 5.67396e-5 0.0 0.0
1.40004e-5 -1.24448e-5 7.56282e-5 0.0 0.0
1.47782e-5 -1.24448e-5 4.5875e-5 0.0 0.0
1.5556e-5 -1.24448e-5 6.2959e-6 0.0 0.0
1.63338e-5 -1.24448e-5 2.50384e-5 0.0 0.0
1.71116e-5 -1.24448e-5 6.03797e-5 0.0 0.0
1.78894e-5 -1.24448e-5 1.85899e-5 0.0 0.0
1.86672e-5 -1.24448e-5 4.50104e-5 0.0 0.0
-9.72251e-5 -1.1667e-5 0.0003528995 0.0 0.0
-9.64473e-5 -1.1667e-5 0.0003445589 0.0 0.0
-9.56695e-5 -1.1667e-5 0.0003895183 0.0 0.0
-9.48917e-5 -1.1667e-5 0.0009437265 0.0 0.0
-9.41139e-5 -1.1667e-5 0.000890748 0.0 0.0
-9.33361e-5 -1.1667e-5 0.0004545554 0.0 0.0
-9.25583e-5 -1.1667e-5 0.0002881846 0.0 0.0
-9.17805e-5 -1.1667e-5 0.0008850999 0.0 0.0
-9.10027e-5 -1.1667e-5 0.0006635212 0.0 0.0
-9.02249e-5 -1.1667e-5 0.0003895473 0.0 0.0
-8.94471e-5 -1.1667e-5 0.0001692786 0.0 0.0
-8.86693e-5 -1.1667e-5 0.0006266399 0.0 0.0
-8.78915e-5 -1.1667e-5 0.0005075047 0.0 0.0
-8.71137e-5 -1.1667e-5 0.0013327816 0.0 0.0
-8.63359e-5 -1.1667e-5 0.0013916541 0.0 0.0
-8.55581e-5 -1.1667e-5 0.0016280849 0.0 0.0
-8.47803e-5 -1.1667e-5 0.0013485856 0.0 0.0
-8.40025e-5 -1.1667e-5 0.0025402213 0.0 0.0
-8.32246e-5 -1.1667e-5 0.0051469505 0.0 0.0
-8.24468e-5 -1.1667e-5 0.0065082671 0.0 0.0
-8.1669e-5 -1.1667e-5 0.0065817169 0.0 0.0
-8.08912e-5 -1.1667e-5 0.0073289131 0.0 0.0
-8.01134e-5 -1.1667e-5 0.0088371931 0.0 0.0
-7.93356e-5 -1.1667e-5 0.0088365441 0.0 0.0
-7.85578e-5 -1.1667e-5 0.0104144093 0.0 0.0
-7.778e-5 -1.1667e-5 0.0113851434 0.0 0.0
-7.70022e-5 -1.1667e-5 0.0148396857 0.0 0.0
-7.62244e-5 -1.1667e-5 0.0167052555 0.0 0.0
-7.54466e-5 -1.1667e-5 0.0077516918 0.0 0.0
-7.46688e-5 -1.1667e-5 0.0080883095 0.0 0.0
-7.3891e-5 -1.1667e-5 0.0100153235 0.0 0.0
-7.31132e-5 -1.1667e-5 0.012267361 0.0 0.0
-7.23354e-5 -1.1667e-5 0.0116317032 0.0 0.0
-7.15576e-5 -1.1667e-5 0.0152816837 0.0 0.0
-7.07798e-5 -1.1667e-5 0.0186557977 0.0 0.0
-7.0002e-5 -1.1667e-5 0.0203544545 0.0 0.0
-6.92242e-5 -1.1667e-5 0.0210585671 0.0 0.0
-6.84464e-5 -1.1667e-5 0.0224344946 0.0 0.0
-6.76686e-5 -1.1667e-5 0.0136877227 0.0 0.0
-6.68908e-5 -1.1667e-5 0.0094861536 0.0 0.0
-6.6113e-5 -1.1667e-5 0.0103460574 0.0 0.0
-6.53352e-5 -1.1667e-5 0.0090175453 0.0 0.0
-6.45574e-5 -1.1667e-5 0.0130333956 0.0 0.0
-6.37796e-5 -1.1667e-5 0.0113330412 0.0 0.0
-6.30018e-5 -1.1667e-5 0.0116707496 0.0 0.0
-6.2224e-5 -1.1667e-5 0.0139087624 0.0 0.0
-6.14462e-5 -1.1667e-5 0.0171328394 0.0 0.0
-6.06684e-5 -1.1667e-5 0.0182561458 0.0 0.0
-5.98906e-5 -1.1667e-5 0.0160999575 0.0 0.0
-5.91128e-5 -1.1667e-5 0.0140919715 0.0 0.0
-5.8335e-5 -1.1667e-5 0.0109988471 0.0 0.0
-5.75572e-5 -1.1667e-5 0.0216614422 0.0 0.0
-5.67794e-5 -1.1667e-5 0.0326941015 0.0 0.0
-5.60016e-5 -1.1667e-5 0.0311279051 0.0 0.0
-5.52238e-5 -1.1667e-5 0.0266085031 0.0 0.0
-5.4446e-5 -1.1667e-5 0.0224000677 0.0 0.0
-5.36682e-5 -1.1667e-5 0.0231797453 0.0 0.0
-5.28904e-5 -1.1667e-5 0.0208670518 0.0 0.0
-5.21126e-5 -1.1667e-5 0.0226857827 0.0 0.0
-5.13348e-5 -1.1667e-5 0.0244939886 0.0 0.0
-5.0557e-5 -1.1667e-5 0.0307889293 0.0 0.0
-4.97792e-5 -1.1667e-5 0.0314481453 0.0 0.0
-4.90014e-5 -1.1667e-5 0.0355623469 0.0 0.0
-4.82236e-5 -1.1667e-5 0.0304199746 0.0 0.0
-4.74458e-5 -1.1667e-5 0.0312101804 0.0 0.0
-4.6668e-5 -1.1667e-5 0.0254626927 0.0 0.0
-4.58902e-5 -1.1667e-5 0.0284440685 0.0 0.0
-4.51124e-5 -1.1667e-5 0.0236869843 0.0 0.0
-4.43346e-5 -1.1667e-5 0.0220028778 0.0 0.0
-4.35568e-5 -1.1667e-5 0.0197473684 0.0 0.0
-4.2779e-5 -1.1667e-5 0.0212247837 0.0 0.0
-4.20012e-5 -1.1667e-5 0.0190181611 0.0 0.0
-4.12234e-5 -1.1667e-5 0.0337459322 0.0 0.0
-4.04456e-5 -1.1667e-5 0.0401549024 0.0 0.0
-3.96678e-5 -1.1667e-5 0.0326048069 0.0 0.0
-3.889e-5 -1.1667e-5 0.0273466533 0.0 0.0
-3.81122e-5 -1.1667e-5 0.0229086148 0.0 0.0
-3.73344e-5 -1.1667e-5 0.0177659542 0.0 0.0
-3.65566e-5 -1.1667e-5 0.0156222558 0.0 0.0
-3.57788e-5 -1.1667e-5 0.0185434315 0.0 0.0
-3.5001e-5 -1.1667e-5 0.0169140411 0.0 0.0
-3.42232e-5 -1.1667e-5 0.0159568349 0.0 0.0
-3.34454e-5 -1.1667e-5 0.0204252123 0.0 0.0
-3.26676e-5 -1.1667e-5 0.0204024508 0.0 0.0
-3.18898e-5 -1.1667e-5 0.0216651843 0.0 0.0
-3.1112e-5 -1.1667e-5 0.0207270196 0.0 0.0
-3.03342e-5 -1.1667e-5 0.016084873 0.0 0.0
-2.95564e-5 -1.1667e-5 0.0187765246 0.0 0.0
-2.87786e-5 -1.1667e-5 0.018539671 0.0 0.0
-2.80008e-5 -1.1667e-5 0.0209843871 0.0 0.0
-2.7223e-5 -1.1667e-5 0.0210163233 0.0 0.0
-2.64452e-5 -1.1667e-5 0.0260837377 0.0 0.0
-2.56674e-5 -1.1667e-5 0.0332149151 0.0 0.0
-2.48896e-5 -1.1667e-5 0.0429096811 0.0 0.0
-2.41118e-5 -1.1667e-5 0.0354714066 0.0 0.0
-2.3334e-5 -1.1667e-5 0.0358429086 0.0 0.0
-2.25562e-5 -1.1667e-5 0.0292648848 0.0 0.0
-2.17784e-5 -1.1667e-5 0.025308987 0.0 0.0
-2.10006e-5 -1.1667e-5 0.0229388287 0.0 0.0
-2.02228e-5 -1.1667e-5 0.020516323 0.0 0.0
-1.9445e-5 -1.1667e-5 0.0193336354 0.0 0.0
-1.86672e-5 -1.1667e-5 0.016238564 0.0 0.0
-1.78894e-5 -1.1667e-5 0.0131912862 0.0 0.0
-1.71116e-5 -1.1667e-5 0.0109150348 0.0 0.0
-1.63338e-5 -1.1667e-5 0.0042103919 0.0 0.0
-1.5556e-5 -1.1667e-5 0.0038125622 0.0 0.0
-1.47782e-5 -1.1667e-5 0.0016452239 0.0 0.0
-1.40004e-5 -1.1667e-5 0.0006794041 0.0 0.0
-1.32226e-5 -1.1667e-5 0.0010749811 0.0 0.0
-1.24448e-5 -1.1667e-5 0.0002337522 0.0 0.0
-1.1667e-5 -1.1667e-5 0.0012076985 0.0 0.0
-1.08892e-5 -1.1667e-5 0.0002284807 0.0 0.0
-1.01114e-5 -1.1667e-5 3.85913e-5 0.0 0.0
-9.3336e-6 -1.1667e-5 0.0001902754 0.0 0.0
-8.5558e-6 -1.1667e-5 0.0008697352 0.0 0.0
-7.778e-6 -1.1667e-5 5.35077e-5 0.0 0.0
-7.0002e-6 -1.1667e-5 0.0002864578 0.0 0.0
-6.2224e-6 -1.1667e-5 0.0004364352 0.0 0.0
-5.4446e-6 -1.1667e-5 0.0004161659 0.0 0.0
-4.6668e-6 -1.1667e-5 0.0002823127 0.0 0.0
-3.889e-6 -1.1667e-5 8.99831e-5 0.0 0.0
-3.1112e-6 -1.1667e-5 0.0001073086 0.0 0.0
-2.3334e-6 -1.1667e-5 5.87194e-5 0.0 0.0
-1.5556e-6 -1.1667e-5 0.000182833 0.0 0.0
-7.778e-7 -1.1667e-5 0.0003031298 0.0 0.0
0.0 -1.1667e-5 0.0003175985 0.0 0.0
7.778e-7 -1.1667e-5 0.0003365455 0.0 0.0
1.5556e-6 -1.1667e-5 0.0002344242 0.0 0.0
2.3334e-6 -1.1667e-5 0.0002573719 0.0 0.0
3.1112e-6 -1.1667e-5 0.0001778428 0.0 0.0
3.889e-6 -1.1667e-5 0.0001330133 0.0 0.0
4.6668e-6 -1.1667e-5 0.000151735 0.0 0.0
5.4446e-6 -1.1667e-5 0.0001256723 0.0 0.0
6.2224e-6 -1.1667e-5 0.0001134595 0.0 0.0
7.0002e-6 -1.1667e-5 0.0001577127 0.0 0.0
7.778e-6 -1.1667e-5 0.0001239634 0.0 0.0
8.5558e-6 -1.1667e-5 0.0001051908 0.0 0.0
9.3336e-6 -1.1667e-5 9.61003e-5 0.0 0.0
1.01114e-5 -1.1667e-5 9.40992e-5 0.0 0.0
1.08892e-5 -1.1667e-5 0.0001404004 0.0 0.0
1.1667e-5 -1.1667e-5 0.0001171919 0.0 0.0
1.24448e-5 -1.1667e-5 8.54792e-5 0.0 0.0
1.32226e-5 -1.1667e-5 3.87697e-5 0.0 0.0
1.40004e-5 -1.1667e-5 6.47123e-5 0.0 0.0
1.47782e-5 -1.1667e-5 2.7738e-5 0.0 0.0
1.5556e-5 -1.1667e-5 6.17406e-5 0.0 0.0
1.63338e-5 -1.1667e-5 1.27755e-5 0.0 0.0
1.71116e-5 -1.1667e-5 5.19985e-5 0.0 0.0
1.78894e-5 -1.1667e-5 1.16781e-5 0.0 0.0
1.86672e-5 -1.1667e-5 2.59551e-5 0.0 0.0
-9.72251e-5 -1.08892e-5 0.0001531486 0.0 0.0
-9.64473e-5 -1.08892e-5 0.0008503542 0.0 0.0
-9.56695e-5 -1.08892e-5 0.0001890154 0.0 0.0
-9.48917e-5 -1.08892e-5 0.000770986 0.0 0.0
-9.41139e-5 -1.08892e-5 0.0007618464 0.0 0.0
-9.33361e-5 -1.08892e-5 0.0003465772 0.0 0.0
-9.25583e-5 -1.08892e-5 0.00081171 0.0 0.0
-9.17805e-5 -1.08892e-5 0.0006114121 0.0 0.0
-9.10027e-5 -1.08892e-5 0.0003791405 0.0 0.0
-9.02249e-5 -1.08892e-5 0.000274768 0.0 0.0
-8.94471e-5 -1.08892e-5 0.0008050094 0.0 0.0
-8.86693e-5 -1.08892e-5 0.0004728271 0.0 0.0
-8.78915e-5 -1.08892e-5 0.0003052391 0.0 0.0
-8.71137e-5 -1.08892e-5 0.0010756474 0.0 0.0
-8.63359e-5 -1.08892e-5 0.0008473663 0.0 0.0
-8.55581e-5 -1.08892e-5 0.0008441437 0.0 0.0
-8.47803e-5 -1.08892e-5 0.0021988114 0.0 0.0
-8.40025e-5 -1.08892e-5 0.001754696 0.0 0.0
-8.32246e-5 -1.08892e-5 0.0035469126 0.0 0.0
-8.24468e-5 -1.08892e-5 0.0053257072 0.0 0.0
-8.1669e-5 -1.08892e-5 0.006506558 0.0 0.0
-8.08912e-5 -1.08892e-5 0.0067699643 0.0 0.0
-8.01134e-5 -1.08892e-5 0.0076978885 0.0 0.0
-7.93356e-5 -1.08892e-5 0.0077600896 0.0 0.0
-7.85578e-5 -1.08892e-5 0.0091862999 0.0 0.0
-7.778e-5 -1.08892e-5 0.0098715735 0.0 0.0
-7.70022e-5 -1.08892e-5 0.0122424408 0.0 0.0
-7.62244e-5 -1.08892e-5 0.0141126196 0.0 0.0
-7.54466e-5 -1.08892e-5 0.0160992673 0.0 0.0
-7.46688e-5 -1.08892e-5 0.0094313055 0.0 0.0
-7.3891e-5 -1.08892e-5 0.0093503803 0.0 0.0
-7.31132e-5 -1.08892e-5 0.0117881787 0.0 0.0
-7.23354e-5 -1.08892e-5 0.0110289647 0.0 0.0
-7.15576e-5 -1.08892e-5 0.0148176253 0.0 0.0
-7.07798e-5 -1.08892e-5 0.017844448 0.0 0.0
-7.0002e-5 -1.08892e-5 0.0168496984 0.0 0.0
-6.92242e-5 -1.08892e-5 0.020201247 0.0 0.0
-6.84464e-5 -1.08892e-5 0.020173129 0.0 0.0
-6.76686e-5 -1.08892e-5 0.0205456617 0.0 0.0
-6.68908e-5 -1.08892e-5 0.0165455782 0.0 0.0
-6.6113e-5 -1.08892e-5 0.009548318 0.0 0.0
-6.53352e-5 -1.08892e-5 0.009413203 0.0 0.0
-6.45574e-5 -1.08892e-5 0.007943417 0.0 0.0
-6.37796e-5 -1.08892e-5 0.0105821629 0.0 0.0
-6.30018e-5 -1.08892e-5 0.0098815393 0.0 0.0
-6.2224e-5 -1.08892e-5 0.0110979032 0.0 0.0
-6.14462e-5 -1.08892e-5 0.014083488 0.0 0.0
-6.06684e-5 -1.08892e-5 0.0165549639 0.0 0.0
-5.98906e-5 -1.08892e-5 0.0168633029 0.0 0.0
-5.91128e-5 -1.08892e-5 0.014866704 0.0 0.0
-5.8335e-5 -1.08892e-5 0.0112034033 0.0 0.0
-5.75572e-5 -1.08892e-5 0.0137761843 0.0 0.0
-5.67794e-5 -1.08892e-5 0.0110685767 0.0 0.0
-5.60016e-5 -1.08892e-5 0.0323257098 0.0 0.0
-5.52238e-5 -1.08892e-5 0.0321089575 0.0 0.0
-5.4446e-5 -1.08892e-5 0.029571044 0.0 0.0
-5.36682e-5 -1.08892e-5 0.0249952031 0.0 0.0
-5.28904e-5 -1.08892e-5 0.0215170307 0.0 0.0
-5.21126e-5 -1.08892e-5 0.021919351 0.0 0.0
-5.13348e-5 -1.08892e-5 0.0207170171 0.0 0.0
-5.0557e-5 -1.08892e-5 0.0254644042 0.0 0.0
-4.97792e-5 -1.08892e-5 0.0273664663 0.0 0.0
-4.90014e-5 -1.08892e-5 0.028471281 0.0 0.0
-4.82236e-5 -1.08892e-5 0.0328269392 0.0 0.0
-4.74458e-5 -1.08892e-5 0.0292292716 0.0 0.0
-4.6668e-5 -1.08892e-5 0.0251618407 0.0 0.0
-4.58902e-5 -1.08892e-5 0.0245574224 0.0 0.0
-4.51124e-5 -1.08892e-5 0.0216680545 0.0 0.0
-4.43346e-5 -1.08892e-5 0.0209710792 0.0 0.0
-4.35568e-5 -1.08892e-5 0.0196597995 0.0 0.0
-4.2779e-5 -1.08892e-5 0.0190271379 0.0 0.0
-4.20012e-5 -1.08892e-5 0.0191237299 0.0 0.0
-4.12234e-5 -1.08892e-5 0.0217814813 0.0 0.0
-4.04456e-5 -1.08892e-5 0.0187877258 0.0 0.0
-3.96678e-5 -1.08892e-5 0.0234965848 0.0 0.0
-3.889e-5 -1.08892e-5 0.0310462287 0.0 0.0
-3.81122e-5 -1.08892e-5 0.036612387 0.0 0.0
-3.73344e-5 -1.08892e-5 0.0403340252 0.0 0.0
-3.65566e-5 -1.08892e-5 0.0424874456 0.0 0.0
-3.57788e-5 -1.08892e-5 0.0399136312 0.0 0.0
-3.5001e-5 -1.08892e-5 0.0348434774 0.0 0.0
-3.42232e-5 -1.08892e-5 0.0332708055 0.0 0.0
-3.34454e-5 -1.08892e-5 0.03627598 0.0 0.0
-3.26676e-5 -1.08892e-5 0.0345238635 0.0 0.0
-3.18898e-5 -1.08892e-5 0.0348051914 0.0 0.0
-3.1112e-5 -1.08892e-5 0.0343148287 0.0 0.0
-3.03342e-5 -1.08892e-5 0.0325033082 0.0 0.0
-2.95564e-5 -1.08892e-5 0.0392395287 0.0 0.0
-2.87786e-5 -1.08892e-5 0.0396779339 0.0 0.0
-2.80008e-5 -1.08892e-5 0.0397951256 0.0 0.0
-2.7223e-5 -1.08892e-5 0.0373199396 0.0 0.0
-2.64452e-5 -1.08892e-5 0.0322726502 0.0 0.0
-2.56674e-5 -1.08892e-5 0.033453101 0.0 0.0
-2.48896e-5 -1.08892e-5 0.0272526802 0.0 0.0
-2.41118e-5 -1.08892e-5 0.0262751015 0.0 0.0
-2.3334e-5 -1.08892e-5 0.0242792752 0.0 0.0
-2.25562e-5 -1.08892e-5 0.0194321641 0.0 0.0
-2.17784e-5 -1.08892e-5 0.0157637124 0.0 0.0
-2.10006e-5 -1.08892e-5 0.0125372748 0.0 0.0
-2.02228e-5 -1.08892e-5 0.0144893241 0.0 0.0
-1.9445e-5 -1.08892e-5 0.0125880879 0.0 0.0
-1.86672e-5 -1.08892e-5 0.0107622405 0.0 0.0
-1.78894e-5 -1.08892e-5 0.0107819149 0.0 0.0
-1.71116e-5 -1.08892e-5 0.0034644539 0.0 0.0
-1.63338e-5 -1.08892e-5 0.0028051293 0.0 0.0
-1.5556e-5 -1.08892e-5 0.0011839882 0.0 0.0
-1.47782e-5 -1.08892e-5 0.0018826892 0.0 0.0
-1.40004e-5 -1.08892e-5 0.0010112327 0.0 0.0
-1.32226e-5 -1.08892e-5 0.0003207034 0.0 0.0
-1.24448e-5 -1.08892e-5 0.0011007986 0.0 0.0
-1.1667e-5 -1.08892e-5 0.000249463 0.0 0.0
-1.08892e-5 -1.08892e-5 3.26037e-5 0.0 0.0
-1.01114e-5 -1.08892e-5 0.0002736645 0.0 0.0
-9.3336e-6 -1.08892e-5 0.0008671934 0.0 0.0
-8.5558e-6 -1.08892e-5 7.19577e-5 0.0 0.0
-7.778e-6 -1.08892e-5 0.0002698918 0.0 0.0
-7.0002e-6 -1.08892e-5 0.0003306421 0.0 0.0
-6.2224e-6 -1.08892e-5 0.0004590232 0.0 0.0
-5.4446e-6 -1.08892e-5 0.0003526583 0.0 0.0
-4.6668e-6 -1.08892e-5 0.0001360992 0.0 0.0
-3.889e-6 -1.08892e-5 8.84481e-5 0.0 0.0
-3.1112e-6 -1.08892e-5 0.0001147248 0.0 0.0
-2.3334e-6 -1.08892e-5 0.0002046171 0.0 0.0
-1.5556e-6 -1.08892e-5 0.0003351206 0.0 0.0
-7.778e-7 -1.08892e-5 0.0003770128 0.0 0.0
0.0 -1.08892e-5 0.0002481519 0.0 0.0
7.778e-7 -1.08892e-5 0.0003061972 0.0 0.0
1.5556e-6 -1.08892e-5 0.0003087161 0.0 0.0
2.3334e-6 -1.08892e-5 0.0002203058 0.0 0.0
3.1112e-6 -1.08892e-5 0.0001781494 0.0 0.0
3.889e-6 -1.08892e-5 0.0001450894 0.0 0.0
4.6668e-6 -1.08892e-5 0.0001659888 0.0 0.0
5.4446e-6 -1.08892e-5 0.0001520707 0.0 0.0
6.2224e-6 -1.08892e-5 0.0001967235 0.0 0.0
7.0002e-6 -1.08892e-5 0.0001821753 0.0 0.0
7.778e-6 -1.08892e-5 0.000150832 0.0 0.0
8.5558e-6 -1.08892e-5 0.0001199021 0.0 0.0
9.3336e-6 -1.08892e-5 9.97022e-5 0.0 0.0
1.01114e-5 -1.08892e-5 0.0001560239 0.0 0.0
1.08892e-5 -1.08892e-5 0.0001361989 0.0 0.0
1.1667e-5 -1.08892e-5 3.28648e-5 0.0 0.0
1.24448e-5 -1.08892e-5 5.7686e-5 0.0 0.0
1.32226e-5 -1.08892e-5 1.70597e-5 0.0 0.0
1.40004e-5 -1.08892e-5 4.07471e-5 0.0 0.0
1.47782e-5 -1.08892e-5 9.2447e-6 0.0 0.0
1.5556e-5 -1.08892e-5 2.82631e-5 0.0 0.0
1.63338e-5 -1.08892e-5 4.953e-6 0.0 0.0
1.71116e-5 -1.08892e-5 3.55427e-5 0.0 0.0
1.78894e-5 -1.08892e-5 5.7728e-5 0.0 0.0
1.86672e-5 -1.08892e-5 1.99812e-5 0.0 0.0
-9.72251e-5 -1.01114e-5 0.0001067972 0.0 0.0
-9.64473e-5 -1.01114e-5 0.0008493541 0.0 0.0
-9.56695e-5 -1.01114e-5 0.0006987085 0.0 0.0
-9.48917e-5 -1.01114e-5 0.000679775 0.0 0.0
-9.41139e-5 -1.01114e-5 0.0005110545 0.0 0.0
-9.33361e-5 -1.01114e-5 0.0008991314 0.0 0.0
-9.25583e-5 -1.01114e-5 0.0007673988 0.0 0.0
-9.17805e-5 -1.01114e-5 0.0004074655 0.0 0.0
-9.10027e-5 -1.01114e-5 0.0002949288 0.0 0.0
-9.02249e-5 -1.01114e-5 0.0007991099 0.0 0.0
-8.94471e-5 -1.01114e-5 0.0005629075 0.0 0.0
-8.86693e-5 -1.01114e-5 0.000271712 0.0 0.0
-8.78915e-5 -1.01114e-5 0.000939768 0.0 0.0
-8.71137e-5 -1.01114e-5 0.0006481515 0.0 0.0
-8.63359e-5 -1.01114e-5 0.0013803982 0.0 0.0
-8.55581e-5 -1.01114e-5 0.0016137334 0.0 0.0
-8.47803e-5 -1.01114e-5 0.0016400689 0.0 0.0
-8.40025e-5 -1.01114e-5 0.0014191447 0.0 0.0
-8.32246e-5 -1.01114e-5 0.0029397293 0.0 0.0
-8.24468e-5 -1.01114e-5 0.0039457312 0.0 0.0
-8.1669e-5 -1.01114e-5 0.0068452989 0.0 0.0
-8.08912e-5 -1.01114e-5 0.0067639645 0.0 0.0
-8.01134e-5 -1.01114e-5 0.0074820246 0.0 0.0
-7.93356e-5 -1.01114e-5 0.0071070339 0.0 0.0
-7.85578e-5 -1.01114e-5 0.0084434635 0.0 0.0
-7.778e-5 -1.01114e-5 0.0098795304 0.0 0.0
-7.70022e-5 -1.01114e-5 0.010435542 0.0 0.0
-7.62244e-5 -1.01114e-5 0.013056751 0.0 0.0
-7.54466e-5 -1.01114e-5 0.0152697319 0.0 0.0
-7.46688e-5 -1.01114e-5 0.0133567455 0.0 0.0
-7.3891e-5 -1.01114e-5 0.0087026863 0.0 0.0
-7.31132e-5 -1.01114e-5 0.0115782498 0.0 0.0
-7.23354e-5 -1.01114e-5 0.0109271539 0.0 0.0
-7.15576e-5 -1.01114e-5 0.0135706793 0.0 0.0
-7.07798e-5 -1.01114e-5 0.0133855418 0.0 0.0
-7.0002e-5 -1.01114e-5 0.0164879925 0.0 0.0
-6.92242e-5 -1.01114e-5 0.019462858 0.0 0.0
-6.84464e-5 -1.01114e-5 0.0190086592 0.0 0.0
-6.76686e-5 -1.01114e-5 0.0229773433 0.0 0.0
-6.68908e-5 -1.01114e-5 0.0201440639 0.0 0.0
-6.6113e-5 -1.01114e-5 0.0118544515 0.0 0.0
-6.53352e-5 -1.01114e-5 0.0134460011 0.0 0.0
-6.45574e-5 -1.01114e-5 0.0147461576 0.0 0.0
-6.37796e-5 -1.01114e-5 0.0136973051 0.0 0.0
-6.30018e-5 -1.01114e-5 0.0116631741 0.0 0.0
-6.2224e-5 -1.01114e-5 0.0107067094 0.0 0.0
-6.14462e-5 -1.01114e-5 0.0116738433 0.0 0.0
-6.06684e-5 -1.01114e-5 0.0146612623 0.0 0.0
-5.98906e-5 -1.01114e-5 0.014977604 0.0 0.0
-5.91128e-5 -1.01114e-5 0.0135551406 0.0 0.0
-5.8335e-5 -1.01114e-5 0.0129713379 0.0 0.0
-5.75572e-5 -1.01114e-5 0.0080768976 0.0 0.0
-5.67794e-5 -1.01114e-5 0.0117789897 0.0 0.0
-5.60016e-5 -1.01114e-5 0.0077134922 0.0 0.0
-5.52238e-5 -1.01114e-5 0.0322222473 0.0 0.0
-5.4446e-5 -1.01114e-5 0.0301876105 0.0 0.0
-5.36682e-5 -1.01114e-5 0.0294035849 0.0 0.0
-5.28904e-5 -1.01114e-5 0.0277804964 0.0 0.0
-5.21126e-5 -1.01114e-5 0.0244477358 0.0 0.0
-5.13348e-5 -1.01114e-5 0.0235330691 0.0 0.0
-5.0557e-5 -1.01114e-5 0.0215984294 0.0 0.0
-4.97792e-5 -1.01114e-5 0.0226606916 0.0 0.0
-4.90014e-5 -1.01114e-5 0.0233178895 0.0 0.0
-4.82236e-5 -1.01114e-5 0.0245653442 0.0 0.0
-4.74458e-5 -1.01114e-5 0.0281095743 0.0 0.0
-4.6668e-5 -1.01114e-5 0.0257936493 0.0 0.0
-4.58902e-5 -1.01114e-5 0.0247102573 0.0 0.0
-4.51124e-5 -1.01114e-5 0.0224076184 0.0 0.0
-4.43346e-5 -1.01114e-5 0.0255539069 0.0 0.0
-4.35568e-5 -1.01114e-5 0.0223451599 0.0 0.0
-4.2779e-5 -1.01114e-5 0.0171238692 0.0 0.0
-4.20012e-5 -1.01114e-5 0.0165471926 0.0 0.0
-4.12234e-5 -1.01114e-5 0.0191398132 0.0 0.0
-4.04456e-5 -1.01114e-5 0.0142686366 0.0 0.0
-3.96678e-5 -1.01114e-5 0.0171467901 0.0 0.0
-3.889e-5 -1.01114e-5 0.0181763695 0.0 0.0
-3.81122e-5 -1.01114e-5 0.0190750912 0.0 0.0
-3.73344e-5 -1.01114e-5 0.0182745542 0.0 0.0
-3.65566e-5 -1.01114e-5 0.0254927964 0.0 0.0
-3.57788e-5 -1.01114e-5 0.0285510619 0.0 0.0
-3.5001e-5 -1.01114e-5 0.0286055161 0.0 0.0
-3.42232e-5 -1.01114e-5 0.0266749587 0.0 0.0
-3.34454e-5 -1.01114e-5 0.032887854 0.0 0.0
-3.26676e-5 -1.01114e-5 0.0314818088 0.0 0.0
-3.18898e-5 -1.01114e-5 0.0301194042 0.0 0.0
-3.1112e-5 -1.01114e-5 0.0293694732 0.0 0.0
-3.03342e-5 -1.01114e-5 0.0268994671 0.0 0.0
-2.95564e-5 -1.01114e-5 0.0255699148 0.0 0.0
-2.87786e-5 -1.01114e-5 0.0209005187 0.0 0.0
-2.80008e-5 -1.01114e-5 0.0247778186 0.0 0.0
-2.7223e-5 -1.01114e-5 0.0251343991 0.0 0.0
-2.64452e-5 -1.01114e-5 0.0228935537 0.0 0.0
-2.56674e-5 -1.01114e-5 0.022382019 0.0 0.0
-2.48896e-5 -1.01114e-5 0.0221862728 0.0 0.0
-2.41118e-5 -1.01114e-5 0.0256473961 0.0 0.0
-2.3334e-5 -1.01114e-5 0.0217076709 0.0 0.0
-2.25562e-5 -1.01114e-5 0.0177032701 0.0 0.0
-2.17784e-5 -1.01114e-5 0.0122330679 0.0 0.0
-2.10006e-5 -1.01114e-5 0.0081176065 0.0 0.0
-2.02228e-5 -1.01114e-5 0.0113236209 0.0 0.0
-1.9445e-5 -1.01114e-5 0.0078964285 0.0 0.0
-1.86672e-5 -1.01114e-5 0.0091062939 0.0 0.0
-1.78894e-5 -1.01114e-5 0.0034749353 0.0 0.0
-1.71116e-5 -1.01114e-5 0.0025808493 0.0 0.0
-1.63338e-5 -1.01114e-5 0.0008233104 0.0 0.0
-1.5556e-5 -1.01114e-5 0.0003098468 0.0 0.0
-1.47782e-5 -1.01114e-5 0.0012853825 0.0 0.0
-1.40004e-5 -1.01114e-5 0.0002254283 0.0 0.0
-1.32226e-5 -1.01114e-5 0.001035269 0.0 0.0
-1.24448e-5 -1.01114e-5 0.0001162641 0.0 0.0
-1.1667e-5 -1.01114e-5 2.47409e-5 0.0 0.0
-1.08892e-5 -1.01114e-5 0.0001977633 0.0 0.0
-1.01114e-5 -1.01114e-5 0.0008357257 0.0 0.0
-9.3336e-6 -1.01114e-5 0.0001287597 0.0 0.0
-8.5558e-6 -1.01114e-5 0.0002841944 0.0 0.0
-7.778e-6 -1.01114e-5 0.0004007456 0.0 0.0
-7.0002e-6 -1.01114e-5 0.0004457373 0.0 0.0
-6.2224e-6 -1.01114e-5 0.0003821981 0.0 0.0
-5.4446e-6 -1.01114e-5 0.0001621603 0.0 0.0
-4.6668e-6 -1.01114e-5 9.59919e-5 0.0 0.0
-3.889e-6 -1.01114e-5 0.0001297889 0.0 0.0
-3.1112e-6 -1.01114e-5 0.0002818002 0.0 0.0
-2.3334e-6 -1.01114e-5 0.0003866654 0.0 0.0
-1.5556e-6 -1.01114e-5 0.0004218189 0.0 0.0
-7.778e-7 -1.01114e-5 0.0002940734 0.0 0.0
0.0 -1.01114e-5 0.0003528416 0.0 0.0
7.778e-7 -1.01114e-5 0.0002566875 0.0 0.0
1.5556e-6 -1.01114e-5 0.0002649576 0.0 0.0
2.3334e-6 -1.01114e-5 0.0002017738 0.0 0.0
3.1112e-6 -1.01114e-5 0.0001509075 0.0 0.0
3.889e-6 -1.01114e-5 0.0001328833 0.0 0.0
4.6668e-6 -1.01114e-5 0.000196112 0.0 0.0
5.4446e-6 -1.01114e-5 0.0001710608 0.0 0.0
6.2224e-6 -1.01114e-5 0.0001218889 0.0 0.0
7.0002e-6 -1.01114e-5 0.0001894968 0.0 0.0
7.778e-6 -1.01114e-5 0.0001570634 0.0 0.0
8.5558e-6 -1.01114e-5 0.0001420823 0.0 0.0
9.3336e-6 -1.01114e-5 0.0001145294 0.0 0.0
1.01114e-5 -1.01114e-5 8.41041e-5 0.0 0.0
1.08892e-5 -1.01114e-5 5.64765e-5 0.0 0.0
1.1667e-5 -1.01114e-5 8.37397e-5 0.0 0.0
1.24448e-5 -1.01114e-5 4.29874e-5 0.0 0.0
1.32226e-5 -1.01114e-5 1.0436e-5 0.0 0.0
1.40004e-5 -1.01114e-5 2.84495e-5 0.0 0.0
1.47782e-5 -1.01114e-5 8.9589e-6 0.0 0.0
1.5556e-5 -1.01114e-5 1.47569e-5 0.0 0.0
1.63338e-5 -1.01114e-5 6.37663e-5 0.0 0.0
1.71116e-5 -1.01114e-5 1.80319e-5 0.0 0.0
1.78894e-5 -1.01114e-5 3.46744e-5 0.0 0.0
1.86672e-5 -1.01114e-5 5.78528e-5 0.0 0.0
-9.72251e-5 -9.3336e-6 6.75238e-5 0.0 0.0
-9.64473e-5 -9.3336e-6 0.0006770018 0.0 0.0
-9.56695e-5 -9.3336e-6 0.0004931312 0.0 0.0
-9.48917e-5 -9.3336e-6 0.0005429868 0.0 0.0
-9.41139e-5 -9.3336e-6 0.0002886061 0.0 0.0
-9.33361e-5 -9.3336e-6 0.0002369 0.0 0.0
-9.25583e-5 -9.3336e-6 0.0006967078 0.0 0.0
-9.17805e-5 -9.3336e-6 0.0003856391 0.0 0.0
-9.10027e-5 -9.3336e-6 0.0008651323 0.0 0.0
-9.02249e-5 -9.3336e-6 0.0007276336 0.0 0.0
-8.94471e-5 -9.3336e-6 0.0004013858 0.0 0.0
-8.86693e-5 -9.3336e-6 0.0010832639 0.0 0.0
-8.78915e-5 -9.3336e-6 0.0008360465 0.0 0.0
-8.71137e-5 -9.3336e-6 0.0004642764 0.0 0.0
-8.63359e-5 -9.3336e-6 0.000967392 0.0 0.0
-8.55581e-5 -9.3336e-6 0.0011872395 0.0 0.0
-8.47803e-5 -9.3336e-6 0.0012165286 0.0 0.0
-8.40025e-5 -9.3336e-6 0.0025043752 0.0 0.0
-8.32246e-5 -9.3336e-6 0.0027701433 0.0 0.0
-8.24468e-5 -9.3336e-6 0.0038122212 0.0 0.0
-8.1669e-5 -9.3336e-6 0.0046382899 0.0 0.0
-8.08912e-5 -9.3336e-6 0.0074599738 0.0 0.0
-8.01134e-5 -9.3336e-6 0.0072839502 0.0 0.0
-7.93356e-5 -9.3336e-6 0.0076607749 0.0 0.0
-7.85578e-5 -9.3336e-6 0.0076220272 0.0 0.0
-7.778e-5 -9.3336e-6 0.0089494588 0.0 0.0
-7.70022e-5 -9.3336e-6 0.0091028149 0.0 0.0
-7.62244e-5 -9.3336e-6 0.0103497483 0.0 0.0
-7.54466e-5 -9.3336e-6 0.0131242344 0.0 0.0
-7.46688e-5 -9.3336e-6 0.0154673531 0.0 0.0
-7.3891e-5 -9.3336e-6 0.0129113053 0.0 0.0
-7.31132e-5 -9.3336e-6 0.0114769843 0.0 0.0
-7.23354e-5 -9.3336e-6 0.0110975862 0.0 0.0
-7.15576e-5 -9.3336e-6 0.0137592961 0.0 0.0
-7.07798e-5 -9.3336e-6 0.0137743839 0.0 0.0
-7.0002e-5 -9.3336e-6 0.0172395549 0.0 0.0
-6.92242e-5 -9.3336e-6 0.0165750486 0.0 0.0
-6.84464e-5 -9.3336e-6 0.0194400035 0.0 0.0
-6.76686e-5 -9.3336e-6 0.0184204662 0.0 0.0
-6.68908e-5 -9.3336e-6 0.0215353353 0.0 0.0
-6.6113e-5 -9.3336e-6 0.0234954832 0.0 0.0
-6.53352e-5 -9.3336e-6 0.0117341692 0.0 0.0
-6.45574e-5 -9.3336e-6 0.0090334815 0.0 0.0
-6.37796e-5 -9.3336e-6 0.0138221234 0.0 0.0
-6.30018e-5 -9.3336e-6 0.0134967312 0.0 0.0
-6.2224e-5 -9.3336e-6 0.0121441198 0.0 0.0
-6.14462e-5 -9.3336e-6 0.012253254 0.0 0.0
-6.06684e-5 -9.3336e-6 0.0135996758 0.0 0.0
-5.98906e-5 -9.3336e-6 0.0148040592 0.0 0.0
-5.91128e-5 -9.3336e-6 0.0129584052 0.0 0.0
-5.8335e-5 -9.3336e-6 0.0105173545 0.0 0.0
-5.75572e-5 -9.3336e-6 0.0087515322 0.0 0.0
-5.67794e-5 -9.3336e-6 0.0119595531 0.0 0.0
-5.60016e-5 -9.3336e-6 0.0105621429 0.0 0.0
-5.52238e-5 -9.3336e-6 0.0119994258 0.0 0.0
-5.4446e-5 -9.3336e-6 0.0225094864 0.0 0.0
-5.36682e-5 -9.3336e-6 0.0371902355 0.0 0.0
-5.28904e-5 -9.3336e-6 0.0341351571 0.0 0.0
-5.21126e-5 -9.3336e-6 0.0341714685 0.0 0.0
-5.13348e-5 -9.3336e-6 0.0301588263 0.0 0.0
-5.0557e-5 -9.3336e-6 0.029162063 0.0 0.0
-4.97792e-5 -9.3336e-6 0.0277712538 0.0 0.0
-4.90014e-5 -9.3336e-6 0.0270221073 0.0 0.0
-4.82236e-5 -9.3336e-6 0.0257694017 0.0 0.0
-4.74458e-5 -9.3336e-6 0.0260697848 0.0 0.0
-4.6668e-5 -9.3336e-6 0.0282530218 0.0 0.0
-4.58902e-5 -9.3336e-6 0.0274713145 0.0 0.0
-4.51124e-5 -9.3336e-6 0.0249792155 0.0 0.0
-4.43346e-5 -9.3336e-6 0.0218564791 0.0 0.0
-4.35568e-5 -9.3336e-6 0.0193461225 0.0 0.0
-4.2779e-5 -9.3336e-6 0.0183057419 0.0 0.0
-4.20012e-5 -9.3336e-6 0.0160084429 0.0 0.0
-4.12234e-5 -9.3336e-6 0.0123329355 0.0 0.0
-4.04456e-5 -9.3336e-6 0.0137842583 0.0 0.0
-3.96678e-5 -9.3336e-6 0.0155993467 0.0 0.0
-3.889e-5 -9.3336e-6 0.0172506721 0.0 0.0
-3.81122e-5 -9.3336e-6 0.014241878 0.0 0.0
-3.73344e-5 -9.3336e-6 0.0149609051 0.0 0.0
-3.65566e-5 -9.3336e-6 0.0163849941 0.0 0.0
-3.57788e-5 -9.3336e-6 0.0163255929 0.0 0.0
-3.5001e-5 -9.3336e-6 0.0222588293 0.0 0.0
-3.42232e-5 -9.3336e-6 0.0301469515 0.0 0.0
-3.34454e-5 -9.3336e-6 0.0306685636 0.0 0.0
-3.26676e-5 -9.3336e-6 0.0289446963 0.0 0.0
-3.18898e-5 -9.3336e-6 0.0306195908 0.0 0.0
-3.1112e-5 -9.3336e-6 0.031291244 0.0 0.0
-3.03342e-5 -9.3336e-6 0.030202067 0.0 0.0
-2.95564e-5 -9.3336e-6 0.0300639505 0.0 0.0
-2.87786e-5 -9.3336e-6 0.0304708791 0.0 0.0
-2.80008e-5 -9.3336e-6 0.030460922 0.0 0.0
-2.7223e-5 -9.3336e-6 0.0276611226 0.0 0.0
-2.64452e-5 -9.3336e-6 0.026543384 0.0 0.0
-2.56674e-5 -9.3336e-6 0.0226764389 0.0 0.0
-2.48896e-5 -9.3336e-6 0.0178165495 0.0 0.0
-2.41118e-5 -9.3336e-6 0.0177889398 0.0 0.0
-2.3334e-5 -9.3336e-6 0.0140657441 0.0 0.0
-2.25562e-5 -9.3336e-6 0.0074294366 0.0 0.0
-2.17784e-5 -9.3336e-6 0.0085750687 0.0 0.0
-2.10006e-5 -9.3336e-6 0.0079280332 0.0 0.0
-2.02228e-5 -9.3336e-6 0.0093255194 0.0 0.0
-1.9445e-5 -9.3336e-6 0.009741813 0.0 0.0
-1.86672e-5 -9.3336e-6 0.0043572332 0.0 0.0
-1.78894e-5 -9.3336e-6 0.0016681754 0.0 0.0
-1.71116e-5 -9.3336e-6 0.0005424667 0.0 0.0
-1.63338e-5 -9.3336e-6 0.0002283142 0.0 0.0
-1.5556e-5 -9.3336e-6 0.001280858 0.0 0.0
-1.47782e-5 -9.3336e-6 0.0001764402 0.0 0.0
-1.40004e-5 -9.3336e-6 0.0006109836 0.0 0.0
-1.32226e-5 -9.3336e-6 0.0001872861 0.0 0.0
-1.24448e-5 -9.3336e-6 3.00109e-5 0.0 0.0
-1.1667e-5 -9.3336e-6 0.0002568633 0.0 0.0
-1.08892e-5 -9.3336e-6 0.0005787151 0.0 0.0
-1.01114e-5 -9.3336e-6 9.60477e-5 0.0 0.0
-9.3336e-6 -9.3336e-6 0.0002324211 0.0 0.0
-8.5558e-6 -9.3336e-6 0.0004052169 0.0 0.0
-7.778e-6 -9.3336e-6 0.0004061731 0.0 0.0
-7.0002e-6 -9.3336e-6 0.0003471787 0.0 0.0
-6.2224e-6 -9.3336e-6 0.0002251894 0.0 0.0
-5.4446e-6 -9.3336e-6 0.0001240831 0.0 0.0
-4.6668e-6 -9.3336e-6 0.0001200171 0.0 0.0
-3.889e-6 -9.3336e-6 0.0002631459 0.0 0.0
-3.1112e-6 -9.3336e-6 0.0003685483 0.0 0.0
-2.3334e-6 -9.3336e-6 0.0004687848 0.0 0.0
-1.5556e-6 -9.3336e-6 0.0003452574 0.0 0.0
-7.778e-7 -9.3336e-6 0.0003896947 0.0 0.0
0.0 -9.3336e-6 0.000313453 0.0 0.0
7.778e-7 -9.3336e-6 0.000251308 0.0 0.0
1.5556e-6 -9.3336e-6 0.0002675365 0.0 0.0
2.3334e-6 -9.3336e-6 0.0002046953 0.0 0.0
3.1112e-6 -9.3336e-6 0.000156292 0.0 0.0
3.889e-6 -9.3336e-6 0.0002345099 0.0 0.0
4.6668e-6 -9.3336e-6 0.0002148095 0.0 0.0
5.4446e-6 -9.3336e-6 0.0001730342 0.0 0.0
6.2224e-6 -9.3336e-6 0.0002174183 0.0 0.0
7.0002e-6 -9.3336e-6 0.0001953459 0.0 0.0
7.778e-6 -9.3336e-6 0.000182392 0.0 0.0
8.5558e-6 -9.3336e-6 0.0001134967 0.0 0.0
9.3336e-6 -9.3336e-6 0.0001182484 0.0 0.0
1.01114e-5 -9.3336e-6 7.65731e-5 0.0 0.0
1.08892e-5 -9.3336e-6 3.73396e-5 0.0 0.0
1.1667e-5 -9.3336e-6 7.00992e-5 0.0 0.0
1.24448e-5 -9.3336e-6 2.08051e-5 0.0 0.0
1.32226e-5 -9.3336e-6 5.46972e-5 0.0 0.0
1.40004e-5 -9.3336e-6 1.71728e-5 0.0 0.0
1.47782e-5 -9.3336e-6 4.65305e-5 0.0 0.0
1.5556e-5 -9.3336e-6 9.6328e-6 0.0 0.0
1.63338e-5 -9.3336e-6 3.23164e-5 0.0 0.0
1.71116e-5 -9.3336e-6 5.95583e-5 0.0 0.0
1.78894e-5 -9.3336e-6 2.27375e-5 0.0 0.0
1.86672e-5 -9.3336e-6 4.27587e-5 0.0 0.0
-9.72251e-5 -8.5558e-6 8.85107e-5 0.0 0.0
-9.64473e-5 -8.5558e-6 0.0007867193 0.0 0.0
-9.56695e-5 -8.5558e-6 0.000464385 0.0 0.0
-9.48917e-5 -8.5558e-6 0.0004383961 0.0 0.0
-9.41139e-5 -8.5558e-6 0.0001338705 0.0 0.0
-9.33361e-5 -8.5558e-6 0.0008622031 0.0 0.0
-9.25583e-5 -8.5558e-6 0.0004309584 0.0 0.0
-9.17805e-5 -8.5558e-6 0.0002424472 0.0 0.0
-9.10027e-5 -8.5558e-6 0.0008003731 0.0 0.0
-9.02249e-5 -8.5558e-6 0.0005548231 0.0 0.0
-8.94471e-5 -8.5558e-6 0.0003173428 0.0 0.0
-8.86693e-5 -8.5558e-6 0.0009183967 0.0 0.0
-8.78915e-5 -8.5558e-6 0.0006347178 0.0 0.0
-8.71137e-5 -8.5558e-6 0.0003374079 0.0 0.0
-8.63359e-5 -8.5558e-6 0.0007750557 0.0 0.0
-8.55581e-5 -8.5558e-6 0.0007767094 0.0 0.0
-8.47803e-5 -8.5558e-6 0.0017252783 0.0 0.0
-8.40025e-5 -8.5558e-6 0.0021263166 0.0 0.0
-8.32246e-5 -8.5558e-6 0.0021459553 0.0 0.0
-8.24468e-5 -8.5558e-6 0.003666137 0.0 0.0
-8.1669e-5 -8.5558e-6 0.0034525293 0.0 0.0
-8.08912e-5 -8.5558e-6 0.0067357219 0.0 0.0
-8.01134e-5 -8.5558e-6 0.006738326 0.0 0.0
-7.93356e-5 -8.5558e-6 0.0075525158 0.0 0.0
-7.85578e-5 -8.5558e-6 0.0074226285 0.0 0.0
-7.778e-5 -8.5558e-6 0.0070596592 0.0 0.0
-7.70022e-5 -8.5558e-6 0.008068844 0.0 0.0
-7.62244e-5 -8.5558e-6 0.0087673814 0.0 0.0
-7.54466e-5 -8.5558e-6 0.0111668671 0.0 0.0
-7.46688e-5 -8.5558e-6 0.0129600065 0.0 0.0
-7.3891e-5 -8.5558e-6 0.017277495 0.0 0.0
-7.31132e-5 -8.5558e-6 0.0129105224 0.0 0.0
-7.23354e-5 -8.5558e-6 0.0109474752 0.0 0.0
-7.15576e-5 -8.5558e-6 0.0113542898 0.0 0.0
-7.07798e-5 -8.5558e-6 0.0109477834 0.0 0.0
-7.0002e-5 -8.5558e-6 0.0137478259 0.0 0.0
-6.92242e-5 -8.5558e-6 0.017778454 0.0 0.0
-6.84464e-5 -8.5558e-6 0.0163303709 0.0 0.0
-6.76686e-5 -8.5558e-6 0.0190058141 0.0 0.0
-6.68908e-5 -8.5558e-6 0.0176231121 0.0 0.0
-6.6113e-5 -8.5558e-6 0.020471488 0.0 0.0
-6.53352e-5 -8.5558e-6 0.0220800819 0.0 0.0
-6.45574e-5 -8.5558e-6 0.0162786118 0.0 0.0
-6.37796e-5 -8.5558e-6 0.0139021217 0.0 0.0
-6.30018e-5 -8.5558e-6 0.0137256651 0.0 0.0
-6.2224e-5 -8.5558e-6 0.014419904 0.0 0.0
-6.14462e-5 -8.5558e-6 0.0124390203 0.0 0.0
-6.06684e-5 -8.5558e-6 0.012921042 0.0 0.0
-5.98906e-5 -8.5558e-6 0.0130217556 0.0 0.0
-5.91128e-5 -8.5558e-6 0.0125533184 0.0 0.0
-5.8335e-5 -8.5558e-6 0.0118784229 0.0 0.0
-5.75572e-5 -8.5558e-6 0.0151192744 0.0 0.0
-5.67794e-5 -8.5558e-6 0.0125441255 0.0 0.0
-5.60016e-5 -8.5558e-6 0.0105436235 0.0 0.0
-5.52238e-5 -8.5558e-6 0.0122170454 0.0 0.0
-5.4446e-5 -8.5558e-6 0.0169928021 0.0 0.0
-5.36682e-5 -8.5558e-6 0.0201991538 0.0 0.0
-5.28904e-5 -8.5558e-6 0.0341893883 0.0 0.0
-5.21126e-5 -8.5558e-6 0.0349921798 0.0 0.0
-5.13348e-5 -8.5558e-6 0.0353755379 0.0 0.0
-5.0557e-5 -8.5558e-6 0.0327527872 0.0 0.0
-4.97792e-5 -8.5558e-6 0.0314533824 0.0 0.0
-4.90014e-5 -8.5558e-6 0.029849063 0.0 0.0
-4.82236e-5 -8.5558e-6 0.0285861566 0.0 0.0
-4.74458e-5 -8.5558e-6 0.0258052628 0.0 0.0
-4.6668e-5 -8.5558e-6 0.0250520111 0.0 0.0
-4.58902e-5 -8.5558e-6 0.0234174214 0.0 0.0
-4.51124e-5 -8.5558e-6 0.0238938872 0.0 0.0
-4.43346e-5 -8.5558e-6 0.0246618972 0.0 0.0
-4.35568e-5 -8.5558e-6 0.0222974583 0.0 0.0
-4.2779e-5 -8.5558e-6 0.0212121283 0.0 0.0
-4.20012e-5 -8.5558e-6 0.0171977083 0.0 0.0
-4.12234e-5 -8.5558e-6 0.0199332574 0.0 0.0
-4.04456e-5 -8.5558e-6 0.017971411 0.0 0.0
-3.96678e-5 -8.5558e-6 0.0140353516 0.0 0.0
-3.889e-5 -8.5558e-6 0.0161868126 0.0 0.0
-3.81122e-5 -8.5558e-6 0.0174665811 0.0 0.0
-3.73344e-5 -8.5558e-6 0.0169352633 0.0 0.0
-3.65566e-5 -8.5558e-6 0.0175904252 0.0 0.0
-3.57788e-5 -8.5558e-6 0.0177322934 0.0 0.0
-3.5001e-5 -8.5558e-6 0.0178295831 0.0 0.0
-3.42232e-5 -8.5558e-6 0.0168417258 0.0 0.0
-3.34454e-5 -8.5558e-6 0.0162242129 0.0 0.0
-3.26676e-5 -8.5558e-6 0.0150013267 0.0 0.0
-3.18898e-5 -8.5558e-6 0.019515946 0.0 0.0
-3.1112e-5 -8.5558e-6 0.0215645984 0.0 0.0
-3.03342e-5 -8.5558e-6 0.0248503195 0.0 0.0
-2.95564e-5 -8.5558e-6 0.0241901622 0.0 0.0
-2.87786e-5 -8.5558e-6 0.0238166338 0.0 0.0
-2.80008e-5 -8.5558e-6 0.0237441791 0.0 0.0
-2.7223e-5 -8.5558e-6 0.0209272348 0.0 0.0
-2.64452e-5 -8.5558e-6 0.0180368505 0.0 0.0
-2.56674e-5 -8.5558e-6 0.017423431 0.0 0.0
-2.48896e-5 -8.5558e-6 0.0085586619 0.0 0.0
-2.41118e-5 -8.5558e-6 0.0061463191 0.0 0.0
-2.3334e-5 -8.5558e-6 0.0070220498 0.0 0.0
-2.25562e-5 -8.5558e-6 0.0045568844 0.0 0.0
-2.17784e-5 -8.5558e-6 0.0041737856 0.0 0.0
-2.10006e-5 -8.5558e-6 0.0076253691 0.0 0.0
-2.02228e-5 -8.5558e-6 0.0070179 0.0 0.0
-1.9445e-5 -8.5558e-6 0.00563005 0.0 0.0
-1.86672e-5 -8.5558e-6 0.002111269 0.0 0.0
-1.78894e-5 -8.5558e-6 0.0005610138 0.0 0.0
-1.71116e-5 -8.5558e-6 0.0002218569 0.0 0.0
-1.63338e-5 -8.5558e-6 0.0007108783 0.0 0.0
-1.5556e-5 -8.5558e-6 0.0001175871 0.0 0.0
-1.47782e-5 -8.5558e-6 0.0010038508 0.0 0.0
-1.40004e-5 -8.5558e-6 7.09761e-5 0.0 0.0
-1.32226e-5 -8.5558e-6 0.0008797217 0.0 0.0
-1.24448e-5 -8.5558e-6 0.0002431683 0.0 0.0
-1.1667e-5 -8.5558e-6 0.0005214922 0.0 0.0
-1.08892e-5 -8.5558e-6 0.000786397 0.0 0.0
-1.01114e-5 -8.5558e-6 0.0001421149 0.0 0.0
-9.3336e-6 -8.5558e-6 0.0003392606 0.0 0.0
-8.5558e-6 -8.5558e-6 0.0008843753 0.0 0.0
-7.778e-6 -8.5558e-6 0.0007416146 0.0 0.0
-7.0002e-6 -8.5558e-6 0.0002680036 0.0 0.0
-6.2224e-6 -8.5558e-6 0.0005343205 0.0 0.0
-5.4446e-6 -8.5558e-6 0.0001727831 0.0 0.0
-4.6668e-6 -8.5558e-6 0.0003363711 0.0 0.0
-3.889e-6 -8.5558e-6 0.0004484744 0.0 0.0
-3.1112e-6 -8.5558e-6 0.0005305404 0.0 0.0
-2.3334e-6 -8.5558e-6 0.0004077274 0.0 0.0
-1.5556e-6 -8.5558e-6 0.0004493742 0.0 0.0
-7.778e-7 -8.5558e-6 0.0003781 0.0 0.0
0.0 -8.5558e-6 0.0002772647 0.0 0.0
7.778e-7 -8.5558e-6 0.0002240194 0.0 0.0
1.5556e-6 -8.5558e-6 0.000268773 0.0 0.0
2.3334e-6 -8.5558e-6 0.0002160584 0.0 0.0
3.1112e-6 -8.5558e-6 0.0001865205 0.0 0.0
3.889e-6 -8.5558e-6 0.0001536775 0.0 0.0
4.6668e-6 -8.5558e-6 0.0002197711 0.0 0.0
5.4446e-6 -8.5558e-6 0.0001688552 0.0 0.0
6.2224e-6 -8.5558e-6 0.0001254619 0.0 0.0
7.0002e-6 -8.5558e-6 0.0001074874 0.0 0.0
7.778e-6 -8.5558e-6 0.0001717761 0.0 0.0
8.5558e-6 -8.5558e-6 0.0001216244 0.0 0.0
9.3336e-6 -8.5558e-6 0.0001163703 0.0 0.0
1.01114e-5 -8.5558e-6 5.87441e-5 0.0 0.0
1.08892e-5 -8.5558e-6 2.82435e-5 0.0 0.0
1.1667e-5 -8.5558e-6 4.48365e-5 0.0 0.0
1.24448e-5 -8.5558e-6 8.8705e-6 0.0 0.0
1.32226e-5 -8.5558e-6 4.19188e-5 0.0 0.0
1.40004e-5 -8.5558e-6 8.0046e-6 0.0 0.0
1.47782e-5 -8.5558e-6 2.14047e-5 0.0 0.0
1.5556e-5 -8.5558e-6 6.25667e-5 0.0 0.0
1.63338e-5 -8.5558e-6 2.04571e-5 0.0 0.0
1.71116e-5 -8.5558e-6 4.13909e-5 0.0 0.0
1.78894e-5 -8.5558e-6 1.91195e-5 0.0 0.0
1.86672e-5 -8.5558e-6 3.04921e-5 0.0 0.0
-9.72251e-5 -7.778e-6 0.0001853158 0.0 0.0
-9.64473e-5 -7.778e-6 0.0006217863 0.0 0.0
-9.56695e-5 -7.778e-6 0.000484462 0.0 0.0
-9.48917e-5 -7.778e-6 0.0003339096 0.0 0.0
-9.41139e-5 -7.778e-6 0.0008303358 0.0 0.0
-9.33361e-5 -7.778e-6 0.000737351 0.0 0.0
-9.25583e-5 -7.778e-6 0.0004034723 0.0 0.0
-9.17805e-5 -7.778e-6 0.0002447105 0.0 0.0
-9.10027e-5 -7.778e-6 0.0006907566 0.0 0.0
-9.02249e-5 -7.778e-6 0.0005225848 0.0 0.0
-8.94471e-5 -7.778e-6 0.001017038 0.0 0.0
-8.86693e-5 -7.778e-6 0.0008753427 0.0 0.0
-8.78915e-5 -7.778e-6 0.0005579687 0.0 0.0
-8.71137e-5 -7.778e-6 0.0012206632 0.0 0.0
-8.63359e-5 -7.778e-6 0.000799582 0.0 0.0
-8.55581e-5 -7.778e-6 0.0005343927 0.0 0.0
-8.47803e-5 -7.778e-6 0.0015212014 0.0 0.0
-8.40025e-5 -7.778e-6 0.0015300477 0.0 0.0
-8.32246e-5 -7.778e-6 0.0015295357 0.0 0.0
-8.24468e-5 -7.778e-6 0.002970756 0.0 0.0
-8.1669e-5 -7.778e-6 0.0032315958 0.0 0.0
-8.08912e-5 -7.778e-6 0.0059617567 0.0 0.0
-8.01134e-5 -7.778e-6 0.0074298786 0.0 0.0
-7.93356e-5 -7.778e-6 0.0072871475 0.0 0.0
-7.85578e-5 -7.778e-6 0.0074461901 0.0 0.0
-7.778e-5 -7.778e-6 0.0080712998 0.0 0.0
-7.70022e-5 -7.778e-6 0.0078613155 0.0 0.0
-7.62244e-5 -7.778e-6 0.0078262799 0.0 0.0
-7.54466e-5 -7.778e-6 0.009815055 0.0 0.0
-7.46688e-5 -7.778e-6 0.011110969 0.0 0.0
-7.3891e-5 -7.778e-6 0.0147411641 0.0 0.0
-7.31132e-5 -7.778e-6 0.0174106078 0.0 0.0
-7.23354e-5 -7.778e-6 0.0151875644 0.0 0.0
-7.15576e-5 -7.778e-6 0.0114439683 0.0 0.0
-7.07798e-5 -7.778e-6 0.0109924494 0.0 0.0
-7.0002e-5 -7.778e-6 0.0112658608 0.0 0.0
-6.92242e-5 -7.778e-6 0.0148987587 0.0 0.0
-6.84464e-5 -7.778e-6 0.0186901251 0.0 0.0
-6.76686e-5 -7.778e-6 0.0163464432 0.0 0.0
-6.68908e-5 -7.778e-6 0.0188060771 0.0 0.0
-6.6113e-5 -7.778e-6 0.0172262923 0.0 0.0
-6.53352e-5 -7.778e-6 0.0199480289 0.0 0.0
-6.45574e-5 -7.778e-6 0.0203425944 0.0 0.0
-6.37796e-5 -7.778e-6 0.0242722089 0.0 0.0
-6.30018e-5 -7.778e-6 0.0140015218 0.0 0.0
-6.2224e-5 -7.778e-6 0.0089101656 0.0 0.0
-6.14462e-5 -7.778e-6 0.0146264292 0.0 0.0
-6.06684e-5 -7.778e-6 0.0143141824 0.0 0.0
-5.98906e-5 -7.778e-6 0.0135462374 0.0 0.0
-5.91128e-5 -7.778e-6 0.0118562521 0.0 0.0
-5.8335e-5 -7.778e-6 0.0171598136 0.0 0.0
-5.75572e-5 -7.778e-6 0.0152627691 0.0 0.0
-5.67794e-5 -7.778e-6 0.0134430225 0.0 0.0
-5.60016e-5 -7.778e-6 0.0152173215 0.0 0.0
-5.52238e-5 -7.778e-6 0.0129698955 0.0 0.0
-5.4446e-5 -7.778e-6 0.0101007487 0.0 0.0
-5.36682e-5 -7.778e-6 0.0196915082 0.0 0.0
-5.28904e-5 -7.778e-6 0.0221114617 0.0 0.0
-5.21126e-5 -7.778e-6 0.0279944242 0.0 0.0
-5.13348e-5 -7.778e-6 0.0372177505 0.0 0.0
-5.0557e-5 -7.778e-6 0.0352177399 0.0 0.0
-4.97792e-5 -7.778e-6 0.0337882978 0.0 0.0
-4.90014e-5 -7.778e-6 0.03438592 0.0 0.0
-4.82236e-5 -7.778e-6 0.0333303565 0.0 0.0
-4.74458e-5 -7.778e-6 0.0306913287 0.0 0.0
-4.6668e-5 -7.778e-6 0.0304641115 0.0 0.0
-4.58902e-5 -7.778e-6 0.0279025681 0.0 0.0
-4.51124e-5 -7.778e-6 0.0280503329 0.0 0.0
-4.43346e-5 -7.778e-6 0.0271666401 0.0 0.0
-4.35568e-5 -7.778e-6 0.0265522956 0.0 0.0
-4.2779e-5 -7.778e-6 0.0259058928 0.0 0.0
-4.20012e-5 -7.778e-6 0.0237944204 0.0 0.0
-4.12234e-5 -7.778e-6 0.0229388067 0.0 0.0
-4.04456e-5 -7.778e-6 0.021978151 0.0 0.0
-3.96678e-5 -7.778e-6 0.0191025584 0.0 0.0
-3.889e-5 -7.778e-6 0.0206989988 0.0 0.0
-3.81122e-5 -7.778e-6 0.0214151105 0.0 0.0
-3.73344e-5 -7.778e-6 0.0181302233 0.0 0.0
-3.65566e-5 -7.778e-6 0.0170427426 0.0 0.0
-3.57788e-5 -7.778e-6 0.0173510198 0.0 0.0
-3.5001e-5 -7.778e-6 0.0154206799 0.0 0.0
-3.42232e-5 -7.778e-6 0.0139211736 0.0 0.0
-3.34454e-5 -7.778e-6 0.0138335429 0.0 0.0
-3.26676e-5 -7.778e-6 0.0116494251 0.0 0.0
-3.18898e-5 -7.778e-6 0.0105985895 0.0 0.0
-3.1112e-5 -7.778e-6 0.0113246658 0.0 0.0
-3.03342e-5 -7.778e-6 0.0108931001 0.0 0.0
-2.95564e-5 -7.778e-6 0.0111172718 0.0 0.0
-2.87786e-5 -7.778e-6 0.0109999231 0.0 0.0
-2.80008e-5 -7.778e-6 0.0119886636 0.0 0.0
-2.7223e-5 -7.778e-6 0.0103276268 0.0 0.0
-2.64452e-5 -7.778e-6 0.0086480699 0.0 0.0
-2.56674e-5 -7.778e-6 0.0053836178 0.0 0.0
-2.48896e-5 -7.778e-6 0.0064377528 0.0 0.0
-2.41118e-5 -7.778e-6 0.0056410769 0.0 0.0
-2.3334e-5 -7.778e-6 0.0035954968 0.0 0.0
-2.25562e-5 -7.778e-6 0.0035963614 0.0 0.0
-2.17784e-5 -7.778e-6 0.0070153526 0.0 0.0
-2.10006e-5 -7.778e-6 0.0077108011 0.0 0.0
-2.02228e-5 -7.778e-6 0.0072786231 0.0 0.0
-1.9445e-5 -7.778e-6 0.0020507111 0.0 0.0
-1.86672e-5 -7.778e-6 0.000251821 0.0 0.0
-1.78894e-5 -7.778e-6 0.0002615517 0.0 0.0
-1.71116e-5 -7.778e-6 0.0006950504 0.0 0.0
-1.63338e-5 -7.778e-6 7.4261e-5 0.0 0.0
-1.5556e-5 -7.778e-6 0.0006958809 0.0 0.0
-1.47782e-5 -7.778e-6 8.20478e-5 0.0 0.0
-1.40004e-5 -7.778e-6 0.0006360716 0.0 0.0
-1.32226e-5 -7.778e-6 0.0001119902 0.0 0.0
-1.24448e-5 -7.778e-6 0.000351667 0.0 0.0
-1.1667e-5 -7.778e-6 0.0006245236 0.0 0.0
-1.08892e-5 -7.778e-6 0.000758216 0.0 0.0
-1.01114e-5 -7.778e-6 0.0008079018 0.0 0.0
-9.3336e-6 -7.778e-6 0.0007039654 0.0 0.0
-8.5558e-6 -7.778e-6 0.0006974802 0.0 0.0
-7.778e-6 -7.778e-6 0.0006217484 0.0 0.0
-7.0002e-6 -7.778e-6 0.0005569836 0.0 0.0
-6.2224e-6 -7.778e-6 0.0005802234 0.0 0.0
-5.4446e-6 -7.778e-6 0.00040466 0.0 0.0
-4.6668e-6 -7.778e-6 0.0005011174 0.0 0.0
-3.889e-6 -7.778e-6 0.0003677355 0.0 0.0
-3.1112e-6 -7.778e-6 0.0004596806 0.0 0.0
-2.3334e-6 -7.778e-6 0.0003735972 0.0 0.0
-1.5556e-6 -7.778e-6 0.0002956654 0.0 0.0
-7.778e-7 -7.778e-6 0.0003475314 0.0 0.0
0.0 -7.778e-6 0.0002692498 0.0 0.0
7.778e-7 -7.778e-6 0.0002059473 0.0 0.0
1.5556e-6 -7.778e-6 0.0001552321 0.0 0.0
2.3334e-6 -7.778e-6 0.0002296176 0.0 0.0
3.1112e-6 -7.778e-6 0.0002028137 0.0 0.0
3.889e-6 -7.778e-6 0.0001553213 0.0 0.0
4.6668e-6 -7.778e-6 0.0002142089 0.0 0.0
5.4446e-6 -7.778e-6 0.0001716353 0.0 0.0
6.2224e-6 -7.778e-6 0.0001199985 0.0 0.0
7.0002e-6 -7.778e-6 0.0001999763 0.0 0.0
7.778e-6 -7.778e-6 0.0001616604 0.0 0.0
8.5558e-6 -7.778e-6 0.0001266238 0.0 0.0
9.3336e-6 -7.778e-6 8.35521e-5 0.0 0.0
1.01114e-5 -7.778e-6 3.90763e-5 0.0 0.0
1.08892e-5 -7.778e-6 7.97382e-5 0.0 0.0
1.1667e-5 -7.778e-6 3.90118e-5 0.0 0.0
1.24448e-5 -7.778e-6 6.48281e-5 0.0 0.0
1.32226e-5 -7.778e-6 1.5503e-5 0.0 0.0
1.40004e-5 -7.778e-6 6.26365e-5 0.0 0.0
1.47782e-5 -7.778e-6 1.33872e-5 0.0 0.0
1.5556e-5 -7.778e-6 5.19104e-5 0.0 0.0
1.63338e-5 -7.778e-6 1.09774e-5 0.0 0.0
1.71116e-5 -7.778e-6 3.25749e-5 0.0 0.0
1.78894e-5 -7.778e-6 4.69801e-5 0.0 0.0
1.86672e-5 -7.778e-6 5.38405e-5 0.0 0.0
-9.72251e-5 -7.0002e-6 0.0002024337 0.0 0.0
-9.64473e-5 -7.0002e-6 0.0007905213 0.0 0.0
-9.56695e-5 -7.0002e-6 0.0005564992 0.0 0.0
-9.48917e-5 -7.0002e-6 0.0003191543 0.0 0.0
-9.41139e-5 -7.0002e-6 9.99585e-5 0.0 0.0
-9.33361e-5 -7.0002e-6 0.0007549413 0.0 0.0
-9.25583e-5 -7.0002e-6 0.0004626843 0.0 0.0
-9.17805e-5 -7.0002e-6 0.0001685376 0.0 0.0
-9.10027e-5 -7.0002e-6 0.000556023 0.0 0.0
-9.02249e-5 -7.0002e-6 0.0003552555 0.0 0.0
-8.94471e-5 -7.0002e-6 0.0008476106 0.0 0.0
-8.86693e-5 -7.0002e-6 0.0008147225 0.0 0.0
-8.78915e-5 -7.0002e-6 0.0004910196 0.0 0.0
-8.71137e-5 -7.0002e-6 0.0012185448 0.0 0.0
-8.63359e-5 -7.0002e-6 0.0006617746 0.0 0.0
-8.55581e-5 -7.0002e-6 0.0005086679 0.0 0.0
-8.47803e-5 -7.0002e-6 0.0012805566 0.0 0.0
-8.40025e-5 -7.0002e-6 0.0010923737 0.0 0.0
-8.32246e-5 -7.0002e-6 0.0023453515 0.0 0.0
-8.24468e-5 -7.0002e-6 0.0027681068 0.0 0.0
-8.1669e-5 -7.0002e-6 0.0028144583 0.0 0.0
-8.08912e-5 -7.0002e-6 0.0044620127 0.0 0.0
-8.01134e-5 -7.0002e-6 0.0070282852 0.0 0.0
-7.93356e-5 -7.0002e-6 0.0080562708 0.0 0.0
-7.85578e-5 -7.0002e-6 0.0077603489 0.0 0.0
-7.778e-5 -7.0002e-6 0.0073261356 0.0 0.0
-7.70022e-5 -7.0002e-6 0.0078163703 0.0 0.0
-7.62244e-5 -7.0002e-6 0.0074002952 0.0 0.0
-7.54466e-5 -7.0002e-6 0.0089853259 0.0 0.0
-7.46688e-5 -7.0002e-6 0.0095102758 0.0 0.0
-7.3891e-5 -7.0002e-6 0.0112942058 0.0 0.0
-7.31132e-5 -7.0002e-6 0.0147667705 0.0 0.0
-7.23354e-5 -7.0002e-6 0.0179812359 0.0 0.0
-7.15576e-5 -7.0002e-6 0.015498338 0.0 0.0
-7.07798e-5 -7.0002e-6 0.0083411081 0.0 0.0
-7.0002e-5 -7.0002e-6 0.0117199422 0.0 0.0
-6.92242e-5 -7.0002e-6 0.012398309 0.0 0.0
-6.84464e-5 -7.0002e-6 0.0160492497 0.0 0.0
-6.76686e-5 -7.0002e-6 0.0184828526 0.0 0.0
-6.68908e-5 -7.0002e-6 0.0170340666 0.0 0.0
-6.6113e-5 -7.0002e-6 0.0190473736 0.0 0.0
-6.53352e-5 -7.0002e-6 0.0173666178 0.0 0.0
-6.45574e-5 -7.0002e-6 0.0192019621 0.0 0.0
-6.37796e-5 -7.0002e-6 0.019619081 0.0 0.0
-6.30018e-5 -7.0002e-6 0.0250011253 0.0 0.0
-6.2224e-5 -7.0002e-6 0.0224748529 0.0 0.0
-6.14462e-5 -7.0002e-6 0.014546701 0.0 0.0
-6.06684e-5 -7.0002e-6 0.0150905071 0.0 0.0
-5.98906e-5 -7.0002e-6 0.0150722914 0.0 0.0
-5.91128e-5 -7.0002e-6 0.0133739359 0.0 0.0
-5.8335e-5 -7.0002e-6 0.0173488435 0.0 0.0
-5.75572e-5 -7.0002e-6 0.0160061456 0.0 0.0
-5.67794e-5 -7.0002e-6 0.013076517 0.0 0.0
-5.60016e-5 -7.0002e-6 0.0158660687 0.0 0.0
-5.52238e-5 -7.0002e-6 0.0129668092 0.0 0.0
-5.4446e-5 -7.0002e-6 0.0151588082 0.0 0.0
-5.36682e-5 -7.0002e-6 0.0128647934 0.0 0.0
-5.28904e-5 -7.0002e-6 0.0173355385 0.0 0.0
-5.21126e-5 -7.0002e-6 0.0244148095 0.0 0.0
-5.13348e-5 -7.0002e-6 0.0267637623 0.0 0.0
-5.0557e-5 -7.0002e-6 0.0290734752 0.0 0.0
-4.97792e-5 -7.0002e-6 0.0352715061 0.0 0.0
-4.90014e-5 -7.0002e-6 0.0341879531 0.0 0.0
-4.82236e-5 -7.0002e-6 0.0367912224 0.0 0.0
-4.74458e-5 -7.0002e-6 0.0357342438 0.0 0.0
-4.6668e-5 -7.0002e-6 0.0345544711 0.0 0.0
-4.58902e-5 -7.0002e-6 0.0325738575 0.0 0.0
-4.51124e-5 -7.0002e-6 0.030808703 0.0 0.0
-4.43346e-5 -7.0002e-6 0.0318384739 0.0 0.0
-4.35568e-5 -7.0002e-6 0.0317181872 0.0 0.0
-4.2779e-5 -7.0002e-6 0.0291070325 0.0 0.0
-4.20012e-5 -7.0002e-6 0.0280124502 0.0 0.0
-4.12234e-5 -7.0002e-6 0.0281189559 0.0 0.0
-4.04456e-5 -7.0002e-6 0.0255650099 0.0 0.0
-3.96678e-5 -7.0002e-6 0.0241260348 0.0 0.0
-3.889e-5 -7.0002e-6 0.0220966242 0.0 0.0
-3.81122e-5 -7.0002e-6 0.0221283529 0.0 0.0
-3.73344e-5 -7.0002e-6 0.0187211311 0.0 0.0
-3.65566e-5 -7.0002e-6 0.0179011667 0.0 0.0
-3.57788e-5 -7.0002e-6 0.0166951741 0.0 0.0
-3.5001e-5 -7.0002e-6 0.0161272778 0.0 0.0
-3.42232e-5 -7.0002e-6 0.0110068568 0.0 0.0
-3.34454e-5 -7.0002e-6 0.0100023815 0.0 0.0
-3.26676e-5 -7.0002e-6 0.0087608776 0.0 0.0
-3.18898e-5 -7.0002e-6 0.0122358399 0.0 0.0
-3.1112e-5 -7.0002e-6 0.0125832174 0.0 0.0
-3.03342e-5 -7.0002e-6 0.0125618186 0.0 0.0
-2.95564e-5 -7.0002e-6 0.0104236567 0.0 0.0
-2.87786e-5 -7.0002e-6 0.0092823918 0.0 0.0
-2.80008e-5 -7.0002e-6 0.0083158781 0.0 0.0
-2.7223e-5 -7.0002e-6 0.0084213416 0.0 0.0
-2.64452e-5 -7.0002e-6 0.0073875515 0.0 0.0
-2.56674e-5 -7.0002e-6 0.0057799806 0.0 0.0
-2.48896e-5 -7.0002e-6 0.0035887514 0.0 0.0
-2.41118e-5 -7.0002e-6 0.003447203 0.0 0.0
-2.3334e-5 -7.0002e-6 0.0053659431 0.0 0.0
-2.25562e-5 -7.0002e-6 0.0074890851 0.0 0.0
-2.17784e-5 -7.0002e-6 0.0103992461 0.0 0.0
-2.10006e-5 -7.0002e-6 0.0082819641 0.0 0.0
-2.02228e-5 -7.0002e-6 0.0020926505 0.0 0.0
-1.9445e-5 -7.0002e-6 0.0002830458 0.0 0.0
-1.86672e-5 -7.0002e-6 0.0011266461 0.0 0.0
-1.78894e-5 -7.0002e-6 0.0005961056 0.0 0.0
-1.71116e-5 -7.0002e-6 6.84711e-5 0.0 0.0
-1.63338e-5 -7.0002e-6 0.0003971204 0.0 0.0
-1.5556e-5 -7.0002e-6 9.80494e-5 0.0 0.0
-1.47782e-5 -7.0002e-6 0.0004503096 0.0 0.0
-1.40004e-5 -7.0002e-6 0.0001203393 0.0 0.0
-1.32226e-5 -7.0002e-6 0.0002009069 0.0 0.0
-1.24448e-5 -7.0002e-6 0.0003896107 0.0 0.0
-1.1667e-5 -7.0002e-6 0.0005168743 0.0 0.0
-1.08892e-5 -7.0002e-6 0.0005891543 0.0 0.0
-1.01114e-5 -7.0002e-6 0.0007115536 0.0 0.0
-9.3336e-6 -7.0002e-6 0.0011454161 0.0 0.0
-8.5558e-6 -7.0002e-6 0.0006233522 0.0 0.0
-7.778e-6 -7.0002e-6 0.0006010564 0.0 0.0
-7.0002e-6 -7.0002e-6 0.000667335 0.0 0.0
-6.2224e-6 -7.0002e-6 0.0004663704 0.0 0.0
-5.4446e-6 -7.0002e-6 0.0005661718 0.0 0.0
-4.6668e-6 -7.0002e-6 0.0004485797 0.0 0.0
-3.889e-6 -7.0002e-6 0.0005398006 0.0 0.0
-3.1112e-6 -7.0002e-6 0.0004279992 0.0 0.0
-2.3334e-6 -7.0002e-6 0.0003864626 0.0 0.0
-1.5556e-6 -7.0002e-6 0.0004203597 0.0 0.0
-7.778e-7 -7.0002e-6 0.0003362904 0.0 0.0
0.0 -7.0002e-6 0.0003134934 0.0 0.0
7.778e-7 -7.0002e-6 0.0002171961 0.0 0.0
1.5556e-6 -7.0002e-6 0.0001667217 0.0 0.0
2.3334e-6 -7.0002e-6 0.000250473 0.0 0.0
3.1112e-6 -7.0002e-6 0.0002066227 0.0 0.0
3.889e-6 -7.0002e-6 0.0001343372 0.0 0.0
4.6668e-6 -7.0002e-6 0.0002314391 0.0 0.0
5.4446e-6 -7.0002e-6 0.0001595453 0.0 0.0
6.2224e-6 -7.0002e-6 0.0001284674 0.0 0.0
7.0002e-6 -7.0002e-6 9.58679e-5 0.0 0.0
7.778e-6 -7.0002e-6 0.000142417 0.0 0.0
8.5558e-6 -7.0002e-6 0.0001035827 0.0 0.0
9.3336e-6 -7.0002e-6 6.78862e-5 0.0 0.0
1.01114e-5 -7.0002e-6 2.38226e-5 0.0 0.0
1.08892e-5 -7.0002e-6 5.03277e-5 0.0 0.0
1.1667e-5 -7.0002e-6 1.74122e-5 0.0 0.0
1.24448e-5 -7.0002e-6 4.99796e-5 0.0 0.0
1.32226e-5 -7.0002e-6 1.30411e-5 0.0 0.0
1.40004e-5 -7.0002e-6 3.08083e-5 0.0 0.0
1.47782e-5 -7.0002e-6 9.6547e-6 0.0 0.0
1.5556e-5 -7.0002e-6 2.41856e-5 0.0 0.0
1.63338e-5 -7.0002e-6 4.71941e-5 0.0 0.0
1.71116e-5 -7.0002e-6 1.91388e-5 0.0 0.0
1.78894e-5 -7.0002e-6 2.78458e-5 0.0 0.0
1.86672e-5 -7.0002e-6 3.04075e-5 0.0 0.0
-9.72251e-5 -6.2224e-6 0.0003022979 0.0 0.0
-9.64473e-5 -6.2224e-6 0.0001406338 0.0 0.0
-9.56695e-5 -6.2224e-6 0.0006144636 0.0 0.0
-9.48917e-5 -6.2224e-6 0.0003880799 0.0 0.0
-9.41139e-5 -6.2224e-6 0.0001823772 0.0 0.0
-9.33361e-5 -6.2224e-6 0.0007987821 0.0 0.0
-9.25583e-5 -6.2224e-6 0.0005073293 0.0 0.0
-9.17805e-5 -6.2224e-6 0.0001426019 0.0 0.0
-9.10027e-5 -6.2224e-6 0.0007736264 0.0 0.0
-9.02249e-5 -6.2224e-6 0.0003112158 0.0 0.0
-8.94471e-5 -6.2224e-6 0.0008660215 0.0 0.0
-8.86693e-5 -6.2224e-6 0.0006352079 0.0 0.0
-8.78915e-5 -6.2224e-6 0.0006421739 0.0 0.0
-8.71137e-5 -6.2224e-6 0.0011842518 0.0 0.0
-8.63359e-5 -6.2224e-6 0.0006322386 0.0 0.0
-8.55581e-5 -6.2224e-6 0.0004340707 0.0 0.0
-8.47803e-5 -6.2224e-6 0.0010673086 0.0 0.0
-8.40025e-5 -6.2224e-6 0.0008088303 0.0 0.0
-8.32246e-5 -6.2224e-6 0.0008830417 0.0 0.0
-8.24468e-5 -6.2224e-6 0.0020430624 0.0 0.0
-8.1669e-5 -6.2224e-6 0.0022532782 0.0 0.0
-8.08912e-5 -6.2224e-6 0.0041032886 0.0 0.0
-8.01134e-5 -6.2224e-6 0.0054679788 0.0 0.0
-7.93356e-5 -6.2224e-6 0.0066402069 0.0 0.0
-7.85578e-5 -6.2224e-6 0.0080585606 0.0 0.0
-7.778e-5 -6.2224e-6 0.0078473514 0.0 0.0
-7.70022e-5 -6.2224e-6 0.0067952465 0.0 0.0
-7.62244e-5 -6.2224e-6 0.0074161535 0.0 0.0
-7.54466e-5 -6.2224e-6 0.0072905911 0.0 0.0
-7.46688e-5 -6.2224e-6 0.0085484588 0.0 0.0
-7.3891e-5 -6.2224e-6 0.0095015158 0.0 0.0
-7.31132e-5 -6.2224e-6 0.0123177569 0.0 0.0
-7.23354e-5 -6.2224e-6 0.0149928726 0.0 0.0
-7.15576e-5 -6.2224e-6 0.0181308942 0.0 0.0
-7.07798e-5 -6.2224e-6 0.0127378772 0.0 0.0
-7.0002e-5 -6.2224e-6 0.0085174633 0.0 0.0
-6.92242e-5 -6.2224e-6 0.0131646633 0.0 0.0
-6.84464e-5 -6.2224e-6 0.0135685677 0.0 0.0
-6.76686e-5 -6.2224e-6 0.0169431652 0.0 0.0
-6.68908e-5 -6.2224e-6 0.0198043622 0.0 0.0
-6.6113e-5 -6.2224e-6 0.0171222232 0.0 0.0
-6.53352e-5 -6.2224e-6 0.0188164315 0.0 0.0
-6.45574e-5 -6.2224e-6 0.0166870609 0.0 0.0
-6.37796e-5 -6.2224e-6 0.0182617548 0.0 0.0
-6.30018e-5 -6.2224e-6 0.0183531103 0.0 0.0
-6.2224e-5 -6.2224e-6 0.0236798727 0.0 0.0
-6.14462e-5 -6.2224e-6 0.0271837306 0.0 0.0
-6.06684e-5 -6.2224e-6 0.0276523376 0.0 0.0
-5.98906e-5 -6.2224e-6 0.0204871793 0.0 0.0
-5.91128e-5 -6.2224e-6 0.0209500539 0.0 0.0
-5.8335e-5 -6.2224e-6 0.0187718168 0.0 0.0
-5.75572e-5 -6.2224e-6 0.0163796496 0.0 0.0
-5.67794e-5 -6.2224e-6 0.0190809581 0.0 0.0
-5.60016e-5 -6.2224e-6 0.0166879396 0.0 0.0
-5.52238e-5 -6.2224e-6 0.0183483091 0.0 0.0
-5.4446e-5 -6.2224e-6 0.0155456204 0.0 0.0
-5.36682e-5 -6.2224e-6 0.016790225 0.0 0.0
-5.28904e-5 -6.2224e-6 0.0145568729 0.0 0.0
-5.21126e-5 -6.2224e-6 0.0151471335 0.0 0.0
-5.13348e-5 -6.2224e-6 0.0213667375 0.0 0.0
-5.0557e-5 -6.2224e-6 0.0280943612 0.0 0.0
-4.97792e-5 -6.2224e-6 0.0305257064 0.0 0.0
-4.90014e-5 -6.2224e-6 0.0302119455 0.0 0.0
-4.82236e-5 -6.2224e-6 0.0305271799 0.0 0.0
-4.74458e-5 -6.2224e-6 0.0336716062 0.0 0.0
-4.6668e-5 -6.2224e-6 0.0334789932 0.0 0.0
-4.58902e-5 -6.2224e-6 0.0340553931 0.0 0.0
-4.51124e-5 -6.2224e-6 0.0321342041 0.0 0.0
-4.43346e-5 -6.2224e-6 0.0317452915 0.0 0.0
-4.35568e-5 -6.2224e-6 0.0302366687 0.0 0.0
-4.2779e-5 -6.2224e-6 0.0294260603 0.0 0.0
-4.20012e-5 -6.2224e-6 0.0284055001 0.0 0.0
-4.12234e-5 -6.2224e-6 0.0272206562 0.0 0.0
-4.04456e-5 -6.2224e-6 0.025604819 0.0 0.0
-3.96678e-5 -6.2224e-6 0.0241173787 0.0 0.0
-3.889e-5 -6.2224e-6 0.0205725304 0.0 0.0
-3.81122e-5 -6.2224e-6 0.0188432618 0.0 0.0
-3.73344e-5 -6.2224e-6 0.0175363526 0.0 0.0
-3.65566e-5 -6.2224e-6 0.0142540986 0.0 0.0
-3.57788e-5 -6.2224e-6 0.0140851359 0.0 0.0
-3.5001e-5 -6.2224e-6 0.012831732 0.0 0.0
-3.42232e-5 -6.2224e-6 0.0100426734 0.0 0.0
-3.34454e-5 -6.2224e-6 0.0101800924 0.0 0.0
-3.26676e-5 -6.2224e-6 0.0111415509 0.0 0.0
-3.18898e-5 -6.2224e-6 0.0120245086 0.0 0.0
-3.1112e-5 -6.2224e-6 0.0105339132 0.0 0.0
-3.03342e-5 -6.2224e-6 0.0098493845 0.0 0.0
-2.95564e-5 -6.2224e-6 0.008933117 0.0 0.0
-2.87786e-5 -6.2224e-6 0.0106829121 0.0 0.0
-2.80008e-5 -6.2224e-6 0.007440945 0.0 0.0
-2.7223e-5 -6.2224e-6 0.0062117537 0.0 0.0
-2.64452e-5 -6.2224e-6 0.0054368604 0.0 0.0
-2.56674e-5 -6.2224e-6 0.0036545751 0.0 0.0
-2.48896e-5 -6.2224e-6 0.0051779125 0.0 0.0
-2.41118e-5 -6.2224e-6 0.0049363086 0.0 0.0
-2.3334e-5 -6.2224e-6 0.0067091931 0.0 0.0
-2.25562e-5 -6.2224e-6 0.0142054291 0.0 0.0
-2.17784e-5 -6.2224e-6 0.0087853439 0.0 0.0
-2.10006e-5 -6.2224e-6 0.0020147266 0.0 0.0
-2.02228e-5 -6.2224e-6 0.0002714563 0.0 0.0
-1.9445e-5 -6.2224e-6 0.0009404835 0.0 0.0
-1.86672e-5 -6.2224e-6 0.0001972381 0.0 0.0
-1.78894e-5 -6.2224e-6 0.0007986393 0.0 0.0
-1.71116e-5 -6.2224e-6 0.0002648199 0.0 0.0
-1.63338e-5 -6.2224e-6 5.03669e-5 0.0 0.0
-1.5556e-5 -6.2224e-6 0.0001891677 0.0 0.0
-1.47782e-5 -6.2224e-6 0.0004217806 0.0 0.0
-1.40004e-5 -6.2224e-6 0.0006108928 0.0 0.0
-1.32226e-5 -6.2224e-6 0.0008236092 0.0 0.0
-1.24448e-5 -6.2224e-6 0.0008783727 0.0 0.0
-1.1667e-5 -6.2224e-6 0.0009758451 0.0 0.0
-1.08892e-5 -6.2224e-6 0.0010876801 0.0 0.0
-1.01114e-5 -6.2224e-6 0.0011926605 0.0 0.0
-9.3336e-6 -6.2224e-6 0.001116069 0.0 0.0
-8.5558e-6 -6.2224e-6 0.0006196019 0.0 0.0
-7.778e-6 -6.2224e-6 0.000768809 0.0 0.0
-7.0002e-6 -6.2224e-6 0.0005672577 0.0 0.0
-6.2224e-6 -6.2224e-6 0.0006724098 0.0 0.0
-5.4446e-6 -6.2224e-6 0.0005413557 0.0 0.0
-4.6668e-6 -6.2224e-6 0.0004256996 0.0 0.0
-3.889e-6 -6.2224e-6 0.0003404459 0.0 0.0
-3.1112e-6 -6.2224e-6 0.0004577419 0.0 0.0
-2.3334e-6 -6.2224e-6 0.0003729045 0.0 0.0
-1.5556e-6 -6.2224e-6 0.0002934711 0.0 0.0
-7.778e-7 -6.2224e-6 0.0003740619 0.0 0.0
0.0 -6.2224e-6 0.000312667 0.0 0.0
7.778e-7 -6.2224e-6 0.0002009293 0.0 0.0
1.5556e-6 -6.2224e-6 0.0001507884 0.0 0.0
2.3334e-6 -6.2224e-6 0.0002535583 0.0 0.0
3.1112e-6 -6.2224e-6 0.0002033636 0.0 0.0
3.889e-6 -6.2224e-6 0.0002536373 0.0 0.0
4.6668e-6 -6.2224e-6 0.0001991756 0.0 0.0
5.4446e-6 -6.2224e-6 0.0001515537 0.0 0.0
6.2224e-6 -6.2224e-6 0.0001118532 0.0 0.0
7.0002e-6 -6.2224e-6 8.98837e-5 0.0 0.0
7.778e-6 -6.2224e-6 5.40173e-5 0.0 0.0
8.5558e-6 -6.2224e-6 7.9333e-5 0.0 0.0
9.3336e-6 -6.2224e-6 3.55992e-5 0.0 0.0
1.01114e-5 -6.2224e-6 1.28083e-5 0.0 0.0
1.08892e-5 -6.2224e-6 3.02885e-5 0.0 0.0
1.1667e-5 -6.2224e-6 6.84007e-5 0.0 0.0
1.24448e-5 -6.2224e-6 2.7459e-5 0.0 0.0
1.32226e-5 -6.2224e-6 7.11445e-5 0.0 0.0
1.40004e-5 -6.2224e-6 1.99554e-5 0.0 0.0
1.47782e-5 -6.2224e-6 4.5673e-5 0.0 0.0
1.5556e-5 -6.2224e-6 2.30263e-5 0.0 0.0
1.63338e-5 -6.2224e-6 2.87171e-5 0.0 0.0
1.71116e-5 -6.2224e-6 5.60986e-5 0.0 0.0
1.78894e-5 -6.2224e-6 1.6429e-5 0.0 0.0
1.86672e-5 -6.2224e-6 1.8571e-5 0.0 0.0
-9.72251e-5 -5.4446e-6 0.0004299837 0.0 0.0
-9.64473e-5 -5.4446e-6 0.0002911643 0.0 0.0
-9.56695e-5 -5.4446e-6 0.0007708151 0.0 0.0
-9.48917e-5 -5.4446e-6 0.0005470692 0.0 0.0
-9.41139e-5 -5.4446e-6 0.0003446983 0.0 0.0
-9.33361e-5 -5.4446e-6 0.0001435125 0.0 0.0
-9.25583e-5 -5.4446e-6 0.0006408838 0.0 0.0
-9.17805e-5 -5.4446e-6 0.0004233326 0.0 0.0
-9.10027e-5 -5.4446e-6 6.73945e-5 0.0 0.0
-9.02249e-5 -5.4446e-6 0.0003380649 0.0 0.0
-8.94471e-5 -5.4446e-6 0.0001525916 0.0 0.0
-8.86693e-5 -5.4446e-6 0.0006323722 0.0 0.0
-8.78915e-5 -5.4446e-6 0.0005093116 0.0 0.0
-8.71137e-5 -5.4446e-6 0.00029729 0.0 0.0
-8.63359e-5 -5.4446e-6 0.001038805 0.0 0.0
-8.55581e-5 -5.4446e-6 0.0005738792 0.0 0.0
-8.47803e-5 -5.4446e-6 0.0003105849 0.0 0.0
-8.40025e-5 -5.4446e-6 0.0006471933 0.0 0.0
-8.32246e-5 -5.4446e-6 0.0014479705 0.0 0.0
-8.24468e-5 -5.4446e-6 0.0016273774 0.0 0.0
-8.1669e-5 -5.4446e-6 0.001806225 0.0 0.0
-8.08912e-5 -5.4446e-6 0.0033468425 0.0 0.0
-8.01134e-5 -5.4446e-6 0.0039671479 0.0 0.0
-7.93356e-5 -5.4446e-6 0.0052502645 0.0 0.0
-7.85578e-5 -5.4446e-6 0.0078924633 0.0 0.0
-7.778e-5 -5.4446e-6 0.0081015775 0.0 0.0
-7.70022e-5 -5.4446e-6 0.0080751273 0.0 0.0
-7.62244e-5 -5.4446e-6 0.0081012045 0.0 0.0
-7.54466e-5 -5.4446e-6 0.0073238578 0.0 0.0
-7.46688e-5 -5.4446e-6 0.0082384494 0.0 0.0
-7.3891e-5 -5.4446e-6 0.0084308392 0.0 0.0
-7.31132e-5 -5.4446e-6 0.0094354804 0.0 0.0
-7.23354e-5 -5.4446e-6 0.0118424523 0.0 0.0
-7.15576e-5 -5.4446e-6 0.0153019719 0.0 0.0
-7.07798e-5 -5.4446e-6 0.0185036028 0.0 0.0
-7.0002e-5 -5.4446e-6 0.0154008164 0.0 0.0
-6.92242e-5 -5.4446e-6 0.009205794 0.0 0.0
-6.84464e-5 -5.4446e-6 0.0101090015 0.0 0.0
-6.76686e-5 -5.4446e-6 0.0144239293 0.0 0.0
-6.68908e-5 -5.4446e-6 0.0178666392 0.0 0.0
-6.6113e-5 -5.4446e-6 0.0166636997 0.0 0.0
-6.53352e-5 -5.4446e-6 0.0180433927 0.0 0.0
-6.45574e-5 -5.4446e-6 0.0191521689 0.0 0.0
-6.37796e-5 -5.4446e-6 0.0169723881 0.0 0.0
-6.30018e-5 -5.4446e-6 0.0185073736 0.0 0.0
-6.2224e-5 -5.4446e-6 0.0170694019 0.0 0.0
-6.14462e-5 -5.4446e-6 0.0213542895 0.0 0.0
-6.06684e-5 -5.4446e-6 0.0237355502 0.0 0.0
-5.98906e-5 -5.4446e-6 0.0277749323 0.0 0.0
-5.91128e-5 -5.4446e-6 0.0316706384 0.0 0.0
-5.8335e-5 -5.4446e-6 0.0242414397 0.0 0.0
-5.75572e-5 -5.4446e-6 0.0220203737 0.0 0.0
-5.67794e-5 -5.4446e-6 0.0191344586 0.0 0.0
-5.60016e-5 -5.4446e-6 0.0212911607 0.0 0.0
-5.52238e-5 -5.4446e-6 0.0168401998 0.0 0.0
-5.4446e-5 -5.4446e-6 0.0189176362 0.0 0.0
-5.36682e-5 -5.4446e-6 0.0167437418 0.0 0.0
-5.28904e-5 -5.4446e-6 0.0176921056 0.0 0.0
-5.21126e-5 -5.4446e-6 0.0184524877 0.0 0.0
-5.13348e-5 -5.4446e-6 0.0185062138 0.0 0.0
-5.0557e-5 -5.4446e-6 0.0240193695 0.0 0.0
-4.97792e-5 -5.4446e-6 0.0237399363 0.0 0.0
-4.90014e-5 -5.4446e-6 0.0238189041 0.0 0.0
-4.82236e-5 -5.4446e-6 0.0238871992 0.0 0.0
-4.74458e-5 -5.4446e-6 0.0243296054 0.0 0.0
-4.6668e-5 -5.4446e-6 0.0249801015 0.0 0.0
-4.58902e-5 -5.4446e-6 0.0277844481 0.0 0.0
-4.51124e-5 -5.4446e-6 0.0273100987 0.0 0.0
-4.43346e-5 -5.4446e-6 0.0271856904 0.0 0.0
-4.35568e-5 -5.4446e-6 0.0267071025 0.0 0.0
-4.2779e-5 -5.4446e-6 0.0254288301 0.0 0.0
-4.20012e-5 -5.4446e-6 0.0241410155 0.0 0.0
-4.12234e-5 -5.4446e-6 0.0225455387 0.0 0.0
-4.04456e-5 -5.4446e-6 0.0216332909 0.0 0.0
-3.96678e-5 -5.4446e-6 0.01970463 0.0 0.0
-3.889e-5 -5.4446e-6 0.0177310615 0.0 0.0
-3.81122e-5 -5.4446e-6 0.0164395532 0.0 0.0
-3.73344e-5 -5.4446e-6 0.0153503116 0.0 0.0
-3.65566e-5 -5.4446e-6 0.0133646027 0.0 0.0
-3.57788e-5 -5.4446e-6 0.0120597607 0.0 0.0
-3.5001e-5 -5.4446e-6 0.0126758745 0.0 0.0
-3.42232e-5 -5.4446e-6 0.013814973 0.0 0.0
-3.34454e-5 -5.4446e-6 0.0129253124 0.0 0.0
-3.26676e-5 -5.4446e-6 0.0120969464 0.0 0.0
-3.18898e-5 -5.4446e-6 0.0118547374 0.0 0.0
-3.1112e-5 -5.4446e-6 0.011019446 0.0 0.0
-3.03342e-5 -5.4446e-6 0.0103153346 0.0 0.0
-2.95564e-5 -5.4446e-6 0.0074952828 0.0 0.0
-2.87786e-5 -5.4446e-6 0.006881782 0.0 0.0
-2.80008e-5 -5.4446e-6 0.0077254994 0.0 0.0
-2.7223e-5 -5.4446e-6 0.0051659004 0.0 0.0
-2.64452e-5 -5.4446e-6 0.0047271309 0.0 0.0
-2.56674e-5 -5.4446e-6 0.0049303869 0.0 0.0
-2.48896e-5 -5.4446e-6 0.0048450113 0.0 0.0
-2.41118e-5 -5.4446e-6 0.0076907472 0.0 0.0
-2.3334e-5 -5.4446e-6 0.0184811089 0.0 0.0
-2.25562e-5 -5.4446e-6 0.0073702522 0.0 0.0
-2.17784e-5 -5.4446e-6 0.002103395 0.0 0.0
-2.10006e-5 -5.4446e-6 0.0009072639 0.0 0.0
-2.02228e-5 -5.4446e-6 0.0003950357 0.0 0.0
-1.9445e-5 -5.4446e-6 0.0001854521 0.0 0.0
-1.86672e-5 -5.4446e-6 0.0005027545 0.0 0.0
-1.78894e-5 -5.4446e-6 0.0001912287 0.0 0.0
-1.71116e-5 -5.4446e-6 0.0004818137 0.0 0.0
-1.63338e-5 -5.4446e-6 0.0006186382 0.0 0.0
-1.5556e-5 -5.4446e-6 0.0007938845 0.0 0.0
-1.47782e-5 -5.4446e-6 0.0009768639 0.0 0.0
-1.40004e-5 -5.4446e-6 0.0011561666 0.0 0.0
-1.32226e-5 -5.4446e-6 0.0012706106 0.0 0.0
-1.24448e-5 -5.4446e-6 0.0014325668 0.0 0.0
-1.1667e-5 -5.4446e-6 0.0015998755 0.0 0.0
-1.08892e-5 -5.4446e-6 0.0011402243 0.0 0.0
-1.01114e-5 -5.4446e-6 0.0011363739 0.0 0.0
-9.3336e-6 -5.4446e-6 0.0007199274 0.0 0.0
-8.5558e-6 -5.4446e-6 0.0008320081 0.0 0.0
-7.778e-6 -5.4446e-6 0.0006420522 0.0 0.0
-7.0002e-6 -5.4446e-6 0.0005137342 0.0 0.0
-6.2224e-6 -5.4446e-6 0.0006281779 0.0 0.0
-5.4446e-6 -5.4446e-6 0.00053611 0.0 0.0
-4.6668e-6 -5.4446e-6 0.0004228656 0.0 0.0
-3.889e-6 -5.4446e-6 0.0003557241 0.0 0.0
-3.1112e-6 -5.4446e-6 0.0004555067 0.0 0.0
-2.3334e-6 -5.4446e-6 0.0003622036 0.0 0.0
-1.5556e-6 -5.4446e-6 0.0002875673 0.0 0.0
-7.778e-7 -5.4446e-6 0.0002249808 0.0 0.0
0.0 -5.4446e-6 0.0002959263 0.0 0.0
7.778e-7 -5.4446e-6 0.0002076969 0.0 0.0
1.5556e-6 -5.4446e-6 0.0002980031 0.0 0.0
2.3334e-6 -5.4446e-6 0.0002431254 0.0 0.0
3.1112e-6 -5.4446e-6 0.0001624866 0.0 0.0
3.889e-6 -5.4446e-6 0.0001262561 0.0 0.0
4.6668e-6 -5.4446e-6 0.0001877586 0.0 0.0
5.4446e-6 -5.4446e-6 0.000165436 0.0 0.0
6.2224e-6 -5.4446e-6 0.0001130331 0.0 0.0
7.0002e-6 -5.4446e-6 6.89017e-5 0.0 0.0
7.778e-6 -5.4446e-6 2.51934e-5 0.0 0.0
8.5558e-6 -5.4446e-6 5.49025e-5 0.0 0.0
9.3336e-6 -5.4446e-6 2.03202e-5 0.0 0.0
1.01114e-5 -5.4446e-6 5.54877e-5 0.0 0.0
1.08892e-5 -5.4446e-6 1.4487e-5 0.0 0.0
1.1667e-5 -5.4446e-6 5.59523e-5 0.0 0.0
1.24448e-5 -5.4446e-6 1.25138e-5 0.0 0.0
1.32226e-5 -5.4446e-6 3.56658e-5 0.0 0.0
1.40004e-5 -5.4446e-6 7.08623e-5 0.0 0.0
1.47782e-5 -5.4446e-6 3.76939e-5 0.0 0.0
1.5556e-5 -5.4446e-6 5.02252e-5 0.0 0.0
1.63338e-5 -5.4446e-6 1.75922e-5 0.0 0.0
1.71116e-5 -5.4446e-6 2.94551e-5 0.0 0.0
1.78894e-5 -5.4446e-6 2.84993e-5 0.0 0.0
1.86672e-5 -5.4446e-6 8.7778e-6 0.0 0.0
-9.72251e-5 -4.6668e-6 0.0001246185 0.0 0.0
-9.64473e-5 -4.6668e-6 0.0005288536 0.0 0.0
-9.56695e-5 -4.6668e-6 0.0002319171 0.0 0.0
-9.48917e-5 -4.6668e-6 0.0007003593 0.0 0.0
-9.41139e-5 -4.6668e-6 0.0005128301 0.0 0.0
-9.33361e-5 -4.6668e-6 0.0002631985 0.0 0.0
-9.25583e-5 -4.6668e-6 0.0007522211 0.0 0.0
-9.17805e-5 -4.6668e-6 0.0005141547 0.0 0.0
-9.10027e-5 -4.6668e-6 0.0002074934 0.0 0.0
-9.02249e-5 -4.6668e-6 0.0006490177 0.0 0.0
-8.94471e-5 -4.6668e-6 0.000223652 0.0 0.0
-8.86693e-5 -4.6668e-6 0.0001082348 0.0 0.0
-8.78915e-5 -4.6668e-6 0.0005385419 0.0 0.0
-8.71137e-5 -4.6668e-6 0.0003356293 0.0 0.0
-8.63359e-5 -4.6668e-6 0.000877752 0.0 0.0
-8.55581e-5 -4.6668e-6 0.0006268784 0.0 0.0
-8.47803e-5 -4.6668e-6 0.0004060265 0.0 0.0
-8.40025e-5 -4.6668e-6 0.0008565315 0.0 0.0
-8.32246e-5 -4.6668e-6 0.0005319775 0.0 0.0
-8.24468e-5 -4.6668e-6 0.0004951524 0.0 0.0
-8.1669e-5 -4.6668e-6 0.0013185032 0.0 0.0
-8.08912e-5 -4.6668e-6 0.0016046443 0.0 0.0
-8.01134e-5 -4.6668e-6 0.0029693282 0.0 0.0
-7.93356e-5 -4.6668e-6 0.0036280882 0.0 0.0
-7.85578e-5 -4.6668e-6 0.0051186364 0.0 0.0
-7.778e-5 -4.6668e-6 0.0073105521 0.0 0.0
-7.70022e-5 -4.6668e-6 0.0082283194 0.0 0.0
-7.62244e-5 -4.6668e-6 0.0082576297 0.0 0.0
-7.54466e-5 -4.6668e-6 0.008336331 0.0 0.0
-7.46688e-5 -4.6668e-6 0.0084724669 0.0 0.0
-7.3891e-5 -4.6668e-6 0.0080722131 0.0 0.0
-7.31132e-5 -4.6668e-6 0.0083535174 0.0 0.0
-7.23354e-5 -4.6668e-6 0.0092933683 0.0 0.0
-7.15576e-5 -4.6668e-6 0.0122954983 0.0 0.0
-7.07798e-5 -4.6668e-6 0.0151310543 0.0 0.0
-7.0002e-5 -4.6668e-6 0.0184724441 0.0 0.0
-6.92242e-5 -4.6668e-6 0.0137988559 0.0 0.0
-6.84464e-5 -4.6668e-6 0.0102410817 0.0 0.0
-6.76686e-5 -4.6668e-6 0.0111625086 0.0 0.0
-6.68908e-5 -4.6668e-6 0.0147947125 0.0 0.0
-6.6113e-5 -4.6668e-6 0.0150506439 0.0 0.0
-6.53352e-5 -4.6668e-6 0.018112388 0.0 0.0
-6.45574e-5 -4.6668e-6 0.0190120741 0.0 0.0
-6.37796e-5 -4.6668e-6 0.0159213882 0.0 0.0
-6.30018e-5 -4.6668e-6 0.0170443359 0.0 0.0
-6.2224e-5 -4.6668e-6 0.0178909193 0.0 0.0
-6.14462e-5 -4.6668e-6 0.0170020312 0.0 0.0
-6.06684e-5 -4.6668e-6 0.0199157455 0.0 0.0
-5.98906e-5 -4.6668e-6 0.0201489226 0.0 0.0
-5.91128e-5 -4.6668e-6 0.0243025131 0.0 0.0
-5.8335e-5 -4.6668e-6 0.0285296283 0.0 0.0
-5.75572e-5 -4.6668e-6 0.0303660399 0.0 0.0
-5.67794e-5 -4.6668e-6 0.0297065101 0.0 0.0
-5.60016e-5 -4.6668e-6 0.0241871193 0.0 0.0
-5.52238e-5 -4.6668e-6 0.0208862978 0.0 0.0
-5.4446e-5 -4.6668e-6 0.0193718747 0.0 0.0
-5.36682e-5 -4.6668e-6 0.0200103778 0.0 0.0
-5.28904e-5 -4.6668e-6 0.020545461 0.0 0.0
-5.21126e-5 -4.6668e-6 0.0211865203 0.0 0.0
-5.13348e-5 -4.6668e-6 0.0211368089 0.0 0.0
-5.0557e-5 -4.6668e-6 0.0208068065 0.0 0.0
-4.97792e-5 -4.6668e-6 0.0203980023 0.0 0.0
-4.90014e-5 -4.6668e-6 0.0203278548 0.0 0.0
-4.82236e-5 -4.6668e-6 0.0203265025 0.0 0.0
-4.74458e-5 -4.6668e-6 0.0201885645 0.0 0.0
-4.6668e-5 -4.6668e-6 0.0223190103 0.0 0.0
-4.58902e-5 -4.6668e-6 0.0221339232 0.0 0.0
-4.51124e-5 -4.6668e-6 0.0222286879 0.0 0.0
-4.43346e-5 -4.6668e-6 0.0222633345 0.0 0.0
-4.35568e-5 -4.6668e-6 0.0212252351 0.0 0.0
-4.2779e-5 -4.6668e-6 0.0200874251 0.0 0.0
-4.20012e-5 -4.6668e-6 0.0197415589 0.0 0.0
-4.12234e-5 -4.6668e-6 0.0177751203 0.0 0.0
-4.04456e-5 -4.6668e-6 0.0167637807 0.0 0.0
-3.96678e-5 -4.6668e-6 0.0156127034 0.0 0.0
-3.889e-5 -4.6668e-6 0.0149003114 0.0 0.0
-3.81122e-5 -4.6668e-6 0.0140114572 0.0 0.0
-3.73344e-5 -4.6668e-6 0.0137776716 0.0 0.0
-3.65566e-5 -4.6668e-6 0.0139638936 0.0 0.0
-3.57788e-5 -4.6668e-6 0.0141290898 0.0 0.0
-3.5001e-5 -4.6668e-6 0.0151672976 0.0 0.0
-3.42232e-5 -4.6668e-6 0.0150320501 0.0 0.0
-3.34454e-5 -4.6668e-6 0.0135555546 0.0 0.0
-3.26676e-5 -4.6668e-6 0.0135845502 0.0 0.0
-3.18898e-5 -4.6668e-6 0.0113904438 0.0 0.0
-3.1112e-5 -4.6668e-6 0.0108502996 0.0 0.0
-3.03342e-5 -4.6668e-6 0.0082541125 0.0 0.0
-2.95564e-5 -4.6668e-6 0.007547008 0.0 0.0
-2.87786e-5 -4.6668e-6 0.0072205938 0.0 0.0
-2.80008e-5 -4.6668e-6 0.0068706936 0.0 0.0
-2.7223e-5 -4.6668e-6 0.0062064788 0.0 0.0
-2.64452e-5 -4.6668e-6 0.006100286 0.0 0.0
-2.56674e-5 -4.6668e-6 0.0063330237 0.0 0.0
-2.48896e-5 -4.6668e-6 0.0156429211 0.0 0.0
-2.41118e-5 -4.6668e-6 0.0163377282 0.0 0.0
-2.3334e-5 -4.6668e-6 0.0056184348 0.0 0.0
-2.25562e-5 -4.6668e-6 0.0009156292 0.0 0.0
-2.17784e-5 -4.6668e-6 0.0005571761 0.0 0.0
-2.10006e-5 -4.6668e-6 0.0008007824 0.0 0.0
-2.02228e-5 -4.6668e-6 0.0004448171 0.0 0.0
-1.9445e-5 -4.6668e-6 0.000785206 0.0 0.0
-1.86672e-5 -4.6668e-6 0.0004697426 0.0 0.0
-1.78894e-5 -4.6668e-6 0.0007487632 0.0 0.0
-1.71116e-5 -4.6668e-6 0.0008713863 0.0 0.0
-1.63338e-5 -4.6668e-6 0.0009742119 0.0 0.0
-1.5556e-5 -4.6668e-6 0.001185275 0.0 0.0
-1.47782e-5 -4.6668e-6 0.0013900073 0.0 0.0
-1.40004e-5 -4.6668e-6 0.001703428 0.0 0.0
-1.32226e-5 -4.6668e-6 0.001392204 0.0 0.0
-1.24448e-5 -4.6668e-6 0.0016253545 0.0 0.0
-1.1667e-5 -4.6668e-6 0.0012363678 0.0 0.0
-1.08892e-5 -4.6668e-6 0.0012018002 0.0 0.0
-1.01114e-5 -4.6668e-6 0.0007908125 0.0 0.0
-9.3336e-6 -4.6668e-6 0.0005796356 0.0 0.0
-8.5558e-6 -4.6668e-6 0.0007211824 0.0 0.0
-7.778e-6 -4.6668e-6 0.0005942524 0.0 0.0
-7.0002e-6 -4.6668e-6 0.0004695107 0.0 0.0
-6.2224e-6 -4.6668e-6 0.0003613353 0.0 0.0
-5.4446e-6 -4.6668e-6 0.0005019103 0.0 0.0
-4.6668e-6 -4.6668e-6 0.0004239346 0.0 0.0
-3.889e-6 -4.6668e-6 0.0003162475 0.0 0.0
-3.1112e-6 -4.6668e-6 0.000243014 0.0 0.0
-2.3334e-6 -4.6668e-6 0.0003803761 0.0 0.0
-1.5556e-6 -4.6668e-6 0.0002819956 0.0 0.0
-7.778e-7 -4.6668e-6 0.0002029109 0.0 0.0
0.0 -4.6668e-6 0.0002724959 0.0 0.0
7.778e-7 -4.6668e-6 0.0002073128 0.0 0.0
1.5556e-6 -4.6668e-6 0.0001667398 0.0 0.0
2.3334e-6 -4.6668e-6 0.0002123182 0.0 0.0
3.1112e-6 -4.6668e-6 0.000157325 0.0 0.0
3.889e-6 -4.6668e-6 0.0001095585 0.0 0.0
4.6668e-6 -4.6668e-6 8.3691e-5 0.0 0.0
5.4446e-6 -4.6668e-6 0.0001452784 0.0 0.0
6.2224e-6 -4.6668e-6 9.58482e-5 0.0 0.0
7.0002e-6 -4.6668e-6 4.1995e-5 0.0 0.0
7.778e-6 -4.6668e-6 7.40869e-5 0.0 0.0
8.5558e-6 -4.6668e-6 4.02404e-5 0.0 0.0
9.3336e-6 -4.6668e-6 1.17754e-5 0.0 0.0
1.01114e-5 -4.6668e-6 4.46881e-5 0.0 0.0
1.08892e-5 -4.6668e-6 6.5525e-6 0.0 0.0
1.1667e-5 -4.6668e-6 3.20524e-5 0.0 0.0
1.24448e-5 -4.6668e-6 5.24667e-5 0.0 0.0
1.32226e-5 -4.6668e-6 2.27813e-5 0.0 0.0
1.40004e-5 -4.6668e-6 5.77791e-5 0.0 0.0
1.47782e-5 -4.6668e-6 6.57998e-5 0.0 0.0
1.5556e-5 -4.6668e-6 3.36518e-5 0.0 0.0
1.63338e-5 -4.6668e-6 4.66663e-5 0.0 0.0
1.71116e-5 -4.6668e-6 4.65955e-5 0.0 0.0
1.78894e-5 -4.6668e-6 1.61869e-5 0.0 0.0
1.86672e-5 -4.6668e-6 3.28146e-5 0.0 0.0
-9.72251e-5 -3.889e-6 0.0003113147 0.0 0.0
-9.64473e-5 -3.889e-6 0.0007164695 0.0 0.0
-9.56695e-5 -3.889e-6 0.0004537377 0.0 0.0
-9.48917e-5 -3.889e-6 0.0002572303 0.0 0.0
-9.41139e-5 -3.889e-6 0.0007134655 0.0 0.0
-9.33361e-5 -3.889e-6 0.000537489 0.0 0.0
-9.25583e-5 -3.889e-6 0.0001868015 0.0 0.0
-9.17805e-5 -3.889e-6 0.0006773057 0.0 0.0
-9.10027e-5 -3.889e-6 0.0003938679 0.0 0.0
-9.02249e-5 -3.889e-6 8.2581e-5 0.0 0.0
-8.94471e-5 -3.889e-6 0.0005212595 0.0 0.0
-8.86693e-5 -3.889e-6 0.0001324698 0.0 0.0
-8.78915e-5 -3.889e-6 0.0006511327 0.0 0.0
-8.71137e-5 -3.889e-6 0.0003726096 0.0 0.0
-8.63359e-5 -3.889e-6 0.0009609047 0.0 0.0
-8.55581e-5 -3.889e-6 0.0008060878 0.0 0.0
-8.47803e-5 -3.889e-6 0.0003967439 0.0 0.0
-8.40025e-5 -3.889e-6 0.0011131354 0.0 0.0
-8.32246e-5 -3.889e-6 0.0007616111 0.0 0.0
-8.24468e-5 -3.889e-6 0.0004088816 0.0 0.0
-8.1669e-5 -3.889e-6 0.0013837108 0.0 0.0
-8.08912e-5 -3.889e-6 0.0012988522 0.0 0.0
-8.01134e-5 -3.889e-6 0.0017596409 0.0 0.0
-7.93356e-5 -3.889e-6 0.0031296887 0.0 0.0
-7.85578e-5 -3.889e-6 0.0033758487 0.0 0.0
-7.778e-5 -3.889e-6 0.0048009956 0.0 0.0
-7.70022e-5 -3.889e-6 0.0073318332 0.0 0.0
-7.62244e-5 -3.889e-6 0.0083719669 0.0 0.0
-7.54466e-5 -3.889e-6 0.0084869654 0.0 0.0
-7.46688e-5 -3.889e-6 0.0084178994 0.0 0.0
-7.3891e-5 -3.889e-6 0.0083861119 0.0 0.0
-7.31132e-5 -3.889e-6 0.0081948715 0.0 0.0
-7.23354e-5 -3.889e-6 0.0082748272 0.0 0.0
-7.15576e-5 -3.889e-6 0.0089038039 0.0 0.0
-7.07798e-5 -3.889e-6 0.0120516104 0.0 0.0
-7.0002e-5 -3.889e-6 0.0144951742 0.0 0.0
-6.92242e-5 -3.889e-6 0.0178389279 0.0 0.0
-6.84464e-5 -3.889e-6 0.0134225053 0.0 0.0
-6.76686e-5 -3.889e-6 0.0124258052 0.0 0.0
-6.68908e-5 -3.889e-6 0.0116089479 0.0 0.0
-6.6113e-5 -3.889e-6 0.0111613713 0.0 0.0
-6.53352e-5 -3.889e-6 0.0154191022 0.0 0.0
-6.45574e-5 -3.889e-6 0.0146498046 0.0 0.0
-6.37796e-5 -3.889e-6 0.016115185 0.0 0.0
-6.30018e-5 -3.889e-6 0.0169579487 0.0 0.0
-6.2224e-5 -3.889e-6 0.0175301962 0.0 0.0
-6.14462e-5 -3.889e-6 0.0146617944 0.0 0.0
-6.06684e-5 -3.889e-6 0.0161366859 0.0 0.0
-5.98906e-5 -3.889e-6 0.0179883855 0.0 0.0
-5.91128e-5 -3.889e-6 0.0173780428 0.0 0.0
-5.8335e-5 -3.889e-6 0.0207796857 0.0 0.0
-5.75572e-5 -3.889e-6 0.0224125324 0.0 0.0
-5.67794e-5 -3.889e-6 0.0250741466 0.0 0.0
-5.60016e-5 -3.889e-6 0.0246042989 0.0 0.0
-5.52238e-5 -3.889e-6 0.0255443825 0.0 0.0
-5.4446e-5 -3.889e-6 0.0245142919 0.0 0.0
-5.36682e-5 -3.889e-6 0.0230385854 0.0 0.0
-5.28904e-5 -3.889e-6 0.0211894484 0.0 0.0
-5.21126e-5 -3.889e-6 0.0207888568 0.0 0.0
-5.13348e-5 -3.889e-6 0.0188147728 0.0 0.0
-5.0557e-5 -3.889e-6 0.0186971467 0.0 0.0
-4.97792e-5 -3.889e-6 0.0188000784 0.0 0.0
-4.90014e-5 -3.889e-6 0.0183587189 0.0 0.0
-4.82236e-5 -3.889e-6 0.0181136609 0.0 0.0
-4.74458e-5 -3.889e-6 0.0176523093 0.0 0.0
-4.6668e-5 -3.889e-6 0.0171002601 0.0 0.0
-4.58902e-5 -3.889e-6 0.0185736033 0.0 0.0
-4.51124e-5 -3.889e-6 0.0180887384 0.0 0.0
-4.43346e-5 -3.889e-6 0.0176610281 0.0 0.0
-4.35568e-5 -3.889e-6 0.0164641512 0.0 0.0
-4.2779e-5 -3.889e-6 0.0160271196 0.0 0.0
-4.20012e-5 -3.889e-6 0.0145815209 0.0 0.0
-4.12234e-5 -3.889e-6 0.0141807265 0.0 0.0
-4.04456e-5 -3.889e-6 0.0132336877 0.0 0.0
-3.96678e-5 -3.889e-6 0.0129334986 0.0 0.0
-3.889e-5 -3.889e-6 0.0131252351 0.0 0.0
-3.81122e-5 -3.889e-6 0.0129246272 0.0 0.0
-3.73344e-5 -3.889e-6 0.0131687963 0.0 0.0
-3.65566e-5 -3.889e-6 0.014170075 0.0 0.0
-3.57788e-5 -3.889e-6 0.0144422737 0.0 0.0
-3.5001e-5 -3.889e-6 0.0148697218 0.0 0.0
-3.42232e-5 -3.889e-6 0.0129105844 0.0 0.0
-3.34454e-5 -3.889e-6 0.0119659122 0.0 0.0
-3.26676e-5 -3.889e-6 0.0119100057 0.0 0.0
-3.18898e-5 -3.889e-6 0.0110869104 0.0 0.0
-3.1112e-5 -3.889e-6 0.0116235227 0.0 0.0
-3.03342e-5 -3.889e-6 0.0113987753 0.0 0.0
-2.95564e-5 -3.889e-6 0.0086475403 0.0 0.0
-2.87786e-5 -3.889e-6 0.0085406415 0.0 0.0
-2.80008e-5 -3.889e-6 0.0088525605 0.0 0.0
-2.7223e-5 -3.889e-6 0.0082494821 0.0 0.0
-2.64452e-5 -3.889e-6 0.0133705659 0.0 0.0
-2.56674e-5 -3.889e-6 0.0200077371 0.0 0.0
-2.48896e-5 -3.889e-6 0.0125892039 0.0 0.0
-2.41118e-5 -3.889e-6 0.0028307608 0.0 0.0
-2.3334e-5 -3.889e-6 0.0007963551 0.0 0.0
-2.25562e-5 -3.889e-6 0.0010142309 0.0 0.0
-2.17784e-5 -3.889e-6 0.0008189351 0.0 0.0
-2.10006e-5 -3.889e-6 0.0010702962 0.0 0.0
-2.02228e-5 -3.889e-6 0.0007779084 0.0 0.0
-1.9445e-5 -3.889e-6 0.0010674876 0.0 0.0
-1.86672e-5 -3.889e-6 0.0007668097 0.0 0.0
-1.78894e-5 -3.889e-6 0.0010499857 0.0 0.0
-1.71116e-5 -3.889e-6 0.0011154962 0.0 0.0
-1.63338e-5 -3.889e-6 0.0014721438 0.0 0.0
-1.5556e-5 -3.889e-6 0.001874694 0.0 0.0
-1.47782e-5 -3.889e-6 0.0016135592 0.0 0.0
-1.40004e-5 -3.889e-6 0.0019577258 0.0 0.0
-1.32226e-5 -3.889e-6 0.0016167294 0.0 0.0
-1.24448e-5 -3.889e-6 0.0010646237 0.0 0.0
-1.1667e-5 -3.889e-6 0.0007148812 0.0 0.0
-1.08892e-5 -3.889e-6 0.0008260981 0.0 0.0
-1.01114e-5 -3.889e-6 0.0007000331 0.0 0.0
-9.3336e-6 -3.889e-6 0.0005417942 0.0 0.0
-8.5558e-6 -3.889e-6 0.0006622924 0.0 0.0
-7.778e-6 -3.889e-6 0.0005469554 0.0 0.0
-7.0002e-6 -3.889e-6 0.0005209882 0.0 0.0
-6.2224e-6 -3.889e-6 0.0003600119 0.0 0.0
-5.4446e-6 -3.889e-6 0.0002268531 0.0 0.0
-4.6668e-6 -3.889e-6 0.0003758871 0.0 0.0
-3.889e-6 -3.889e-6 0.0003017116 0.0 0.0
-3.1112e-6 -3.889e-6 0.0002254058 0.0 0.0
-2.3334e-6 -3.889e-6 0.0003690259 0.0 0.0
-1.5556e-6 -3.889e-6 0.0002814927 0.0 0.0
-7.778e-7 -3.889e-6 0.0003326224 0.0 0.0
0.0 -3.889e-6 0.0002634305 0.0 0.0
7.778e-7 -3.889e-6 0.0002096647 0.0 0.0
1.5556e-6 -3.889e-6 0.0002660463 0.0 0.0
2.3334e-6 -3.889e-6 0.0001950746 0.0 0.0
3.1112e-6 -3.889e-6 0.0001442828 0.0 0.0
3.889e-6 -3.889e-6 0.0001042213 0.0 0.0
4.6668e-6 -3.889e-6 7.17662e-5 0.0 0.0
5.4446e-6 -3.889e-6 3.27072e-5 0.0 0.0
6.2224e-6 -3.889e-6 7.17118e-5 0.0 0.0
7.0002e-6 -3.889e-6 2.21266e-5 0.0 0.0
7.778e-6 -3.889e-6 6.00642e-5 0.0 0.0
8.5558e-6 -3.889e-6 2.19388e-5 0.0 0.0
9.3336e-6 -3.889e-6 5.57883e-5 0.0 0.0
1.01114e-5 -3.889e-6 1.93619e-5 0.0 0.0
1.08892e-5 -3.889e-6 5.56164e-5 0.0 0.0
1.1667e-5 -3.889e-6 1.38427e-5 0.0 0.0
1.24448e-5 -3.889e-6 3.11281e-5 0.0 0.0
1.32226e-5 -3.889e-6 6.97237e-5 0.0 0.0
1.40004e-5 -3.889e-6 3.54857e-5 0.0 0.0
1.47782e-5 -3.889e-6 3.55528e-5 0.0 0.0
1.5556e-5 -3.889e-6 5.63793e-5 0.0 0.0
1.63338e-5 -3.889e-6 1.86469e-5 0.0 0.0
1.71116e-5 -3.889e-6 2.50844e-5 0.0 0.0
1.78894e-5 -3.889e-6 7.8225e-6 0.0 0.0
1.86672e-5 -3.889e-6 1.66105e-5 0.0 0.0
-9.72251e-5 -3.1112e-6 0.000693568 0.0 0.0
-9.64473e-5 -3.1112e-6 0.0002844166 0.0 0.0
-9.56695e-5 -3.1112e-6 0.0006747567 0.0 0.0
-9.48917e-5 -3.1112e-6 0.0004701823 0.0 0.0
-9.41139e-5 -3.1112e-6 0.0002336287 0.0 0.0
-9.33361e-5 -3.1112e-6 0.0006162775 0.0 0.0
-9.25583e-5 -3.1112e-6 0.0003296092 0.0 0.0
-9.17805e-5 -3.1112e-6 0.0001340233 0.0 0.0
-9.10027e-5 -3.1112e-6 0.0005501477 0.0 0.0
-9.02249e-5 -3.1112e-6 0.0002150408 0.0 0.0
-8.94471e-5 -3.1112e-6 0.0006721073 0.0 0.0
-8.86693e-5 -3.1112e-6 0.0003533513 0.0 0.0
-8.78915e-5 -3.1112e-6 0.0001251018 0.0 0.0
-8.71137e-5 -3.1112e-6 0.0005267375 0.0 0.0
-8.63359e-5 -3.1112e-6 0.0003383776 0.0 0.0
-8.55581e-5 -3.1112e-6 0.0009063651 0.0 0.0
-8.47803e-5 -3.1112e-6 0.0006669308 0.0 0.0
-8.40025e-5 -3.1112e-6 0.0011487814 0.0 0.0
-8.32246e-5 -3.1112e-6 0.0008950975 0.0 0.0
-8.24468e-5 -3.1112e-6 0.0006933715 0.0 0.0
-8.1669e-5 -3.1112e-6 0.0013729823 0.0 0.0
-8.08912e-5 -3.1112e-6 0.0013838418 0.0 0.0
-8.01134e-5 -3.1112e-6 0.0010955455 0.0 0.0
-7.93356e-5 -3.1112e-6 0.0014533298 0.0 0.0
-7.85578e-5 -3.1112e-6 0.0030243423 0.0 0.0
-7.778e-5 -3.1112e-6 0.0029226194 0.0 0.0
-7.70022e-5 -3.1112e-6 0.0046149486 0.0 0.0
-7.62244e-5 -3.1112e-6 0.0073020351 0.0 0.0
-7.54466e-5 -3.1112e-6 0.0085423031 0.0 0.0
-7.46688e-5 -3.1112e-6 0.0084709986 0.0 0.0
-7.3891e-5 -3.1112e-6 0.0084122094 0.0 0.0
-7.31132e-5 -3.1112e-6 0.0084537297 0.0 0.0
-7.23354e-5 -3.1112e-6 0.0083424962 0.0 0.0
-7.15576e-5 -3.1112e-6 0.008240711 0.0 0.0
-7.07798e-5 -3.1112e-6 0.0090040701 0.0 0.0
-7.0002e-5 -3.1112e-6 0.011771413 0.0 0.0
-6.92242e-5 -3.1112e-6 0.0141970275 0.0 0.0
-6.84464e-5 -3.1112e-6 0.0171662497 0.0 0.0
-6.76686e-5 -3.1112e-6 0.0151883082 0.0 0.0
-6.68908e-5 -3.1112e-6 0.0149505877 0.0 0.0
-6.6113e-5 -3.1112e-6 0.0110067168 0.0 0.0
-6.53352e-5 -3.1112e-6 0.0116031135 0.0 0.0
-6.45574e-5 -3.1112e-6 0.0121715 0.0 0.0
-6.37796e-5 -3.1112e-6 0.0145388322 0.0 0.0
-6.30018e-5 -3.1112e-6 0.0164196217 0.0 0.0
-6.2224e-5 -3.1112e-6 0.0173000829 0.0 0.0
-6.14462e-5 -3.1112e-6 0.0140150585 0.0 0.0
-6.06684e-5 -3.1112e-6 0.0143264931 0.0 0.0
-5.98906e-5 -3.1112e-6 0.0153292956 0.0 0.0
-5.91128e-5 -3.1112e-6 0.0139666924 0.0 0.0
-5.8335e-5 -3.1112e-6 0.0150677019 0.0 0.0
-5.75572e-5 -3.1112e-6 0.0171093682 0.0 0.0
-5.67794e-5 -3.1112e-6 0.016941701 0.0 0.0
-5.60016e-5 -3.1112e-6 0.0178974265 0.0 0.0
-5.52238e-5 -3.1112e-6 0.0188598543 0.0 0.0
-5.4446e-5 -3.1112e-6 0.0198542387 0.0 0.0
-5.36682e-5 -3.1112e-6 0.0188843409 0.0 0.0
-5.28904e-5 -3.1112e-6 0.0187564487 0.0 0.0
-5.21126e-5 -3.1112e-6 0.0187426648 0.0 0.0
-5.13348e-5 -3.1112e-6 0.0172493891 0.0 0.0
-5.0557e-5 -3.1112e-6 0.0172077326 0.0 0.0
-4.97792e-5 -3.1112e-6 0.0158549543 0.0 0.0
-4.90014e-5 -3.1112e-6 0.0153762906 0.0 0.0
-4.82236e-5 -3.1112e-6 0.0151240227 0.0 0.0
-4.74458e-5 -3.1112e-6 0.0145873272 0.0 0.0
-4.6668e-5 -3.1112e-6 0.014086816 0.0 0.0
-4.58902e-5 -3.1112e-6 0.0134524398 0.0 0.0
-4.51124e-5 -3.1112e-6 0.0137322244 0.0 0.0
-4.43346e-5 -3.1112e-6 0.0132271901 0.0 0.0
-4.35568e-5 -3.1112e-6 0.0124662011 0.0 0.0
-4.2779e-5 -3.1112e-6 0.0122377092 0.0 0.0
-4.20012e-5 -3.1112e-6 0.0122883055 0.0 0.0
-4.12234e-5 -3.1112e-6 0.0123537565 0.0 0.0
-4.04456e-5 -3.1112e-6 0.0123028486 0.0 0.0
-3.96678e-5 -3.1112e-6 0.012385015 0.0 0.0
-3.889e-5 -3.1112e-6 0.0134290791 0.0 0.0
-3.81122e-5 -3.1112e-6 0.0139335403 0.0 0.0
-3.73344e-5 -3.1112e-6 0.0129725389 0.0 0.0
-3.65566e-5 -3.1112e-6 0.0134496983 0.0 0.0
-3.57788e-5 -3.1112e-6 0.0130426116 0.0 0.0
-3.5001e-5 -3.1112e-6 0.0110049488 0.0 0.0
-3.42232e-5 -3.1112e-6 0.0107738764 0.0 0.0
-3.34454e-5 -3.1112e-6 0.0108668422 0.0 0.0
-3.26676e-5 -3.1112e-6 0.0106572524 0.0 0.0
-3.18898e-5 -3.1112e-6 0.0108193549 0.0 0.0
-3.1112e-5 -3.1112e-6 0.0112636517 0.0 0.0
-3.03342e-5 -3.1112e-6 0.0114941704 0.0 0.0
-2.95564e-5 -3.1112e-6 0.0108352244 0.0 0.0
-2.87786e-5 -3.1112e-6 0.0104207259 0.0 0.0
-2.80008e-5 -3.1112e-6 0.0114386086 0.0 0.0
-2.7223e-5 -3.1112e-6 0.0187554784 0.0 0.0
-2.64452e-5 -3.1112e-6 0.0175025031 0.0 0.0
-2.56674e-5 -3.1112e-6 0.0066479535 0.0 0.0
-2.48896e-5 -3.1112e-6 0.0009796916 0.0 0.0
-2.41118e-5 -3.1112e-6 0.0010109503 0.0 0.0
-2.3334e-5 -3.1112e-6 0.0006478069 0.0 0.0
-2.25562e-5 -3.1112e-6 0.0008678306 0.0 0.0
-2.17784e-5 -3.1112e-6 0.0008543799 0.0 0.0
-2.10006e-5 -3.1112e-6 0.0010928072 0.0 0.0
-2.02228e-5 -3.1112e-6 0.0014915825 0.0 0.0
-1.9445e-5 -3.1112e-6 0.0013481816 0.0 0.0
-1.86672e-5 -3.1112e-6 0.0018361307 0.0 0.0
-1.78894e-5 -3.1112e-6 0.0015157879 0.0 0.0
-1.71116e-5 -3.1112e-6 0.0020439467 0.0 0.0
-1.63338e-5 -3.1112e-6 0.0017552245 0.0 0.0
-1.5556e-5 -3.1112e-6 0.0015186678 0.0 0.0
-1.47782e-5 -3.1112e-6 0.0012683803 0.0 0.0
-1.40004e-5 -3.1112e-6 0.0012881658 0.0 0.0
-1.32226e-5 -3.1112e-6 0.0008552323 0.0 0.0
-1.24448e-5 -3.1112e-6 0.0006042601 0.0 0.0
-1.1667e-5 -3.1112e-6 0.0004581611 0.0 0.0
-1.08892e-5 -3.1112e-6 0.0006769228 0.0 0.0
-1.01114e-5 -3.1112e-6 0.0005436621 0.0 0.0
-9.3336e-6 -3.1112e-6 0.0003934449 0.0 0.0
-8.5558e-6 -3.1112e-6 0.0003235199 0.0 0.0
-7.778e-6 -3.1112e-6 0.0001950728 0.0 0.0
-7.0002e-6 -3.1112e-6 0.0003951687 0.0 0.0
-6.2224e-6 -3.1112e-6 0.0002919244 0.0 0.0
-5.4446e-6 -3.1112e-6 0.0001814158 0.0 0.0
-4.6668e-6 -3.1112e-6 0.0001402194 0.0 0.0
-3.889e-6 -3.1112e-6 0.0002815879 0.0 0.0
-3.1112e-6 -3.1112e-6 0.0001926207 0.0 0.0
-2.3334e-6 -3.1112e-6 0.00035184 0.0 0.0
-1.5556e-6 -3.1112e-6 0.0002726599 0.0 0.0
-7.778e-7 -3.1112e-6 0.0003227765 0.0 0.0
0.0 -3.1112e-6 0.0002318754 0.0 0.0
7.778e-7 -3.1112e-6 0.0001823785 0.0 0.0
1.5556e-6 -3.1112e-6 0.0002434425 0.0 0.0
2.3334e-6 -3.1112e-6 0.0001723175 0.0 0.0
3.1112e-6 -3.1112e-6 0.0001377729 0.0 0.0
3.889e-6 -3.1112e-6 8.89035e-5 0.0 0.0
4.6668e-6 -3.1112e-6 5.09116e-5 0.0 0.0
5.4446e-6 -3.1112e-6 2.04301e-5 0.0 0.0
6.2224e-6 -3.1112e-6 3.34665e-5 0.0 0.0
7.0002e-6 -3.1112e-6 8.03987e-5 0.0 0.0
7.778e-6 -3.1112e-6 4.59949e-5 0.0 0.0
8.5558e-6 -3.1112e-6 1.44273e-5 0.0 0.0
9.3336e-6 -3.1112e-6 4.42744e-5 0.0 0.0
1.01114e-5 -3.1112e-6 7.1361e-6 0.0 0.0
1.08892e-5 -3.1112e-6 3.05281e-5 0.0 0.0
1.1667e-5 -3.1112e-6 5.51201e-5 0.0 0.0
1.24448e-5 -3.1112e-6 2.36993e-5 0.0 0.0
1.32226e-5 -3.1112e-6 4.41934e-5 0.0 0.0
1.40004e-5 -3.1112e-6 1.59698e-5 0.0 0.0
1.47782e-5 -3.1112e-6 2.02893e-5 0.0 0.0
1.5556e-5 -3.1112e-6 3.33325e-5 0.0 0.0
1.63338e-5 -3.1112e-6 3.93779e-5 0.0 0.0
1.71116e-5 -3.1112e-6 1.43864e-5 0.0 0.0
1.78894e-5 -3.1112e-6 2.4358e-5 0.0 0.0
1.86672e-5 -3.1112e-6 2.66405e-5 0.0 0.0
-9.72251e-5 -2.3334e-6 0.0002841312 0.0 0.0
-9.64473e-5 -2.3334e-6 0.0006329857 0.0 0.0
-9.56695e-5 -2.3334e-6 0.0002994928 0.0 0.0
-9.48917e-5 -2.3334e-6 0.0001676377 0.0 0.0
-9.41139e-5 -2.3334e-6 0.0004008704 0.0 0.0
-9.33361e-5 -2.3334e-6 0.0002458125 0.0 0.0
-9.25583e-5 -2.3334e-6 0.0007108849 0.0 0.0
-9.17805e-5 -2.3334e-6 0.0002909415 0.0 0.0
-9.10027e-5 -2.3334e-6 0.0001874693 0.0 0.0
-9.02249e-5 -2.3334e-6 0.0006013349 0.0 0.0
-8.94471e-5 -2.3334e-6 0.0002466837 0.0 0.0
-8.86693e-5 -2.3334e-6 0.0006091092 0.0 0.0
-8.78915e-5 -2.3334e-6 0.0003895547 0.0 0.0
-8.71137e-5 -2.3334e-6 0.000678861 0.0 0.0
-8.63359e-5 -2.3334e-6 0.0005114186 0.0 0.0
-8.55581e-5 -2.3334e-6 0.0002142351 0.0 0.0
-8.47803e-5 -2.3334e-6 0.000979372 0.0 0.0
-8.40025e-5 -2.3334e-6 0.0005007579 0.0 0.0
-8.32246e-5 -2.3334e-6 0.0002311677 0.0 0.0
-8.24468e-5 -2.3334e-6 0.0007781301 0.0 0.0
-8.1669e-5 -2.3334e-6 0.0006175058 0.0 0.0
-8.08912e-5 -2.3334e-6 0.0012760897 0.0 0.0
-8.01134e-5 -2.3334e-6 0.0014322277 0.0 0.0
-7.93356e-5 -2.3334e-6 0.0011166053 0.0 0.0
-7.85578e-5 -2.3334e-6 0.0026022856 0.0 0.0
-7.778e-5 -2.3334e-6 0.002726491 0.0 0.0
-7.70022e-5 -2.3334e-6 0.0032476485 0.0 0.0
-7.62244e-5 -2.3334e-6 0.0044815533 0.0 0.0
-7.54466e-5 -2.3334e-6 0.0074100182 0.0 0.0
-7.46688e-5 -2.3334e-6 0.0084302176 0.0 0.0
-7.3891e-5 -2.3334e-6 0.008481377 0.0 0.0
-7.31132e-5 -2.3334e-6 0.0086039877 0.0 0.0
-7.23354e-5 -2.3334e-6 0.0078929977 0.0 0.0
-7.15576e-5 -2.3334e-6 0.0083975911 0.0 0.0
-7.07798e-5 -2.3334e-6 0.0082870947 0.0 0.0
-7.0002e-5 -2.3334e-6 0.0091375076 0.0 0.0
-6.92242e-5 -2.3334e-6 0.0113566423 0.0 0.0
-6.84464e-5 -2.3334e-6 0.0136967911 0.0 0.0
-6.76686e-5 -2.3334e-6 0.0159660295 0.0 0.0
-6.68908e-5 -2.3334e-6 0.0167868441 0.0 0.0
-6.6113e-5 -2.3334e-6 0.0137383694 0.0 0.0
-6.53352e-5 -2.3334e-6 0.012934832 0.0 0.0
-6.45574e-5 -2.3334e-6 0.0087039478 0.0 0.0
-6.37796e-5 -2.3334e-6 0.0119104591 0.0 0.0
-6.30018e-5 -2.3334e-6 0.0108815725 0.0 0.0
-6.2224e-5 -2.3334e-6 0.0127279477 0.0 0.0
-6.14462e-5 -2.3334e-6 0.013655288 0.0 0.0
-6.06684e-5 -2.3334e-6 0.0136941374 0.0 0.0
-5.98906e-5 -2.3334e-6 0.0147647727 0.0 0.0
-5.91128e-5 -2.3334e-6 0.012306128 0.0 0.0
-5.8335e-5 -2.3334e-6 0.0124576277 0.0 0.0
-5.75572e-5 -2.3334e-6 0.0126418148 0.0 0.0
-5.67794e-5 -2.3334e-6 0.0141096163 0.0 0.0
-5.60016e-5 -2.3334e-6 0.0129190994 0.0 0.0
-5.52238e-5 -2.3334e-6 0.0134591343 0.0 0.0
-5.4446e-5 -2.3334e-6 0.0139462534 0.0 0.0
-5.36682e-5 -2.3334e-6 0.0148467991 0.0 0.0
-5.28904e-5 -2.3334e-6 0.0142817905 0.0 0.0
-5.21126e-5 -2.3334e-6 0.0123772578 0.0 0.0
-5.13348e-5 -2.3334e-6 0.0118131409 0.0 0.0
-5.0557e-5 -2.3334e-6 0.0117959677 0.0 0.0
-4.97792e-5 -2.3334e-6 0.0120496145 0.0 0.0
-4.90014e-5 -2.3334e-6 0.0117216152 0.0 0.0
-4.82236e-5 -2.3334e-6 0.0113183594 0.0 0.0
-4.74458e-5 -2.3334e-6 0.0113898996 0.0 0.0
-4.6668e-5 -2.3334e-6 0.0111953835 0.0 0.0
-4.58902e-5 -2.3334e-6 0.0112045448 0.0 0.0
-4.51124e-5 -2.3334e-6 0.01078172 0.0 0.0
-4.43346e-5 -2.3334e-6 0.0106727269 0.0 0.0
-4.35568e-5 -2.3334e-6 0.0102839629 0.0 0.0
-4.2779e-5 -2.3334e-6 0.0110999492 0.0 0.0
-4.20012e-5 -2.3334e-6 0.0114620596 0.0 0.0
-4.12234e-5 -2.3334e-6 0.0114326297 0.0 0.0
-4.04456e-5 -2.3334e-6 0.011531128 0.0 0.0
-3.96678e-5 -2.3334e-6 0.0123941124 0.0 0.0
-3.889e-5 -2.3334e-6 0.0129474563 0.0 0.0
-3.81122e-5 -2.3334e-6 0.0133717133 0.0 0.0
-3.73344e-5 -2.3334e-6 0.0116822484 0.0 0.0
-3.65566e-5 -2.3334e-6 0.0118370045 0.0 0.0
-3.57788e-5 -2.3334e-6 0.0120767844 0.0 0.0
-3.5001e-5 -2.3334e-6 0.0124283329 0.0 0.0
-3.42232e-5 -2.3334e-6 0.0094840387 0.0 0.0
-3.34454e-5 -2.3334e-6 0.0094270094 0.0 0.0
-3.26676e-5 -2.3334e-6 0.010106282 0.0 0.0
-3.18898e-5 -2.3334e-6 0.0098045422 0.0 0.0
-3.1112e-5 -2.3334e-6 0.0094962799 0.0 0.0
-3.03342e-5 -2.3334e-6 0.0129758126 0.0 0.0
-2.95564e-5 -2.3334e-6 0.0138811866 0.0 0.0
-2.87786e-5 -2.3334e-6 0.0225347097 0.0 0.0
-2.80008e-5 -2.3334e-6 0.0204261595 0.0 0.0
-2.7223e-5 -2.3334e-6 0.0101988276 0.0 0.0
-2.64452e-5 -2.3334e-6 0.0027966821 0.0 0.0
-2.56674e-5 -2.3334e-6 0.0010618685 0.0 0.0
-2.48896e-5 -2.3334e-6 0.0009571286 0.0 0.0
-2.41118e-5 -2.3334e-6 0.0007531993 0.0 0.0
-2.3334e-5 -2.3334e-6 0.0006548682 0.0 0.0
-2.25562e-5 -2.3334e-6 0.0013534844 0.0 0.0
-2.17784e-5 -2.3334e-6 0.0012585325 0.0 0.0
-2.10006e-5 -2.3334e-6 0.0017479552 0.0 0.0
-2.02228e-5 -2.3334e-6 0.0016768951 0.0 0.0
-1.9445e-5 -2.3334e-6 0.0016756746 0.0 0.0
-1.86672e-5 -2.3334e-6 0.0013298982 0.0 0.0
-1.78894e-5 -2.3334e-6 0.0018103948 0.0 0.0
-1.71116e-5 -2.3334e-6 0.0015097566 0.0 0.0
-1.63338e-5 -2.3334e-6 0.0012695917 0.0 0.0
-1.5556e-5 -2.3334e-6 0.0008985252 0.0 0.0
-1.47782e-5 -2.3334e-6 0.0004824509 0.0 0.0
-1.40004e-5 -2.3334e-6 0.000623473 0.0 0.0
-1.32226e-5 -2.3334e-6 0.0004927688 0.0 0.0
-1.24448e-5 -2.3334e-6 0.000405867 0.0 0.0
-1.1667e-5 -2.3334e-6 0.0003289062 0.0 0.0
-1.08892e-5 -2.3334e-6 0.0002216196 0.0 0.0
-1.01114e-5 -2.3334e-6 0.0001769914 0.0 0.0
-9.3336e-6 -2.3334e-6 0.0004017684 0.0 0.0
-8.5558e-6 -2.3334e-6 0.00031235 0.0 0.0
-7.778e-6 -2.3334e-6 0.0001518969 0.0 0.0
-7.0002e-6 -2.3334e-6 0.0003425161 0.0 0.0
-6.2224e-6 -2.3334e-6 0.0002428097 0.0 0.0
-5.4446e-6 -2.3334e-6 0.0001632091 0.0 0.0
-4.6668e-6 -2.3334e-6 0.000114037 0.0 0.0
-3.889e-6 -2.3334e-6 0.0002472804 0.0 0.0
-3.1112e-6 -2.3334e-6 0.0001806415 0.0 0.0
-2.3334e-6 -2.3334e-6 0.0002851481 0.0 0.0
-1.5556e-6 -2.3334e-6 0.0002118729 0.0 0.0
-7.778e-7 -2.3334e-6 0.0002815422 0.0 0.0
0.0 -2.3334e-6 0.0002013563 0.0 0.0
7.778e-7 -2.3334e-6 0.000158133 0.0 0.0
1.5556e-6 -2.3334e-6 8.90827e-5 0.0 0.0
2.3334e-6 -2.3334e-6 5.63264e-5 0.0 0.0
3.1112e-6 -2.3334e-6 0.000113491 0.0 0.0
3.889e-6 -2.3334e-6 8.03909e-5 0.0 0.0
4.6668e-6 -2.3334e-6 2.85761e-5 0.0 0.0
5.4446e-6 -2.3334e-6 7.6533e-5 0.0 0.0
6.2224e-6 -2.3334e-6 1.8813e-5 0.0 0.0
7.0002e-6 -2.3334e-6 5.83402e-5 0.0 0.0
7.778e-6 -2.3334e-6 2.71225e-5 0.0 0.0
8.5558e-6 -2.3334e-6 7.9295e-6 0.0 0.0
9.3336e-6 -2.3334e-6 2.40342e-5 0.0 0.0
1.01114e-5 -2.3334e-6 5.07952e-5 0.0 0.0
1.08892e-5 -2.3334e-6 1.84108e-5 0.0 0.0
1.1667e-5 -2.3334e-6 4.15122e-5 0.0 0.0
1.24448e-5 -2.3334e-6 6.34408e-5 0.0 0.0
1.32226e-5 -2.3334e-6 2.37598e-5 0.0 0.0
1.40004e-5 -2.3334e-6 2.44007e-5 0.0 0.0
1.47782e-5 -2.3334e-6 4.06898e-5 0.0 0.0
1.5556e-5 -2.3334e-6 1.73614e-5 0.0 0.0
1.63338e-5 -2.3334e-6 2.52457e-5 0.0 0.0
1.71116e-5 -2.3334e-6 3.09779e-5 0.0 0.0
1.78894e-5 -2.3334e-6 1.32397e-5 0.0 0.0
1.86672e-5 -2.3334e-6 1.57831e-5 0.0 0.0
-9.72251e-5 -1.5556e-6 0.0001803782 0.0 0.0
-9.64473e-5 -1.5556e-6 0.0003402762 0.0 0.0
-9.56695e-5 -1.5556e-6 0.0005544203 0.0 0.0
-9.48917e-5 -1.5556e-6 0.0002577158 0.0 0.0
-9.41139e-5 -1.5556e-6 0.0007046517 0.0 0.0
-9.33361e-5 -1.5556e-6 0.0003524015 0.0 0.0
-9.25583e-5 -1.5556e-6 0.000243139 0.0 0.0
-9.17805e-5 -1.5556e-6 0.000731292 0.0 0.0
-9.10027e-5 -1.5556e-6 0.0003333785 0.0 0.0
-9.02249e-5 -1.5556e-6 0.0002101776 0.0 0.0
-8.94471e-5 -1.5556e-6 0.0004105536 0.0 0.0
-8.86693e-5 -1.5556e-6 0.00025858 0.0 0.0
-8.78915e-5 -1.5556e-6 8.59666e-5 0.0 0.0
-8.71137e-5 -1.5556e-6 0.0002553682 0.0 0.0
-8.63359e-5 -1.5556e-6 0.0001370735 0.0 0.0
-8.55581e-5 -1.5556e-6 0.000527326 0.0 0.0
-8.47803e-5 -1.5556e-6 0.0002874839 0.0 0.0
-8.40025e-5 -1.5556e-6 0.0009671589 0.0 0.0
-8.32246e-5 -1.5556e-6 0.0006232437 0.0 0.0
-8.24468e-5 -1.5556e-6 0.0002749405 0.0 0.0
-8.1669e-5 -1.5556e-6 0.0009965195 0.0 0.0
-8.08912e-5 -1.5556e-6 0.0006355844 0.0 0.0
-8.01134e-5 -1.5556e-6 0.0014308575 0.0 0.0
-7.93356e-5 -1.5556e-6 0.0015137293 0.0 0.0
-7.85578e-5 -1.5556e-6 0.0013404532 0.0 0.0
-7.778e-5 -1.5556e-6 0.001375305 0.0 0.0
-7.70022e-5 -1.5556e-6 0.0029215574 0.0 0.0
-7.62244e-5 -1.5556e-6 0.0031286585 0.0 0.0
-7.54466e-5 -1.5556e-6 0.0046428471 0.0 0.0
-7.46688e-5 -1.5556e-6 0.0074426224 0.0 0.0
-7.3891e-5 -1.5556e-6 0.0070990343 0.0 0.0
-7.31132e-5 -1.5556e-6 0.0084940419 0.0 0.0
-7.23354e-5 -1.5556e-6 0.008377077 0.0 0.0
-7.15576e-5 -1.5556e-6 0.0081566963 0.0 0.0
-7.07798e-5 -1.5556e-6 0.0083290953 0.0 0.0
-7.0002e-5 -1.5556e-6 0.0084688711 0.0 0.0
-6.92242e-5 -1.5556e-6 0.0089143572 0.0 0.0
-6.84464e-5 -1.5556e-6 0.0108325269 0.0 0.0
-6.76686e-5 -1.5556e-6 0.0130898124 0.0 0.0
-6.68908e-5 -1.5556e-6 0.0151043941 0.0 0.0
-6.6113e-5 -1.5556e-6 0.0186407516 0.0 0.0
-6.53352e-5 -1.5556e-6 0.0120969918 0.0 0.0
-6.45574e-5 -1.5556e-6 0.0111752142 0.0 0.0
-6.37796e-5 -1.5556e-6 0.0133840839 0.0 0.0
-6.30018e-5 -1.5556e-6 0.008555042 0.0 0.0
-6.2224e-5 -1.5556e-6 0.0100998067 0.0 0.0
-6.14462e-5 -1.5556e-6 0.0125745538 0.0 0.0
-6.06684e-5 -1.5556e-6 0.0101463366 0.0 0.0
-5.98906e-5 -1.5556e-6 0.0110997692 0.0 0.0
-5.91128e-5 -1.5556e-6 0.0114994072 0.0 0.0
-5.8335e-5 -1.5556e-6 0.0117496994 0.0 0.0
-5.75572e-5 -1.5556e-6 0.0113846427 0.0 0.0
-5.67794e-5 -1.5556e-6 0.0120152186 0.0 0.0
-5.60016e-5 -1.5556e-6 0.012125557 0.0 0.0
-5.52238e-5 -1.5556e-6 0.0117703587 0.0 0.0
-5.4446e-5 -1.5556e-6 0.0101151949 0.0 0.0
-5.36682e-5 -1.5556e-6 0.0113620086 0.0 0.0
-5.28904e-5 -1.5556e-6 0.0109308707 0.0 0.0
-5.21126e-5 -1.5556e-6 0.0105338674 0.0 0.0
-5.13348e-5 -1.5556e-6 0.0089780876 0.0 0.0
-5.0557e-5 -1.5556e-6 0.0089850742 0.0 0.0
-4.97792e-5 -1.5556e-6 0.0087992352 0.0 0.0
-4.90014e-5 -1.5556e-6 0.008557607 0.0 0.0
-4.82236e-5 -1.5556e-6 0.008443048 0.0 0.0
-4.74458e-5 -1.5556e-6 0.0087180322 0.0 0.0
-4.6668e-5 -1.5556e-6 0.0090286303 0.0 0.0
-4.58902e-5 -1.5556e-6 0.0095193622 0.0 0.0
-4.51124e-5 -1.5556e-6 0.0096247429 0.0 0.0
-4.43346e-5 -1.5556e-6 0.0099368977 0.0 0.0
-4.35568e-5 -1.5556e-6 0.0103767842 0.0 0.0
-4.2779e-5 -1.5556e-6 0.0104210708 0.0 0.0
-4.20012e-5 -1.5556e-6 0.0109044145 0.0 0.0
-4.12234e-5 -1.5556e-6 0.0111147017 0.0 0.0
-4.04456e-5 -1.5556e-6 0.0116852351 0.0 0.0
-3.96678e-5 -1.5556e-6 0.0109365113 0.0 0.0
-3.889e-5 -1.5556e-6 0.0111278229 0.0 0.0
-3.81122e-5 -1.5556e-6 0.0116802113 0.0 0.0
-3.73344e-5 -1.5556e-6 0.012370528 0.0 0.0
-3.65566e-5 -1.5556e-6 0.0104677657 0.0 0.0
-3.57788e-5 -1.5556e-6 0.0106940242 0.0 0.0
-3.5001e-5 -1.5556e-6 0.0117130358 0.0 0.0
-3.42232e-5 -1.5556e-6 0.0119570427 0.0 0.0
-3.34454e-5 -1.5556e-6 0.0110781933 0.0 0.0
-3.26676e-5 -1.5556e-6 0.0107406154 0.0 0.0
-3.18898e-5 -1.5556e-6 0.0138207595 0.0 0.0
-3.1112e-5 -1.5556e-6 0.0196312215 0.0 0.0
-3.03342e-5 -1.5556e-6 0.0250566716 0.0 0.0
-2.95564e-5 -1.5556e-6 0.0196687174 0.0 0.0
-2.87786e-5 -1.5556e-6 0.0114484624 0.0 0.0
-2.80008e-5 -1.5556e-6 0.0034538946 0.0 0.0
-2.7223e-5 -1.5556e-6 0.0011744681 0.0 0.0
-2.64452e-5 -1.5556e-6 0.0009235656 0.0 0.0
-2.56674e-5 -1.5556e-6 0.0007655724 0.0 0.0
-2.48896e-5 -1.5556e-6 0.0007079908 0.0 0.0
-2.41118e-5 -1.5556e-6 0.0006592701 0.0 0.0
-2.3334e-5 -1.5556e-6 0.0009167218 0.0 0.0
-2.25562e-5 -1.5556e-6 0.0013508475 0.0 0.0
-2.17784e-5 -1.5556e-6 0.0013515581 0.0 0.0
-2.10006e-5 -1.5556e-6 0.0014213662 0.0 0.0
-2.02228e-5 -1.5556e-6 0.0013777372 0.0 0.0
-1.9445e-5 -1.5556e-6 0.0013155552 0.0 0.0
-1.86672e-5 -1.5556e-6 0.0013800298 0.0 0.0
-1.78894e-5 -1.5556e-6 0.0012674727 0.0 0.0
-1.71116e-5 -1.5556e-6 0.0008382273 0.0 0.0
-1.63338e-5 -1.5556e-6 0.0005030193 0.0 0.0
-1.5556e-5 -1.5556e-6 0.0002142578 0.0 0.0
-1.47782e-5 -1.5556e-6 0.0001671722 0.0 0.0
-1.40004e-5 -1.5556e-6 0.0003794965 0.0 0.0
-1.32226e-5 -1.5556e-6 0.0003146627 0.0 0.0
-1.24448e-5 -1.5556e-6 0.0002908676 0.0 0.0
-1.1667e-5 -1.5556e-6 0.0002422689 0.0 0.0
-1.08892e-5 -1.5556e-6 0.0001494122 0.0 0.0
-1.01114e-5 -1.5556e-6 0.0001018718 0.0 0.0
-9.3336e-6 -1.5556e-6 0.0002962802 0.0 0.0
-8.5558e-6 -1.5556e-6 0.000235371 0.0 0.0
-7.778e-6 -1.5556e-6 0.0001531478 0.0 0.0
-7.0002e-6 -1.5556e-6 8.20378e-5 0.0 0.0
-6.2224e-6 -1.5556e-6 0.000254015 0.0 0.0
-5.4446e-6 -1.5556e-6 0.0001592327 0.0 0.0
-4.6668e-6 -1.5556e-6 0.0002681056 0.0 0.0
-3.889e-6 -1.5556e-6 0.0002095541 0.0 0.0
-3.1112e-6 -1.5556e-6 0.0001283945 0.0 0.0
-2.3334e-6 -1.5556e-6 0.0002361378 0.0 0.0
-1.5556e-6 -1.5556e-6 0.0001591493 0.0 0.0
-7.778e-7 -1.5556e-6 0.0002233414 0.0 0.0
0.0 -1.5556e-6 0.0001688569 0.0 0.0
7.778e-7 -1.5556e-6 0.000131727 0.0 0.0
1.5556e-6 -1.5556e-6 8.95108e-5 0.0 0.0
2.3334e-6 -1.5556e-6 3.62083e-5 0.0 0.0
3.1112e-6 -1.5556e-6 8.15226e-5 0.0 0.0
3.889e-6 -1.5556e-6 3.99347e-5 0.0 0.0
4.6668e-6 -1.5556e-6 1.54819e-5 0.0 0.0
5.4446e-6 -1.5556e-6 4.92398e-5 0.0 0.0
6.2224e-6 -1.5556e-6 1.55282e-5 0.0 0.0
7.0002e-6 -1.5556e-6 4.1692e-5 0.0 0.0
7.778e-6 -1.5556e-6 1.07113e-5 0.0 0.0
8.5558e-6 -1.5556e-6 5.02089e-5 0.0 0.0
9.3336e-6 -1.5556e-6 6.24042e-5 0.0 0.0
1.01114e-5 -1.5556e-6 2.39455e-5 0.0 0.0
1.08892e-5 -1.5556e-6 5.93565e-5 0.0 0.0
1.1667e-5 -1.5556e-6 1.88339e-5 0.0 0.0
1.24448e-5 -1.5556e-6 3.38601e-5 0.0 0.0
1.32226e-5 -1.5556e-6 5.17596e-5 0.0 0.0
1.40004e-5 -1.5556e-6 1.09297e-5 0.0 0.0
1.47782e-5 -1.5556e-6 1.9069e-5 0.0 0.0
1.5556e-5 -1.5556e-6 3.13265e-5 0.0 0.0
1.63338e-5 -1.5556e-6 3.17355e-5 0.0 0.0
1.71116e-5 -1.5556e-6 1.64006e-5 0.0 0.0
1.78894e-5 -1.5556e-6 2.71647e-5 0.0 0.0
1.86672e-5 -1.5556e-6 9.0844e-6 0.0 0.0
-9.72251e-5 -7.778e-7 0.0005219802 0.0 0.0
-9.64473e-5 -7.778e-7 0.00064132 0.0 0.0
-9.56695e-5 -7.778e-7 0.0002813916 0.0 0.0
-9.48917e-5 -7.778e-7 0.0006035667 0.0 0.0
-9.41139e-5 -7.778e-7 0.0003090975 0.0 0.0
-9.33361e-5 -7.778e-7 0.0007636983 0.0 0.0
-9.25583e-5 -7.778e-7 0.000446918 0.0 0.0
-9.17805e-5 -7.778e-7 0.0002191702 0.0 0.0
-9.10027e-5 -7.778e-7 0.0006014363 0.0 0.0
-9.02249e-5 -7.778e-7 0.000280469 0.0 0.0
-8.94471e-5 -7.778e-7 0.0001760167 0.0 0.0
-8.86693e-5 -7.778e-7 0.0005275927 0.0 0.0
-8.78915e-5 -7.778e-7 0.0003432684 0.0 0.0
-8.71137e-5 -7.778e-7 0.0007214165 0.0 0.0
-8.63359e-5 -7.778e-7 0.0004595212 0.0 0.0
-8.55581e-5 -7.778e-7 0.0002011008 0.0 0.0
-8.47803e-5 -7.778e-7 0.0006776779 0.0 0.0
-8.40025e-5 -7.778e-7 0.0004097205 0.0 0.0
-8.32246e-5 -7.778e-7 0.0001374367 0.0 0.0
-8.24468e-5 -7.778e-7 0.0006680652 0.0 0.0
-8.1669e-5 -7.778e-7 0.0003212006 0.0 0.0
-8.08912e-5 -7.778e-7 0.0011678133 0.0 0.0
-8.01134e-5 -7.778e-7 0.0007432757 0.0 0.0
-7.93356e-5 -7.778e-7 0.0005645332 0.0 0.0
-7.85578e-5 -7.778e-7 0.0015382621 0.0 0.0
-7.778e-5 -7.778e-7 0.0016088679 0.0 0.0
-7.70022e-5 -7.778e-7 0.0014383272 0.0 0.0
-7.62244e-5 -7.778e-7 0.001761182 0.0 0.0
-7.54466e-5 -7.778e-7 0.0029439021 0.0 0.0
-7.46688e-5 -7.778e-7 0.00456066 0.0 0.0
-7.3891e-5 -7.778e-7 0.0061348033 0.0 0.0
-7.31132e-5 -7.778e-7 0.0069635712 0.0 0.0
-7.23354e-5 -7.778e-7 0.0074608634 0.0 0.0
-7.15576e-5 -7.778e-7 0.0075916764 0.0 0.0
-7.07798e-5 -7.778e-7 0.007905426 0.0 0.0
-7.0002e-5 -7.778e-7 0.0083039528 0.0 0.0
-6.92242e-5 -7.778e-7 0.008621456 0.0 0.0
-6.84464e-5 -7.778e-7 0.0088037043 0.0 0.0
-6.76686e-5 -7.778e-7 0.0110546461 0.0 0.0
-6.68908e-5 -7.778e-7 0.012355778 0.0 0.0
-6.6113e-5 -7.778e-7 0.014575024 0.0 0.0
-6.53352e-5 -7.778e-7 0.0167076907 0.0 0.0
-6.45574e-5 -7.778e-7 0.0163061206 0.0 0.0
-6.37796e-5 -7.778e-7 0.0155741612 0.0 0.0
-6.30018e-5 -7.778e-7 0.0115963607 0.0 0.0
-6.2224e-5 -7.778e-7 0.0109521979 0.0 0.0
-6.14462e-5 -7.778e-7 0.0110414315 0.0 0.0
-6.06684e-5 -7.778e-7 0.0083804618 0.0 0.0
-5.98906e-5 -7.778e-7 0.0099799045 0.0 0.0
-5.91128e-5 -7.778e-7 0.0111234276 0.0 0.0
-5.8335e-5 -7.778e-7 0.0113046198 0.0 0.0
-5.75572e-5 -7.778e-7 0.0118120759 0.0 0.0
-5.67794e-5 -7.778e-7 0.0086869273 0.0 0.0
-5.60016e-5 -7.778e-7 0.0088468748 0.0 0.0
-5.52238e-5 -7.778e-7 0.0087786191 0.0 0.0
-5.4446e-5 -7.778e-7 0.0086048003 0.0 0.0
-5.36682e-5 -7.778e-7 0.0085341769 0.0 0.0
-5.28904e-5 -7.778e-7 0.0084293417 0.0 0.0
-5.21126e-5 -7.778e-7 0.0083312408 0.0 0.0
-5.13348e-5 -7.778e-7 0.0084114208 0.0 0.0
-5.0557e-5 -7.778e-7 0.0071136634 0.0 0.0
-4.97792e-5 -7.778e-7 0.0074681884 0.0 0.0
-4.90014e-5 -7.778e-7 0.0076091494 0.0 0.0
-4.82236e-5 -7.778e-7 0.007539355 0.0 0.0
-4.74458e-5 -7.778e-7 0.0076321384 0.0 0.0
-4.6668e-5 -7.778e-7 0.008728944 0.0 0.0
-4.58902e-5 -7.778e-7 0.0089429907 0.0 0.0
-4.51124e-5 -7.778e-7 0.0092337348 0.0 0.0
-4.43346e-5 -7.778e-7 0.0097311697 0.0 0.0
-4.35568e-5 -7.778e-7 0.0101444495 0.0 0.0
-4.2779e-5 -7.778e-7 0.01054764 0.0 0.0
-4.20012e-5 -7.778e-7 0.0092600984 0.0 0.0
-4.12234e-5 -7.778e-7 0.0100220886 0.0 0.0
-4.04456e-5 -7.778e-7 0.0111161939 0.0 0.0
-3.96678e-5 -7.778e-7 0.0094290057 0.0 0.0
-3.889e-5 -7.778e-7 0.0104444246 0.0 0.0
-3.81122e-5 -7.778e-7 0.0112187367 0.0 0.0
-3.73344e-5 -7.778e-7 0.0118265882 0.0 0.0
-3.65566e-5 -7.778e-7 0.0127211931 0.0 0.0
-3.57788e-5 -7.778e-7 0.0094922662 0.0 0.0
-3.5001e-5 -7.778e-7 0.0130129415 0.0 0.0
-3.42232e-5 -7.778e-7 0.0129445124 0.0 0.0
-3.34454e-5 -7.778e-7 0.0163220496 0.0 0.0
-3.26676e-5 -7.778e-7 0.0226400529 0.0 0.0
-3.18898e-5 -7.778e-7 0.0231808466 0.0 0.0
-3.1112e-5 -7.778e-7 0.0181193856 0.0 0.0
-3.03342e-5 -7.778e-7 0.010930681 0.0 0.0
-2.95564e-5 -7.778e-7 0.0041342152 0.0 0.0
-2.87786e-5 -7.778e-7 0.0007061294 0.0 0.0
-2.80008e-5 -7.778e-7 0.0009582864 0.0 0.0
-2.7223e-5 -7.778e-7 0.0005493125 0.0 0.0
-2.64452e-5 -7.778e-7 0.0004098825 0.0 0.0
-2.56674e-5 -7.778e-7 0.0003886376 0.0 0.0
-2.48896e-5 -7.778e-7 0.0003750403 0.0 0.0
-2.41118e-5 -7.778e-7 0.0006274003 0.0 0.0
-2.3334e-5 -7.778e-7 0.0005982949 0.0 0.0
-2.25562e-5 -7.778e-7 0.0010536606 0.0 0.0
-2.17784e-5 -7.778e-7 0.0010552952 0.0 0.0
-2.10006e-5 -7.778e-7 0.0010044386 0.0 0.0
-2.02228e-5 -7.778e-7 0.0009266655 0.0 0.0
-1.9445e-5 -7.778e-7 0.00084207 0.0 0.0
-1.86672e-5 -7.778e-7 0.0007145165 0.0 0.0
-1.78894e-5 -7.778e-7 0.0004638043 0.0 0.0
-1.71116e-5 -7.778e-7 0.00040058 0.0 0.0
-1.63338e-5 -7.778e-7 0.0002302768 0.0 0.0
-1.5556e-5 -7.778e-7 0.0001092198 0.0 0.0
-1.47782e-5 -7.778e-7 0.00031608 0.0 0.0
-1.40004e-5 -7.778e-7 0.0002892051 0.0 0.0
-1.32226e-5 -7.778e-7 0.0002302029 0.0 0.0
-1.24448e-5 -7.778e-7 0.0001750483 0.0 0.0
-1.1667e-5 -7.778e-7 0.0001428266 0.0 0.0
-1.08892e-5 -7.778e-7 8.71916e-5 0.0 0.0
-1.01114e-5 -7.778e-7 0.0002869067 0.0 0.0
-9.3336e-6 -7.778e-7 0.0002069566 0.0 0.0
-8.5558e-6 -7.778e-7 0.00016997 0.0 0.0
-7.778e-6 -7.778e-7 0.00010097 0.0 0.0
-7.0002e-6 -7.778e-7 0.000287495 0.0 0.0
-6.2224e-6 -7.778e-7 0.000176635 0.0 0.0
-5.4446e-6 -7.778e-7 0.0001295844 0.0 0.0
-4.6668e-6 -7.778e-7 0.0002205674 0.0 0.0
-3.889e-6 -7.778e-7 0.0001671483 0.0 0.0
-3.1112e-6 -7.778e-7 0.000105558 0.0 0.0
-2.3334e-6 -7.778e-7 0.0001846993 0.0 0.0
-1.5556e-6 -7.778e-7 0.0001295183 0.0 0.0
-7.778e-7 -7.778e-7 7.42757e-5 0.0 0.0
0.0 -7.778e-7 0.0001419088 0.0 0.0
7.778e-7 -7.778e-7 0.0001096856 0.0 0.0
1.5556e-6 -7.778e-7 7.16271e-5 0.0 0.0
2.3334e-6 -7.778e-7 1.99388e-5 0.0 0.0
3.1112e-6 -7.778e-7 5.61621e-5 0.0 0.0
3.889e-6 -7.778e-7 2.99375e-5 0.0 0.0
4.6668e-6 -7.778e-7 7.7259e-5 0.0 0.0
5.4446e-6 -7.778e-7 2.12779e-5 0.0 0.0
6.2224e-6 -7.778e-7 7.65406e-5 0.0 0.0
7.0002e-6 -7.778e-7 2.02439e-5 0.0 0.0
7.778e-6 -7.778e-7 6.95645e-5 0.0 0.0
8.5558e-6 -7.778e-7 2.84878e-5 0.0 0.0
9.3336e-6 -7.778e-7 3.18666e-5 0.0 0.0
1.01114e-5 -7.778e-7 1.12708e-5 0.0 0.0
1.08892e-5 -7.778e-7 3.85102e-5 0.0 0.0
1.1667e-5 -7.778e-7 4.34699e-5 0.0 0.0
1.24448e-5 -7.778e-7 1.46211e-5 0.0 0.0
1.32226e-5 -7.778e-7 1.93802e-5 0.0 0.0
1.40004e-5 -7.778e-7 2.33334e-5 0.0 0.0
1.47782e-5 -7.778e-7 7.5176e-6 0.0 0.0
1.5556e-5 -7.778e-7 1.64072e-5 0.0 0.0
1.63338e-5 -7.778e-7 1.82168e-5 0.0 0.0
1.71116e-5 -7.778e-7 8.1123e-6 0.0 0.0
1.78894e-5 -7.778e-7 1.28525e-5 0.0 0.0
1.86672e-5 -7.778e-7 2.09482e-5 0.0 0.0
-9.72251e-5 0.0 0.0003266026 0.0 0.0
-9.64473e-5 0.0 0.0003731475 0.0 0.0
-9.56695e-5 0.0 0.0001926511 0.0 0.0
-9.48917e-5 0.0 0.0003783493 0.0 0.0
-9.41139e-5 0.0 0.0006237692 0.0 0.0
-9.33361e-5 0.0 0.0003304259 0.0 0.0
-9.25583e-5 0.0 0.0002568526 0.0 0.0
-9.17805e-5 0.0 0.0005481444 0.0 0.0
-9.10027e-5 0.0 0.0003867185 0.0 0.0
-9.02249e-5 0.0 0.0005894712 0.0 0.0
-8.94471e-5 0.0 0.0004162825 0.0 0.0
-8.86693e-5 0.0 0.00016855 0.0 0.0
-8.78915e-5 0.0 0.0006034912 0.0 0.0
-8.71137e-5 0.0 0.000442845 0.0 0.0
-8.63359e-5 0.0 9.79757e-5 0.0 0.0
-8.55581e-5 0.0 0.0004376373 0.0 0.0
-8.47803e-5 0.0 0.0002431015 0.0 0.0
-8.40025e-5 0.0 0.0008005955 0.0 0.0
-8.32246e-5 0.0 0.0005463882 0.0 0.0
-8.24468e-5 0.0 0.000302391 0.0 0.0
-8.1669e-5 0.0 0.0007848454 0.0 0.0
-8.08912e-5 0.0 0.0005059662 0.0 0.0
-8.01134e-5 0.0 0.0002487584 0.0 0.0
-7.93356e-5 0.0 0.0009124411 0.0 0.0
-7.85578e-5 0.0 0.0008280028 0.0 0.0
-7.778e-5 0.0 0.0016054002 0.0 0.0
-7.70022e-5 0.0 0.0018525665 0.0 0.0
-7.62244e-5 0.0 0.0017033743 0.0 0.0
-7.54466e-5 0.0 0.0018133592 0.0 0.0
-7.46688e-5 0.0 0.0032259151 0.0 0.0
-7.3891e-5 0.0 0.0032811108 0.0 0.0
-7.31132e-5 0.0 0.0060239428 0.0 0.0
-7.23354e-5 0.0 0.0067723516 0.0 0.0
-7.15576e-5 0.0 0.007214684 0.0 0.0
-7.07798e-5 0.0 0.0077264723 0.0 0.0
-7.0002e-5 0.0 0.0079151154 0.0 0.0
-6.92242e-5 0.0 0.0077942556 0.0 0.0
-6.84464e-5 0.0 0.0081929071 0.0 0.0
-6.76686e-5 0.0 0.0090165963 0.0 0.0
-6.68908e-5 0.0 0.010405321 0.0 0.0
-6.6113e-5 0.0 0.01149093 0.0 0.0
-6.53352e-5 0.0 0.0141978939 0.0 0.0
-6.45574e-5 0.0 0.0157272935 0.0 0.0
-6.37796e-5 0.0 0.0176175729 0.0 0.0
-6.30018e-5 0.0 0.0176820233 0.0 0.0
-6.2224e-5 0.0 0.0122008502 0.0 0.0
-6.14462e-5 0.0 0.0141703954 0.0 0.0
-6.06684e-5 0.0 0.0129411486 0.0 0.0
-5.98906e-5 0.0 0.0121782295 0.0 0.0
-5.91128e-5 0.0 0.0138662514 0.0 0.0
-5.8335e-5 0.0 0.0096464996 0.0 0.0
-5.75572e-5 0.0 0.0094043184 0.0 0.0
-5.67794e-5 0.0 0.0096942413 0.0 0.0
-5.60016e-5 0.0 0.0096434965 0.0 0.0
-5.52238e-5 0.0 0.0095640672 0.0 0.0
-5.4446e-5 0.0 0.0089790152 0.0 0.0
-5.36682e-5 0.0 0.0089350997 0.0 0.0
-5.28904e-5 0.0 0.0068407622 0.0 0.0
-5.21126e-5 0.0 0.0083763079 0.0 0.0
-5.13348e-5 0.0 0.0064999963 0.0 0.0
-5.0557e-5 0.0 0.0063337491 0.0 0.0
-4.97792e-5 0.0 0.0067644552 0.0 0.0
-4.90014e-5 0.0 0.0069601737 0.0 0.0
-4.82236e-5 0.0 0.0072582542 0.0 0.0
-4.74458e-5 0.0 0.0076044003 0.0 0.0
-4.6668e-5 0.0 0.0080820464 0.0 0.0
-4.58902e-5 0.0 0.0085742473 0.0 0.0
-4.51124e-5 0.0 0.009377663 0.0 0.0
-4.43346e-5 0.0 0.0080178661 0.0 0.0
-4.35568e-5 0.0 0.0089425228 0.0 0.0
-4.2779e-5 0.0 0.0095105771 0.0 0.0
-4.20012e-5 0.0 0.0083178756 0.0 0.0
-4.12234e-5 0.0 0.0092725736 0.0 0.0
-4.04456e-5 0.0 0.0099082334 0.0 0.0
-3.96678e-5 0.0 0.0113702498 0.0 0.0
-3.889e-5 0.0 0.0123403034 0.0 0.0
-3.81122e-5 0.0 0.013409606 0.0 0.0
-3.73344e-5 0.0 0.01436325 0.0 0.0
-3.65566e-5 0.0 0.0145531444 0.0 0.0
-3.57788e-5 0.0 0.0194391104 0.0 0.0
-3.5001e-5 0.0 0.0204841286 0.0 0.0
-3.42232e-5 0.0 0.0240069679 0.0 0.0
-3.34454e-5 0.0 0.0209350201 0.0 0.0
-3.26676e-5 0.0 0.0158667956 0.0 0.0
-3.18898e-5 0.0 0.0096263375 0.0 0.0
-3.1112e-5 0.0 0.0038489494 0.0 0.0
-3.03342e-5 0.0 0.0011159117 0.0 0.0
-2.95564e-5 0.0 0.0007078417 0.0 0.0
-2.87786e-5 0.0 0.0004229539 0.0 0.0
-2.80008e-5 0.0 0.0002802984 0.0 0.0
-2.7223e-5 0.0 0.0002158039 0.0 0.0
-2.64452e-5 0.0 0.0004578569 0.0 0.0
-2.56674e-5 0.0 0.0004972168 0.0 0.0
-2.48896e-5 0.0 0.000406356 0.0 0.0
-2.41118e-5 0.0 0.0003742605 0.0 0.0
-2.3334e-5 0.0 0.0006945999 0.0 0.0
-2.25562e-5 0.0 0.0006962262 0.0 0.0
-2.17784e-5 0.0 0.0007071448 0.0 0.0
-2.10006e-5 0.0 0.0006073266 0.0 0.0
-2.02228e-5 0.0 0.00052729 0.0 0.0
-1.9445e-5 0.0 0.0002171864 0.0 0.0
-1.86672e-5 0.0 0.0005465017 0.0 0.0
-1.78894e-5 0.0 0.0003056677 0.0 0.0
-1.71116e-5 0.0 0.0001476403 0.0 0.0
-1.63338e-5 0.0 0.0002252587 0.0 0.0
-1.5556e-5 0.0 9.34096e-5 0.0 0.0
-1.47782e-5 0.0 5.182e-5 0.0 0.0
-1.40004e-5 0.0 0.0002725529 0.0 0.0
-1.32226e-5 0.0 0.0001673331 0.0 0.0
-1.24448e-5 0.0 0.0001307929 0.0 0.0
-1.1667e-5 0.0 6.90798e-5 0.0 0.0
-1.08892e-5 0.0 0.0002782822 0.0 0.0
-1.01114e-5 0.0 0.0002454355 0.0 0.0
-9.3336e-6 0.0 0.000169247 0.0 0.0
-8.5558e-6 0.0 0.0001379827 0.0 0.0
-7.778e-6 0.0 6.60346e-5 0.0 0.0
-7.0002e-6 0.0 0.0002398242 0.0 0.0
-6.2224e-6 0.0 0.0001510736 0.0 0.0
-5.4446e-6 0.0 0.0002292506 0.0 0.0
-4.6668e-6 0.0 0.0001693092 0.0 0.0
-3.889e-6 0.0 0.000118263 0.0 0.0
-3.1112e-6 0.0 8.63325e-5 0.0 0.0
-2.3334e-6 0.0 0.0001457539 0.0 0.0
-1.5556e-6 0.0 8.98314e-5 0.0 0.0
-7.778e-7 0.0 4.71855e-5 0.0 0.0
0.0 0.0 0.0001204415 0.0 0.0
7.778e-7 0.0 8.37108e-5 0.0 0.0
1.5556e-6 0.0 4.22289e-5 0.0 0.0
2.3334e-6 0.0 8.35284e-5 0.0 0.0
3.1112e-6 0.0 3.43759e-5 0.0 0.0
3.889e-6 0.0 1.14969e-5 0.0 0.0
4.6668e-6 0.0 3.92611e-5 0.0 0.0
5.4446e-6 0.0 2.04193e-5 0.0 0.0
6.2224e-6 0.0 3.53192e-5 0.0 0.0
7.0002e-6 0.0 1.15566e-5 0.0 0.0
7.778e-6 0.0 4.84906e-5 0.0 0.0
8.5558e-6 0.0 4.63046e-5 0.0 0.0
9.3336e-6 0.0 1.83427e-5 0.0 0.0
1.01114e-5 0.0 4.39096e-5 0.0 0.0
1.08892e-5 0.0 4.22805e-5 0.0 0.0
1.1667e-5 0.0 1.74652e-5 0.0 0.0
1.24448e-5 0.0 2.78814e-5 0.0 0.0
1.32226e-5 0.0 3.45257e-5 0.0 0.0
1.40004e-5 0.0 1.0271e-5 0.0 0.0
1.47782e-5 0.0 2.2649e-5 0.0 0.0
1.5556e-5 0.0 6.5833e-6 0.0 0.0
1.63338e-5 0.0 1.22193e-5 0.0 0.0
1.71116e-5 0.0 3.7631e-6 0.0 0.0
1.78894e-5 0.0 7.4188e-6 0.0 0.0
1.86672e-5 0.0 1.39147e-5 0.0 0.0
-9.72251e-5 7.778e-7 0.0006278971 0.0 0.0
-9.64473e-5 7.778e-7 0.0003145522 0.0 0.0
-9.56695e-5 7.778e-7 0.0004157936 0.0 0.0
-9.48917e-5 7.778e-7 0.0006193038 0.0 0.0
-9.41139e-5 7.778e-7 0.0003895753 0.0 0.0
-9.33361e-5 7.778e-7 0.0002097075 0.0 0.0
-9.25583e-5 7.778e-7 0.0003907543 0.0 0.0
-9.17805e-5 7.778e-7 0.0002941059 0.0 0.0
-9.10027e-5 7.778e-7 0.0005720232 0.0 0.0
-9.02249e-5 7.778e-7 0.0003287155 0.0 0.0
-8.94471e-5 7.778e-7 0.0001638169 0.0 0.0
-8.86693e-5 7.778e-7 0.0005146478 0.0 0.0
-8.78915e-5 7.778e-7 0.000265848 0.0 0.0
-8.71137e-5 7.778e-7 0.0007724452 0.0 0.0
-8.63359e-5 7.778e-7 0.0005978121 0.0 0.0
-8.55581e-5 7.778e-7 0.0002950757 0.0 0.0
-8.47803e-5 7.778e-7 9.67813e-5 0.0 0.0
-8.40025e-5 7.778e-7 0.0003512632 0.0 0.0
-8.32246e-5 7.778e-7 0.0001915621 0.0 0.0
-8.24468e-5 7.778e-7 0.0007562426 0.0 0.0
-8.1669e-5 7.778e-7 0.0004612782 0.0 0.0
-8.08912e-5 7.778e-7 0.0001442808 0.0 0.0
-8.01134e-5 7.778e-7 0.0009383485 0.0 0.0
-7.93356e-5 7.778e-7 0.0004315366 0.0 0.0
-7.85578e-5 7.778e-7 0.0012331253 0.0 0.0
-7.778e-5 7.778e-7 0.0010577498 0.0 0.0
-7.70022e-5 7.778e-7 0.0011058267 0.0 0.0
-7.62244e-5 7.778e-7 0.0007745849 0.0 0.0
-7.54466e-5 7.778e-7 0.0021024371 0.0 0.0
-7.46688e-5 7.778e-7 0.0018496396 0.0 0.0
-7.3891e-5 7.778e-7 0.0021484381 0.0 0.0
-7.31132e-5 7.778e-7 0.0032810122 0.0 0.0
-7.23354e-5 7.778e-7 0.0047785677 0.0 0.0
-7.15576e-5 7.778e-7 0.0054688006 0.0 0.0
-7.07798e-5 7.778e-7 0.0062740243 0.0 0.0
-7.0002e-5 7.778e-7 0.0066912015 0.0 0.0
-6.92242e-5 7.778e-7 0.0070453435 0.0 0.0
-6.84464e-5 7.778e-7 0.007497367 0.0 0.0
-6.76686e-5 7.778e-7 0.0077875257 0.0 0.0
-6.68908e-5 7.778e-7 0.0083454244 0.0 0.0
-6.6113e-5 7.778e-7 0.0093983899 0.0 0.0
-6.53352e-5 7.778e-7 0.0110630399 0.0 0.0
-6.45574e-5 7.778e-7 0.012727673 0.0 0.0
-6.37796e-5 7.778e-7 0.0144296728 0.0 0.0
-6.30018e-5 7.778e-7 0.0170859414 0.0 0.0
-6.2224e-5 7.778e-7 0.018800394 0.0 0.0
-6.14462e-5 7.778e-7 0.0205143391 0.0 0.0
-6.06684e-5 7.778e-7 0.0160829238 0.0 0.0
-5.98906e-5 7.778e-7 0.0133788696 0.0 0.0
-5.91128e-5 7.778e-7 0.0157405647 0.0 0.0
-5.8335e-5 7.778e-7 0.0133530611 0.0 0.0
-5.75572e-5 7.778e-7 0.0126199929 0.0 0.0
-5.67794e-5 7.778e-7 0.0132820138 0.0 0.0
-5.60016e-5 7.778e-7 0.0097447613 0.0 0.0
-5.52238e-5 7.778e-7 0.0088926627 0.0 0.0
-5.4446e-5 7.778e-7 0.0079645989 0.0 0.0
-5.36682e-5 7.778e-7 0.0083673289 0.0 0.0
-5.28904e-5 7.778e-7 0.0082941403 0.0 0.0
-5.21126e-5 7.778e-7 0.008134735 0.0 0.0
-5.13348e-5 7.778e-7 0.0074417335 0.0 0.0
-5.0557e-5 7.778e-7 0.0074860243 0.0 0.0
-4.97792e-5 7.778e-7 0.007647509 0.0 0.0
-4.90014e-5 7.778e-7 0.0075892077 0.0 0.0
-4.82236e-5 7.778e-7 0.0077892075 0.0 0.0
-4.74458e-5 7.778e-7 0.0064166222 0.0 0.0
-4.6668e-5 7.778e-7 0.0066924192 0.0 0.0
-4.58902e-5 7.778e-7 0.0076078499 0.0 0.0
-4.51124e-5 7.778e-7 0.0083283662 0.0 0.0
-4.43346e-5 7.778e-7 0.0088132017 0.0 0.0
-4.35568e-5 7.778e-7 0.0070585905 0.0 0.0
-4.2779e-5 7.778e-7 0.0077709084 0.0 0.0
-4.20012e-5 7.778e-7 0.0098796714 0.0 0.0
-4.12234e-5 7.778e-7 0.0115118559 0.0 0.0
-4.04456e-5 7.778e-7 0.0121300344 0.0 0.0
-3.96678e-5 7.778e-7 0.0136739508 0.0 0.0
-3.889e-5 7.778e-7 0.0153256314 0.0 0.0
-3.81122e-5 7.778e-7 0.0199533329 0.0 0.0
-3.73344e-5 7.778e-7 0.0194123838 0.0 0.0
-3.65566e-5 7.778e-7 0.0235862236 0.0 0.0
-3.57788e-5 7.778e-7 0.0214712342 0.0 0.0
-3.5001e-5 7.778e-7 0.0178640867 0.0 0.0
-3.42232e-5 7.778e-7 0.0131635749 0.0 0.0
-3.34454e-5 7.778e-7 0.0074230875 0.0 0.0
-3.26676e-5 7.778e-7 0.0032549602 0.0 0.0
-3.18898e-5 7.778e-7 0.0011874587 0.0 0.0
-3.1112e-5 7.778e-7 0.0007129531 0.0 0.0
-3.03342e-5 7.778e-7 0.0006308369 0.0 0.0
-2.95564e-5 7.778e-7 0.0004817938 0.0 0.0
-2.87786e-5 7.778e-7 0.0003645919 0.0 0.0
-2.80008e-5 7.778e-7 0.0002910151 0.0 0.0
-2.7223e-5 7.778e-7 0.0004649485 0.0 0.0
-2.64452e-5 7.778e-7 0.0004570239 0.0 0.0
-2.56674e-5 7.778e-7 0.0004173836 0.0 0.0
-2.48896e-5 7.778e-7 0.0003832939 0.0 0.0
-2.41118e-5 7.778e-7 0.0003629953 0.0 0.0
-2.3334e-5 7.778e-7 0.0003550307 0.0 0.0
-2.25562e-5 7.778e-7 0.0003819059 0.0 0.0
-2.17784e-5 7.778e-7 0.0006434982 0.0 0.0
-2.10006e-5 7.778e-7 0.0006154357 0.0 0.0
-2.02228e-5 7.778e-7 0.0006429535 0.0 0.0
-1.9445e-5 7.778e-7 0.0003547838 0.0 0.0
-1.86672e-5 7.778e-7 0.0001819065 0.0 0.0
-1.78894e-5 7.778e-7 0.0002948754 0.0 0.0
-1.71116e-5 7.778e-7 0.0001579036 0.0 0.0
-1.63338e-5 7.778e-7 7.37519e-5 0.0 0.0
-1.5556e-5 7.778e-7 0.0003492711 0.0 0.0
-1.47782e-5 7.778e-7 0.0002436388 0.0 0.0
-1.40004e-5 7.778e-7 0.0001723855 0.0 0.0
-1.32226e-5 7.778e-7 0.0001012311 0.0 0.0
-1.24448e-5 7.778e-7 9.29099e-5 0.0 0.0
-1.1667e-5 7.778e-7 5.69128e-5 0.0 0.0
-1.08892e-5 7.778e-7 0.0002101034 0.0 0.0
-1.01114e-5 7.778e-7 0.0001647713 0.0 0.0
-9.3336e-6 7.778e-7 9.99741e-5 0.0 0.0
-8.5558e-6 7.778e-7 9.26571e-5 0.0 0.0
-7.778e-6 7.778e-7 0.0002285098 0.0 0.0
-7.0002e-6 7.778e-7 0.0001587251 0.0 0.0
-6.2224e-6 7.778e-7 7.45316e-5 0.0 0.0
-5.4446e-6 7.778e-7 0.0001798854 0.0 0.0
-4.6668e-6 7.778e-7 0.0001251635 0.0 0.0
-3.889e-6 7.778e-7 9.50926e-5 0.0 0.0
-3.1112e-6 7.778e-7 5.4994e-5 0.0 0.0
-2.3334e-6 7.778e-7 0.0001007095 0.0 0.0
-1.5556e-6 7.778e-7 6.00917e-5 0.0 0.0
-7.778e-7 7.778e-7 2.34137e-5 0.0 0.0
0.0 7.778e-7 9.87577e-5 0.0 0.0
7.778e-7 7.778e-7 5.23228e-5 0.0 0.0
1.5556e-6 7.778e-7 1.24584e-5 0.0 0.0
2.3334e-6 7.778e-7 8.09798e-5 0.0 0.0
3.1112e-6 7.778e-7 2.41711e-5 0.0 0.0
3.889e-6 7.778e-7 6.79892e-5 0.0 0.0
4.6668e-6 7.778e-7 3.64535e-5 0.0 0.0
5.4446e-6 7.778e-7 4.59648e-5 0.0 0.0
6.2224e-6 7.778e-7 1.70612e-5 0.0 0.0
7.0002e-6 7.778e-7 4.61163e-5 0.0 0.0
7.778e-6 7.778e-7 5.86054e-5 0.0 0.0
8.5558e-6 7.778e-7 2.07791e-5 0.0 0.0
9.3336e-6 7.778e-7 4.30536e-5 0.0 0.0
1.01114e-5 7.778e-7 1.68099e-5 0.0 0.0
1.08892e-5 7.778e-7 2.35306e-5 0.0 0.0
1.1667e-5 7.778e-7 3.08565e-5 0.0 0.0
1.24448e-5 7.778e-7 1.25516e-5 0.0 0.0
1.32226e-5 7.778e-7 1.6429e-5 0.0 0.0
1.40004e-5 7.778e-7 2.54895e-5 0.0 0.0
1.47782e-5 7.778e-7 1.05414e-5 0.0 0.0
1.5556e-5 7.778e-7 1.7367e-5 0.0 0.0
1.63338e-5 7.778e-7 6.0735e-6 0.0 0.0
1.71116e-5 7.778e-7 1.85547e-5 0.0 0.0
1.78894e-5 7.778e-7 2.0445e-6 0.0 0.0
1.86672e-5 7.778e-7 8.477e-6 0.0 0.0
-9.72251e-5 1.5556e-6 0.0005013431 0.0 0.0
-9.64473e-5 1.5556e-6 0.000600541 0.0 0.0
-9.56695e-5 1.5556e-6 0.0003020023 0.0 0.0
-9.48917e-5 1.5556e-6 0.0004507703 0.0 0.0
-9.41139e-5 1.5556e-6 0.0002089797 0.0 0.0
-9.33361e-5 1.5556e-6 0.0005139224 0.0 0.0
-9.25583e-5 1.5556e-6 0.0002170358 0.0 0.0
-9.17805e-5 1.5556e-6 0.0006441134 0.0 0.0
-9.10027e-5 1.5556e-6 0.000319995 0.0 0.0
-9.02249e-5 1.5556e-6 0.0001773268 0.0 0.0
-8.94471e-5 1.5556e-6 0.0004647397 0.0 0.0
-8.86693e-5 1.5556e-6 0.0001987241 0.0 0.0
-8.78915e-5 1.5556e-6 0.0005823027 0.0 0.0
-8.71137e-5 1.5556e-6 0.0005229152 0.0 0.0
-8.63359e-5 1.5556e-6 0.0002926406 0.0 0.0
-8.55581e-5 1.5556e-6 0.0008250199 0.0 0.0
-8.47803e-5 1.5556e-6 0.0004431235 0.0 0.0
-8.40025e-5 1.5556e-6 0.0001434467 0.0 0.0
-8.32246e-5 1.5556e-6 0.000622763 0.0 0.0
-8.24468e-5 1.5556e-6 0.000377778 0.0 0.0
-8.1669e-5 1.5556e-6 0.0001797442 0.0 0.0
-8.08912e-5 1.5556e-6 0.0007209873 0.0 0.0
-8.01134e-5 1.5556e-6 0.0004958737 0.0 0.0
-7.93356e-5 1.5556e-6 0.0002046396 0.0 0.0
-7.85578e-5 1.5556e-6 0.0006463064 0.0 0.0
-7.778e-5 1.5556e-6 0.0005413135 0.0 0.0
-7.70022e-5 1.5556e-6 0.0013918212 0.0 0.0
-7.62244e-5 1.5556e-6 0.0012490718 0.0 0.0
-7.54466e-5 1.5556e-6 0.0011303173 0.0 0.0
-7.46688e-5 1.5556e-6 0.000982337 0.0 0.0
-7.3891e-5 1.5556e-6 0.0019518861 0.0 0.0
-7.31132e-5 1.5556e-6 0.001894666 0.0 0.0
-7.23354e-5 1.5556e-6 0.0032603454 0.0 0.0
-7.15576e-5 1.5556e-6 0.0046487811 0.0 0.0
-7.07798e-5 1.5556e-6 0.0053960543 0.0 0.0
-7.0002e-5 1.5556e-6 0.0060475928 0.0 0.0
-6.92242e-5 1.5556e-6 0.006213912 0.0 0.0
-6.84464e-5 1.5556e-6 0.0069067617 0.0 0.0
-6.76686e-5 1.5556e-6 0.0064825093 0.0 0.0
-6.68908e-5 1.5556e-6 0.0072695436 0.0 0.0
-6.6113e-5 1.5556e-6 0.0079239679 0.0 0.0
-6.53352e-5 1.5556e-6 0.0088416158 0.0 0.0
-6.45574e-5 1.5556e-6 0.0096500006 0.0 0.0
-6.37796e-5 1.5556e-6 0.0112701958 0.0 0.0
-6.30018e-5 1.5556e-6 0.0136603713 0.0 0.0
-6.2224e-5 1.5556e-6 0.0148322763 0.0 0.0
-6.14462e-5 1.5556e-6 0.016898574 0.0 0.0
-6.06684e-5 1.5556e-6 0.0193087971 0.0 0.0
-5.98906e-5 1.5556e-6 0.0198401399 0.0 0.0
-5.91128e-5 1.5556e-6 0.0206942832 0.0 0.0
-5.8335e-5 1.5556e-6 0.022353574 0.0 0.0
-5.75572e-5 1.5556e-6 0.0169232004 0.0 0.0
-5.67794e-5 1.5556e-6 0.0148017747 0.0 0.0
-5.60016e-5 1.5556e-6 0.0155377359 0.0 0.0
-5.52238e-5 1.5556e-6 0.0157261917 0.0 0.0
-5.4446e-5 1.5556e-6 0.0132111232 0.0 0.0
-5.36682e-5 1.5556e-6 0.0138383159 0.0 0.0
-5.28904e-5 1.5556e-6 0.0091576716 0.0 0.0
-5.21126e-5 1.5556e-6 0.0086973326 0.0 0.0
-5.13348e-5 1.5556e-6 0.0077387252 0.0 0.0
-5.0557e-5 1.5556e-6 0.0065354409 0.0 0.0
-4.97792e-5 1.5556e-6 0.0068080102 0.0 0.0
-4.90014e-5 1.5556e-6 0.0065442096 0.0 0.0
-4.82236e-5 1.5556e-6 0.0079899382 0.0 0.0
-4.74458e-5 1.5556e-6 0.0080937474 0.0 0.0
-4.6668e-5 1.5556e-6 0.0088572628 0.0 0.0
-4.58902e-5 1.5556e-6 0.0098582919 0.0 0.0
-4.51124e-5 1.5556e-6 0.0100394156 0.0 0.0
-4.43346e-5 1.5556e-6 0.0105011556 0.0 0.0
-4.35568e-5 1.5556e-6 0.0094911489 0.0 0.0
-4.2779e-5 1.5556e-6 0.0096887311 0.0 0.0
-4.20012e-5 1.5556e-6 0.0120791705 0.0 0.0
-4.12234e-5 1.5556e-6 0.0136930866 0.0 0.0
-4.04456e-5 1.5556e-6 0.0170020685 0.0 0.0
-3.96678e-5 1.5556e-6 0.0209007007 0.0 0.0
-3.889e-5 1.5556e-6 0.0207665541 0.0 0.0
-3.81122e-5 1.5556e-6 0.0189779971 0.0 0.0
-3.73344e-5 1.5556e-6 0.0176213766 0.0 0.0
-3.65566e-5 1.5556e-6 0.0143671202 0.0 0.0
-3.57788e-5 1.5556e-6 0.0109370422 0.0 0.0
-3.5001e-5 1.5556e-6 0.0068173047 0.0 0.0
-3.42232e-5 1.5556e-6 0.0030290023 0.0 0.0
-3.34454e-5 1.5556e-6 0.0013154406 0.0 0.0
-3.26676e-5 1.5556e-6 0.0007265492 0.0 0.0
-3.18898e-5 1.5556e-6 0.0005870468 0.0 0.0
-3.1112e-5 1.5556e-6 0.0004205521 0.0 0.0
-3.03342e-5 1.5556e-6 0.0003655568 0.0 0.0
-2.95564e-5 1.5556e-6 0.0002540216 0.0 0.0
-2.87786e-5 1.5556e-6 0.0002256321 0.0 0.0
-2.80008e-5 1.5556e-6 0.0002100225 0.0 0.0
-2.7223e-5 1.5556e-6 0.0001961339 0.0 0.0
-2.64452e-5 1.5556e-6 0.0001855203 0.0 0.0
-2.56674e-5 1.5556e-6 0.0001711176 0.0 0.0
-2.48896e-5 1.5556e-6 0.0001394183 0.0 0.0
-2.41118e-5 1.5556e-6 0.0001587128 0.0 0.0
-2.3334e-5 1.5556e-6 0.0002087344 0.0 0.0
-2.25562e-5 1.5556e-6 0.000287687 0.0 0.0
-2.17784e-5 1.5556e-6 0.0004715056 0.0 0.0
-2.10006e-5 1.5556e-6 0.000537118 0.0 0.0
-2.02228e-5 1.5556e-6 0.0002428109 0.0 0.0
-1.9445e-5 1.5556e-6 0.0003964468 0.0 0.0
-1.86672e-5 1.5556e-6 0.0001914061 0.0 0.0
-1.78894e-5 1.5556e-6 8.96449e-5 0.0 0.0
-1.71116e-5 1.5556e-6 0.0003540989 0.0 0.0
-1.63338e-5 1.5556e-6 0.0002241621 0.0 0.0
-1.5556e-5 1.5556e-6 0.000160437 0.0 0.0
-1.47782e-5 1.5556e-6 0.0001731153 0.0 0.0
-1.40004e-5 1.5556e-6 0.0001026368 0.0 0.0
-1.32226e-5 1.5556e-6 8.51787e-5 0.0 0.0
-1.24448e-5 1.5556e-6 0.000191089 0.0 0.0
-1.1667e-5 1.5556e-6 0.0002026769 0.0 0.0
-1.08892e-5 1.5556e-6 0.0001551913 0.0 0.0
-1.01114e-5 1.5556e-6 0.0001153183 0.0 0.0
-9.3336e-6 1.5556e-6 8.15971e-5 0.0 0.0
-8.5558e-6 1.5556e-6 0.0001983311 0.0 0.0
-7.778e-6 1.5556e-6 0.0001393012 0.0 0.0
-7.0002e-6 1.5556e-6 0.0001128569 0.0 0.0
-6.2224e-6 1.5556e-6 6.38251e-5 0.0 0.0
-5.4446e-6 1.5556e-6 0.0001264674 0.0 0.0
-4.6668e-6 1.5556e-6 9.29228e-5 0.0 0.0
-3.889e-6 1.5556e-6 6.02908e-5 0.0 0.0
-3.1112e-6 1.5556e-6 2.4879e-5 0.0 0.0
-2.3334e-6 1.5556e-6 8.80111e-5 0.0 0.0
-1.5556e-6 1.5556e-6 4.75892e-5 0.0 0.0
-7.778e-7 1.5556e-6 1.28487e-5 0.0 0.0
0.0 1.5556e-6 6.53585e-5 0.0 0.0
7.778e-7 1.5556e-6 3.39754e-5 0.0 0.0
1.5556e-6 1.5556e-6 8.8455e-6 0.0 0.0
2.3334e-6 1.5556e-6 3.43083e-5 0.0 0.0
3.1112e-6 1.5556e-6 7.7806e-6 0.0 0.0
3.889e-6 1.5556e-6 3.70453e-5 0.0 0.0
4.6668e-6 1.5556e-6 9.1962e-6 0.0 0.0
5.4446e-6 1.5556e-6 2.32889e-5 0.0 0.0
6.2224e-6 1.5556e-6 4.96343e-5 0.0 0.0
7.0002e-6 1.5556e-6 1.77833e-5 0.0 0.0
7.778e-6 1.5556e-6 2.75404e-5 0.0 0.0
8.5558e-6 1.5556e-6 4.77661e-5 0.0 0.0
9.3336e-6 1.5556e-6 1.9496e-5 0.0 0.0
1.01114e-5 1.5556e-6 3.27562e-5 0.0 0.0
1.08892e-5 1.5556e-6 9.9852e-6 0.0 0.0
1.1667e-5 1.5556e-6 1.25966e-5 0.0 0.0
1.24448e-5 1.5556e-6 2.463e-5 0.0 0.0
1.32226e-5 1.5556e-6 7.8734e-6 0.0 0.0
1.40004e-5 1.5556e-6 1.28501e-5 0.0 0.0
1.47782e-5 1.5556e-6 5.9924e-6 0.0 0.0
1.5556e-5 1.5556e-6 1.20418e-5 0.0 0.0
1.63338e-5 1.5556e-6 3.1567e-6 0.0 0.0
1.71116e-5 1.5556e-6 6.2686e-6 0.0 0.0
1.78894e-5 1.5556e-6 1.26537e-5 0.0 0.0
1.86672e-5 1.5556e-6 4.5879e-6 0.0 0.0
-9.72251e-5 2.3334e-6 0.0003379166 0.0 0.0
-9.64473e-5 2.3334e-6 0.0004799115 0.0 0.0
-9.56695e-5 2.3334e-6 0.0006371383 0.0 0.0
-9.48917e-5 2.3334e-6 0.0003352645 0.0 0.0
-9.41139e-5 2.3334e-6 0.000567056 0.0 0.0
-9.33361e-5 2.3334e-6 0.0003626583 0.0 0.0
-9.25583e-5 2.3334e-6 0.0006568552 0.0 0.0
-9.17805e-5 2.3334e-6 0.000350413 0.0 0.0
-9.10027e-5 2.3334e-6 0.0001972797 0.0 0.0
-9.02249e-5 2.3334e-6 0.0004795129 0.0 0.0
-8.94471e-5 2.3334e-6 0.0002553529 0.0 0.0
-8.86693e-5 2.3334e-6 0.0006633456 0.0 0.0
-8.78915e-5 2.3334e-6 0.0002750913 0.0 0.0
-8.71137e-5 2.3334e-6 0.0002292122 0.0 0.0
-8.63359e-5 2.3334e-6 0.0008315692 0.0 0.0
-8.55581e-5 2.3334e-6 0.0005067494 0.0 0.0
-8.47803e-5 2.3334e-6 0.0002435753 0.0 0.0
-8.40025e-5 2.3334e-6 8.28933e-5 0.0 0.0
-8.32246e-5 2.3334e-6 0.0003896709 0.0 0.0
-8.24468e-5 2.3334e-6 0.000204009 0.0 0.0
-8.1669e-5 2.3334e-6 8.38048e-5 0.0 0.0
-8.08912e-5 2.3334e-6 0.0004503142 0.0 0.0
-8.01134e-5 2.3334e-6 0.0002169893 0.0 0.0
-7.93356e-5 2.3334e-6 0.0007543002 0.0 0.0
-7.85578e-5 2.3334e-6 0.0004125368 0.0 0.0
-7.778e-5 2.3334e-6 0.0001730942 0.0 0.0
-7.70022e-5 2.3334e-6 0.0007115048 0.0 0.0
-7.62244e-5 2.3334e-6 0.0006801184 0.0 0.0
-7.54466e-5 2.3334e-6 0.0004789075 0.0 0.0
-7.46688e-5 2.3334e-6 0.0013728692 0.0 0.0
-7.3891e-5 2.3334e-6 0.0012259523 0.0 0.0
-7.31132e-5 2.3334e-6 0.0010285611 0.0 0.0
-7.23354e-5 2.3334e-6 0.0021788474 0.0 0.0
-7.15576e-5 2.3334e-6 0.0020138959 0.0 0.0
-7.07798e-5 2.3334e-6 0.0029105285 0.0 0.0
-7.0002e-5 2.3334e-6 0.004182651 0.0 0.0
-6.92242e-5 2.3334e-6 0.0045783945 0.0 0.0
-6.84464e-5 2.3334e-6 0.0053807438 0.0 0.0
-6.76686e-5 2.3334e-6 0.0057584515 0.0 0.0
-6.68908e-5 2.3334e-6 0.0063463072 0.0 0.0
-6.6113e-5 2.3334e-6 0.0069982929 0.0 0.0
-6.53352e-5 2.3334e-6 0.0073911974 0.0 0.0
-6.45574e-5 2.3334e-6 0.007916095 0.0 0.0
-6.37796e-5 2.3334e-6 0.0087412038 0.0 0.0
-6.30018e-5 2.3334e-6 0.0107079232 0.0 0.0
-6.2224e-5 2.3334e-6 0.0113039642 0.0 0.0
-6.14462e-5 2.3334e-6 0.0127377674 0.0 0.0
-6.06684e-5 2.3334e-6 0.0155640242 0.0 0.0
-5.98906e-5 2.3334e-6 0.0165454335 0.0 0.0
-5.91128e-5 2.3334e-6 0.0180883308 0.0 0.0
-5.8335e-5 2.3334e-6 0.0192897959 0.0 0.0
-5.75572e-5 2.3334e-6 0.0196828002 0.0 0.0
-5.67794e-5 2.3334e-6 0.0209359669 0.0 0.0
-5.60016e-5 2.3334e-6 0.0208331541 0.0 0.0
-5.52238e-5 2.3334e-6 0.0181263227 0.0 0.0
-5.4446e-5 2.3334e-6 0.0186508077 0.0 0.0
-5.36682e-5 2.3334e-6 0.0161162843 0.0 0.0
-5.28904e-5 2.3334e-6 0.0159551678 0.0 0.0
-5.21126e-5 2.3334e-6 0.0154322146 0.0 0.0
-5.13348e-5 2.3334e-6 0.0155075204 0.0 0.0
-5.0557e-5 2.3334e-6 0.0152142734 0.0 0.0
-4.97792e-5 2.3334e-6 0.0146476817 0.0 0.0
-4.90014e-5 2.3334e-6 0.0123989927 0.0 0.0
-4.82236e-5 2.3334e-6 0.0118667328 0.0 0.0
-4.74458e-5 2.3334e-6 0.0116736815 0.0 0.0
-4.6668e-5 2.3334e-6 0.0118162263 0.0 0.0
-4.58902e-5 2.3334e-6 0.0129318559 0.0 0.0
-4.51124e-5 2.3334e-6 0.0125087422 0.0 0.0
-4.43346e-5 2.3334e-6 0.0124921307 0.0 0.0
-4.35568e-5 2.3334e-6 0.0160819834 0.0 0.0
-4.2779e-5 2.3334e-6 0.0162197778 0.0 0.0
-4.20012e-5 2.3334e-6 0.0163339412 0.0 0.0
-4.12234e-5 2.3334e-6 0.0161944683 0.0 0.0
-4.04456e-5 2.3334e-6 0.0160563984 0.0 0.0
-3.96678e-5 2.3334e-6 0.0143278079 0.0 0.0
-3.889e-5 2.3334e-6 0.0126892214 0.0 0.0
-3.81122e-5 2.3334e-6 0.0106516234 0.0 0.0
-3.73344e-5 2.3334e-6 0.0077334036 0.0 0.0
-3.65566e-5 2.3334e-6 0.0052158075 0.0 0.0
-3.57788e-5 2.3334e-6 0.0029430844 0.0 0.0
-3.5001e-5 2.3334e-6 0.0013738999 0.0 0.0
-3.42232e-5 2.3334e-6 0.0008048113 0.0 0.0
-3.34454e-5 2.3334e-6 0.0006592162 0.0 0.0
-3.26676e-5 2.3334e-6 0.0004160616 0.0 0.0
-3.18898e-5 2.3334e-6 0.0003379735 0.0 0.0
-3.1112e-5 2.3334e-6 9.87113e-5 0.0 0.0
-3.03342e-5 2.3334e-6 0.0003175778 0.0 0.0
-2.95564e-5 2.3334e-6 0.000310274 0.0 0.0
-2.87786e-5 2.3334e-6 5.79565e-5 0.0 0.0
-2.80008e-5 2.3334e-6 0.0003334115 0.0 0.0
-2.7223e-5 2.3334e-6 0.0001225121 0.0 0.0
-2.64452e-5 2.3334e-6 0.0001160139 0.0 0.0
-2.56674e-5 2.3334e-6 0.0005887507 0.0 0.0
-2.48896e-5 2.3334e-6 0.0001440655 0.0 0.0
-2.41118e-5 2.3334e-6 0.0007843454 0.0 0.0
-2.3334e-5 2.3334e-6 0.0002593001 0.0 0.0
-2.25562e-5 2.3334e-6 0.0003292655 0.0 0.0
-2.17784e-5 2.3334e-6 0.0004091156 0.0 0.0
-2.10006e-5 2.3334e-6 0.0004874571 0.0 0.0
-2.02228e-5 2.3334e-6 0.0002655271 0.0 0.0
-1.9445e-5 2.3334e-6 0.0001400049 0.0 0.0
-1.86672e-5 2.3334e-6 0.0004273084 0.0 0.0
-1.78894e-5 2.3334e-6 0.0002687611 0.0 0.0
-1.71116e-5 2.3334e-6 0.000162834 0.0 0.0
-1.63338e-5 2.3334e-6 0.0002091045 0.0 0.0
-1.5556e-5 2.3334e-6 0.0001195766 0.0 0.0
-1.47782e-5 2.3334e-6 7.02312e-5 0.0 0.0
-1.40004e-5 2.3334e-6 6.60989e-5 0.0 0.0
-1.32226e-5 2.3334e-6 4.44366e-5 0.0 0.0
-1.24448e-5 2.3334e-6 0.0001788549 0.0 0.0
-1.1667e-5 2.3334e-6 0.0001630229 0.0 0.0
-1.08892e-5 2.3334e-6 0.0001370822 0.0 0.0
-1.01114e-5 2.3334e-6 7.6876e-5 0.0 0.0
-9.3336e-6 2.3334e-6 4.89601e-5 0.0 0.0
-8.5558e-6 2.3334e-6 0.0001350891 0.0 0.0
-7.778e-6 2.3334e-6 9.40727e-5 0.0 0.0
-7.0002e-6 2.3334e-6 7.28085e-5 0.0 0.0
-6.2224e-6 2.3334e-6 3.56549e-5 0.0 0.0
-5.4446e-6 2.3334e-6 0.0001049805 0.0 0.0
-4.6668e-6 2.3334e-6 7.65112e-5 0.0 0.0
-3.889e-6 2.3334e-6 2.55592e-5 0.0 0.0
-3.1112e-6 2.3334e-6 9.62534e-5 0.0 0.0
-2.3334e-6 2.3334e-6 6.64957e-5 0.0 0.0
-1.5556e-6 2.3334e-6 3.76997e-5 0.0 0.0
-7.778e-7 2.3334e-6 1.21412e-5 0.0 0.0
0.0 2.3334e-6 4.90141e-5 0.0 0.0
7.778e-7 2.3334e-6 1.68209e-5 0.0 0.0
1.5556e-6 2.3334e-6 5.40845e-5 0.0 0.0
2.3334e-6 2.3334e-6 1.64465e-5 0.0 0.0
3.1112e-6 2.3334e-6 3.59855e-5 0.0 0.0
3.889e-6 2.3334e-6 1.25681e-5 0.0 0.0
4.6668e-6 2.3334e-6 3.87319e-5 0.0 0.0
5.4446e-6 2.3334e-6 4.8905e-5 0.0 0.0
6.2224e-6 2.3334e-6 1.86168e-5 0.0 0.0
7.0002e-6 2.3334e-6 4.33955e-5 0.0 0.0
7.778e-6 2.3334e-6 1.1583e-5 0.0 0.0
8.5558e-6 2.3334e-6 2.10021e-5 0.0 0.0
9.3336e-6 2.3334e-6 7.2001e-6 0.0 0.0
1.01114e-5 2.3334e-6 1.21704e-5 0.0 0.0
1.08892e-5 2.3334e-6 1.58845e-5 0.0 0.0
1.1667e-5 2.3334e-6 5.5029e-6 0.0 0.0
1.24448e-5 2.3334e-6 1.46881e-5 0.0 0.0
1.32226e-5 2.3334e-6 2.05398e-5 0.0 0.0
1.40004e-5 2.3334e-6 8.52e-6 0.0 0.0
1.47782e-5 2.3334e-6 1.69045e-5 0.0 0.0
1.5556e-5 2.3334e-6 4.0965e-6 0.0 0.0
1.63338e-5 2.3334e-6 1.57273e-5 0.0 0.0
1.71116e-5 2.3334e-6 2.672e-6 0.0 0.0
1.78894e-5 2.3334e-6 8.4397e-6 0.0 0.0
1.86672e-5 2.3334e-6 1.8047e-6 0.0 0.0
-9.72251e-5 3.1112e-6 0.0006180503 0.0 0.0
-9.64473e-5 3.1112e-6 0.0002926993 0.0 0.0
-9.56695e-5 3.1112e-6 0.0005013312 0.0 0.0
-9.48917e-5 3.1112e-6 0.0002096031 0.0 0.0
-9.41139e-5 3.1112e-6 0.00042541 0.0 0.0
-9.33361e-5 3.1112e-6 0.000224539 0.0 0.0
-9.25583e-5 3.1112e-6 0.0004344398 0.0 0.0
-9.17805e-5 3.1112e-6 0.0002019086 0.0 0.0
-9.10027e-5 3.1112e-6 0.0003413658 0.0 0.0
-9.02249e-5 3.1112e-6 0.0002472597 0.0 0.0
-8.94471e-5 3.1112e-6 0.0005258324 0.0 0.0
-8.86693e-5 3.1112e-6 0.0004314666 0.0 0.0
-8.78915e-5 3.1112e-6 9.93769e-5 0.0 0.0
-8.71137e-5 3.1112e-6 0.0004992699 0.0 0.0
-8.63359e-5 3.1112e-6 0.0003818939 0.0 0.0
-8.55581e-5 3.1112e-6 0.0002246 0.0 0.0
-8.47803e-5 3.1112e-6 0.0007830095 0.0 0.0
-8.40025e-5 3.1112e-6 0.0006360291 0.0 0.0
-8.32246e-5 3.1112e-6 0.0001983826 0.0 0.0
-8.24468e-5 3.1112e-6 7.58717e-5 0.0 0.0
-8.1669e-5 3.1112e-6 0.0004323781 0.0 0.0
-8.08912e-5 3.1112e-6 0.0002640062 0.0 0.0
-8.01134e-5 3.1112e-6 0.0007271184 0.0 0.0
-7.93356e-5 3.1112e-6 0.0004883061 0.0 0.0
-7.85578e-5 3.1112e-6 0.0001710063 0.0 0.0
-7.778e-5 3.1112e-6 0.0007643657 0.0 0.0
-7.70022e-5 3.1112e-6 0.0005822806 0.0 0.0
-7.62244e-5 3.1112e-6 0.0003385521 0.0 0.0
-7.54466e-5 3.1112e-6 0.001058567 0.0 0.0
-7.46688e-5 3.1112e-6 0.0008624536 0.0 0.0
-7.3891e-5 3.1112e-6 0.0015154435 0.0 0.0
-7.31132e-5 3.1112e-6 0.0015030012 0.0 0.0
-7.23354e-5 3.1112e-6 0.0011936658 0.0 0.0
-7.15576e-5 3.1112e-6 0.0021573177 0.0 0.0
-7.07798e-5 3.1112e-6 0.0020948264 0.0 0.0
-7.0002e-5 3.1112e-6 0.0028942642 0.0 0.0
-6.92242e-5 3.1112e-6 0.0038424207 0.0 0.0
-6.84464e-5 3.1112e-6 0.0034695184 0.0 0.0
-6.76686e-5 3.1112e-6 0.005051183 0.0 0.0
-6.68908e-5 3.1112e-6 0.005370186 0.0 0.0
-6.6113e-5 3.1112e-6 0.0059160286 0.0 0.0
-6.53352e-5 3.1112e-6 0.0059858715 0.0 0.0
-6.45574e-5 3.1112e-6 0.0060573045 0.0 0.0
-6.37796e-5 3.1112e-6 0.0065913024 0.0 0.0
-6.30018e-5 3.1112e-6 0.0080136074 0.0 0.0
-6.2224e-5 3.1112e-6 0.0090698176 0.0 0.0
-6.14462e-5 3.1112e-6 0.0091053701 0.0 0.0
-6.06684e-5 3.1112e-6 0.0108537602 0.0 0.0
-5.98906e-5 3.1112e-6 0.0115458685 0.0 0.0
-5.91128e-5 3.1112e-6 0.0134820742 0.0 0.0
-5.8335e-5 3.1112e-6 0.0155812809 0.0 0.0
-5.75572e-5 3.1112e-6 0.0165189996 0.0 0.0
-5.67794e-5 3.1112e-6 0.0173920345 0.0 0.0
-5.60016e-5 3.1112e-6 0.0190515371 0.0 0.0
-5.52238e-5 3.1112e-6 0.0190609835 0.0 0.0
-5.4446e-5 3.1112e-6 0.019818739 0.0 0.0
-5.36682e-5 3.1112e-6 0.0205883315 0.0 0.0
-5.28904e-5 3.1112e-6 0.0197472292 0.0 0.0
-5.21126e-5 3.1112e-6 0.0196552118 0.0 0.0
-5.13348e-5 3.1112e-6 0.0198559616 0.0 0.0
-5.0557e-5 3.1112e-6 0.0194234111 0.0 0.0
-4.97792e-5 3.1112e-6 0.0184489465 0.0 0.0
-4.90014e-5 3.1112e-6 0.0175945361 0.0 0.0
-4.82236e-5 3.1112e-6 0.0164529233 0.0 0.0
-4.74458e-5 3.1112e-6 0.0158924536 0.0 0.0
-4.6668e-5 3.1112e-6 0.0149702233 0.0 0.0
-4.58902e-5 3.1112e-6 0.0141201218 0.0 0.0
-4.51124e-5 3.1112e-6 0.0132391321 0.0 0.0
-4.43346e-5 3.1112e-6 0.0128677663 0.0 0.0
-4.35568e-5 3.1112e-6 0.012585453 0.0 0.0
-4.2779e-5 3.1112e-6 0.0122633609 0.0 0.0
-4.20012e-5 3.1112e-6 0.0114372815 0.0 0.0
-4.12234e-5 3.1112e-6 0.0104830562 0.0 0.0
-4.04456e-5 3.1112e-6 0.009057653 0.0 0.0
-3.96678e-5 3.1112e-6 0.0076605701 0.0 0.0
-3.889e-5 3.1112e-6 0.0054758244 0.0 0.0
-3.81122e-5 3.1112e-6 0.0036871399 0.0 0.0
-3.73344e-5 3.1112e-6 0.0022563604 0.0 0.0
-3.65566e-5 3.1112e-6 0.001141049 0.0 0.0
-3.57788e-5 3.1112e-6 0.0006558091 0.0 0.0
-3.5001e-5 3.1112e-6 0.0004248316 0.0 0.0
-3.42232e-5 3.1112e-6 0.0002583978 0.0 0.0
-3.34454e-5 3.1112e-6 0.0001567099 0.0 0.0
-3.26676e-5 3.1112e-6 0.0001167245 0.0 0.0
-3.18898e-5 3.1112e-6 8.29702e-5 0.0 0.0
-3.1112e-5 3.1112e-6 0.0001483478 0.0 0.0
-3.03342e-5 3.1112e-6 0.0001299794 0.0 0.0
-2.95564e-5 3.1112e-6 0.0001109539 0.0 0.0
-2.87786e-5 3.1112e-6 0.0001841707 0.0 0.0
-2.80008e-5 3.1112e-6 0.0001833463 0.0 0.0
-2.7223e-5 3.1112e-6 0.00033305 0.0 0.0
-2.64452e-5 3.1112e-6 0.0004219383 0.0 0.0
-2.56674e-5 3.1112e-6 0.0005210957 0.0 0.0
-2.48896e-5 3.1112e-6 0.0007339362 0.0 0.0
-2.41118e-5 3.1112e-6 0.0001879586 0.0 0.0
-2.3334e-5 3.1112e-6 0.0007155473 0.0 0.0
-2.25562e-5 3.1112e-6 0.0004226815 0.0 0.0
-2.17784e-5 3.1112e-6 0.0004891371 0.0 0.0
-2.10006e-5 3.1112e-6 0.0002667593 0.0 0.0
-2.02228e-5 3.1112e-6 0.0004177281 0.0 0.0
-1.9445e-5 3.1112e-6 0.0002642841 0.0 0.0
-1.86672e-5 3.1112e-6 0.0001835882 0.0 0.0
-1.78894e-5 3.1112e-6 0.0002866185 0.0 0.0
-1.71116e-5 3.1112e-6 0.0001683688 0.0 0.0
-1.63338e-5 3.1112e-6 9.34034e-5 0.0 0.0
-1.5556e-5 3.1112e-6 8.59868e-5 0.0 0.0
-1.47782e-5 3.1112e-6 6.52863e-5 0.0 0.0
-1.40004e-5 3.1112e-6 0.0001741901 0.0 0.0
-1.32226e-5 3.1112e-6 0.0001379972 0.0 0.0
-1.24448e-5 3.1112e-6 0.0001310578 0.0 0.0
-1.1667e-5 3.1112e-6 0.0001022279 0.0 0.0
-1.08892e-5 3.1112e-6 6.47345e-5 0.0 0.0
-1.01114e-5 3.1112e-6 5.56627e-5 0.0 0.0
-9.3336e-6 3.1112e-6 0.0001173446 0.0 0.0
-8.5558e-6 3.1112e-6 8.62214e-5 0.0 0.0
-7.778e-6 3.1112e-6 6.70499e-5 0.0 0.0
-7.0002e-6 3.1112e-6 3.85861e-5 0.0 0.0
-6.2224e-6 3.1112e-6 1.75905e-5 0.0 0.0
-5.4446e-6 3.1112e-6 6.33498e-5 0.0 0.0
-4.6668e-6 3.1112e-6 4.36424e-5 0.0 0.0
-3.889e-6 3.1112e-6 1.35512e-5 0.0 0.0
-3.1112e-6 3.1112e-6 7.23827e-5 0.0 0.0
-2.3334e-6 3.1112e-6 5.46574e-5 0.0 0.0
-1.5556e-6 3.1112e-6 1.38806e-5 0.0 0.0
-7.778e-7 3.1112e-6 7.75685e-5 0.0 0.0
0.0 3.1112e-6 2.29686e-5 0.0 0.0
7.778e-7 3.1112e-6 7.9633e-6 0.0 0.0
1.5556e-6 3.1112e-6 3.23419e-5 0.0 0.0
2.3334e-6 3.1112e-6 4.00308e-5 0.0 0.0
3.1112e-6 3.1112e-6 1.59758e-5 0.0 0.0
3.889e-6 3.1112e-6 4.96586e-5 0.0 0.0
4.6668e-6 3.1112e-6 5.70758e-5 0.0 0.0
5.4446e-6 3.1112e-6 1.90468e-5 0.0 0.0
6.2224e-6 3.1112e-6 4.00608e-5 0.0 0.0
7.0002e-6 3.1112e-6 1.96608e-5 0.0 0.0
7.778e-6 3.1112e-6 3.04901e-5 0.0 0.0
8.5558e-6 3.1112e-6 6.2494e-6 0.0 0.0
9.3336e-6 3.1112e-6 1.60992e-5 0.0 0.0
1.01114e-5 3.1112e-6 4.3995e-6 0.0 0.0
1.08892e-5 3.1112e-6 8.9274e-6 0.0 0.0
1.1667e-5 3.1112e-6 2.07435e-5 0.0 0.0
1.24448e-5 3.1112e-6 7.1706e-6 0.0 0.0
1.32226e-5 3.1112e-6 1.1492e-5 0.0 0.0
1.40004e-5 3.1112e-6 4.3994e-6 0.0 0.0
1.47782e-5 3.1112e-6 8.9954e-6 0.0 0.0
1.5556e-5 3.1112e-6 1.3953e-6 0.0 0.0
1.63338e-5 3.1112e-6 6.6414e-6 0.0 0.0
1.71116e-5 3.1112e-6 1.3879e-6 0.0 0.0
1.78894e-5 3.1112e-6 5.1897e-6 0.0 0.0
1.86672e-5 3.1112e-6 1.2183e-6 0.0 0.0
-9.72251e-5 3.889e-6 0.0004756392 0.0 0.0
-9.64473e-5 3.889e-6 0.0002640499 0.0 0.0
-9.56695e-5 3.889e-6 0.000397176 0.0 0.0
-9.48917e-5 3.889e-6 0.0005963466 0.0 0.0
-9.41139e-5 3.889e-6 0.0003279777 0.0 0.0
-9.33361e-5 3.889e-6 0.0005806788 0.0 0.0
-9.25583e-5 3.889e-6 0.0003063398 0.0 0.0
-9.17805e-5 3.889e-6 0.0006409315 0.0 0.0
-9.10027e-5 3.889e-6 0.0002694508 0.0 0.0
-9.02249e-5 3.889e-6 0.00051278 0.0 0.0
-8.94471e-5 3.889e-6 0.0004015181 0.0 0.0
-8.86693e-5 3.889e-6 0.0002412991 0.0 0.0
-8.78915e-5 3.889e-6 0.0006116503 0.0 0.0
-8.71137e-5 3.889e-6 0.0003228366 0.0 0.0
-8.63359e-5 3.889e-6 0.0001871475 0.0 0.0
-8.55581e-5 3.889e-6 0.0006403918 0.0 0.0
-8.47803e-5 3.889e-6 0.0003768069 0.0 0.0
-8.40025e-5 3.889e-6 0.0003131163 0.0 0.0
-8.32246e-5 3.889e-6 0.0008170873 0.0 0.0
-8.24468e-5 3.889e-6 0.0005558195 0.0 0.0
-8.1669e-5 3.889e-6 0.0002044338 0.0 0.0
-8.08912e-5 3.889e-6 0.0001555979 0.0 0.0
-8.01134e-5 3.889e-6 0.000554648 0.0 0.0
-7.93356e-5 3.889e-6 0.0003012314 0.0 0.0
-7.85578e-5 3.889e-6 0.0001469088 0.0 0.0
-7.778e-5 3.889e-6 0.0006307675 0.0 0.0
-7.70022e-5 3.889e-6 0.0003519015 0.0 0.0
-7.62244e-5 3.889e-6 0.0001622726 0.0 0.0
-7.54466e-5 3.889e-6 0.0006502554 0.0 0.0
-7.46688e-5 3.889e-6 0.0004138208 0.0 0.0
-7.3891e-5 3.889e-6 0.0012231979 0.0 0.0
-7.31132e-5 3.889e-6 0.0009683221 0.0 0.0
-7.23354e-5 3.889e-6 0.0005582239 0.0 0.0
-7.15576e-5 3.889e-6 0.0015362734 0.0 0.0
-7.07798e-5 3.889e-6 0.001150372 0.0 0.0
-7.0002e-5 3.889e-6 0.0022501822 0.0 0.0
-6.92242e-5 3.889e-6 0.0015771753 0.0 0.0
-6.84464e-5 3.889e-6 0.0024013851 0.0 0.0
-6.76686e-5 3.889e-6 0.0032965385 0.0 0.0
-6.68908e-5 3.889e-6 0.0034657316 0.0 0.0
-6.6113e-5 3.889e-6 0.0041719823 0.0 0.0
-6.53352e-5 3.889e-6 0.0042257627 0.0 0.0
-6.45574e-5 3.889e-6 0.0045827015 0.0 0.0
-6.37796e-5 3.889e-6 0.004868949 0.0 0.0
-6.30018e-5 3.889e-6 0.0045620689 0.0 0.0
-6.2224e-5 3.889e-6 0.0054630873 0.0 0.0
-6.14462e-5 3.889e-6 0.0057969503 0.0 0.0
-6.06684e-5 3.889e-6 0.006215249 0.0 0.0
-5.98906e-5 3.889e-6 0.0070167743 0.0 0.0
-5.91128e-5 3.889e-6 0.0080694869 0.0 0.0
-5.8335e-5 3.889e-6 0.0097909087 0.0 0.0
-5.75572e-5 3.889e-6 0.0104738381 0.0 0.0
-5.67794e-5 3.889e-6 0.0115074702 0.0 0.0
-5.60016e-5 3.889e-6 0.014076873 0.0 0.0
-5.52238e-5 3.889e-6 0.014687743 0.0 0.0
-5.4446e-5 3.889e-6 0.0151713926 0.0 0.0
-5.36682e-5 3.889e-6 0.0175715655 0.0 0.0
-5.28904e-5 3.889e-6 0.0168006243 0.0 0.0
-5.21126e-5 3.889e-6 0.016842884 0.0 0.0
-5.13348e-5 3.889e-6 0.0173994923 0.0 0.0
-5.0557e-5 3.889e-6 0.0166098239 0.0 0.0
-4.97792e-5 3.889e-6 0.0157838725 0.0 0.0
-4.90014e-5 3.889e-6 0.014696438 0.0 0.0
-4.82236e-5 3.889e-6 0.0138797946 0.0 0.0
-4.74458e-5 3.889e-6 0.0129697314 0.0 0.0
-4.6668e-5 3.889e-6 0.0116100531 0.0 0.0
-4.58902e-5 3.889e-6 0.0105121469 0.0 0.0
-4.51124e-5 3.889e-6 0.0098163474 0.0 0.0
-4.43346e-5 3.889e-6 0.0087673223 0.0 0.0
-4.35568e-5 3.889e-6 0.0083091589 0.0 0.0
-4.2779e-5 3.889e-6 0.0073559812 0.0 0.0
-4.20012e-5 3.889e-6 0.0066656502 0.0 0.0
-4.12234e-5 3.889e-6 0.0056834518 0.0 0.0
-4.04456e-5 3.889e-6 0.0042662364 0.0 0.0
-3.96678e-5 3.889e-6 0.0029008659 0.0 0.0
-3.889e-5 3.889e-6 0.0019065685 0.0 0.0
-3.81122e-5 3.889e-6 0.0012540125 0.0 0.0
-3.73344e-5 3.889e-6 0.0009483262 0.0 0.0
-3.65566e-5 3.889e-6 0.0006880117 0.0 0.0
-3.57788e-5 3.889e-6 0.0004609073 0.0 0.0
-3.5001e-5 3.889e-6 0.000329087 0.0 0.0
-3.42232e-5 3.889e-6 0.0001786382 0.0 0.0
-3.34454e-5 3.889e-6 0.0001810453 0.0 0.0
-3.26676e-5 3.889e-6 0.000158733 0.0 0.0
-3.18898e-5 3.889e-6 0.0001930959 0.0 0.0
-3.1112e-5 3.889e-6 4.57533e-5 0.0 0.0
-3.03342e-5 3.889e-6 4.56055e-5 0.0 0.0
-2.95564e-5 3.889e-6 4.7819e-5 0.0 0.0
-2.87786e-5 3.889e-6 7.03155e-5 0.0 0.0
-2.80008e-5 3.889e-6 0.0001565451 0.0 0.0
-2.7223e-5 3.889e-6 0.0001979952 0.0 0.0
-2.64452e-5 3.889e-6 0.000393218 0.0 0.0
-2.56674e-5 3.889e-6 0.0006513188 0.0 0.0
-2.48896e-5 3.889e-6 0.0005448932 0.0 0.0
-2.41118e-5 3.889e-6 0.0005880917 0.0 0.0
-2.3334e-5 3.889e-6 0.0006246797 0.0 0.0
-2.25562e-5 3.889e-6 0.0003037699 0.0 0.0
-2.17784e-5 3.889e-6 0.0005541628 0.0 0.0
-2.10006e-5 3.889e-6 0.0003251408 0.0 0.0
-2.02228e-5 3.889e-6 0.0004782754 0.0 0.0
-1.9445e-5 3.889e-6 0.0003177734 0.0 0.0
-1.86672e-5 3.889e-6 0.0002009157 0.0 0.0
-1.78894e-5 3.889e-6 0.0001265988 0.0 0.0
-1.71116e-5 3.889e-6 0.0001522253 0.0 0.0
-1.63338e-5 3.889e-6 6.59747e-5 0.0 0.0
-1.5556e-5 3.889e-6 7.09962e-5 0.0 0.0
-1.47782e-5 3.889e-6 0.0001317456 0.0 0.0
-1.40004e-5 3.889e-6 0.0001279915 0.0 0.0
-1.32226e-5 3.889e-6 0.0001145788 0.0 0.0
-1.24448e-5 3.889e-6 7.55529e-5 0.0 0.0
-1.1667e-5 3.889e-6 7.13909e-5 0.0 0.0
-1.08892e-5 3.889e-6 4.92166e-5 0.0 0.0
-1.01114e-5 3.889e-6 4.03455e-5 0.0 0.0
-9.3336e-6 3.889e-6 0.0001064731 0.0 0.0
-8.5558e-6 3.889e-6 7.0206e-5 0.0 0.0
-7.778e-6 3.889e-6 4.09746e-5 0.0 0.0
-7.0002e-6 3.889e-6 2.41211e-5 0.0 0.0
-6.2224e-6 3.889e-6 8.46667e-5 0.0 0.0
-5.4446e-6 3.889e-6 5.81671e-5 0.0 0.0
-4.6668e-6 3.889e-6 2.03219e-5 0.0 0.0
-3.889e-6 3.889e-6 9.663e-6 0.0 0.0
-3.1112e-6 3.889e-6 6.47387e-5 0.0 0.0
-2.3334e-6 3.889e-6 3.97338e-5 0.0 0.0
-1.5556e-6 3.889e-6 9.9421e-6 0.0 0.0
-7.778e-7 3.889e-6 3.79254e-5 0.0 0.0
0.0 3.889e-6 7.2242e-5 0.0 0.0
7.778e-7 3.889e-6 3.45181e-5 0.0 0.0
1.5556e-6 3.889e-6 3.95286e-5 0.0 0.0
2.3334e-6 3.889e-6 1.62718e-5 0.0 0.0
3.1112e-6 3.889e-6 4.08167e-5 0.0 0.0
3.889e-6 3.889e-6 1.72051e-5 0.0 0.0
4.6668e-6 3.889e-6 2.41328e-5 0.0 0.0
5.4446e-6 3.889e-6 1.20137e-5 0.0 0.0
6.2224e-6 3.889e-6 1.60965e-5 0.0 0.0
7.0002e-6 3.889e-6 3.27206e-5 0.0 0.0
7.778e-6 3.889e-6 1.64662e-5 0.0 0.0
8.5558e-6 3.889e-6 1.84782e-5 0.0 0.0
9.3336e-6 3.889e-6 5.8556e-6 0.0 0.0
1.01114e-5 3.889e-6 1.01024e-5 0.0 0.0
1.08892e-5 3.889e-6 2.8051e-6 0.0 0.0
1.1667e-5 3.889e-6 1.05334e-5 0.0 0.0
1.24448e-5 3.889e-6 1.9335e-6 0.0 0.0
1.32226e-5 3.889e-6 4.7693e-6 0.0 0.0
1.40004e-5 3.889e-6 9.202e-7 0.0 0.0
1.47782e-5 3.889e-6 4.9057e-6 0.0 0.0
1.5556e-5 3.889e-6 5.67e-7 0.0 0.0
1.63338e-5 3.889e-6 3.3041e-6 0.0 0.0
1.71116e-5 3.889e-6 8.9758e-6 0.0 0.0
1.78894e-5 3.889e-6 2.1198e-6 0.0 0.0
1.86672e-5 3.889e-6 8.4253e-6 0.0 0.0
-9.72251e-5 4.6668e-6 0.000329589 0.0 0.0
-9.64473e-5 4.6668e-6 0.0005394784 0.0 0.0
-9.56695e-5 4.6668e-6 0.0003034635 0.0 0.0
-9.48917e-5 4.6668e-6 0.0004610443 0.0 0.0
-9.41139e-5 4.6668e-6 0.0002376925 0.0 0.0
-9.33361e-5 4.6668e-6 0.0004652383 0.0 0.0
-9.25583e-5 4.6668e-6 0.0002646282 0.0 0.0
-9.17805e-5 4.6668e-6 0.0005231112 0.0 0.0
-9.10027e-5 4.6668e-6 0.0001982745 0.0 0.0
-9.02249e-5 4.6668e-6 0.0005097428 0.0 0.0
-8.94471e-5 4.6668e-6 0.0002118906 0.0 0.0
-8.86693e-5 4.6668e-6 0.0006736718 0.0 0.0
-8.78915e-5 4.6668e-6 0.0004139413 0.0 0.0
-8.71137e-5 4.6668e-6 0.0001487034 0.0 0.0
-8.63359e-5 4.6668e-6 7.63806e-5 0.0 0.0
-8.55581e-5 4.6668e-6 0.0003992342 0.0 0.0
-8.47803e-5 4.6668e-6 0.0001512054 0.0 0.0
-8.40025e-5 4.6668e-6 0.0007032109 0.0 0.0
-8.32246e-5 4.6668e-6 0.0004280918 0.0 0.0
-8.24468e-5 4.6668e-6 0.0003364534 0.0 0.0
-8.1669e-5 4.6668e-6 0.0001357775 0.0 0.0
-8.08912e-5 4.6668e-6 0.0006328043 0.0 0.0
-8.01134e-5 4.6668e-6 0.0003758908 0.0 0.0
-7.93356e-5 4.6668e-6 0.0001294346 0.0 0.0
-7.85578e-5 4.6668e-6 0.000564145 0.0 0.0
-7.778e-5 4.6668e-6 0.0003955141 0.0 0.0
-7.70022e-5 4.6668e-6 0.0001905462 0.0 0.0
-7.62244e-5 4.6668e-6 9.22008e-5 0.0 0.0
-7.54466e-5 4.6668e-6 0.0004205183 0.0 0.0
-7.46688e-5 4.6668e-6 0.000336286 0.0 0.0
-7.3891e-5 4.6668e-6 0.0007583466 0.0 0.0
-7.31132e-5 4.6668e-6 0.0006578332 0.0 0.0
-7.23354e-5 4.6668e-6 0.0003796722 0.0 0.0
-7.15576e-5 4.6668e-6 0.0008955383 0.0 0.0
-7.07798e-5 4.6668e-6 0.0006498295 0.0 0.0
-7.0002e-5 4.6668e-6 0.0015678777 0.0 0.0
-6.92242e-5 4.6668e-6 0.0010977446 0.0 0.0
-6.84464e-5 4.6668e-6 0.0016712789 0.0 0.0
-6.76686e-5 4.6668e-6 0.0013561749 0.0 0.0
-6.68908e-5 4.6668e-6 0.0016531526 0.0 0.0
-6.6113e-5 4.6668e-6 0.0025377211 0.0 0.0
-6.53352e-5 4.6668e-6 0.002781871 0.0 0.0
-6.45574e-5 4.6668e-6 0.0031435929 0.0 0.0
-6.37796e-5 4.6668e-6 0.003553048 0.0 0.0
-6.30018e-5 4.6668e-6 0.0036118462 0.0 0.0
-6.2224e-5 4.6668e-6 0.004005689 0.0 0.0
-6.14462e-5 4.6668e-6 0.0035069421 0.0 0.0
-6.06684e-5 4.6668e-6 0.0038621556 0.0 0.0
-5.98906e-5 4.6668e-6 0.0044314873 0.0 0.0
-5.91128e-5 4.6668e-6 0.0048095027 0.0 0.0
-5.8335e-5 4.6668e-6 0.0050072074 0.0 0.0
-5.75572e-5 4.6668e-6 0.0056135529 0.0 0.0
-5.67794e-5 4.6668e-6 0.0059175111 0.0 0.0
-5.60016e-5 4.6668e-6 0.0072533656 0.0 0.0
-5.52238e-5 4.6668e-6 0.0077811242 0.0 0.0
-5.4446e-5 4.6668e-6 0.0080155354 0.0 0.0
-5.36682e-5 4.6668e-6 0.0087549659 0.0 0.0
-5.28904e-5 4.6668e-6 0.0099120229 0.0 0.0
-5.21126e-5 4.6668e-6 0.0100178002 0.0 0.0
-5.13348e-5 4.6668e-6 0.0113872496 0.0 0.0
-5.0557e-5 4.6668e-6 0.0112065348 0.0 0.0
-4.97792e-5 4.6668e-6 0.0106908741 0.0 0.0
-4.90014e-5 4.6668e-6 0.0102825773 0.0 0.0
-4.82236e-5 4.6668e-6 0.0097383997 0.0 0.0
-4.74458e-5 4.6668e-6 0.0092875779 0.0 0.0
-4.6668e-5 4.6668e-6 0.0079506322 0.0 0.0
-4.58902e-5 4.6668e-6 0.0071724203 0.0 0.0
-4.51124e-5 4.6668e-6 0.0064458674 0.0 0.0
-4.43346e-5 4.6668e-6 0.0053669726 0.0 0.0
-4.35568e-5 4.6668e-6 0.0050390597 0.0 0.0
-4.2779e-5 4.6668e-6 0.0043189724 0.0 0.0
-4.20012e-5 4.6668e-6 0.0031771016 0.0 0.0
-4.12234e-5 4.6668e-6 0.0025149396 0.0 0.0
-4.04456e-5 4.6668e-6 0.0017883014 0.0 0.0
-3.96678e-5 4.6668e-6 0.001273551 0.0 0.0
-3.889e-5 4.6668e-6 0.0011189818 0.0 0.0
-3.81122e-5 4.6668e-6 0.0008512126 0.0 0.0
-3.73344e-5 4.6668e-6 0.0003898841 0.0 0.0
-3.65566e-5 4.6668e-6 0.0004967832 0.0 0.0
-3.57788e-5 4.6668e-6 0.000122449 0.0 0.0
-3.5001e-5 4.6668e-6 5.85366e-5 0.0 0.0
-3.42232e-5 4.6668e-6 3.33704e-5 0.0 0.0
-3.34454e-5 4.6668e-6 2.45649e-5 0.0 0.0
-3.26676e-5 4.6668e-6 3.25017e-5 0.0 0.0
-3.18898e-5 4.6668e-6 7.09293e-5 0.0 0.0
-3.1112e-5 4.6668e-6 0.0001043036 0.0 0.0
-3.03342e-5 4.6668e-6 0.000234974 0.0 0.0
-2.95564e-5 4.6668e-6 0.0003041894 0.0 0.0
-2.87786e-5 4.6668e-6 3.96114e-5 0.0 0.0
-2.80008e-5 4.6668e-6 0.0005770429 0.0 0.0
-2.7223e-5 4.6668e-6 0.000248293 0.0 0.0
-2.64452e-5 4.6668e-6 0.0003525485 0.0 0.0
-2.56674e-5 4.6668e-6 0.00044937 0.0 0.0
-2.48896e-5 4.6668e-6 0.0004013919 0.0 0.0
-2.41118e-5 4.6668e-6 0.0004997465 0.0 0.0
-2.3334e-5 4.6668e-6 0.0005739887 0.0 0.0
-2.25562e-5 4.6668e-6 0.0003428812 0.0 0.0
-2.17784e-5 4.6668e-6 0.0002431544 0.0 0.0
-2.10006e-5 4.6668e-6 0.0003152159 0.0 0.0
-2.02228e-5 4.6668e-6 0.0002630492 0.0 0.0
-1.9445e-5 4.6668e-6 0.000421928 0.0 0.0
-1.86672e-5 4.6668e-6 0.0002365787 0.0 0.0
-1.78894e-5 4.6668e-6 0.0001185665 0.0 0.0
-1.71116e-5 4.6668e-6 4.55971e-5 0.0 0.0
-1.63338e-5 4.6668e-6 4.40546e-5 0.0 0.0
-1.5556e-5 4.6668e-6 2.9596e-5 0.0 0.0
-1.47782e-5 4.6668e-6 2.79007e-5 0.0 0.0
-1.40004e-5 4.6668e-6 8.31649e-5 0.0 0.0
-1.32226e-5 4.6668e-6 9.49036e-5 0.0 0.0
-1.24448e-5 4.6668e-6 5.60291e-5 0.0 0.0
-1.1667e-5 4.6668e-6 6.09335e-5 0.0 0.0
-1.08892e-5 4.6668e-6 3.03452e-5 0.0 0.0
-1.01114e-5 4.6668e-6 1.33705e-5 0.0 0.0
-9.3336e-6 4.6668e-6 1.31138e-5 0.0 0.0
-8.5558e-6 4.6668e-6 5.1239e-5 0.0 0.0
-7.778e-6 4.6668e-6 2.4595e-5 0.0 0.0
-7.0002e-6 4.6668e-6 1.25436e-5 0.0 0.0
-6.2224e-6 4.6668e-6 6.93446e-5 0.0 0.0
-5.4446e-6 4.6668e-6 3.86926e-5 0.0 0.0
-4.6668e-6 4.6668e-6 1.34503e-5 0.0 0.0
-3.889e-6 4.6668e-6 6.25486e-5 0.0 0.0
-3.1112e-6 4.6668e-6 3.01162e-5 0.0 0.0
-2.3334e-6 4.6668e-6 1.28231e-5 0.0 0.0
-1.5556e-6 4.6668e-6 3.64381e-5 0.0 0.0
-7.778e-7 4.6668e-6 5.54709e-5 0.0 0.0
0.0 4.6668e-6 2.57507e-5 0.0 0.0
7.778e-7 4.6668e-6 4.68038e-5 0.0 0.0
1.5556e-6 4.6668e-6 2.68705e-5 0.0 0.0
2.3334e-6 4.6668e-6 3.11466e-5 0.0 0.0
3.1112e-6 4.6668e-6 1.28416e-5 0.0 0.0
3.889e-6 4.6668e-6 2.66433e-5 0.0 0.0
4.6668e-6 4.6668e-6 1.00195e-5 0.0 0.0
5.4446e-6 4.6668e-6 1.54927e-5 0.0 0.0
6.2224e-6 4.6668e-6 4.996e-6 0.0 0.0
7.0002e-6 4.6668e-6 1.37077e-5 0.0 0.0
7.778e-6 4.6668e-6 1.64077e-5 0.0 0.0
8.5558e-6 4.6668e-6 7.6659e-6 0.0 0.0
9.3336e-6 4.6668e-6 1.80756e-5 0.0 0.0
1.01114e-5 4.6668e-6 4.3072e-6 0.0 0.0
1.08892e-5 4.6668e-6 1.35249e-5 0.0 0.0
1.1667e-5 4.6668e-6 7.6418e-6 0.0 0.0
1.24448e-5 4.6668e-6 1.15479e-5 0.0 0.0
1.32226e-5 4.6668e-6 3.3125e-6 0.0 0.0
1.40004e-5 4.6668e-6 6.556e-7 0.0 0.0
1.47782e-5 4.6668e-6 1.8382e-6 0.0 0.0
1.5556e-5 4.6668e-6 1.05075e-5 0.0 0.0
1.63338e-5 4.6668e-6 1.9583e-6 0.0 0.0
1.71116e-5 4.6668e-6 5.0644e-6 0.0 0.0
1.78894e-5 4.6668e-6 2.0612e-6 0.0 0.0
1.86672e-5 4.6668e-6 1.06412e-5 0.0 0.0
-9.72251e-5 5.4446e-6 0.0002630113 0.0 0.0
-9.64473e-5 5.4446e-6 0.0003863099 0.0 0.0
-9.56695e-5 5.4446e-6 0.0005831615 0.0 0.0
-9.48917e-5 5.4446e-6 0.000384918 0.0 0.0
-9.41139e-5 5.4446e-6 0.000238279 0.0 0.0
-9.33361e-5 5.4446e-6 0.0004732301 0.0 0.0
-9.25583e-5 5.4446e-6 0.0002460367 0.0 0.0
-9.17805e-5 5.4446e-6 0.0004363169 0.0 0.0
-9.10027e-5 5.4446e-6 0.0002093944 0.0 0.0
-9.02249e-5 5.4446e-6 0.0004886535 0.0 0.0
-8.94471e-5 5.4446e-6 0.0001980978 0.0 0.0
-8.86693e-5 5.4446e-6 0.0006073938 0.0 0.0
-8.78915e-5 5.4446e-6 0.0002760557 0.0 0.0
-8.71137e-5 5.4446e-6 0.0001408986 0.0 0.0
-8.63359e-5 5.4446e-6 0.0004687588 0.0 0.0
-8.55581e-5 5.4446e-6 0.0002044721 0.0 0.0
-8.47803e-5 5.4446e-6 0.0006494264 0.0 0.0
-8.40025e-5 5.4446e-6 0.0003369441 0.0 0.0
-8.32246e-5 5.4446e-6 0.0002183517 0.0 0.0
-8.24468e-5 5.4446e-6 0.0001460631 0.0 0.0
-8.1669e-5 5.4446e-6 0.0006188761 0.0 0.0
-8.08912e-5 5.4446e-6 0.00037115 0.0 0.0
-8.01134e-5 5.4446e-6 0.0002463851 0.0 0.0
-7.93356e-5 5.4446e-6 0.0006312804 0.0 0.0
-7.85578e-5 5.4446e-6 0.0004858711 0.0 0.0
-7.778e-5 5.4446e-6 0.0002722873 0.0 0.0
-7.70022e-5 5.4446e-6 0.0001335023 0.0 0.0
-7.62244e-5 5.4446e-6 0.0006183607 0.0 0.0
-7.54466e-5 5.4446e-6 0.0003519252 0.0 0.0
-7.46688e-5 5.4446e-6 0.0001299865 0.0 0.0
-7.3891e-5 5.4446e-6 0.0005386529 0.0 0.0
-7.31132e-5 5.4446e-6 0.0003266337 0.0 0.0
-7.23354e-5 5.4446e-6 0.0009033288 0.0 0.0
-7.15576e-5 5.4446e-6 0.0007100631 0.0 0.0
-7.07798e-5 5.4446e-6 0.0003546217 0.0 0.0
-7.0002e-5 5.4446e-6 0.0010541149 0.0 0.0
-6.92242e-5 5.4446e-6 0.0006877052 0.0 0.0
-6.84464e-5 5.4446e-6 0.0013547247 0.0 0.0
-6.76686e-5 5.4446e-6 0.0010401015 0.0 0.0
-6.68908e-5 5.4446e-6 0.0015518801 0.0 0.0
-6.6113e-5 5.4446e-6 0.00222269 0.0 0.0
-6.53352e-5 5.4446e-6 0.0024424055 0.0 0.0
-6.45574e-5 5.4446e-6 0.0017556538 0.0 0.0
-6.37796e-5 5.4446e-6 0.0022836083 0.0 0.0
-6.30018e-5 5.4446e-6 0.0024703527 0.0 0.0
-6.2224e-5 5.4446e-6 0.0026058154 0.0 0.0
-6.14462e-5 5.4446e-6 0.0030794474 0.0 0.0
-6.06684e-5 5.4446e-6 0.0025906705 0.0 0.0
-5.98906e-5 5.4446e-6 0.0030192556 0.0 0.0
-5.91128e-5 5.4446e-6 0.0031515912 0.0 0.0
-5.8335e-5 5.4446e-6 0.0036458647 0.0 0.0
-5.75572e-5 5.4446e-6 0.0039215919 0.0 0.0
-5.67794e-5 5.4446e-6 0.0032859514 0.0 0.0
-5.60016e-5 5.4446e-6 0.0038711809 0.0 0.0
-5.52238e-5 5.4446e-6 0.0042102536 0.0 0.0
-5.4446e-5 5.4446e-6 0.0041380953 0.0 0.0
-5.36682e-5 5.4446e-6 0.0045169762 0.0 0.0
-5.28904e-5 5.4446e-6 0.0045886183 0.0 0.0
-5.21126e-5 5.4446e-6 0.0046359247 0.0 0.0
-5.13348e-5 5.4446e-6 0.0049835243 0.0 0.0
-5.0557e-5 5.4446e-6 0.0052393371 0.0 0.0
-4.97792e-5 5.4446e-6 0.0055552079 0.0 0.0
-4.90014e-5 5.4446e-6 0.0058281229 0.0 0.0
-4.82236e-5 5.4446e-6 0.0055744588 0.0 0.0
-4.74458e-5 5.4446e-6 0.0056803079 0.0 0.0
-4.6668e-5 5.4446e-6 0.0043657134 0.0 0.0
-4.58902e-5 5.4446e-6 0.0042003108 0.0 0.0
-4.51124e-5 5.4446e-6 0.0035009066 0.0 0.0
-4.43346e-5 5.4446e-6 0.0027778306 0.0 0.0
-4.35568e-5 5.4446e-6 0.002405361 0.0 0.0
-4.2779e-5 5.4446e-6 0.0020396283 0.0 0.0
-4.20012e-5 5.4446e-6 0.0012993842 0.0 0.0
-4.12234e-5 5.4446e-6 0.0010556944 0.0 0.0
-4.04456e-5 5.4446e-6 0.0008096486 0.0 0.0
-3.96678e-5 5.4446e-6 0.0006255817 0.0 0.0
-3.889e-5 5.4446e-6 0.0005202902 0.0 0.0
-3.81122e-5 5.4446e-6 0.0003459381 0.0 0.0
-3.73344e-5 5.4446e-6 0.0002445153 0.0 0.0
-3.65566e-5 5.4446e-6 0.0001595428 0.0 0.0
-3.57788e-5 5.4446e-6 0.0001076195 0.0 0.0
-3.5001e-5 5.4446e-6 6.59791e-5 0.0 0.0
-3.42232e-5 5.4446e-6 0.000111671 0.0 0.0
-3.34454e-5 5.4446e-6 0.0001894358 0.0 0.0
-3.26676e-5 5.4446e-6 0.0002590075 0.0 0.0
-3.18898e-5 5.4446e-6 1.60441e-5 0.0 0.0
-3.1112e-5 5.4446e-6 4.74558e-5 0.0 0.0
-3.03342e-5 5.4446e-6 4.75502e-5 0.0 0.0
-2.95564e-5 5.4446e-6 0.0001798903 0.0 0.0
-2.87786e-5 5.4446e-6 0.0003791581 0.0 0.0
-2.80008e-5 5.4446e-6 0.0005809107 0.0 0.0
-2.7223e-5 5.4446e-6 0.0007607885 0.0 0.0
-2.64452e-5 5.4446e-6 0.000288889 0.0 0.0
-2.56674e-5 5.4446e-6 0.0004076151 0.0 0.0
-2.48896e-5 5.4446e-6 0.0004866205 0.0 0.0
-2.41118e-5 5.4446e-6 0.0005413151 0.0 0.0
-2.3334e-5 5.4446e-6 0.0006639208 0.0 0.0
-2.25562e-5 5.4446e-6 0.0004113326 0.0 0.0
-2.17784e-5 5.4446e-6 0.0002407179 0.0 0.0
-2.10006e-5 5.4446e-6 0.0004302543 0.0 0.0
-2.02228e-5 5.4446e-6 0.0003176507 0.0 0.0
-1.9445e-5 5.4446e-6 0.0001775169 0.0 0.0
-1.86672e-5 5.4446e-6 0.0002093456 0.0 0.0
-1.78894e-5 5.4446e-6 8.03443e-5 0.0 0.0
-1.71116e-5 5.4446e-6 2.9664e-5 0.0 0.0
-1.63338e-5 5.4446e-6 2.13569e-5 0.0 0.0
-1.5556e-5 5.4446e-6 2.00783e-5 0.0 0.0
-1.47782e-5 5.4446e-6 1.49643e-5 0.0 0.0
-1.40004e-5 5.4446e-6 1.20735e-5 0.0 0.0
-1.32226e-5 5.4446e-6 6.75364e-5 0.0 0.0
-1.24448e-5 5.4446e-6 4.3517e-5 0.0 0.0
-1.1667e-5 5.4446e-6 3.05831e-5 0.0 0.0
-1.08892e-5 5.4446e-6 1.689e-5 0.0 0.0
-1.01114e-5 5.4446e-6 1.01513e-5 0.0 0.0
-9.3336e-6 5.4446e-6 6.74668e-5 0.0 0.0
-8.5558e-6 5.4446e-6 3.42815e-5 0.0 0.0
-7.778e-6 5.4446e-6 1.54701e-5 0.0 0.0
-7.0002e-6 5.4446e-6 6.71154e-5 0.0 0.0
-6.2224e-6 5.4446e-6 4.81628e-5 0.0 0.0
-5.4446e-6 5.4446e-6 2.72795e-5 0.0 0.0
-4.6668e-6 5.4446e-6 6.17806e-5 0.0 0.0
-3.889e-6 5.4446e-6 3.39864e-5 0.0 0.0
-3.1112e-6 5.4446e-6 1.13718e-5 0.0 0.0
-2.3334e-6 5.4446e-6 3.67168e-5 0.0 0.0
-1.5556e-6 5.4446e-6 5.25351e-5 0.0 0.0
-7.778e-7 5.4446e-6 2.14038e-5 0.0 0.0
0.0 5.4446e-6 3.9834e-5 0.0 0.0
7.778e-7 5.4446e-6 1.8056e-5 0.0 0.0
1.5556e-6 5.4446e-6 3.74078e-5 0.0 0.0
2.3334e-6 5.4446e-6 1.2648e-5 0.0 0.0
3.1112e-6 5.4446e-6 2.05836e-5 0.0 0.0
3.889e-6 5.4446e-6 9.5852e-6 0.0 0.0
4.6668e-6 5.4446e-6 1.75742e-5 0.0 0.0
5.4446e-6 5.4446e-6 7.5336e-6 0.0 0.0
6.2224e-6 5.4446e-6 1.37189e-5 0.0 0.0
7.0002e-6 5.4446e-6 5.6053e-6 0.0 0.0
7.778e-6 5.4446e-6 1.03845e-5 0.0 0.0
8.5558e-6 5.4446e-6 2.0581e-6 0.0 0.0
9.3336e-6 5.4446e-6 1.25168e-5 0.0 0.0
1.01114e-5 5.4446e-6 1.6201e-6 0.0 0.0
1.08892e-5 5.4446e-6 9.5508e-6 0.0 0.0
1.1667e-5 5.4446e-6 1.4923e-6 0.0 0.0
1.24448e-5 5.4446e-6 9.8704e-6 0.0 0.0
1.32226e-5 5.4446e-6 1.0644e-6 0.0 0.0
1.40004e-5 5.4446e-6 3.2831e-6 0.0 0.0
1.47782e-5 5.4446e-6 4.534e-7 0.0 0.0
1.5556e-5 5.4446e-6 5.8074e-6 0.0 0.0
1.63338e-5 5.4446e-6 1.3524e-6 0.0 0.0
1.71116e-5 5.4446e-6 6.9719e-6 0.0 0.0
1.78894e-5 5.4446e-6 2.0152e-6 0.0 0.0
1.86672e-5 5.4446e-6 1.35375e-5 0.0 0.0
-9.72251e-5 6.2224e-6 0.0006018987 0.0 0.0
-9.64473e-5 6.2224e-6 0.0003290252 0.0 0.0
-9.56695e-5 6.2224e-6 0.0005458983 0.0 0.0
-9.48917e-5 6.2224e-6 0.0003290504 0.0 0.0
-9.41139e-5 6.2224e-6 0.0005544357 0.0 0.0
-9.33361e-5 6.2224e-6 0.0003314808 0.0 0.0
-9.25583e-5 6.2224e-6 0.0006224717 0.0 0.0
-9.17805e-5 6.2224e-6 0.0003600415 0.0 0.0
-9.10027e-5 6.2224e-6 0.0007083008 0.0 0.0
-9.02249e-5 6.2224e-6 0.0004369538 0.0 0.0
-8.94471e-5 6.2224e-6 0.0002018648 0.0 0.0
-8.86693e-5 6.2224e-6 0.0004592041 0.0 0.0
-8.78915e-5 6.2224e-6 0.000199917 0.0 0.0
-8.71137e-5 6.2224e-6 0.0004792115 0.0 0.0
-8.63359e-5 6.2224e-6 0.0003632358 0.0 0.0
-8.55581e-5 6.2224e-6 0.0001018057 0.0 0.0
-8.47803e-5 6.2224e-6 0.0005670051 0.0 0.0
-8.40025e-5 6.2224e-6 0.0002376107 0.0 0.0
-8.32246e-5 6.2224e-6 0.0001254764 0.0 0.0
-8.24468e-5 6.2224e-6 0.0005227544 0.0 0.0
-8.1669e-5 6.2224e-6 0.0003696227 0.0 0.0
-8.08912e-5 6.2224e-6 0.0001634731 0.0 0.0
-8.01134e-5 6.2224e-6 0.0001065963 0.0 0.0
-7.93356e-5 6.2224e-6 0.0005098153 0.0 0.0
-7.85578e-5 6.2224e-6 0.0002671868 0.0 0.0
-7.778e-5 6.2224e-6 0.0001809948 0.0 0.0
-7.70022e-5 6.2224e-6 0.0005652904 0.0 0.0
-7.62244e-5 6.2224e-6 0.0004803091 0.0 0.0
-7.54466e-5 6.2224e-6 0.0002049305 0.0 0.0
-7.46688e-5 6.2224e-6 0.000754213 0.0 0.0
-7.3891e-5 6.2224e-6 0.0003838311 0.0 0.0
-7.31132e-5 6.2224e-6 0.0001651552 0.0 0.0
-7.23354e-5 6.2224e-6 0.0006842789 0.0 0.0
-7.15576e-5 6.2224e-6 0.0004344674 0.0 0.0
-7.07798e-5 6.2224e-6 0.0009289468 0.0 0.0
-7.0002e-5 6.2224e-6 0.0007399792 0.0 0.0
-6.92242e-5 6.2224e-6 0.0003912137 0.0 0.0
-6.84464e-5 6.2224e-6 0.0011034811 0.0 0.0
-6.76686e-5 6.2224e-6 0.0016820291 0.0 0.0
-6.68908e-5 6.2224e-6 0.0012562907 0.0 0.0
-6.6113e-5 6.2224e-6 0.0019780006 0.0 0.0
-6.53352e-5 6.2224e-6 0.0010701431 0.0 0.0
-6.45574e-5 6.2224e-6 0.0015356548 0.0 0.0
-6.37796e-5 6.2224e-6 0.0010172958 0.0 0.0
-6.30018e-5 6.2224e-6 0.0014274315 0.0 0.0
-6.2224e-5 6.2224e-6 0.0017964801 0.0 0.0
-6.14462e-5 6.2224e-6 0.0023965507 0.0 0.0
-6.06684e-5 6.2224e-6 0.0025359841 0.0 0.0
-5.98906e-5 6.2224e-6 0.0019562808 0.0 0.0
-5.91128e-5 6.2224e-6 0.0023933451 0.0 0.0
-5.8335e-5 6.2224e-6 0.0024719028 0.0 0.0
-5.75572e-5 6.2224e-6 0.0028084233 0.0 0.0
-5.67794e-5 6.2224e-6 0.0021961636 0.0 0.0
-5.60016e-5 6.2224e-6 0.0025330354 0.0 0.0
-5.52238e-5 6.2224e-6 0.002655495 0.0 0.0
-5.4446e-5 6.2224e-6 0.0026832793 0.0 0.0
-5.36682e-5 6.2224e-6 0.0028874042 0.0 0.0
-5.28904e-5 6.2224e-6 0.0025035497 0.0 0.0
-5.21126e-5 6.2224e-6 0.0027420549 0.0 0.0
-5.13348e-5 6.2224e-6 0.0029193821 0.0 0.0
-5.0557e-5 6.2224e-6 0.0026273974 0.0 0.0
-4.97792e-5 6.2224e-6 0.003033595 0.0 0.0
-4.90014e-5 6.2224e-6 0.0030001312 0.0 0.0
-4.82236e-5 6.2224e-6 0.0026239308 0.0 0.0
-4.74458e-5 6.2224e-6 0.0025376451 0.0 0.0
-4.6668e-5 6.2224e-6 0.0019190134 0.0 0.0
-4.58902e-5 6.2224e-6 0.0018836108 0.0 0.0
-4.51124e-5 6.2224e-6 0.0018737747 0.0 0.0
-4.43346e-5 6.2224e-6 0.0012660546 0.0 0.0
-4.35568e-5 6.2224e-6 0.0012940689 0.0 0.0
-4.2779e-5 6.2224e-6 0.0010783365 0.0 0.0
-4.20012e-5 6.2224e-6 0.0009121108 0.0 0.0
-4.12234e-5 6.2224e-6 0.000858486 0.0 0.0
-4.04456e-5 6.2224e-6 0.0006898805 0.0 0.0
-3.96678e-5 6.2224e-6 0.0004913733 0.0 0.0
-3.889e-5 6.2224e-6 0.0003439942 0.0 0.0
-3.81122e-5 6.2224e-6 0.0003120936 0.0 0.0
-3.73344e-5 6.2224e-6 0.0002039309 0.0 0.0
-3.65566e-5 6.2224e-6 0.0001481436 0.0 0.0
-3.57788e-5 6.2224e-6 2.87369e-5 0.0 0.0
-3.5001e-5 6.2224e-6 2.51142e-5 0.0 0.0
-3.42232e-5 6.2224e-6 2.91178e-5 0.0 0.0
-3.34454e-5 6.2224e-6 3.63404e-5 0.0 0.0
-3.26676e-5 6.2224e-6 9.15525e-5 0.0 0.0
-3.18898e-5 6.2224e-6 0.0001538931 0.0 0.0
-3.1112e-5 6.2224e-6 0.000376186 0.0 0.0
-3.03342e-5 6.2224e-6 3.61512e-5 0.0 0.0
-2.95564e-5 6.2224e-6 0.000111693 0.0 0.0
-2.87786e-5 6.2224e-6 0.0003465713 0.0 0.0
-2.80008e-5 6.2224e-6 0.0005128869 0.0 0.0
-2.7223e-5 6.2224e-6 0.0007577565 0.0 0.0
-2.64452e-5 6.2224e-6 0.0008171216 0.0 0.0
-2.56674e-5 6.2224e-6 0.0007961438 0.0 0.0
-2.48896e-5 6.2224e-6 0.0004291217 0.0 0.0
-2.41118e-5 6.2224e-6 0.0005328548 0.0 0.0
-2.3334e-5 6.2224e-6 0.0003196088 0.0 0.0
-2.25562e-5 6.2224e-6 0.0005714062 0.0 0.0
-2.17784e-5 6.2224e-6 0.0003606706 0.0 0.0
-2.10006e-5 6.2224e-6 0.0002123906 0.0 0.0
-2.02228e-5 6.2224e-6 0.0002900001 0.0 0.0
-1.9445e-5 6.2224e-6 0.0001148249 0.0 0.0
-1.86672e-5 6.2224e-6 1.65224e-5 0.0 0.0
-1.78894e-5 6.2224e-6 5.11219e-5 0.0 0.0
-1.71116e-5 6.2224e-6 3.85793e-5 0.0 0.0
-1.63338e-5 6.2224e-6 2.33058e-5 0.0 0.0
-1.5556e-5 6.2224e-6 1.82713e-5 0.0 0.0
-1.47782e-5 6.2224e-6 9.4051e-6 0.0 0.0
-1.40004e-5 6.2224e-6 5.5338e-6 0.0 0.0
-1.32226e-5 6.2224e-6 4.83594e-5 0.0 0.0
-1.24448e-5 6.2224e-6 3.73837e-5 0.0 0.0
-1.1667e-5 6.2224e-6 2.2614e-5 0.0 0.0
-1.08892e-5 6.2224e-6 1.4047e-5 0.0 0.0
-1.01114e-5 6.2224e-6 5.53484e-5 0.0 0.0
-9.3336e-6 6.2224e-6 4.73254e-5 0.0 0.0
-8.5558e-6 6.2224e-6 2.26759e-5 0.0 0.0
-7.778e-6 6.2224e-6 1.25351e-5 0.0 0.0
-7.0002e-6 6.2224e-6 4.95347e-5 0.0 0.0
-6.2224e-6 6.2224e-6 2.42231e-5 0.0 0.0
-5.4446e-6 6.2224e-6 9.4321e-6 0.0 0.0
-4.6668e-6 6.2224e-6 3.68444e-5 0.0 0.0
-3.889e-6 6.2224e-6 5.20078e-5 0.0 0.0
-3.1112e-6 6.2224e-6 2.07756e-5 0.0 0.0
-2.3334e-6 6.2224e-6 3.49486e-5 0.0 0.0
-1.5556e-6 6.2224e-6 1.58401e-5 0.0 0.0
-7.778e-7 6.2224e-6 2.99713e-5 0.0 0.0
0.0 6.2224e-6 1.29797e-5 0.0 0.0
7.778e-7 6.2224e-6 2.49439e-5 0.0 0.0
1.5556e-6 6.2224e-6 1.14004e-5 0.0 0.0
2.3334e-6 6.2224e-6 1.93847e-5 0.0 0.0
3.1112e-6 6.2224e-6 6.2378e-6 0.0 0.0
3.889e-6 6.2224e-6 2.00392e-5 0.0 0.0
4.6668e-6 6.2224e-6 9.974e-6 0.0 0.0
5.4446e-6 6.2224e-6 1.34015e-5 0.0 0.0
6.2224e-6 6.2224e-6 5.5375e-6 0.0 0.0
7.0002e-6 6.2224e-6 1.5644e-6 0.0 0.0
7.778e-6 6.2224e-6 4.2595e-6 0.0 0.0
8.5558e-6 6.2224e-6 1.3405e-5 0.0 0.0
9.3336e-6 6.2224e-6 5.3599e-6 0.0 0.0
1.01114e-5 6.2224e-6 6.955e-7 0.0 0.0
1.08892e-5 6.2224e-6 5.2668e-6 0.0 0.0
1.1667e-5 6.2224e-6 6.475e-7 0.0 0.0
1.24448e-5 6.2224e-6 4.4495e-6 0.0 0.0
1.32226e-5 6.2224e-6 4.543e-7 0.0 0.0
1.40004e-5 6.2224e-6 1.8174e-6 0.0 0.0
1.47782e-5 6.2224e-6 5.65e-7 0.0 0.0
1.5556e-5 6.2224e-6 3.2588e-6 0.0 0.0
1.63338e-5 6.2224e-6 1.1705e-6 0.0 0.0
1.71116e-5 6.2224e-6 5.6362e-6 0.0 0.0
1.78894e-5 6.2224e-6 2.0739e-6 0.0 0.0
1.86672e-5 6.2224e-6 1.18299e-5 0.0 0.0
-9.72251e-5 7.0002e-6 0.0004910846 0.0 0.0
-9.64473e-5 7.0002e-6 0.0006962287 0.0 0.0
-9.56695e-5 7.0002e-6 0.0004931472 0.0 0.0
-9.48917e-5 7.0002e-6 0.0003056205 0.0 0.0
-9.41139e-5 7.0002e-6 0.000464489 0.0 0.0
-9.33361e-5 7.0002e-6 0.0003253727 0.0 0.0
-9.25583e-5 7.0002e-6 0.0005283282 0.0 0.0
-9.17805e-5 7.0002e-6 0.0003588215 0.0 0.0
-9.10027e-5 7.0002e-6 0.0006286476 0.0 0.0
-9.02249e-5 7.0002e-6 0.000461277 0.0 0.0
-8.94471e-5 7.0002e-6 0.0002686406 0.0 0.0
-8.86693e-5 7.0002e-6 0.0003927566 0.0 0.0
-8.78915e-5 7.0002e-6 0.0002275244 0.0 0.0
-8.71137e-5 7.0002e-6 0.0004372274 0.0 0.0
-8.63359e-5 7.0002e-6 0.0002451637 0.0 0.0
-8.55581e-5 7.0002e-6 0.0006064846 0.0 0.0
-8.47803e-5 7.0002e-6 0.0003838671 0.0 0.0
-8.40025e-5 7.0002e-6 0.0001026938 0.0 0.0
-8.32246e-5 7.0002e-6 0.0004652287 0.0 0.0
-8.24468e-5 7.0002e-6 0.0002047182 0.0 0.0
-8.1669e-5 7.0002e-6 0.0002022178 0.0 0.0
-8.08912e-5 7.0002e-6 9.91155e-5 0.0 0.0
-8.01134e-5 7.0002e-6 0.0004558372 0.0 0.0
-7.93356e-5 7.0002e-6 0.0003228902 0.0 0.0
-7.85578e-5 7.0002e-6 0.0001925862 0.0 0.0
-7.778e-5 7.0002e-6 9.88671e-5 0.0 0.0
-7.70022e-5 7.0002e-6 0.000485835 0.0 0.0
-7.62244e-5 7.0002e-6 0.0003297177 0.0 0.0
-7.54466e-5 7.0002e-6 0.0001283124 0.0 0.0
-7.46688e-5 7.0002e-6 0.0005391767 0.0 0.0
-7.3891e-5 7.0002e-6 0.0002275717 0.0 0.0
-7.31132e-5 7.0002e-6 0.0006794615 0.0 0.0
-7.23354e-5 7.0002e-6 0.0003643426 0.0 0.0
-7.15576e-5 7.0002e-6 0.0008674541 0.0 0.0
-7.07798e-5 7.0002e-6 0.000662172 0.0 0.0
-7.0002e-5 7.0002e-6 0.0003636198 0.0 0.0
-6.92242e-5 7.0002e-6 0.0009291041 0.0 0.0
-6.84464e-5 7.0002e-6 0.0005837151 0.0 0.0
-6.76686e-5 7.0002e-6 0.0012250795 0.0 0.0
-6.68908e-5 7.0002e-6 0.0009361993 0.0 0.0
-6.6113e-5 7.0002e-6 0.0015919432 0.0 0.0
-6.53352e-5 7.0002e-6 0.0009627679 0.0 0.0
-6.45574e-5 7.0002e-6 0.0016725357 0.0 0.0
-6.37796e-5 7.0002e-6 0.0009651386 0.0 0.0
-6.30018e-5 7.0002e-6 0.001243468 0.0 0.0
-6.2224e-5 7.0002e-6 0.0018379004 0.0 0.0
-6.14462e-5 7.0002e-6 0.0011708218 0.0 0.0
-6.06684e-5 7.0002e-6 0.0017013578 0.0 0.0
-5.98906e-5 7.0002e-6 0.0020772573 0.0 0.0
-5.91128e-5 7.0002e-6 0.001288054 0.0 0.0
-5.8335e-5 7.0002e-6 0.0016053766 0.0 0.0
-5.75572e-5 7.0002e-6 0.0022363832 0.0 0.0
-5.67794e-5 7.0002e-6 0.001535787 0.0 0.0
-5.60016e-5 7.0002e-6 0.001652347 0.0 0.0
-5.52238e-5 7.0002e-6 0.0020091741 0.0 0.0
-5.4446e-5 7.0002e-6 0.0020941956 0.0 0.0
-5.36682e-5 7.0002e-6 0.0022786874 0.0 0.0
-5.28904e-5 7.0002e-6 0.0017781046 0.0 0.0
-5.21126e-5 7.0002e-6 0.0020224376 0.0 0.0
-5.13348e-5 7.0002e-6 0.0021858328 0.0 0.0
-5.0557e-5 7.0002e-6 0.001664058 0.0 0.0
-4.97792e-5 7.0002e-6 0.0019658139 0.0 0.0
-4.90014e-5 7.0002e-6 0.0020626418 0.0 0.0
-4.82236e-5 7.0002e-6 0.0015263672 0.0 0.0
-4.74458e-5 7.0002e-6 0.0016734481 0.0 0.0
-4.6668e-5 7.0002e-6 0.0010945874 0.0 0.0
-4.58902e-5 7.0002e-6 0.0011109253 0.0 0.0
-4.51124e-5 7.0002e-6 0.0011047817 0.0 0.0
-4.43346e-5 7.0002e-6 0.0005006407 0.0 0.0
-4.35568e-5 7.0002e-6 0.0010567718 0.0 0.0
-4.2779e-5 7.0002e-6 0.0008491057 0.0 0.0
-4.20012e-5 7.0002e-6 0.0007736679 0.0 0.0
-4.12234e-5 7.0002e-6 0.0006478269 0.0 0.0
-4.04456e-5 7.0002e-6 0.0005798947 0.0 0.0
-3.96678e-5 7.0002e-6 0.0004423065 0.0 0.0
-3.889e-5 7.0002e-6 0.0003090285 0.0 0.0
-3.81122e-5 7.0002e-6 0.0001163535 0.0 0.0
-3.73344e-5 7.0002e-6 0.0002533281 0.0 0.0
-3.65566e-5 7.0002e-6 6.07543e-5 0.0 0.0
-3.57788e-5 7.0002e-6 5.64612e-5 0.0 0.0
-3.5001e-5 7.0002e-6 9.15475e-5 0.0 0.0
-3.42232e-5 7.0002e-6 0.0001621381 0.0 0.0
-3.34454e-5 7.0002e-6 0.0003193712 0.0 0.0
-3.26676e-5 7.0002e-6 3.16399e-5 0.0 0.0
-3.18898e-5 7.0002e-6 8.46876e-5 0.0 0.0
-3.1112e-5 7.0002e-6 0.0002942596 0.0 0.0
-3.03342e-5 7.0002e-6 0.0005386602 0.0 0.0
-2.95564e-5 7.0002e-6 0.0007918686 0.0 0.0
-2.87786e-5 7.0002e-6 0.0002693945 0.0 0.0
-2.80008e-5 7.0002e-6 0.0004443905 0.0 0.0
-2.7223e-5 7.0002e-6 0.0005398552 0.0 0.0
-2.64452e-5 7.0002e-6 0.0006428945 0.0 0.0
-2.56674e-5 7.0002e-6 0.0006969016 0.0 0.0
-2.48896e-5 7.0002e-6 0.0004597157 0.0 0.0
-2.41118e-5 7.0002e-6 0.000650128 0.0 0.0
-2.3334e-5 7.0002e-6 0.0003831442 0.0 0.0
-2.25562e-5 7.0002e-6 0.0002587163 0.0 0.0
-2.17784e-5 7.0002e-6 0.0004079414 0.0 0.0
-2.10006e-5 7.0002e-6 0.0001843373 0.0 0.0
-2.02228e-5 7.0002e-6 6.70634e-5 0.0 0.0
-1.9445e-5 7.0002e-6 7.07323e-5 0.0 0.0
-1.86672e-5 7.0002e-6 5.3318e-6 0.0 0.0
-1.78894e-5 7.0002e-6 3.79844e-5 0.0 0.0
-1.71116e-5 7.0002e-6 3.5719e-5 0.0 0.0
-1.63338e-5 7.0002e-6 2.22768e-5 0.0 0.0
-1.5556e-5 7.0002e-6 1.89372e-5 0.0 0.0
-1.47782e-5 7.0002e-6 5.6636e-6 0.0 0.0
-1.40004e-5 7.0002e-6 4.6361e-6 0.0 0.0
-1.32226e-5 7.0002e-6 3.62116e-5 0.0 0.0
-1.24448e-5 7.0002e-6 3.39095e-5 0.0 0.0
-1.1667e-5 7.0002e-6 1.33147e-5 0.0 0.0
-1.08892e-5 7.0002e-6 6.0127e-6 0.0 0.0
-1.01114e-5 7.0002e-6 4.14304e-5 0.0 0.0
-9.3336e-6 7.0002e-6 2.62998e-5 0.0 0.0
-8.5558e-6 7.0002e-6 1.46565e-5 0.0 0.0
-7.778e-6 7.0002e-6 5.21794e-5 0.0 0.0
-7.0002e-6 7.0002e-6 2.33622e-5 0.0 0.0
-6.2224e-6 7.0002e-6 3.70115e-5 0.0 0.0
-5.4446e-6 7.0002e-6 2.06829e-5 0.0 0.0
-4.6668e-6 7.0002e-6 3.51938e-5 0.0 0.0
-3.889e-6 7.0002e-6 1.22068e-5 0.0 0.0
-3.1112e-6 7.0002e-6 2.70535e-5 0.0 0.0
-2.3334e-6 7.0002e-6 1.13191e-5 0.0 0.0
-1.5556e-6 7.0002e-6 2.72778e-5 0.0 0.0
-7.778e-7 7.0002e-6 1.11397e-5 0.0 0.0
0.0 7.0002e-6 2.21491e-5 0.0 0.0
7.778e-7 7.0002e-6 1.02022e-5 0.0 0.0
1.5556e-6 7.0002e-6 1.51919e-5 0.0 0.0
2.3334e-6 7.0002e-6 1.36557e-5 0.0 0.0
3.1112e-6 7.0002e-6 1.97062e-5 0.0 0.0
3.889e-6 7.0002e-6 1.08533e-5 0.0 0.0
4.6668e-6 7.0002e-6 3.2334e-6 0.0 0.0
5.4446e-6 7.0002e-6 6.2549e-6 0.0 0.0
6.2224e-6 7.0002e-6 1.6328e-6 0.0 0.0
7.0002e-6 7.0002e-6 6.6852e-6 0.0 0.0
7.778e-6 7.0002e-6 2.0173e-6 0.0 0.0
8.5558e-6 7.0002e-6 9.9516e-6 0.0 0.0
9.3336e-6 7.0002e-6 1.1048e-6 0.0 0.0
1.01114e-5 7.0002e-6 1.03122e-5 0.0 0.0
1.08892e-5 7.0002e-6 1.9052e-6 0.0 0.0
1.1667e-5 7.0002e-6 9.528e-6 0.0 0.0
1.24448e-5 7.0002e-6 1.3781e-6 0.0 0.0
1.32226e-5 7.0002e-6 8.9131e-6 0.0 0.0
1.40004e-5 7.0002e-6 1.9201e-6 0.0 0.0
1.47782e-5 7.0002e-6 1.20291e-5 0.0 0.0
1.5556e-5 7.0002e-6 4.8715e-6 0.0 0.0
1.63338e-5 7.0002e-6 1.3821e-6 0.0 0.0
1.71116e-5 7.0002e-6 7.0886e-6 0.0 0.0
1.78894e-5 7.0002e-6 2.9612e-6 0.0 0.0
1.86672e-5 7.0002e-6 1.96791e-5 0.0 0.0
-9.72251e-5 7.778e-6 0.0004254809 0.0 0.0
-9.64473e-5 7.778e-6 0.000595168 0.0 0.0
-9.56695e-5 7.778e-6 0.0003679598 0.0 0.0
-9.48917e-5 7.778e-6 0.0006122467 0.0 0.0
-9.41139e-5 7.778e-6 0.0004105909 0.0 0.0
-9.33361e-5 7.778e-6 0.0006728371 0.0 0.0
-9.25583e-5 7.778e-6 0.0005518469 0.0 0.0
-9.17805e-5 7.778e-6 0.0003699869 0.0 0.0
-9.10027e-5 7.778e-6 0.0006911662 0.0 0.0
-9.02249e-5 7.778e-6 0.0004644344 0.0 0.0
-8.94471e-5 7.778e-6 0.0006655291 0.0 0.0
-8.86693e-5 7.778e-6 0.0004310019 0.0 0.0
-8.78915e-5 7.778e-6 0.0002140121 0.0 0.0
-8.71137e-5 7.778e-6 0.0003743047 0.0 0.0
-8.63359e-5 7.778e-6 0.000201331 0.0 0.0
-8.55581e-5 7.778e-6 0.0006041738 0.0 0.0
-8.47803e-5 7.778e-6 0.0003209874 0.0 0.0
-8.40025e-5 7.778e-6 9.91831e-5 0.0 0.0
-8.32246e-5 7.778e-6 2.78715e-5 0.0 0.0
-8.24468e-5 7.778e-6 0.0002154377 0.0 0.0
-8.1669e-5 7.778e-6 5.75198e-5 0.0 0.0
-8.08912e-5 7.778e-6 0.000423842 0.0 0.0
-8.01134e-5 7.778e-6 0.0002732447 0.0 0.0
-7.93356e-5 7.778e-6 0.0001505467 0.0 0.0
-7.85578e-5 7.778e-6 0.0004911632 0.0 0.0
-7.778e-5 7.778e-6 0.0003504172 0.0 0.0
-7.70022e-5 7.778e-6 0.0002092428 0.0 0.0
-7.62244e-5 7.778e-6 0.000193437 0.0 0.0
-7.54466e-5 7.778e-6 0.0004561746 0.0 0.0
-7.46688e-5 7.778e-6 0.0002632319 0.0 0.0
-7.3891e-5 7.778e-6 0.0005995249 0.0 0.0
-7.31132e-5 7.778e-6 0.0005166322 0.0 0.0
-7.23354e-5 7.778e-6 0.0002404303 0.0 0.0
-7.15576e-5 7.778e-6 0.0006365627 0.0 0.0
-7.07798e-5 7.778e-6 0.0003719179 0.0 0.0
-7.0002e-5 7.778e-6 0.0002621947 0.0 0.0
-6.92242e-5 7.778e-6 0.0006040885 0.0 0.0
-6.84464e-5 7.778e-6 0.0004223908 0.0 0.0
-6.76686e-5 7.778e-6 0.0008220697 0.0 0.0
-6.68908e-5 7.778e-6 0.0013007233 0.0 0.0
-6.6113e-5 7.778e-6 0.0012556331 0.0 0.0
-6.53352e-5 7.778e-6 0.0005964218 0.0 0.0
-6.45574e-5 7.778e-6 0.0009615301 0.0 0.0
-6.37796e-5 7.778e-6 0.0006447806 0.0 0.0
-6.30018e-5 7.778e-6 0.0010941198 0.0 0.0
-6.2224e-5 7.778e-6 0.0017949219 0.0 0.0
-6.14462e-5 7.778e-6 0.0009521165 0.0 0.0
-6.06684e-5 7.778e-6 0.0016542114 0.0 0.0
-5.98906e-5 7.778e-6 0.0009546988 0.0 0.0
-5.91128e-5 7.778e-6 0.0012167451 0.0 0.0
-5.8335e-5 7.778e-6 0.0017650167 0.0 0.0
-5.75572e-5 7.778e-6 0.001148073 0.0 0.0
-5.67794e-5 7.778e-6 0.0014411211 0.0 0.0
-5.60016e-5 7.778e-6 0.0017921314 0.0 0.0
-5.52238e-5 7.778e-6 0.001408134 0.0 0.0
-5.4446e-5 7.778e-6 0.0015115407 0.0 0.0
-5.36682e-5 7.778e-6 0.0018331285 0.0 0.0
-5.28904e-5 7.778e-6 0.0012908642 0.0 0.0
-5.21126e-5 7.778e-6 0.0015347341 0.0 0.0
-5.13348e-5 7.778e-6 0.0016128 0.0 0.0
-5.0557e-5 7.778e-6 0.0011815719 0.0 0.0
-4.97792e-5 7.778e-6 0.0013844837 0.0 0.0
-4.90014e-5 7.778e-6 0.0007106065 0.0 0.0
-4.82236e-5 7.778e-6 0.0008331276 0.0 0.0
-4.74458e-5 7.778e-6 0.0009247193 0.0 0.0
-4.6668e-5 7.778e-6 0.0010027666 0.0 0.0
-4.58902e-5 7.778e-6 0.0009134928 0.0 0.0
-4.51124e-5 7.778e-6 0.0004355463 0.0 0.0
-4.43346e-5 7.778e-6 0.000869914 0.0 0.0
-4.35568e-5 7.778e-6 0.0007463046 0.0 0.0
-4.2779e-5 7.778e-6 0.0006300766 0.0 0.0
-4.20012e-5 7.778e-6 0.0004004195 0.0 0.0
-4.12234e-5 7.778e-6 0.0005888437 0.0 0.0
-4.04456e-5 7.778e-6 0.0002594356 0.0 0.0
-3.96678e-5 7.778e-6 0.0002371836 0.0 0.0
-3.889e-5 7.778e-6 0.0001944941 0.0 0.0
-3.81122e-5 7.778e-6 0.0001553777 0.0 0.0
-3.73344e-5 7.778e-6 0.0001210616 0.0 0.0
-3.65566e-5 7.778e-6 0.0002411999 0.0 0.0
-3.57788e-5 7.778e-6 0.0002985223 0.0 0.0
-3.5001e-5 7.778e-6 5.97473e-5 0.0 0.0
-3.42232e-5 7.778e-6 7.75207e-5 0.0 0.0
-3.34454e-5 7.778e-6 0.0001448252 0.0 0.0
-3.26676e-5 7.778e-6 0.0003926159 0.0 0.0
-3.18898e-5 7.778e-6 5.71688e-5 0.0 0.0
-3.1112e-5 7.778e-6 0.0001084292 0.0 0.0
-3.03342e-5 7.778e-6 0.0004801259 0.0 0.0
-2.95564e-5 7.778e-6 0.0007159531 0.0 0.0
-2.87786e-5 7.778e-6 0.0008463113 0.0 0.0
-2.80008e-5 7.778e-6 0.0008578881 0.0 0.0
-2.7223e-5 7.778e-6 0.0004781936 0.0 0.0
-2.64452e-5 7.778e-6 0.0006234646 0.0 0.0
-2.56674e-5 7.778e-6 0.0008272755 0.0 0.0
-2.48896e-5 7.778e-6 0.0005487948 0.0 0.0
-2.41118e-5 7.778e-6 0.0007206282 0.0 0.0
-2.3334e-5 7.778e-6 0.0005480637 0.0 0.0
-2.25562e-5 7.778e-6 0.0002768952 0.0 0.0
-2.17784e-5 7.778e-6 0.0003535282 0.0 0.0
-2.10006e-5 7.778e-6 0.0001256244 0.0 0.0
-2.02228e-5 7.778e-6 2.77007e-5 0.0 0.0
-1.9445e-5 7.778e-6 7.5312e-6 0.0 0.0
-1.86672e-5 7.778e-6 3.8622e-6 0.0 0.0
-1.78894e-5 7.778e-6 4.25991e-5 0.0 0.0
-1.71116e-5 7.778e-6 3.30608e-5 0.0 0.0
-1.63338e-5 7.778e-6 2.18008e-5 0.0 0.0
-1.5556e-5 7.778e-6 2.33556e-5 0.0 0.0
-1.47782e-5 7.778e-6 8.4632e-6 0.0 0.0
-1.40004e-5 7.778e-6 6.0834e-6 0.0 0.0
-1.32226e-5 7.778e-6 4.10527e-5 0.0 0.0
-1.24448e-5 7.778e-6 2.27272e-5 0.0 0.0
-1.1667e-5 7.778e-6 1.19504e-5 0.0 0.0
-1.08892e-5 7.778e-6 4.92838e-5 0.0 0.0
-1.01114e-5 7.778e-6 2.22096e-5 0.0 0.0
-9.3336e-6 7.778e-6 9.8006e-6 0.0 0.0
-8.5558e-6 7.778e-6 2.99212e-5 0.0 0.0
-7.778e-6 7.778e-6 1.50429e-5 0.0 0.0
-7.0002e-6 7.778e-6 2.22997e-5 0.0 0.0
-6.2224e-6 7.778e-6 3.92121e-5 0.0 0.0
-5.4446e-6 7.778e-6 1.87666e-5 0.0 0.0
-4.6668e-6 7.778e-6 8.3642e-6 0.0 0.0
-3.889e-6 7.778e-6 2.20851e-5 0.0 0.0
-3.1112e-6 7.778e-6 1.02978e-5 0.0 0.0
-2.3334e-6 7.778e-6 1.80051e-5 0.0 0.0
-1.5556e-6 7.778e-6 9.5022e-6 0.0 0.0
-7.778e-7 7.778e-6 2.09183e-5 0.0 0.0
0.0 7.778e-6 7.8223e-6 0.0 0.0
7.778e-7 7.778e-6 1.86268e-5 0.0 0.0
1.5556e-6 7.778e-6 1.13749e-5 0.0 0.0
2.3334e-6 7.778e-6 3.0009e-6 0.0 0.0
3.1112e-6 7.778e-6 8.6424e-6 0.0 0.0
3.889e-6 7.778e-6 2.5532e-6 0.0 0.0
4.6668e-6 7.778e-6 1.22723e-5 0.0 0.0
5.4446e-6 7.778e-6 2.2658e-6 0.0 0.0
6.2224e-6 7.778e-6 1.31133e-5 0.0 0.0
7.0002e-6 7.778e-6 3.0806e-6 0.0 0.0
7.778e-6 7.778e-6 1.1553e-6 0.0 0.0
8.5558e-6 7.778e-6 8.2913e-6 0.0 0.0
9.3336e-6 7.778e-6 1.1235e-6 0.0 0.0
1.01114e-5 7.778e-6 4.8301e-6 0.0 0.0
1.08892e-5 7.778e-6 1.1873e-6 0.0 0.0
1.1667e-5 7.778e-6 7.3261e-6 0.0 0.0
1.24448e-5 7.778e-6 8.082e-7 0.0 0.0
1.32226e-5 7.778e-6 8.8729e-6 0.0 0.0
1.40004e-5 7.778e-6 1.673e-6 0.0 0.0
1.47782e-5 7.778e-6 1.35285e-5 0.0 0.0
1.5556e-5 7.778e-6 4.6178e-6 0.0 0.0
1.63338e-5 7.778e-6 1.4879e-6 0.0 0.0
1.71116e-5 7.778e-6 9.1862e-6 0.0 0.0
1.78894e-5 7.778e-6 5.7296e-6 0.0 0.0
1.86672e-5 7.778e-6 2.58183e-5 0.0 0.0
-9.72251e-5 8.5558e-6 0.0006910837 0.0 0.0
-9.64473e-5 8.5558e-6 0.0004573453 0.0 0.0
-9.56695e-5 8.5558e-6 0.0007118002 0.0 0.0
-9.48917e-5 8.5558e-6 0.0005516505 0.0 0.0
-9.41139e-5 8.5558e-6 0.0003416959 0.0 0.0
-9.33361e-5 8.5558e-6 0.0006187296 0.0 0.0
-9.25583e-5 8.5558e-6 0.0004939044 0.0 0.0
-9.17805e-5 8.5558e-6 0.000370853 0.0 0.0
-9.10027e-5 8.5558e-6 0.0006769268 0.0 0.0
-9.02249e-5 8.5558e-6 0.0005345186 0.0 0.0
-8.94471e-5 8.5558e-6 0.0003193215 0.0 0.0
-8.86693e-5 8.5558e-6 0.0004765352 0.0 0.0
-8.78915e-5 8.5558e-6 0.0002881707 0.0 0.0
-8.71137e-5 8.5558e-6 0.0004302946 0.0 0.0
-8.63359e-5 8.5558e-6 0.0002429367 0.0 0.0
-8.55581e-5 8.5558e-6 0.0006430029 0.0 0.0
-8.47803e-5 8.5558e-6 0.0003091199 0.0 0.0
-8.40025e-5 8.5558e-6 0.0001595724 0.0 0.0
-8.32246e-5 8.5558e-6 0.0004362379 0.0 0.0
-8.24468e-5 8.5558e-6 0.0002563347 0.0 0.0
-8.1669e-5 8.5558e-6 3.14598e-5 0.0 0.0
-8.08912e-5 8.5558e-6 0.0003486336 0.0 0.0
-8.01134e-5 8.5558e-6 0.0001732586 0.0 0.0
-7.93356e-5 8.5558e-6 0.000449337 0.0 0.0
-7.85578e-5 8.5558e-6 0.0002913428 0.0 0.0
-7.778e-5 8.5558e-6 0.0002382736 0.0 0.0
-7.70022e-5 8.5558e-6 9.62636e-5 0.0 0.0
-7.62244e-5 8.5558e-6 0.0003197261 0.0 0.0
-7.54466e-5 8.5558e-6 0.0002270367 0.0 0.0
-7.46688e-5 8.5558e-6 0.0001305381 0.0 0.0
-7.3891e-5 8.5558e-6 0.0003771645 0.0 0.0
-7.31132e-5 8.5558e-6 0.0002466336 0.0 0.0
-7.23354e-5 8.5558e-6 0.000509332 0.0 0.0
-7.15576e-5 8.5558e-6 0.0004011159 0.0 0.0
-7.07798e-5 8.5558e-6 0.000230453 0.0 0.0
-7.0002e-5 8.5558e-6 0.0006129733 0.0 0.0
-6.92242e-5 8.5558e-6 0.0003277283 0.0 0.0
-6.84464e-5 8.5558e-6 0.0007369601 0.0 0.0
-6.76686e-5 8.5558e-6 0.0004203497 0.0 0.0
-6.68908e-5 8.5558e-6 0.0009287547 0.0 0.0
-6.6113e-5 8.5558e-6 0.0007602394 0.0 0.0
-6.53352e-5 8.5558e-6 0.0012972523 0.0 0.0
-6.45574e-5 8.5558e-6 0.0009279287 0.0 0.0
-6.37796e-5 8.5558e-6 0.0012174327 0.0 0.0
-6.30018e-5 8.5558e-6 0.0008334403 0.0 0.0
-6.2224e-5 8.5558e-6 0.0014236386 0.0 0.0
-6.14462e-5 8.5558e-6 0.0007351273 0.0 0.0
-6.06684e-5 8.5558e-6 0.0014566585 0.0 0.0
-5.98906e-5 8.5558e-6 0.0007932985 0.0 0.0
-5.91128e-5 8.5558e-6 0.0010816438 0.0 0.0
-5.8335e-5 8.5558e-6 0.0009238555 0.0 0.0
-5.75572e-5 8.5558e-6 0.0011196849 0.0 0.0
-5.67794e-5 8.5558e-6 0.001533008 0.0 0.0
-5.60016e-5 8.5558e-6 0.0009530462 0.0 0.0
-5.52238e-5 8.5558e-6 0.0012433689 0.0 0.0
-5.4446e-5 8.5558e-6 0.0013877534 0.0 0.0
-5.36682e-5 8.5558e-6 0.0008643732 0.0 0.0
-5.28904e-5 8.5558e-6 0.0013458724 0.0 0.0
-5.21126e-5 8.5558e-6 0.0006708536 0.0 0.0
-5.13348e-5 8.5558e-6 0.0007763047 0.0 0.0
-5.0557e-5 8.5558e-6 0.0012278441 0.0 0.0
-4.97792e-5 8.5558e-6 0.0005040174 0.0 0.0
-4.90014e-5 8.5558e-6 0.0007589875 0.0 0.0
-4.82236e-5 8.5558e-6 0.0008376489 0.0 0.0
-4.74458e-5 8.5558e-6 0.0008995204 0.0 0.0
-4.6668e-5 8.5558e-6 0.0007863323 0.0 0.0
-4.58902e-5 8.5558e-6 0.0006886007 0.0 0.0
-4.51124e-5 8.5558e-6 0.0006404211 0.0 0.0
-4.43346e-5 8.5558e-6 0.0006818603 0.0 0.0
-4.35568e-5 8.5558e-6 0.0003114683 0.0 0.0
-4.2779e-5 8.5558e-6 0.0002621304 0.0 0.0
-4.20012e-5 8.5558e-6 0.0002250911 0.0 0.0
-4.12234e-5 8.5558e-6 0.0002499568 0.0 0.0
-4.04456e-5 8.5558e-6 0.0002620406 0.0 0.0
-3.96678e-5 8.5558e-6 0.0002692209 0.0 0.0
-3.889e-5 8.5558e-6 0.0002723635 0.0 0.0
-3.81122e-5 8.5558e-6 0.0003544954 0.0 0.0
-3.73344e-5 8.5558e-6 0.0001378094 0.0 0.0
-3.65566e-5 8.5558e-6 0.0001277492 0.0 0.0
-3.57788e-5 8.5558e-6 0.0001341825 0.0 0.0
-3.5001e-5 8.5558e-6 0.0001597461 0.0 0.0
-3.42232e-5 8.5558e-6 9.19714e-5 0.0 0.0
-3.34454e-5 8.5558e-6 0.000111122 0.0 0.0
-3.26676e-5 8.5558e-6 0.000277269 0.0 0.0
-3.18898e-5 8.5558e-6 0.0006507037 0.0 0.0
-3.1112e-5 8.5558e-6 0.0001973553 0.0 0.0
-3.03342e-5 8.5558e-6 0.00038309 0.0 0.0
-2.95564e-5 8.5558e-6 0.000614026 0.0 0.0
-2.87786e-5 8.5558e-6 0.000673679 0.0 0.0
-2.80008e-5 8.5558e-6 0.0007338677 0.0 0.0
-2.7223e-5 8.5558e-6 0.0008703783 0.0 0.0
-2.64452e-5 8.5558e-6 0.0006880719 0.0 0.0
-2.56674e-5 8.5558e-6 0.0004469046 0.0 0.0
-2.48896e-5 8.5558e-6 0.0005727251 0.0 0.0
-2.41118e-5 8.5558e-6 0.0003589708 0.0 0.0
-2.3334e-5 8.5558e-6 0.000503467 0.0 0.0
-2.25562e-5 8.5558e-6 0.0002451426 0.0 0.0
-2.17784e-5 8.5558e-6 9.81612e-5 0.0 0.0
-2.10006e-5 8.5558e-6 7.31315e-5 0.0 0.0
-2.02228e-5 8.5558e-6 1.99436e-5 0.0 0.0
-1.9445e-5 8.5558e-6 1.05527e-5 0.0 0.0
-1.86672e-5 8.5558e-6 7.1934e-6 0.0 0.0
-1.78894e-5 8.5558e-6 6.3599e-6 0.0 0.0
-1.71116e-5 8.5558e-6 4.55017e-5 0.0 0.0
-1.63338e-5 8.5558e-6 4.27297e-5 0.0 0.0
-1.5556e-5 8.5558e-6 1.5895e-5 0.0 0.0
-1.47782e-5 8.5558e-6 1.19282e-5 0.0 0.0
-1.40004e-5 8.5558e-6 5.89779e-5 0.0 0.0
-1.32226e-5 8.5558e-6 2.99984e-5 0.0 0.0
-1.24448e-5 8.5558e-6 1.24306e-5 0.0 0.0
-1.1667e-5 8.5558e-6 4.25037e-5 0.0 0.0
-1.08892e-5 8.5558e-6 2.90263e-5 0.0 0.0
-1.01114e-5 8.5558e-6 3.83715e-5 0.0 0.0
-9.3336e-6 8.5558e-6 1.49587e-5 0.0 0.0
-8.5558e-6 8.5558e-6 3.55289e-5 0.0 0.0
-7.778e-6 8.5558e-6 1.68292e-5 0.0 0.0
-7.0002e-6 8.5558e-6 3.45414e-5 0.0 0.0
-6.2224e-6 8.5558e-6 1.5546e-5 0.0 0.0
-5.4446e-6 8.5558e-6 3.23188e-5 0.0 0.0
-4.6668e-6 8.5558e-6 1.84065e-5 0.0 0.0
-3.889e-6 8.5558e-6 9.6396e-6 0.0 0.0
-3.1112e-6 8.5558e-6 1.87785e-5 0.0 0.0
-2.3334e-6 8.5558e-6 1.09674e-5 0.0 0.0
-1.5556e-6 8.5558e-6 1.80951e-5 0.0 0.0
-7.778e-7 8.5558e-6 6.5053e-6 0.0 0.0
0.0 8.5558e-6 1.79012e-5 0.0 0.0
7.778e-7 8.5558e-6 8.8381e-6 0.0 0.0
1.5556e-6 8.5558e-6 4.3106e-6 0.0 0.0
2.3334e-6 8.5558e-6 1.01074e-5 0.0 0.0
3.1112e-6 8.5558e-6 2.8682e-6 0.0 0.0
3.889e-6 8.5558e-6 1.1673e-6 0.0 0.0
4.6668e-6 8.5558e-6 5.6207e-6 0.0 0.0
5.4446e-6 8.5558e-6 1.6206e-6 0.0 0.0
6.2224e-6 8.5558e-6 1.21009e-5 0.0 0.0
7.0002e-6 8.5558e-6 4.142e-6 0.0 0.0
7.778e-6 8.5558e-6 4.056e-7 0.0 0.0
8.5558e-6 8.5558e-6 4.3448e-6 0.0 0.0
9.3336e-6 8.5558e-6 5.579e-7 0.0 0.0
1.01114e-5 8.5558e-6 2.9038e-6 0.0 0.0
1.08892e-5 8.5558e-6 6.168e-7 0.0 0.0
1.1667e-5 8.5558e-6 2.8266e-6 0.0 0.0
1.24448e-5 8.5558e-6 1.29e-6 0.0 0.0
1.32226e-5 8.5558e-6 7.0695e-6 0.0 0.0
1.40004e-5 8.5558e-6 3.0668e-6 0.0 0.0
1.47782e-5 8.5558e-6 8.739e-7 0.0 0.0
1.5556e-5 8.5558e-6 7.1204e-6 0.0 0.0
1.63338e-5 8.5558e-6 2.9527e-6 0.0 0.0
1.71116e-5 8.5558e-6 1.63914e-5 0.0 0.0
1.78894e-5 8.5558e-6 1.41722e-5 0.0 0.0
1.86672e-5 8.5558e-6 6.7697e-6 0.0 0.0
-9.72251e-5 9.3336e-6 0.0005681049 0.0 0.0
-9.64473e-5 9.3336e-6 0.0003291779 0.0 0.0
-9.56695e-5 9.3336e-6 0.0006452339 0.0 0.0
-9.48917e-5 9.3336e-6 0.0004426209 0.0 0.0
-9.41139e-5 9.3336e-6 0.0007680554 0.0 0.0
-9.33361e-5 9.3336e-6 0.0006018197 0.0 0.0
-9.25583e-5 9.3336e-6 0.000422685 0.0 0.0
-9.17805e-5 9.3336e-6 0.0004034024 0.0 0.0
-9.10027e-5 9.3336e-6 0.0006258098 0.0 0.0
-9.02249e-5 9.3336e-6 0.0005841191 0.0 0.0
-8.94471e-5 9.3336e-6 0.0003833225 0.0 0.0
-8.86693e-5 9.3336e-6 0.0006218814 0.0 0.0
-8.78915e-5 9.3336e-6 0.0003138328 0.0 0.0
-8.71137e-5 9.3336e-6 0.0005323066 0.0 0.0
-8.63359e-5 9.3336e-6 0.0003666887 0.0 0.0
-8.55581e-5 9.3336e-6 0.0007425281 0.0 0.0
-8.47803e-5 9.3336e-6 0.0004228495 0.0 0.0
-8.40025e-5 9.3336e-6 0.0002162025 0.0 0.0
-8.32246e-5 9.3336e-6 8.8483e-5 0.0 0.0
-8.24468e-5 9.3336e-6 0.0003183008 0.0 0.0
-8.1669e-5 9.3336e-6 4.66662e-5 0.0 0.0
-8.08912e-5 9.3336e-6 0.0004235559 0.0 0.0
-8.01134e-5 9.3336e-6 7.15689e-5 0.0 0.0
-7.93356e-5 9.3336e-6 0.0003858868 0.0 0.0
-7.85578e-5 9.3336e-6 0.0002066625 0.0 0.0
-7.778e-5 9.3336e-6 0.0001142448 0.0 0.0
-7.70022e-5 9.3336e-6 0.0003456298 0.0 0.0
-7.62244e-5 9.3336e-6 0.0001466314 0.0 0.0
-7.54466e-5 9.3336e-6 9.50812e-5 0.0 0.0
-7.46688e-5 9.3336e-6 4.83582e-5 0.0 0.0
-7.3891e-5 9.3336e-6 0.000184333 0.0 0.0
-7.31132e-5 9.3336e-6 9.9163e-5 0.0 0.0
-7.23354e-5 9.3336e-6 0.0002768017 0.0 0.0
-7.15576e-5 9.3336e-6 0.0001920263 0.0 0.0
-7.07798e-5 9.3336e-6 0.0003882246 0.0 0.0
-7.0002e-5 9.3336e-6 0.0003598738 0.0 0.0
-6.92242e-5 9.3336e-6 0.0001208855 0.0 0.0
-6.84464e-5 9.3336e-6 0.0005267339 0.0 0.0
-6.76686e-5 9.3336e-6 0.0002313082 0.0 0.0
-6.68908e-5 9.3336e-6 0.0007181644 0.0 0.0
-6.6113e-5 9.3336e-6 0.0003997096 0.0 0.0
-6.53352e-5 9.3336e-6 0.0008492865 0.0 0.0
-6.45574e-5 9.3336e-6 0.0007054664 0.0 0.0
-6.37796e-5 9.3336e-6 0.0009807367 0.0 0.0
-6.30018e-5 9.3336e-6 0.0007375365 0.0 0.0
-6.2224e-5 9.3336e-6 0.0009412022 0.0 0.0
-6.14462e-5 9.3336e-6 0.0005123205 0.0 0.0
-6.06684e-5 9.3336e-6 0.0010053109 0.0 0.0
-5.98906e-5 9.3336e-6 0.0006299824 0.0 0.0
-5.91128e-5 9.3336e-6 0.0010376384 0.0 0.0
-5.8335e-5 9.3336e-6 0.0007080022 0.0 0.0
-5.75572e-5 9.3336e-6 0.0008738726 0.0 0.0
-5.67794e-5 9.3336e-6 0.0012336213 0.0 0.0
-5.60016e-5 9.3336e-6 0.0015012769 0.0 0.0
-5.52238e-5 9.3336e-6 0.0010013279 0.0 0.0
-5.4446e-5 9.3336e-6 0.0013306465 0.0 0.0
-5.36682e-5 9.3336e-6 0.0009080566 0.0 0.0
-5.28904e-5 9.3336e-6 0.001037544 0.0 0.0
-5.21126e-5 9.3336e-6 0.0011981397 0.0 0.0
-5.13348e-5 9.3336e-6 0.0009723589 0.0 0.0
-5.0557e-5 9.3336e-6 0.0009304757 0.0 0.0
-4.97792e-5 9.3336e-6 0.0009208755 0.0 0.0
-4.90014e-5 9.3336e-6 0.0010049731 0.0 0.0
-4.82236e-5 9.3336e-6 0.0005960888 0.0 0.0
-4.74458e-5 9.3336e-6 0.000574119 0.0 0.0
-4.6668e-5 9.3336e-6 0.0004699199 0.0 0.0
-4.58902e-5 9.3336e-6 0.0004688152 0.0 0.0
-4.51124e-5 9.3336e-6 0.0005759401 0.0 0.0
-4.43346e-5 9.3336e-6 0.0002560016 0.0 0.0
-4.35568e-5 9.3336e-6 0.0002214677 0.0 0.0
-4.2779e-5 9.3336e-6 0.0002143067 0.0 0.0
-4.20012e-5 9.3336e-6 0.0002089205 0.0 0.0
-4.12234e-5 9.3336e-6 0.0002120163 0.0 0.0
-4.04456e-5 9.3336e-6 0.0002280549 0.0 0.0
-3.96678e-5 9.3336e-6 0.0003413108 0.0 0.0
-3.889e-5 9.3336e-6 0.0001415525 0.0 0.0
-3.81122e-5 9.3336e-6 0.000176663 0.0 0.0
-3.73344e-5 9.3336e-6 0.0002503696 0.0 0.0
-3.65566e-5 9.3336e-6 0.0004834477 0.0 0.0
-3.57788e-5 9.3336e-6 0.000128431 0.0 0.0
-3.5001e-5 9.3336e-6 0.0002511638 0.0 0.0
-3.42232e-5 9.3336e-6 0.0004527523 0.0 0.0
-3.34454e-5 9.3336e-6 0.0001557539 0.0 0.0
-3.26676e-5 9.3336e-6 0.0003326367 0.0 0.0
-3.18898e-5 9.3336e-6 0.0005433075 0.0 0.0
-3.1112e-5 9.3336e-6 0.0008092393 0.0 0.0
-3.03342e-5 9.3336e-6 0.0009053183 0.0 0.0
-2.95564e-5 9.3336e-6 0.0004192655 0.0 0.0
-2.87786e-5 9.3336e-6 0.0006761458 0.0 0.0
-2.80008e-5 9.3336e-6 0.0008175937 0.0 0.0
-2.7223e-5 9.3336e-6 0.0009223806 0.0 0.0
-2.64452e-5 9.3336e-6 0.0007096339 0.0 0.0
-2.56674e-5 9.3336e-6 0.0008819226 0.0 0.0
-2.48896e-5 9.3336e-6 0.0006389392 0.0 0.0
-2.41118e-5 9.3336e-6 0.0003910314 0.0 0.0
-2.3334e-5 9.3336e-6 0.0001141126 0.0 0.0
-2.25562e-5 9.3336e-6 0.0001057325 0.0 0.0
-2.17784e-5 9.3336e-6 3.27483e-5 0.0 0.0
-2.10006e-5 9.3336e-6 2.36923e-5 0.0 0.0
-2.02228e-5 9.3336e-6 6.69886e-5 0.0 0.0
-1.9445e-5 9.3336e-6 6.45798e-5 0.0 0.0
-1.86672e-5 9.3336e-6 5.49235e-5 0.0 0.0
-1.78894e-5 9.3336e-6 4.79272e-5 0.0 0.0
-1.71116e-5 9.3336e-6 4.41961e-5 0.0 0.0
-1.63338e-5 9.3336e-6 7.07664e-5 0.0 0.0
-1.5556e-5 9.3336e-6 4.88962e-5 0.0 0.0
-1.47782e-5 9.3336e-6 3.69049e-5 0.0 0.0
-1.40004e-5 9.3336e-6 7.24268e-5 0.0 0.0
-1.32226e-5 9.3336e-6 4.5098e-5 0.0 0.0
-1.24448e-5 9.3336e-6 2.68813e-5 0.0 0.0
-1.1667e-5 9.3336e-6 4.4124e-5 0.0 0.0
-1.08892e-5 9.3336e-6 2.55473e-5 0.0 0.0
-1.01114e-5 9.3336e-6 4.97463e-5 0.0 0.0
-9.3336e-6 9.3336e-6 2.40524e-5 0.0 0.0
-8.5558e-6 9.3336e-6 3.69627e-5 0.0 0.0
-7.778e-6 9.3336e-6 2.31469e-5 0.0 0.0
-7.0002e-6 9.3336e-6 1.2942e-5 0.0 0.0
-6.2224e-6 9.3336e-6 1.93593e-5 0.0 0.0
-5.4446e-6 9.3336e-6 1.27668e-5 0.0 0.0
-4.6668e-6 9.3336e-6 6.5452e-6 0.0 0.0
-3.889e-6 9.3336e-6 1.29976e-5 0.0 0.0
-3.1112e-6 9.3336e-6 6.883e-6 0.0 0.0
-2.3334e-6 9.3336e-6 1.83528e-5 0.0 0.0
-1.5556e-6 9.3336e-6 1.0234e-5 0.0 0.0
-7.778e-7 9.3336e-6 2.7098e-6 0.0 0.0
0.0 9.3336e-6 8.2439e-6 0.0 0.0
7.778e-7 9.3336e-6 4.7073e-6 0.0 0.0
1.5556e-6 9.3336e-6 2.08e-6 0.0 0.0
2.3334e-6 9.3336e-6 4.3362e-6 0.0 0.0
3.1112e-6 9.3336e-6 1.6981e-6 0.0 0.0
3.889e-6 9.3336e-6 4.316e-7 0.0 0.0
4.6668e-6 9.3336e-6 3.2434e-6 0.0 0.0
5.4446e-6 9.3336e-6 8.712e-7 0.0 0.0
6.2224e-6 9.3336e-6 7.4878e-6 0.0 0.0
7.0002e-6 9.3336e-6 1.6619e-6 0.0 0.0
7.778e-6 9.3336e-6 8.7581e-6 0.0 0.0
8.5558e-6 9.3336e-6 1.9069e-6 0.0 0.0
9.3336e-6 9.3336e-6 4.892e-7 0.0 0.0
1.01114e-5 9.3336e-6 1.1797e-6 0.0 0.0
1.08892e-5 9.3336e-6 3.812e-7 0.0 0.0
1.1667e-5 9.3336e-6 4.7165e-6 0.0 0.0
1.24448e-5 9.3336e-6 1.0264e-6 0.0 0.0
1.32226e-5 9.3336e-6 1.10098e-5 0.0 0.0
1.40004e-5 9.3336e-6 5.4957e-6 0.0 0.0
1.47782e-5 9.3336e-6 1.85546e-5 0.0 0.0
1.5556e-5 9.3336e-6 9.3665e-6 0.0 0.0
1.63338e-5 9.3336e-6 6.247e-6 0.0 0.0
1.71116e-5 9.3336e-6 2.81046e-5 0.0 0.0
1.78894e-5 9.3336e-6 1.61977e-5 0.0 0.0
1.86672e-5 9.3336e-6 1.03864e-5 0.0 0.0
-9.72251e-5 1.01114e-5 0.0004009623 0.0 0.0
-9.64473e-5 1.01114e-5 0.000262148 0.0 0.0
-9.56695e-5 1.01114e-5 0.0005466662 0.0 0.0
-9.48917e-5 1.01114e-5 0.0003773038 0.0 0.0
-9.41139e-5 1.01114e-5 0.0005985657 0.0 0.0
-9.33361e-5 1.01114e-5 0.000586605 0.0 0.0
-9.25583e-5 1.01114e-5 0.000497659 0.0 0.0
-9.17805e-5 1.01114e-5 0.0008137164 0.0 0.0
-9.10027e-5 1.01114e-5 0.0007328197 0.0 0.0
-9.02249e-5 1.01114e-5 0.0005014669 0.0 0.0
-8.94471e-5 1.01114e-5 0.0008342618 0.0 0.0
-8.86693e-5 1.01114e-5 0.0006432878 0.0 0.0
-8.78915e-5 1.01114e-5 0.0003983144 0.0 0.0
-8.71137e-5 1.01114e-5 0.0007369718 0.0 0.0
-8.63359e-5 1.01114e-5 0.0005236684 0.0 0.0
-8.55581e-5 1.01114e-5 0.0003340192 0.0 0.0
-8.47803e-5 1.01114e-5 0.0005975456 0.0 0.0
-8.40025e-5 1.01114e-5 0.0002943462 0.0 0.0
-8.32246e-5 1.01114e-5 0.0001253189 0.0 0.0
-8.24468e-5 1.01114e-5 0.000418944 0.0 0.0
-8.1669e-5 1.01114e-5 0.0001755339 0.0 0.0
-8.08912e-5 1.01114e-5 0.0004481022 0.0 0.0
-8.01134e-5 1.01114e-5 0.0002155653 0.0 0.0
-7.93356e-5 1.01114e-5 3.52919e-5 0.0 0.0
-7.85578e-5 1.01114e-5 0.0001735385 0.0 0.0
-7.778e-5 1.01114e-5 6.51849e-5 0.0 0.0
-7.70022e-5 1.01114e-5 0.0002682243 0.0 0.0
-7.62244e-5 1.01114e-5 0.0001179241 0.0 0.0
-7.54466e-5 1.01114e-5 0.0003154655 0.0 0.0
-7.46688e-5 1.01114e-5 0.0002077639 0.0 0.0
-7.3891e-5 1.01114e-5 0.0001113564 0.0 0.0
-7.31132e-5 1.01114e-5 0.0002432006 0.0 0.0
-7.23354e-5 1.01114e-5 0.0001223075 0.0 0.0
-7.15576e-5 1.01114e-5 5.28112e-5 0.0 0.0
-7.07798e-5 1.01114e-5 0.0002309646 0.0 0.0
-7.0002e-5 1.01114e-5 0.0001099371 0.0 0.0
-6.92242e-5 1.01114e-5 0.0002725699 0.0 0.0
-6.84464e-5 1.01114e-5 0.000247214 0.0 0.0
-6.76686e-5 1.01114e-5 0.0004768863 0.0 0.0
-6.68908e-5 1.01114e-5 0.0003945602 0.0 0.0
-6.6113e-5 1.01114e-5 0.0001815777 0.0 0.0
-6.53352e-5 1.01114e-5 0.0005459028 0.0 0.0
-6.45574e-5 1.01114e-5 0.0003552509 0.0 0.0
-6.37796e-5 1.01114e-5 0.0006611675 0.0 0.0
-6.30018e-5 1.01114e-5 0.0004981566 0.0 0.0
-6.2224e-5 1.01114e-5 0.0006336349 0.0 0.0
-6.14462e-5 1.01114e-5 0.0008852878 0.0 0.0
-6.06684e-5 1.01114e-5 0.0007507 0.0 0.0
-5.98906e-5 1.01114e-5 0.000888365 0.0 0.0
-5.91128e-5 1.01114e-5 0.0007536219 0.0 0.0
-5.8335e-5 1.01114e-5 0.0009920167 0.0 0.0
-5.75572e-5 1.01114e-5 0.0005895899 0.0 0.0
-5.67794e-5 1.01114e-5 0.0009424878 0.0 0.0
-5.60016e-5 1.01114e-5 0.0005316642 0.0 0.0
-5.52238e-5 1.01114e-5 0.0006186057 0.0 0.0
-5.4446e-5 1.01114e-5 0.0009882101 0.0 0.0
-5.36682e-5 1.01114e-5 0.0005881728 0.0 0.0
-5.28904e-5 1.01114e-5 0.0007452797 0.0 0.0
-5.21126e-5 1.01114e-5 0.0008474657 0.0 0.0
-5.13348e-5 1.01114e-5 0.0005164866 0.0 0.0
-5.0557e-5 1.01114e-5 0.0004585915 0.0 0.0
-4.97792e-5 1.01114e-5 0.0004987367 0.0 0.0
-4.90014e-5 1.01114e-5 0.0006800757 0.0 0.0
-4.82236e-5 1.01114e-5 0.0002647535 0.0 0.0
-4.74458e-5 1.01114e-5 0.0003109228 0.0 0.0
-4.6668e-5 1.01114e-5 0.0004238148 0.0 0.0
-4.58902e-5 1.01114e-5 0.0004125046 0.0 0.0
-4.51124e-5 1.01114e-5 0.0004596504 0.0 0.0
-4.43346e-5 1.01114e-5 0.0001681916 0.0 0.0
-4.35568e-5 1.01114e-5 0.000151013 0.0 0.0
-4.2779e-5 1.01114e-5 0.0002124301 0.0 0.0
-4.20012e-5 1.01114e-5 0.0002038042 0.0 0.0
-4.12234e-5 1.01114e-5 0.0003081985 0.0 0.0
-4.04456e-5 1.01114e-5 0.0003071609 0.0 0.0
-3.96678e-5 1.01114e-5 0.0001200135 0.0 0.0
-3.889e-5 1.01114e-5 0.0002620946 0.0 0.0
-3.81122e-5 1.01114e-5 0.0002824656 0.0 0.0
-3.73344e-5 1.01114e-5 0.0001375827 0.0 0.0
-3.65566e-5 1.01114e-5 0.0002362603 0.0 0.0
-3.57788e-5 1.01114e-5 0.0004884037 0.0 0.0
-3.5001e-5 1.01114e-5 0.0007417871 0.0 0.0
-3.42232e-5 1.01114e-5 0.0003630284 0.0 0.0
-3.34454e-5 1.01114e-5 0.0005697377 0.0 0.0
-3.26676e-5 1.01114e-5 0.0009301231 0.0 0.0
-3.18898e-5 1.01114e-5 0.0004266135 0.0 0.0
-3.1112e-5 1.01114e-5 0.0006048583 0.0 0.0
-3.03342e-5 1.01114e-5 0.0006827586 0.0 0.0
-2.95564e-5 1.01114e-5 0.0004597564 0.0 0.0
-2.87786e-5 1.01114e-5 0.0005515538 0.0 0.0
-2.80008e-5 1.01114e-5 0.0007962298 0.0 0.0
-2.7223e-5 1.01114e-5 0.0011182624 0.0 0.0
-2.64452e-5 1.01114e-5 0.0006526577 0.0 0.0
-2.56674e-5 1.01114e-5 0.000516738 0.0 0.0
-2.48896e-5 1.01114e-5 0.0005871931 0.0 0.0
-2.41118e-5 1.01114e-5 0.0001890588 0.0 0.0
-2.3334e-5 1.01114e-5 6.81859e-5 0.0 0.0
-2.25562e-5 1.01114e-5 5.26578e-5 0.0 0.0
-2.17784e-5 1.01114e-5 5.7615e-5 0.0 0.0
-2.10006e-5 1.01114e-5 5.91669e-5 0.0 0.0
-2.02228e-5 1.01114e-5 6.17243e-5 0.0 0.0
-1.9445e-5 1.01114e-5 5.2881e-5 0.0 0.0
-1.86672e-5 1.01114e-5 4.73803e-5 0.0 0.0
-1.78894e-5 1.01114e-5 3.84578e-5 0.0 0.0
-1.71116e-5 1.01114e-5 6.18349e-5 0.0 0.0
-1.63338e-5 1.01114e-5 4.52048e-5 0.0 0.0
-1.5556e-5 1.01114e-5 4.03429e-5 0.0 0.0
-1.47782e-5 1.01114e-5 5.63988e-5 0.0 0.0
-1.40004e-5 1.01114e-5 4.65512e-5 0.0 0.0
-1.32226e-5 1.01114e-5 3.55611e-5 0.0 0.0
-1.24448e-5 1.01114e-5 2.2807e-5 0.0 0.0
-1.1667e-5 1.01114e-5 3.38207e-5 0.0 0.0
-1.08892e-5 1.01114e-5 2.50836e-5 0.0 0.0
-1.01114e-5 1.01114e-5 1.88091e-5 0.0 0.0
-9.3336e-6 1.01114e-5 2.74691e-5 0.0 0.0
-8.5558e-6 1.01114e-5 1.82438e-5 0.0 0.0
-7.778e-6 1.01114e-5 9.9726e-6 0.0 0.0
-7.0002e-6 1.01114e-5 2.2594e-5 0.0 0.0
-6.2224e-6 1.01114e-5 1.01073e-5 0.0 0.0
-5.4446e-6 1.01114e-5 6.2107e-6 0.0 0.0
-4.6668e-6 1.01114e-5 1.40444e-5 0.0 0.0
-3.889e-6 1.01114e-5 7.5061e-6 0.0 0.0
-3.1112e-6 1.01114e-5 3.1738e-6 0.0 0.0
-2.3334e-6 1.01114e-5 1.06797e-5 0.0 0.0
-1.5556e-6 1.01114e-5 4.5822e-6 0.0 0.0
-7.778e-7 1.01114e-5 1.7642e-6 0.0 0.0
0.0 1.01114e-5 9.2956e-6 0.0 0.0
7.778e-7 1.01114e-5 2.1468e-6 0.0 0.0
1.5556e-6 1.01114e-5 1.09419e-5 0.0 0.0
2.3334e-6 1.01114e-5 6.4825e-6 0.0 0.0
3.1112e-6 1.01114e-5 9.549e-7 0.0 0.0
3.889e-6 1.01114e-5 9.7329e-6 0.0 0.0
4.6668e-6 1.01114e-5 1.8141e-6 0.0 0.0
5.4446e-6 1.01114e-5 6.41e-7 0.0 0.0
6.2224e-6 1.01114e-5 4.164e-6 0.0 0.0
7.0002e-6 1.01114e-5 1.1002e-6 0.0 0.0
7.778e-6 1.01114e-5 4.5742e-6 0.0 0.0
8.5558e-6 1.01114e-5 1.2088e-6 0.0 0.0
9.3336e-6 1.01114e-5 3.676e-7 0.0 0.0
1.01114e-5 1.01114e-5 2.0424e-6 0.0 0.0
1.08892e-5 1.01114e-5 6.184e-7 0.0 0.0
1.1667e-5 1.01114e-5 6.1625e-6 0.0 0.0
1.24448e-5 1.01114e-5 1.7233e-6 0.0 0.0
1.32226e-5 1.01114e-5 1.71765e-5 0.0 0.0
1.40004e-5 1.01114e-5 1.04606e-5 0.0 0.0
1.47782e-5 1.01114e-5 3.2876e-6 0.0 0.0
1.5556e-5 1.01114e-5 1.90913e-5 0.0 0.0
1.63338e-5 1.01114e-5 8.7846e-6 0.0 0.0
1.71116e-5 1.01114e-5 7.7778e-6 0.0 0.0
1.78894e-5 1.01114e-5 2.70589e-5 0.0 0.0
1.86672e-5 1.01114e-5 2.37466e-5 0.0 0.0
-9.72251e-5 1.08892e-5 7.56828e-5 0.0 0.0
-9.64473e-5 1.08892e-5 0.0001784008 0.0 0.0
-9.56695e-5 1.08892e-5 0.0003907922 0.0 0.0
-9.48917e-5 1.08892e-5 0.0003057369 0.0 0.0
-9.41139e-5 1.08892e-5 0.0005752412 0.0 0.0
-9.33361e-5 1.08892e-5 0.0003977519 0.0 0.0
-9.25583e-5 1.08892e-5 0.0004813689 0.0 0.0
-9.17805e-5 1.08892e-5 0.0008114789 0.0 0.0
-9.10027e-5 1.08892e-5 0.00067544 0.0 0.0
-9.02249e-5 1.08892e-5 0.0005206084 0.0 0.0
-8.94471e-5 1.08892e-5 0.0004528677 0.0 0.0
-8.86693e-5 1.08892e-5 0.0007101167 0.0 0.0
-8.78915e-5 1.08892e-5 0.0005274356 0.0 0.0
-8.71137e-5 1.08892e-5 0.0003899321 0.0 0.0
-8.63359e-5 1.08892e-5 0.0006350733 0.0 0.0
-8.55581e-5 1.08892e-5 0.0004797568 0.0 0.0
-8.47803e-5 1.08892e-5 0.0002452266 0.0 0.0
-8.40025e-5 1.08892e-5 0.0003963925 0.0 0.0
-8.32246e-5 1.08892e-5 0.000148491 0.0 0.0
-8.24468e-5 1.08892e-5 0.0005244601 0.0 0.0
-8.1669e-5 1.08892e-5 0.0002686318 0.0 0.0
-8.08912e-5 1.08892e-5 0.000530093 0.0 0.0
-8.01134e-5 1.08892e-5 0.0002559412 0.0 0.0
-7.93356e-5 1.08892e-5 5.7389e-5 0.0 0.0
-7.85578e-5 1.08892e-5 0.0002370764 0.0 0.0
-7.778e-5 1.08892e-5 7.17874e-5 0.0 0.0
-7.70022e-5 1.08892e-5 0.0003206161 0.0 0.0
-7.62244e-5 1.08892e-5 0.0001167799 0.0 0.0
-7.54466e-5 1.08892e-5 2.79983e-5 0.0 0.0
-7.46688e-5 1.08892e-5 0.0001688822 0.0 0.0
-7.3891e-5 1.08892e-5 4.04968e-5 0.0 0.0
-7.31132e-5 1.08892e-5 0.0002175172 0.0 0.0
-7.23354e-5 1.08892e-5 7.92403e-5 0.0 0.0
-7.15576e-5 1.08892e-5 2.05284e-5 0.0 0.0
-7.07798e-5 1.08892e-5 0.0001322387 0.0 0.0
-7.0002e-5 1.08892e-5 5.89537e-5 0.0 0.0
-6.92242e-5 1.08892e-5 0.0001849708 0.0 0.0
-6.84464e-5 1.08892e-5 9.81332e-5 0.0 0.0
-6.76686e-5 1.08892e-5 0.0002596505 0.0 0.0
-6.68908e-5 1.08892e-5 0.0001752197 0.0 0.0
-6.6113e-5 1.08892e-5 0.0003742465 0.0 0.0
-6.53352e-5 1.08892e-5 0.0001868803 0.0 0.0
-6.45574e-5 1.08892e-5 0.0001291479 0.0 0.0
-6.37796e-5 1.08892e-5 0.0003596481 0.0 0.0
-6.30018e-5 1.08892e-5 0.0003022041 0.0 0.0
-6.2224e-5 1.08892e-5 0.0004492326 0.0 0.0
-6.14462e-5 1.08892e-5 0.0002912534 0.0 0.0
-6.06684e-5 1.08892e-5 0.0003642209 0.0 0.0
-5.98906e-5 1.08892e-5 0.0005595654 0.0 0.0
-5.91128e-5 1.08892e-5 0.0003740548 0.0 0.0
-5.8335e-5 1.08892e-5 0.0005554358 0.0 0.0
-5.75572e-5 1.08892e-5 0.0007525872 0.0 0.0
-5.67794e-5 1.08892e-5 0.0004871307 0.0 0.0
-5.60016e-5 1.08892e-5 0.000636715 0.0 0.0
-5.52238e-5 1.08892e-5 0.0003656257 0.0 0.0
-5.4446e-5 1.08892e-5 0.0006025758 0.0 0.0
-5.36682e-5 1.08892e-5 0.0006672985 0.0 0.0
-5.28904e-5 1.08892e-5 0.0003485979 0.0 0.0
-5.21126e-5 1.08892e-5 0.0004986303 0.0 0.0
-5.13348e-5 1.08892e-5 0.0002474474 0.0 0.0
-5.0557e-5 1.08892e-5 0.0002980982 0.0 0.0
-4.97792e-5 1.08892e-5 0.0004040652 0.0 0.0
-4.90014e-5 1.08892e-5 0.0004950808 0.0 0.0
-4.82236e-5 1.08892e-5 0.0001546914 0.0 0.0
-4.74458e-5 1.08892e-5 0.0002179311 0.0 0.0
-4.6668e-5 1.08892e-5 0.0003004883 0.0 0.0
-4.58902e-5 1.08892e-5 0.0003623698 0.0 0.0
-4.51124e-5 1.08892e-5 0.0004126331 0.0 0.0
-4.43346e-5 1.08892e-5 0.0001062723 0.0 0.0
-4.35568e-5 1.08892e-5 0.0002033396 0.0 0.0
-4.2779e-5 1.08892e-5 0.0002356334 0.0 0.0
-4.20012e-5 1.08892e-5 0.0003696918 0.0 0.0
-4.12234e-5 1.08892e-5 8.19926e-5 0.0 0.0
-4.04456e-5 1.08892e-5 0.0002551215 0.0 0.0
-3.96678e-5 1.08892e-5 0.000351187 0.0 0.0
-3.889e-5 1.08892e-5 0.0001088994 0.0 0.0
-3.81122e-5 1.08892e-5 0.0002084242 0.0 0.0
-3.73344e-5 1.08892e-5 0.0003804812 0.0 0.0
-3.65566e-5 1.08892e-5 0.000127767 0.0 0.0
-3.57788e-5 1.08892e-5 0.0002696366 0.0 0.0
-3.5001e-5 1.08892e-5 0.000740837 0.0 0.0
-3.42232e-5 1.08892e-5 0.0002136235 0.0 0.0
-3.34454e-5 1.08892e-5 0.0004596283 0.0 0.0
-3.26676e-5 1.08892e-5 0.0007539982 0.0 0.0
-3.18898e-5 1.08892e-5 0.0008764882 0.0 0.0
-3.1112e-5 1.08892e-5 0.0004918347 0.0 0.0
-3.03342e-5 1.08892e-5 0.000612942 0.0 0.0
-2.95564e-5 1.08892e-5 0.0010012399 0.0 0.0
-2.87786e-5 1.08892e-5 0.000668095 0.0 0.0
-2.80008e-5 1.08892e-5 0.0008659195 0.0 0.0
-2.7223e-5 1.08892e-5 0.0005356085 0.0 0.0
-2.64452e-5 1.08892e-5 0.0007204188 0.0 0.0
-2.56674e-5 1.08892e-5 0.0003811903 0.0 0.0
-2.48896e-5 1.08892e-5 0.0001015852 0.0 0.0
-2.41118e-5 1.08892e-5 8.44746e-5 0.0 0.0
-2.3334e-5 1.08892e-5 2.7235e-5 0.0 0.0
-2.25562e-5 1.08892e-5 1.89501e-5 0.0 0.0
-2.17784e-5 1.08892e-5 3.07251e-5 0.0 0.0
-2.10006e-5 1.08892e-5 2.55649e-5 0.0 0.0
-2.02228e-5 1.08892e-5 2.06626e-5 0.0 0.0
-1.9445e-5 1.08892e-5 1.74326e-5 0.0 0.0
-1.86672e-5 1.08892e-5 3.62064e-5 0.0 0.0
-1.78894e-5 1.08892e-5 2.72127e-5 0.0 0.0
-1.71116e-5 1.08892e-5 1.9711e-5 0.0 0.0
-1.63338e-5 1.08892e-5 1.57075e-5 0.0 0.0
-1.5556e-5 1.08892e-5 3.09411e-5 0.0 0.0
-1.47782e-5 1.08892e-5 2.52885e-5 0.0 0.0
-1.40004e-5 1.08892e-5 1.58469e-5 0.0 0.0
-1.32226e-5 1.08892e-5 1.29422e-5 0.0 0.0
-1.24448e-5 1.08892e-5 9.5878e-6 0.0 0.0
-1.1667e-5 1.08892e-5 1.75184e-5 0.0 0.0
-1.08892e-5 1.08892e-5 1.20101e-5 0.0 0.0
-1.01114e-5 1.08892e-5 7.4101e-6 0.0 0.0
-9.3336e-6 1.08892e-5 1.64623e-5 0.0 0.0
-8.5558e-6 1.08892e-5 7.3696e-6 0.0 0.0
-7.778e-6 1.08892e-5 1.82011e-5 0.0 0.0
-7.0002e-6 1.08892e-5 1.01806e-5 0.0 0.0
-6.2224e-6 1.08892e-5 4.8343e-6 0.0 0.0
-5.4446e-6 1.08892e-5 1.4032e-5 0.0 0.0
-4.6668e-6 1.08892e-5 9.9484e-6 0.0 0.0
-3.889e-6 1.08892e-5 4.6809e-6 0.0 0.0
-3.1112e-6 1.08892e-5 1.40247e-5 0.0 0.0
-2.3334e-6 1.08892e-5 7.3119e-6 0.0 0.0
-1.5556e-6 1.08892e-5 2.7845e-6 0.0 0.0
-7.778e-7 1.08892e-5 1.214e-5 0.0 0.0
0.0 1.08892e-5 6.958e-6 0.0 0.0
7.778e-7 1.08892e-5 1.3787e-6 0.0 0.0
1.5556e-6 1.08892e-5 5.805e-7 0.0 0.0
2.3334e-6 1.08892e-5 3.5083e-6 0.0 0.0
3.1112e-6 1.08892e-5 7.072e-7 0.0 0.0
3.889e-6 1.08892e-5 9.64e-6 0.0 0.0
4.6668e-6 1.08892e-5 2.3013e-6 0.0 0.0
5.4446e-6 1.08892e-5 4.725e-7 0.0 0.0
6.2224e-6 1.08892e-5 2.4799e-6 0.0 0.0
7.0002e-6 1.08892e-5 1.60807e-5 0.0 0.0
7.778e-6 1.08892e-5 6.6164e-6 0.0 0.0
8.5558e-6 1.08892e-5 7.857e-7 0.0 0.0
9.3336e-6 1.08892e-5 1.02605e-5 0.0 0.0
1.01114e-5 1.08892e-5 3.4367e-6 0.0 0.0
1.08892e-5 1.08892e-5 1.0942e-6 0.0 0.0
1.1667e-5 1.08892e-5 9.4999e-6 0.0 0.0
1.24448e-5 1.08892e-5 3.2183e-6 0.0 0.0
1.32226e-5 1.08892e-5 2.24105e-5 0.0 0.0
1.40004e-5 1.08892e-5 6.9777e-6 0.0 0.0
1.47782e-5 1.08892e-5 7.2876e-6 0.0 0.0
1.5556e-5 1.08892e-5 2.89216e-5 0.0 0.0
1.63338e-5 1.08892e-5 2.2173e-5 0.0 0.0
1.71116e-5 1.08892e-5 1.78551e-5 0.0 0.0
1.78894e-5 1.08892e-5 4.33654e-5 0.0 0.0
1.86672e-5 1.08892e-5 3.70985e-5 0.0 0.0
-9.72251e-5 1.1667e-5 3.99142e-5 0.0 0.0
-9.64473e-5 1.1667e-5 1.75993e-5 0.0 0.0
-9.56695e-5 1.1667e-5 7.48164e-5 0.0 0.0
-9.48917e-5 1.1667e-5 0.0002352704 0.0 0.0
-9.41139e-5 1.1667e-5 0.0001919186 0.0 0.0
-9.33361e-5 1.1667e-5 0.0004519784 0.0 0.0
-9.25583e-5 1.1667e-5 0.0007249366 0.0 0.0
-9.17805e-5 1.1667e-5 0.0006979415 0.0 0.0
-9.10027e-5 1.1667e-5 0.0006552367 0.0 0.0
-9.02249e-5 1.1667e-5 0.0006138453 0.0 0.0
-8.94471e-5 1.1667e-5 0.0005084286 0.0 0.0
-8.86693e-5 1.1667e-5 0.0008186097 0.0 0.0
-8.78915e-5 1.1667e-5 0.0007093465 0.0 0.0
-8.71137e-5 1.1667e-5 0.0009310161 0.0 0.0
-8.63359e-5 1.1667e-5 0.0006851479 0.0 0.0
-8.55581e-5 1.1667e-5 0.0005900752 0.0 0.0
-8.47803e-5 1.1667e-5 0.0003909643 0.0 0.0
-8.40025e-5 1.1667e-5 0.000672862 0.0 0.0
-8.32246e-5 1.1667e-5 0.0002444057 0.0 0.0
-8.24468e-5 1.1667e-5 0.0006183352 0.0 0.0
-8.1669e-5 1.1667e-5 0.0003440388 0.0 0.0
-8.08912e-5 1.1667e-5 0.0001350686 0.0 0.0
-8.01134e-5 1.1667e-5 0.0003870902 0.0 0.0
-7.93356e-5 1.1667e-5 0.0001335832 0.0 0.0
-7.85578e-5 1.1667e-5 0.0003622125 0.0 0.0
-7.778e-5 1.1667e-5 0.0001665555 0.0 0.0
-7.70022e-5 1.1667e-5 3.84129e-5 0.0 0.0
-7.62244e-5 1.1667e-5 0.0001818002 0.0 0.0
-7.54466e-5 1.1667e-5 4.67125e-5 0.0 0.0
-7.46688e-5 1.1667e-5 0.0002637991 0.0 0.0
-7.3891e-5 1.1667e-5 6.86665e-5 0.0 0.0
-7.31132e-5 1.1667e-5 0.0002389432 0.0 0.0
-7.23354e-5 1.1667e-5 5.49064e-5 0.0 0.0
-7.15576e-5 1.1667e-5 0.0002739979 0.0 0.0
-7.07798e-5 1.1667e-5 0.0001086008 0.0 0.0
-7.0002e-5 1.1667e-5 2.1382e-5 0.0 0.0
-6.92242e-5 1.1667e-5 0.0001260696 0.0 0.0
-6.84464e-5 1.1667e-5 4.88878e-5 0.0 0.0
-6.76686e-5 1.1667e-5 0.000174166 0.0 0.0
-6.68908e-5 1.1667e-5 8.28698e-5 0.0 0.0
-6.6113e-5 1.1667e-5 0.0002081177 0.0 0.0
-6.53352e-5 1.1667e-5 0.0001403466 0.0 0.0
-6.45574e-5 1.1667e-5 0.0003390127 0.0 0.0
-6.37796e-5 1.1667e-5 0.0001879843 0.0 0.0
-6.30018e-5 1.1667e-5 0.0001434021 0.0 0.0
-6.2224e-5 1.1667e-5 0.0003320243 0.0 0.0
-6.14462e-5 1.1667e-5 0.000278322 0.0 0.0
-6.06684e-5 1.1667e-5 0.000284654 0.0 0.0
-5.98906e-5 1.1667e-5 0.0004068175 0.0 0.0
-5.91128e-5 1.1667e-5 0.0001967252 0.0 0.0
-5.8335e-5 1.1667e-5 0.0003414258 0.0 0.0
-5.75572e-5 1.1667e-5 0.00019758 0.0 0.0
-5.67794e-5 1.1667e-5 0.0002990964 0.0 0.0
-5.60016e-5 1.1667e-5 0.0004385411 0.0 0.0
-5.52238e-5 1.1667e-5 0.0002713513 0.0 0.0
-5.4446e-5 1.1667e-5 0.0003879442 0.0 0.0
-5.36682e-5 1.1667e-5 0.0005026328 0.0 0.0
-5.28904e-5 1.1667e-5 0.000312108 0.0 0.0
-5.21126e-5 1.1667e-5 0.0004104538 0.0 0.0
-5.13348e-5 1.1667e-5 0.0004468203 0.0 0.0
-5.0557e-5 1.1667e-5 0.0001837737 0.0 0.0
-4.97792e-5 1.1667e-5 0.0003632141 0.0 0.0
-4.90014e-5 1.1667e-5 0.0003854968 0.0 0.0
-4.82236e-5 1.1667e-5 0.0004418404 0.0 0.0
-4.74458e-5 1.1667e-5 0.0001861809 0.0 0.0
-4.6668e-5 1.1667e-5 0.0002863452 0.0 0.0
-4.58902e-5 1.1667e-5 0.0001082512 0.0 0.0
-4.51124e-5 1.1667e-5 0.0001223524 0.0 0.0
-4.43346e-5 1.1667e-5 0.0001883027 0.0 0.0
-4.35568e-5 1.1667e-5 0.0003777778 0.0 0.0
-4.2779e-5 1.1667e-5 0.0004835588 0.0 0.0
-4.20012e-5 1.1667e-5 0.0001885269 0.0 0.0
-4.12234e-5 1.1667e-5 0.0003849609 0.0 0.0
-4.04456e-5 1.1667e-5 8.67266e-5 0.0 0.0
-3.96678e-5 1.1667e-5 0.0002118651 0.0 0.0
-3.889e-5 1.1667e-5 0.0004741553 0.0 0.0
-3.81122e-5 1.1667e-5 0.0001357888 0.0 0.0
-3.73344e-5 1.1667e-5 0.0004068844 0.0 0.0
-3.65566e-5 1.1667e-5 0.000144389 0.0 0.0
-3.57788e-5 1.1667e-5 0.0002155808 0.0 0.0
-3.5001e-5 1.1667e-5 0.0005827947 0.0 0.0
-3.42232e-5 1.1667e-5 0.0008534267 0.0 0.0
-3.34454e-5 1.1667e-5 0.0004245922 0.0 0.0
-3.26676e-5 1.1667e-5 0.0006440983 0.0 0.0
-3.18898e-5 1.1667e-5 0.0008628645 0.0 0.0
-3.1112e-5 1.1667e-5 0.0004874928 0.0 0.0
-3.03342e-5 1.1667e-5 0.0007241305 0.0 0.0
-2.95564e-5 1.1667e-5 0.0010007945 0.0 0.0
-2.87786e-5 1.1667e-5 0.0006667264 0.0 0.0
-2.80008e-5 1.1667e-5 0.0008072045 0.0 0.0
-2.7223e-5 1.1667e-5 0.0005169498 0.0 0.0
-2.64452e-5 1.1667e-5 0.000137117 0.0 0.0
-2.56674e-5 1.1667e-5 0.0001976806 0.0 0.0
-2.48896e-5 1.1667e-5 4.36917e-5 0.0 0.0
-2.41118e-5 1.1667e-5 1.72399e-5 0.0 0.0
-2.3334e-5 1.1667e-5 1.19262e-5 0.0 0.0
-2.25562e-5 1.1667e-5 2.31731e-5 0.0 0.0
-2.17784e-5 1.1667e-5 1.7488e-5 0.0 0.0
-2.10006e-5 1.1667e-5 1.17111e-5 0.0 0.0
-2.02228e-5 1.1667e-5 8.4501e-6 0.0 0.0
-1.9445e-5 1.1667e-5 2.0296e-5 0.0 0.0
-1.86672e-5 1.1667e-5 1.50242e-5 0.0 0.0
-1.78894e-5 1.1667e-5 9.5215e-6 0.0 0.0
-1.71116e-5 1.1667e-5 8.5285e-6 0.0 0.0
-1.63338e-5 1.1667e-5 2.02257e-5 0.0 0.0
-1.5556e-5 1.1667e-5 1.78497e-5 0.0 0.0
-1.47782e-5 1.1667e-5 1.03971e-5 0.0 0.0
-1.40004e-5 1.1667e-5 7.5215e-6 0.0 0.0
-1.32226e-5 1.1667e-5 1.8619e-5 0.0 0.0
-1.24448e-5 1.1667e-5 1.42999e-5 0.0 0.0
-1.1667e-5 1.1667e-5 8.8265e-6 0.0 0.0
-1.08892e-5 1.1667e-5 1.89785e-5 0.0 0.0
-1.01114e-5 1.1667e-5 1.12248e-5 0.0 0.0
-9.3336e-6 1.1667e-5 8.5085e-6 0.0 0.0
-8.5558e-6 1.1667e-5 3.5899e-6 0.0 0.0
-7.778e-6 1.1667e-5 1.16183e-5 0.0 0.0
-7.0002e-6 1.1667e-5 6.6156e-6 0.0 0.0
-6.2224e-6 1.1667e-5 3.1449e-6 0.0 0.0
-5.4446e-6 1.1667e-5 1.28365e-5 0.0 0.0
-4.6668e-6 1.1667e-5 6.5297e-6 0.0 0.0
-3.889e-6 1.1667e-5 2.872e-6 0.0 0.0
-3.1112e-6 1.1667e-5 1.06451e-5 0.0 0.0
-2.3334e-6 1.1667e-5 3.9842e-6 0.0 0.0
-1.5556e-6 1.1667e-5 2.1141e-6 0.0 0.0
-7.778e-7 1.1667e-5 1.12251e-5 0.0 0.0
0.0 1.1667e-5 3.6805e-6 0.0 0.0
7.778e-7 1.1667e-5 1.0708e-6 0.0 0.0
1.5556e-6 1.1667e-5 4.802e-7 0.0 0.0
2.3334e-6 1.1667e-5 1.8247e-6 0.0 0.0
3.1112e-6 1.1667e-5 1.53317e-5 0.0 0.0
3.889e-6 1.1667e-5 5.5275e-6 0.0 0.0
4.6668e-6 1.1667e-5 2.1059e-6 0.0 0.0
5.4446e-6 1.1667e-5 1.04867e-5 0.0 0.0
6.2224e-6 1.1667e-5 2.3068e-6 0.0 0.0
7.0002e-6 1.1667e-5 1.0071e-6 0.0 0.0
7.778e-6 1.1667e-5 7.1238e-6 0.0 0.0
8.5558e-6 1.1667e-5 1.5277e-6 0.0 0.0
9.3336e-6 1.1667e-5 1.3797e-5 0.0 0.0
1.01114e-5 1.1667e-5 3.659e-6 0.0 0.0
1.08892e-5 1.1667e-5 2.1108e-6 0.0 0.0
1.1667e-5 1.1667e-5 1.99383e-5 0.0 0.0
1.24448e-5 1.1667e-5 5.9208e-6 0.0 0.0
1.32226e-5 1.1667e-5 6.9991e-6 0.0 0.0
1.40004e-5 1.1667e-5 2.04737e-5 0.0 0.0
1.47782e-5 1.1667e-5 1.74918e-5 0.0 0.0
1.5556e-5 1.1667e-5 1.54554e-5 0.0 0.0
1.63338e-5 1.1667e-5 3.87922e-5 0.0 0.0
1.71116e-5 1.1667e-5 4.02485e-5 0.0 0.0
1.78894e-5 1.1667e-5 2.24391e-5 0.0 0.0
1.86672e-5 1.1667e-5 1.71289e-5 0.0 0.0
-9.72251e-5 1.24448e-5 7.224e-7 0.0 0.0
-9.64473e-5 1.24448e-5 1.10539e-5 0.0 0.0
-9.56695e-5 1.24448e-5 4.17212e-5 0.0 0.0
-9.48917e-5 1.24448e-5 2.4796e-5 0.0 0.0
-9.41139e-5 1.24448e-5 0.0001102705 0.0 0.0
-9.33361e-5 1.24448e-5 0.0003429571 0.0 0.0
-9.25583e-5 1.24448e-5 0.000315183 0.0 0.0
-9.17805e-5 1.24448e-5 0.0006445958 0.0 0.0
-9.10027e-5 1.24448e-5 0.0006007553 0.0 0.0
-9.02249e-5 1.24448e-5 0.0009639646 0.0 0.0
-8.94471e-5 1.24448e-5 0.0009581578 0.0 0.0
-8.86693e-5 1.24448e-5 0.0008703598 0.0 0.0
-8.78915e-5 1.24448e-5 0.0007326401 0.0 0.0
-8.71137e-5 1.24448e-5 0.0006299473 0.0 0.0
-8.63359e-5 1.24448e-5 0.0008615385 0.0 0.0
-8.55581e-5 1.24448e-5 0.0006757629 0.0 0.0
-8.47803e-5 1.24448e-5 0.0005768778 0.0 0.0
-8.40025e-5 1.24448e-5 0.0007504373 0.0 0.0
-8.32246e-5 1.24448e-5 0.0005448445 0.0 0.0
-8.24468e-5 1.24448e-5 0.0002473093 0.0 0.0
-8.1669e-5 1.24448e-5 0.000513358 0.0 0.0
-8.08912e-5 1.24448e-5 0.0002462256 0.0 0.0
-8.01134e-5 1.24448e-5 0.0005286165 0.0 0.0
-7.93356e-5 1.24448e-5 0.0002808466 0.0 0.0
-7.85578e-5 1.24448e-5 9.02968e-5 0.0 0.0
-7.778e-5 1.24448e-5 0.0002442933 0.0 0.0
-7.70022e-5 1.24448e-5 8.97409e-5 0.0 0.0
-7.62244e-5 1.24448e-5 0.0002564896 0.0 0.0
-7.54466e-5 1.24448e-5 0.0001003056 0.0 0.0
-7.46688e-5 1.24448e-5 0.0002863417 0.0 0.0
-7.3891e-5 1.24448e-5 0.0001284998 0.0 0.0
-7.31132e-5 1.24448e-5 1.50182e-5 0.0 0.0
-7.23354e-5 1.24448e-5 0.0001122931 0.0 0.0
-7.15576e-5 1.24448e-5 2.40563e-5 0.0 0.0
-7.07798e-5 1.24448e-5 0.000168762 0.0 0.0
-7.0002e-5 1.24448e-5 1.89245e-5 0.0 0.0
-6.92242e-5 1.24448e-5 0.0001761633 0.0 0.0
-6.84464e-5 1.24448e-5 2.79744e-5 0.0 0.0
-6.76686e-5 1.24448e-5 0.0002380904 0.0 0.0
-6.68908e-5 1.24448e-5 7.27396e-5 0.0 0.0
-6.6113e-5 1.24448e-5 0.0002820724 0.0 0.0
-6.53352e-5 1.24448e-5 9.56221e-5 0.0 0.0
-6.45574e-5 1.24448e-5 0.0002645131 0.0 0.0
-6.37796e-5 1.24448e-5 0.0001528 0.0 0.0
-6.30018e-5 1.24448e-5 0.0003012118 0.0 0.0
-6.2224e-5 1.24448e-5 0.0002099969 0.0 0.0
-6.14462e-5 1.24448e-5 0.0004557213 0.0 0.0
-6.06684e-5 1.24448e-5 0.0002882591 0.0 0.0
-5.98906e-5 1.24448e-5 0.0003734299 0.0 0.0
-5.91128e-5 1.24448e-5 0.0001452678 0.0 0.0
-5.8335e-5 1.24448e-5 0.0002655875 0.0 0.0
-5.75572e-5 1.24448e-5 0.0004600051 0.0 0.0
-5.67794e-5 1.24448e-5 0.0002057248 0.0 0.0
-5.60016e-5 1.24448e-5 0.000351629 0.0 0.0
-5.52238e-5 1.24448e-5 0.0001874703 0.0 0.0
-5.4446e-5 1.24448e-5 0.0002740026 0.0 0.0
-5.36682e-5 1.24448e-5 0.0004791938 0.0 0.0
-5.28904e-5 1.24448e-5 0.0001828277 0.0 0.0
-5.21126e-5 1.24448e-5 0.0002258437 0.0 0.0
-5.13348e-5 1.24448e-5 0.0003592154 0.0 0.0
-5.0557e-5 1.24448e-5 0.0002133727 0.0 0.0
-4.97792e-5 1.24448e-5 0.0003263218 0.0 0.0
-4.90014e-5 1.24448e-5 0.000458468 0.0 0.0
-4.82236e-5 1.24448e-5 0.0001537632 0.0 0.0
-4.74458e-5 1.24448e-5 0.0003246104 0.0 0.0
-4.6668e-5 1.24448e-5 0.0005136817 0.0 0.0
-4.58902e-5 1.24448e-5 0.0001892905 0.0 0.0
-4.51124e-5 1.24448e-5 0.0003995764 0.0 0.0
-4.43346e-5 1.24448e-5 0.0001046579 0.0 0.0
-4.35568e-5 1.24448e-5 0.0001379184 0.0 0.0
-4.2779e-5 1.24448e-5 0.0002712219 0.0 0.0
-4.20012e-5 1.24448e-5 0.0006255119 0.0 0.0
-4.12234e-5 1.24448e-5 0.0001506964 0.0 0.0
-4.04456e-5 1.24448e-5 0.0004841372 0.0 0.0
-3.96678e-5 1.24448e-5 0.000170476 0.0 0.0
-3.889e-5 1.24448e-5 0.0003558286 0.0 0.0
-3.81122e-5 1.24448e-5 0.0006745244 0.0 0.0
-3.73344e-5 1.24448e-5 0.0002114831 0.0 0.0
-3.65566e-5 1.24448e-5 0.0006273368 0.0 0.0
-3.57788e-5 1.24448e-5 0.0008170735 0.0 0.0
-3.5001e-5 1.24448e-5 0.0005161716 0.0 0.0
-3.42232e-5 1.24448e-5 0.0007265444 0.0 0.0
-3.34454e-5 1.24448e-5 0.000450071 0.0 0.0
-3.26676e-5 1.24448e-5 0.0005691769 0.0 0.0
-3.18898e-5 1.24448e-5 0.0008488786 0.0 0.0
-3.1112e-5 1.24448e-5 0.0005565641 0.0 0.0
-3.03342e-5 1.24448e-5 0.0006507906 0.0 0.0
-2.95564e-5 1.24448e-5 0.0009424151 0.0 0.0
-2.87786e-5 1.24448e-5 0.0006094557 0.0 0.0
-2.80008e-5 1.24448e-5 0.0002864955 0.0 0.0
-2.7223e-5 1.24448e-5 0.0003114148 0.0 0.0
-2.64452e-5 1.24448e-5 5.40173e-5 0.0 0.0
-2.56674e-5 1.24448e-5 3.52272e-5 0.0 0.0
-2.48896e-5 1.24448e-5 2.62019e-5 0.0 0.0
-2.41118e-5 1.24448e-5 1.31796e-5 0.0 0.0
-2.3334e-5 1.24448e-5 7.7262e-6 0.0 0.0
-2.25562e-5 1.24448e-5 2.45552e-5 0.0 0.0
-2.17784e-5 1.24448e-5 1.72616e-5 0.0 0.0
-2.10006e-5 1.24448e-5 9.0299e-6 0.0 0.0
-2.02228e-5 1.24448e-5 2.31182e-5 0.0 0.0
-1.9445e-5 1.24448e-5 1.54101e-5 0.0 0.0
-1.86672e-5 1.24448e-5 1.11121e-5 0.0 0.0
-1.78894e-5 1.24448e-5 6.067e-6 0.0 0.0
-1.71116e-5 1.24448e-5 5.1215e-6 0.0 0.0
-1.63338e-5 1.24448e-5 1.57112e-5 0.0 0.0
-1.5556e-5 1.24448e-5 9.6853e-6 0.0 0.0
-1.47782e-5 1.24448e-5 7.0536e-6 0.0 0.0
-1.40004e-5 1.24448e-5 4.0114e-6 0.0 0.0
-1.32226e-5 1.24448e-5 1.3445e-5 0.0 0.0
-1.24448e-5 1.24448e-5 8.0842e-6 0.0 0.0
-1.1667e-5 1.24448e-5 4.5052e-6 0.0 0.0
-1.08892e-5 1.24448e-5 1.43555e-5 0.0 0.0
-1.01114e-5 1.24448e-5 8.5542e-6 0.0 0.0
-9.3336e-6 1.24448e-5 3.7027e-6 0.0 0.0
-8.5558e-6 1.24448e-5 2.3579e-6 0.0 0.0
-7.778e-6 1.24448e-5 1.24214e-5 0.0 0.0
-7.0002e-6 1.24448e-5 3.8582e-6 0.0 0.0
-6.2224e-6 1.24448e-5 1.9201e-6 0.0 0.0
-5.4446e-6 1.24448e-5 8.8701e-6 0.0 0.0
-4.6668e-6 1.24448e-5 5.7202e-6 0.0 0.0
-3.889e-6 1.24448e-5 1.4479e-6 0.0 0.0
-3.1112e-6 1.24448e-5 1.39061e-5 0.0 0.0
-2.3334e-6 1.24448e-5 4.9494e-6 0.0 0.0
-1.5556e-6 1.24448e-5 9.949e-7 0.0 0.0
-7.778e-7 1.24448e-5 1.46414e-5 0.0 0.0
0.0 1.24448e-5 4.1237e-6 0.0 0.0
7.778e-7 1.24448e-5 5.043e-7 0.0 0.0
1.5556e-6 1.24448e-5 1.25629e-5 0.0 0.0
2.3334e-6 1.24448e-5 2.3811e-6 0.0 0.0
3.1112e-6 1.24448e-5 5.808e-7 0.0 0.0
3.889e-6 1.24448e-5 6.8e-6 0.0 0.0
4.6668e-6 1.24448e-5 1.1681e-6 0.0 0.0
5.4446e-6 1.24448e-5 9.7913e-6 0.0 0.0
6.2224e-6 1.24448e-5 2.3929e-6 0.0 0.0
7.0002e-6 1.24448e-5 1.83017e-5 0.0 0.0
7.778e-6 1.24448e-5 1.11393e-5 0.0 0.0
8.5558e-6 1.24448e-5 2.6976e-6 0.0 0.0
9.3336e-6 1.24448e-5 1.78024e-5 0.0 0.0
1.01114e-5 1.24448e-5 8.634e-6 0.0 0.0
1.08892e-5 1.24448e-5 6.2641e-6 0.0 0.0
1.1667e-5 1.24448e-5 3.16311e-5 0.0 0.0
1.24448e-5 1.24448e-5 2.14721e-5 0.0 0.0
1.32226e-5 1.24448e-5 1.41811e-5 0.0 0.0
1.40004e-5 1.24448e-5 1.23878e-5 0.0 0.0
1.47782e-5 1.24448e-5 4.00582e-5 0.0 0.0
1.5556e-5 1.24448e-5 3.04685e-5 0.0 0.0
1.63338e-5 1.24448e-5 2.08464e-5 0.0 0.0
1.71116e-5 1.24448e-5 1.32866e-5 0.0 0.0
1.78894e-5 1.24448e-5 4.1161e-5 0.0 0.0
1.86672e-5 1.24448e-5 2.46726e-5 0.0 0.0
-9.72251e-5 1.32226e-5 1.0566e-6 0.0 0.0
-9.64473e-5 1.32226e-5 4.5e-8 0.0 0.0
-9.56695e-5 1.32226e-5 1.8065e-6 0.0 0.0
-9.48917e-5 1.32226e-5 1.46534e-5 0.0 0.0
-9.41139e-5 1.32226e-5 7.5702e-6 0.0 0.0
-9.33361e-5 1.32226e-5 7.59786e-5 0.0 0.0
-9.25583e-5 1.32226e-5 0.0001891935 0.0 0.0
-9.17805e-5 1.32226e-5 0.0002308599 0.0 0.0
-9.10027e-5 1.32226e-5 0.0004976812 0.0 0.0
-9.02249e-5 1.32226e-5 0.0008995574 0.0 0.0
-8.94471e-5 1.32226e-5 0.0009316287 0.0 0.0
-8.86693e-5 1.32226e-5 0.0008812991 0.0 0.0
-8.78915e-5 1.32226e-5 0.000794043 0.0 0.0
-8.71137e-5 1.32226e-5 0.0006474373 0.0 0.0
-8.63359e-5 1.32226e-5 0.0009160687 0.0 0.0
-8.55581e-5 1.32226e-5 0.0008356157 0.0 0.0
-8.47803e-5 1.32226e-5 0.0006138182 0.0 0.0
-8.40025e-5 1.32226e-5 0.0008606553 0.0 0.0
-8.32246e-5 1.32226e-5 0.0006657899 0.0 0.0
-8.24468e-5 1.32226e-5 0.0003033481 0.0 0.0
-8.1669e-5 1.32226e-5 0.0006192689 0.0 0.0
-8.08912e-5 1.32226e-5 0.0004862076 0.0 0.0
-8.01134e-5 1.32226e-5 0.0001510149 0.0 0.0
-7.93356e-5 1.32226e-5 0.0004039349 0.0 0.0
-7.85578e-5 1.32226e-5 0.0002190108 0.0 0.0
-7.778e-5 1.32226e-5 0.0005331324 0.0 0.0
-7.70022e-5 1.32226e-5 0.000159409 0.0 0.0
-7.62244e-5 1.32226e-5 0.0004330682 0.0 0.0
-7.54466e-5 1.32226e-5 0.0002115506 0.0 0.0
-7.46688e-5 1.32226e-5 4.96055e-5 0.0 0.0
-7.3891e-5 1.32226e-5 0.0002260883 0.0 0.0
-7.31132e-5 1.32226e-5 5.11155e-5 0.0 0.0
-7.23354e-5 1.32226e-5 0.0002700853 0.0 0.0
-7.15576e-5 1.32226e-5 7.78094e-5 0.0 0.0
-7.07798e-5 1.32226e-5 0.0002878556 0.0 0.0
-7.0002e-5 1.32226e-5 0.0001018739 0.0 0.0
-6.92242e-5 1.32226e-5 0.0003037502 0.0 0.0
-6.84464e-5 1.32226e-5 5.72059e-5 0.0 0.0
-6.76686e-5 1.32226e-5 0.0003740061 0.0 0.0
-6.68908e-5 1.32226e-5 7.5171e-5 0.0 0.0
-6.6113e-5 1.32226e-5 0.0003166765 0.0 0.0
-6.53352e-5 1.32226e-5 9.11412e-5 0.0 0.0
-6.45574e-5 1.32226e-5 0.0003267453 0.0 0.0
-6.37796e-5 1.32226e-5 0.0001321244 0.0 0.0
-6.30018e-5 1.32226e-5 0.0002722438 0.0 0.0
-6.2224e-5 1.32226e-5 0.0001190146 0.0 0.0
-6.14462e-5 1.32226e-5 0.0003266916 0.0 0.0
-6.06684e-5 1.32226e-5 0.0002055513 0.0 0.0
-5.98906e-5 1.32226e-5 0.0004917077 0.0 0.0
-5.91128e-5 1.32226e-5 0.0002286261 0.0 0.0
-5.8335e-5 1.32226e-5 0.0002780099 0.0 0.0
-5.75572e-5 1.32226e-5 9.62455e-5 0.0 0.0
-5.67794e-5 1.32226e-5 0.0001588219 0.0 0.0
-5.60016e-5 1.32226e-5 0.0004021363 0.0 0.0
-5.52238e-5 1.32226e-5 0.0001003663 0.0 0.0
-5.4446e-5 1.32226e-5 0.0002174384 0.0 0.0
-5.36682e-5 1.32226e-5 7.89477e-5 0.0 0.0
-5.28904e-5 1.32226e-5 0.000132071 0.0 0.0
-5.21126e-5 1.32226e-5 0.000322004 0.0 0.0
-5.13348e-5 1.32226e-5 8.99463e-5 0.0 0.0
-5.0557e-5 1.32226e-5 0.000219356 0.0 0.0
-4.97792e-5 1.32226e-5 0.0004856559 0.0 0.0
-4.90014e-5 1.32226e-5 0.0001538395 0.0 0.0
-4.82236e-5 1.32226e-5 0.000307485 0.0 0.0
-4.74458e-5 1.32226e-5 0.0005491653 0.0 0.0
-4.6668e-5 1.32226e-5 0.0001792787 0.0 0.0
-4.58902e-5 1.32226e-5 0.0004267798 0.0 0.0
-4.51124e-5 1.32226e-5 0.0001426952 0.0 0.0
-4.43346e-5 1.32226e-5 0.0002400096 0.0 0.0
-4.35568e-5 1.32226e-5 0.000640648 0.0 0.0
-4.2779e-5 1.32226e-5 0.0002159976 0.0 0.0
-4.20012e-5 1.32226e-5 0.0004434145 0.0 0.0
-4.12234e-5 1.32226e-5 0.0002088061 0.0 0.0
-4.04456e-5 1.32226e-5 0.0003449586 0.0 0.0
-3.96678e-5 1.32226e-5 0.0007587544 0.0 0.0
-3.889e-5 1.32226e-5 0.0003686395 0.0 0.0
-3.81122e-5 1.32226e-5 0.00069534 0.0 0.0
-3.73344e-5 1.32226e-5 0.0003127741 0.0 0.0
-3.65566e-5 1.32226e-5 0.0005309137 0.0 0.0
-3.57788e-5 1.32226e-5 0.0008823223 0.0 0.0
-3.5001e-5 1.32226e-5 0.0004665705 0.0 0.0
-3.42232e-5 1.32226e-5 0.0006757337 0.0 0.0
-3.34454e-5 1.32226e-5 0.0009153222 0.0 0.0
-3.26676e-5 1.32226e-5 0.0005381258 0.0 0.0
-3.18898e-5 1.32226e-5 0.0007550245 0.0 0.0
-3.1112e-5 1.32226e-5 0.0011387826 0.0 0.0
-3.03342e-5 1.32226e-5 0.0005893765 0.0 0.0
-2.95564e-5 1.32226e-5 0.0008037029 0.0 0.0
-2.87786e-5 1.32226e-5 0.0004509687 0.0 0.0
-2.80008e-5 1.32226e-5 0.0001049895 0.0 0.0
-2.7223e-5 1.32226e-5 0.0001018086 0.0 0.0
-2.64452e-5 1.32226e-5 2.56456e-5 0.0 0.0
-2.56674e-5 1.32226e-5 1.02878e-5 0.0 0.0
-2.48896e-5 1.32226e-5 2.97237e-5 0.0 0.0
-2.41118e-5 1.32226e-5 1.77684e-5 0.0 0.0
-2.3334e-5 1.32226e-5 9.0557e-6 0.0 0.0
-2.25562e-5 1.32226e-5 2.72271e-5 0.0 0.0
-2.17784e-5 1.32226e-5 1.37262e-5 0.0 0.0
-2.10006e-5 1.32226e-5 8.0982e-6 0.0 0.0
-2.02228e-5 1.32226e-5 3.2889e-6 0.0 0.0
-1.9445e-5 1.32226e-5 1.42884e-5 0.0 0.0
-1.86672e-5 1.32226e-5 9.3635e-6 0.0 0.0
-1.78894e-5 1.32226e-5 5.1308e-6 0.0 0.0
-1.71116e-5 1.32226e-5 3.1265e-6 0.0 0.0
-1.63338e-5 1.32226e-5 1.21508e-5 0.0 0.0
-1.5556e-5 1.32226e-5 9.0536e-6 0.0 0.0
-1.47782e-5 1.32226e-5 3.5051e-6 0.0 0.0
-1.40004e-5 1.32226e-5 1.4933e-5 0.0 0.0
-1.32226e-5 1.32226e-5 1.09297e-5 0.0 0.0
-1.24448e-5 1.32226e-5 5.5252e-6 0.0 0.0
-1.1667e-5 1.32226e-5 2.5077e-6 0.0 0.0
-1.08892e-5 1.32226e-5 1.52402e-5 0.0 0.0
-1.01114e-5 1.32226e-5 7.1216e-6 0.0 0.0
-9.3336e-6 1.32226e-5 3.6591e-6 0.0 0.0
-8.5558e-6 1.32226e-5 1.2897e-6 0.0 0.0
-7.778e-6 1.32226e-5 7.9482e-6 0.0 0.0
-7.0002e-6 1.32226e-5 2.7859e-6 0.0 0.0
-6.2224e-6 1.32226e-5 1.3996e-6 0.0 0.0
-5.4446e-6 1.32226e-5 1.06361e-5 0.0 0.0
-4.6668e-6 1.32226e-5 4.2073e-6 0.0 0.0
-3.889e-6 1.32226e-5 1.7808e-6 0.0 0.0
-3.1112e-6 1.32226e-5 6.257e-7 0.0 0.0
-2.3334e-6 1.32226e-5 4.4461e-6 0.0 0.0
-1.5556e-6 1.32226e-5 9.26e-7 0.0 0.0
-7.778e-7 1.32226e-5 1.35095e-5 0.0 0.0
0.0 1.32226e-5 4.1152e-6 0.0 0.0
7.778e-7 1.32226e-5 5.413e-7 0.0 0.0
1.5556e-6 1.32226e-5 1.07058e-5 0.0 0.0
2.3334e-6 1.32226e-5 3.1937e-6 0.0 0.0
3.1112e-6 1.32226e-5 6.571e-7 0.0 0.0
3.889e-6 1.32226e-5 8.9843e-6 0.0 0.0
4.6668e-6 1.32226e-5 2.0989e-6 0.0 0.0
5.4446e-6 1.32226e-5 1.44061e-5 0.0 0.0
6.2224e-6 1.32226e-5 4.9348e-6 0.0 0.0
7.0002e-6 1.32226e-5 2.42022e-5 0.0 0.0
7.778e-6 1.32226e-5 1.65148e-5 0.0 0.0
8.5558e-6 1.32226e-5 7.0555e-6 0.0 0.0
9.3336e-6 1.32226e-5 4.9727e-6 0.0 0.0
1.01114e-5 1.32226e-5 1.98425e-5 0.0 0.0
1.08892e-5 1.32226e-5 1.24302e-5 0.0 0.0
1.1667e-5 1.32226e-5 1.14372e-5 0.0 0.0
1.24448e-5 1.32226e-5 3.97122e-5 0.0 0.0
1.32226e-5 1.32226e-5 3.00133e-5 0.0 0.0
1.40004e-5 1.32226e-5 2.39818e-5 0.0 0.0
1.47782e-5 1.32226e-5 1.51886e-5 0.0 0.0
1.5556e-5 1.32226e-5 1.27204e-5 0.0 0.0
1.63338e-5 1.32226e-5 3.70744e-5 0.0 0.0
1.71116e-5 1.32226e-5 1.74792e-5 0.0 0.0
1.78894e-5 1.32226e-5 6.6375e-6 0.0 0.0
1.86672e-5 1.32226e-5 2.48456e-5 0.0 0.0
-9.72251e-5 1.40004e-5 1.5e-9 0.0 0.0
-9.64473e-5 1.40004e-5 1.179e-7 0.0 0.0
-9.56695e-5 1.40004e-5 1.3e-9 0.0 0.0
-9.48917e-5 1.40004e-5 3.041e-7 0.0 0.0
-9.41139e-5 1.40004e-5 8.5267e-6 0.0 0.0
-9.33361e-5 1.40004e-5 2.8567e-6 0.0 0.0
-9.25583e-5 1.40004e-5 5.38548e-5 0.0 0.0
-9.17805e-5 1.40004e-5 0.0001680952 0.0 0.0
-9.10027e-5 1.40004e-5 0.0001572091 0.0 0.0
-9.02249e-5 1.40004e-5 0.0004363985 0.0 0.0
-8.94471e-5 1.40004e-5 0.0008055038 0.0 0.0
-8.86693e-5 1.40004e-5 0.0008015857 0.0 0.0
-8.78915e-5 1.40004e-5 0.0011891777 0.0 0.0
-8.71137e-5 1.40004e-5 0.0011640964 0.0 0.0
-8.63359e-5 1.40004e-5 0.0010912325 0.0 0.0
-8.55581e-5 1.40004e-5 0.0008621937 0.0 0.0
-8.47803e-5 1.40004e-5 0.0006906505 0.0 0.0
-8.40025e-5 1.40004e-5 0.0005584802 0.0 0.0
-8.32246e-5 1.40004e-5 0.0008033421 0.0 0.0
-8.24468e-5 1.40004e-5 0.0005451838 0.0 0.0
-8.1669e-5 1.40004e-5 0.0003254139 0.0 0.0
-8.08912e-5 1.40004e-5 0.0005255118 0.0 0.0
-8.01134e-5 1.40004e-5 0.000319321 0.0 0.0
-7.93356e-5 1.40004e-5 0.0005196703 0.0 0.0
-7.85578e-5 1.40004e-5 0.0003713923 0.0 0.0
-7.778e-5 1.40004e-5 0.0005763274 0.0 0.0
-7.70022e-5 1.40004e-5 0.0003614903 0.0 0.0
-7.62244e-5 1.40004e-5 0.0001595838 0.0 0.0
-7.54466e-5 1.40004e-5 0.0003185261 0.0 0.0
-7.46688e-5 1.40004e-5 0.0001500108 0.0 0.0
-7.3891e-5 1.40004e-5 0.0003149633 0.0 0.0
-7.31132e-5 1.40004e-5 0.0001267925 0.0 0.0
-7.23354e-5 1.40004e-5 0.0003631732 0.0 0.0
-7.15576e-5 1.40004e-5 0.0001645873 0.0 0.0
-7.07798e-5 1.40004e-5 3.75218e-5 0.0 0.0
-7.0002e-5 1.40004e-5 0.0001589283 0.0 0.0
-6.92242e-5 1.40004e-5 0.0003934295 0.0 0.0
-6.84464e-5 1.40004e-5 0.0001670536 0.0 0.0
-6.76686e-5 1.40004e-5 3.71216e-5 0.0 0.0
-6.68908e-5 1.40004e-5 0.0001803805 0.0 0.0
-6.6113e-5 1.40004e-5 3.26559e-5 0.0 0.0
-6.53352e-5 1.40004e-5 0.0001471221 0.0 0.0
-6.45574e-5 1.40004e-5 4.6327e-5 0.0 0.0
-6.37796e-5 1.40004e-5 0.0001590651 0.0 0.0
-6.30018e-5 1.40004e-5 0.0004150911 0.0 0.0
-6.2224e-5 1.40004e-5 0.0002237461 0.0 0.0
-6.14462e-5 1.40004e-5 0.0004240544 0.0 0.0
-6.06684e-5 1.40004e-5 0.0001790765 0.0 0.0
-5.98906e-5 1.40004e-5 0.0004627633 0.0 0.0
-5.91128e-5 1.40004e-5 0.0002629461 0.0 0.0
-5.8335e-5 1.40004e-5 0.000513431 0.0 0.0
-5.75572e-5 1.40004e-5 0.0001893858 0.0 0.0
-5.67794e-5 1.40004e-5 0.0003097244 0.0 0.0
-5.60016e-5 1.40004e-5 9.70644e-5 0.0 0.0
-5.52238e-5 1.40004e-5 0.0002278249 0.0 0.0
-5.4446e-5 1.40004e-5 0.0004127455 0.0 0.0
-5.36682e-5 1.40004e-5 0.0001194575 0.0 0.0
-5.28904e-5 1.40004e-5 0.0003422265 0.0 0.0
-5.21126e-5 1.40004e-5 7.91239e-5 0.0 0.0
-5.13348e-5 1.40004e-5 0.0001862126 0.0 0.0
-5.0557e-5 1.40004e-5 0.0004504568 0.0 0.0
-4.97792e-5 1.40004e-5 0.0001639204 0.0 0.0
-4.90014e-5 1.40004e-5 0.0003825015 0.0 0.0
-4.82236e-5 1.40004e-5 0.0001766918 0.0 0.0
-4.74458e-5 1.40004e-5 0.0003095702 0.0 0.0
-4.6668e-5 1.40004e-5 0.0005639929 0.0 0.0
-4.58902e-5 1.40004e-5 0.0002254453 0.0 0.0
-4.51124e-5 1.40004e-5 0.0004943048 0.0 0.0
-4.43346e-5 1.40004e-5 0.0002219635 0.0 0.0
-4.35568e-5 1.40004e-5 0.0003746862 0.0 0.0
-4.2779e-5 1.40004e-5 0.0007245868 0.0 0.0
-4.20012e-5 1.40004e-5 0.000338318 0.0 0.0
-4.12234e-5 1.40004e-5 0.0006703929 0.0 0.0
-4.04456e-5 1.40004e-5 0.0002742895 0.0 0.0
-3.96678e-5 1.40004e-5 0.0005956436 0.0 0.0
-3.889e-5 1.40004e-5 0.0003060146 0.0 0.0
-3.81122e-5 1.40004e-5 0.0004766644 0.0 0.0
-3.73344e-5 1.40004e-5 0.0008596674 0.0 0.0
-3.65566e-5 1.40004e-5 0.0005178062 0.0 0.0
-3.57788e-5 1.40004e-5 0.0007460877 0.0 0.0
-3.5001e-5 1.40004e-5 0.0004967822 0.0 0.0
-3.42232e-5 1.40004e-5 0.0006021283 0.0 0.0
-3.34454e-5 1.40004e-5 0.0008702104 0.0 0.0
-3.26676e-5 1.40004e-5 0.0010752609 0.0 0.0
-3.18898e-5 1.40004e-5 0.0007330251 0.0 0.0
-3.1112e-5 1.40004e-5 0.0009092104 0.0 0.0
-3.03342e-5 1.40004e-5 0.0004717505 0.0 0.0
-2.95564e-5 1.40004e-5 0.0001304259 0.0 0.0
-2.87786e-5 1.40004e-5 0.0001581767 0.0 0.0
-2.80008e-5 1.40004e-5 6.20917e-5 0.0 0.0
-2.7223e-5 1.40004e-5 2.7693e-5 0.0 0.0
-2.64452e-5 1.40004e-5 2.20729e-5 0.0 0.0
-2.56674e-5 1.40004e-5 1.35585e-5 0.0 0.0
-2.48896e-5 1.40004e-5 3.54476e-5 0.0 0.0
-2.41118e-5 1.40004e-5 1.95218e-5 0.0 0.0
-2.3334e-5 1.40004e-5 1.32337e-5 0.0 0.0
-2.25562e-5 1.40004e-5 7.4546e-6 0.0 0.0
-2.17784e-5 1.40004e-5 1.99303e-5 0.0 0.0
-2.10006e-5 1.40004e-5 8.6277e-6 0.0 0.0
-2.02228e-5 1.40004e-5 3.9882e-6 0.0 0.0
-1.9445e-5 1.40004e-5 2.8251e-6 0.0 0.0
-1.86672e-5 1.40004e-5 1.07373e-5 0.0 0.0
-1.78894e-5 1.40004e-5 4.8529e-6 0.0 0.0
-1.71116e-5 1.40004e-5 2.4002e-6 0.0 0.0
-1.63338e-5 1.40004e-5 1.20499e-5 0.0 0.0
-1.5556e-5 1.40004e-5 7.0989e-6 0.0 0.0
-1.47782e-5 1.40004e-5 3.5639e-6 0.0 0.0
-1.40004e-5 1.40004e-5 1.5286e-6 0.0 0.0
-1.32226e-5 1.40004e-5 1.52467e-5 0.0 0.0
-1.24448e-5 1.40004e-5 6.767e-6 0.0 0.0
-1.1667e-5 1.40004e-5 1.8686e-6 0.0 0.0
-1.08892e-5 1.40004e-5 1.1722e-6 0.0 0.0
-1.01114e-5 1.40004e-5 8.0607e-6 0.0 0.0
-9.3336e-6 1.40004e-5 3.7744e-6 0.0 0.0
-8.5558e-6 1.40004e-5 1.4143e-6 0.0 0.0
-7.778e-6 1.40004e-5 9.6384e-6 0.0 0.0
-7.0002e-6 1.40004e-5 3.8109e-6 0.0 0.0
-6.2224e-6 1.40004e-5 1.3768e-6 0.0 0.0
-5.4446e-6 1.40004e-5 1.68857e-5 0.0 0.0
-4.6668e-6 1.40004e-5 9.2117e-6 0.0 0.0
-3.889e-6 1.40004e-5 1.5392e-6 0.0 0.0
-3.1112e-6 1.40004e-5 6.25e-7 0.0 0.0
-2.3334e-6 1.40004e-5 5.2752e-6 0.0 0.0
-1.5556e-6 1.40004e-5 8.165e-7 0.0 0.0
-7.778e-7 1.40004e-5 1.57461e-5 0.0 0.0
0.0 1.40004e-5 5.4646e-6 0.0 0.0
7.778e-7 1.40004e-5 1.4544e-6 0.0 0.0
1.5556e-6 1.40004e-5 1.7448e-5 0.0 0.0
2.3334e-6 1.40004e-5 5.8354e-6 0.0 0.0
3.1112e-6 1.40004e-5 2.15288e-5 0.0 0.0
3.889e-6 1.40004e-5 9.669e-6 0.0 0.0
4.6668e-6 1.40004e-5 5.9448e-6 0.0 0.0
5.4446e-6 1.40004e-5 1.83698e-5 0.0 0.0
6.2224e-6 1.40004e-5 1.31389e-5 0.0 0.0
7.0002e-6 1.40004e-5 9.1466e-6 0.0 0.0
7.778e-6 1.40004e-5 2.30107e-5 0.0 0.0
8.5558e-6 1.40004e-5 1.90193e-5 0.0 0.0
9.3336e-6 1.40004e-5 1.71256e-5 0.0 0.0
1.01114e-5 1.40004e-5 9.1762e-6 0.0 0.0
1.08892e-5 1.40004e-5 3.21849e-5 0.0 0.0
1.1667e-5 1.40004e-5 2.68676e-5 0.0 0.0
1.24448e-5 1.40004e-5 1.87985e-5 0.0 0.0
1.32226e-5 1.40004e-5 1.56037e-5 0.0 0.0
1.40004e-5 1.40004e-5 4.0729e-5 0.0 0.0
1.47782e-5 1.40004e-5 2.55661e-5 0.0 0.0
1.5556e-5 1.40004e-5 1.58408e-5 0.0 0.0
1.63338e-5 1.40004e-5 3.42006e-5 0.0 0.0
1.71116e-5 1.40004e-5 1.81942e-5 0.0 0.0
1.78894e-5 1.40004e-5 5.4498e-6 0.0 0.0
1.86672e-5 1.40004e-5 2.33919e-5 0.0 0.0
-9.72251e-5 1.47782e-5 0.0 0.0 0.0
-9.64473e-5 1.47782e-5 1.0e-10 0.0 0.0
-9.56695e-5 1.47782e-5 7.0e-9 0.0 0.0
-9.48917e-5 1.47782e-5 6.0e-10 0.0 0.0
-9.41139e-5 1.47782e-5 3.63e-8 0.0 0.0
-9.33361e-5 1.47782e-5 3.5255e-6 0.0 0.0
-9.25583e-5 1.47782e-5 1.7911e-6 0.0 0.0
-9.17805e-5 1.47782e-5 3.36017e-5 0.0 0.0
-9.10027e-5 1.47782e-5 0.0001193518 0.0 0.0
-9.02249e-5 1.47782e-5 0.0001162715 0.0 0.0
-8.94471e-5 1.47782e-5 0.0003381423 0.0 0.0
-8.86693e-5 1.47782e-5 0.0003702356 0.0 0.0
-8.78915e-5 1.47782e-5 0.0006920539 0.0 0.0
-8.71137e-5 1.47782e-5 0.0011514446 0.0 0.0
-8.63359e-5 1.47782e-5 0.00103097 0.0 0.0
-8.55581e-5 1.47782e-5 0.0009794722 0.0 0.0
-8.47803e-5 1.47782e-5 0.0012547226 0.0 0.0
-8.40025e-5 1.47782e-5 0.0006978934 0.0 0.0
-8.32246e-5 1.47782e-5 0.0009682647 0.0 0.0
-8.24468e-5 1.47782e-5 0.0007137719 0.0 0.0
-8.1669e-5 1.47782e-5 0.0004758099 0.0 0.0
-8.08912e-5 1.47782e-5 0.0007984752 0.0 0.0
-8.01134e-5 1.47782e-5 0.0004221297 0.0 0.0
-7.93356e-5 1.47782e-5 0.0007228669 0.0 0.0
-7.85578e-5 1.47782e-5 0.0004669091 0.0 0.0
-7.778e-5 1.47782e-5 0.0002379533 0.0 0.0
-7.70022e-5 1.47782e-5 0.0005091969 0.0 0.0
-7.62244e-5 1.47782e-5 0.0002862815 0.0 0.0
-7.54466e-5 1.47782e-5 0.0005097505 0.0 0.0
-7.46688e-5 1.47782e-5 0.0002901181 0.0 0.0
-7.3891e-5 1.47782e-5 0.000518825 0.0 0.0
-7.31132e-5 1.47782e-5 0.000221726 0.0 0.0
-7.23354e-5 1.47782e-5 0.0001111659 0.0 0.0
-7.15576e-5 1.47782e-5 0.0003064847 0.0 0.0
-7.07798e-5 1.47782e-5 8.02944e-5 0.0 0.0
-7.0002e-5 1.47782e-5 0.0002777759 0.0 0.0
-6.92242e-5 1.47782e-5 8.91141e-5 0.0 0.0
-6.84464e-5 1.47782e-5 0.0002785151 0.0 0.0
-6.76686e-5 1.47782e-5 8.67766e-5 0.0 0.0
-6.68908e-5 1.47782e-5 0.0002663614 0.0 0.0
-6.6113e-5 1.47782e-5 6.96286e-5 0.0 0.0
-6.53352e-5 1.47782e-5 0.0002445598 0.0 0.0
-6.45574e-5 1.47782e-5 7.87377e-5 0.0 0.0
-6.37796e-5 1.47782e-5 0.0002514482 0.0 0.0
-6.30018e-5 1.47782e-5 0.0001200623 0.0 0.0
-6.2224e-5 1.47782e-5 0.0003212215 0.0 0.0
-6.14462e-5 1.47782e-5 0.0001116572 0.0 0.0
-6.06684e-5 1.47782e-5 0.0002936404 0.0 0.0
-5.98906e-5 1.47782e-5 0.0001241797 0.0 0.0
-5.91128e-5 1.47782e-5 0.0003320473 0.0 0.0
-5.8335e-5 1.47782e-5 0.0002262439 0.0 0.0
-5.75572e-5 1.47782e-5 0.0004123261 0.0 0.0
-5.67794e-5 1.47782e-5 0.0005778522 0.0 0.0
-5.60016e-5 1.47782e-5 0.0002298763 0.0 0.0
-5.52238e-5 1.47782e-5 0.000368913 0.0 0.0
-5.4446e-5 1.47782e-5 0.0001385711 0.0 0.0
-5.36682e-5 1.47782e-5 0.000292454 0.0 0.0
-5.28904e-5 1.47782e-5 0.000101014 0.0 0.0
-5.21126e-5 1.47782e-5 0.0002507807 0.0 0.0
-5.13348e-5 1.47782e-5 0.0004937379 0.0 0.0
-5.0557e-5 1.47782e-5 0.0001623518 0.0 0.0
-4.97792e-5 1.47782e-5 0.0004223976 0.0 0.0
-4.90014e-5 1.47782e-5 0.0001641834 0.0 0.0
-4.82236e-5 1.47782e-5 0.0003825522 0.0 0.0
-4.74458e-5 1.47782e-5 0.0006977879 0.0 0.0
-4.6668e-5 1.47782e-5 0.0003428749 0.0 0.0
-4.58902e-5 1.47782e-5 0.000676713 0.0 0.0
-4.51124e-5 1.47782e-5 0.0003013581 0.0 0.0
-4.43346e-5 1.47782e-5 0.0005576735 0.0 0.0
-4.35568e-5 1.47782e-5 0.0002732976 0.0 0.0
-4.2779e-5 1.47782e-5 0.0005941343 0.0 0.0
-4.20012e-5 1.47782e-5 0.0002774781 0.0 0.0
-4.12234e-5 1.47782e-5 0.0005446196 0.0 0.0
-4.04456e-5 1.47782e-5 0.0003342815 0.0 0.0
-3.96678e-5 1.47782e-5 0.0004942738 0.0 0.0
-3.889e-5 1.47782e-5 0.000735365 0.0 0.0
-3.81122e-5 1.47782e-5 0.0004896946 0.0 0.0
-3.73344e-5 1.47782e-5 0.0008466457 0.0 0.0
-3.65566e-5 1.47782e-5 0.0004250729 0.0 0.0
-3.57788e-5 1.47782e-5 0.0006954765 0.0 0.0
-3.5001e-5 1.47782e-5 0.0009694609 0.0 0.0
-3.42232e-5 1.47782e-5 0.0005361496 0.0 0.0
-3.34454e-5 1.47782e-5 0.0006531284 0.0 0.0
-3.26676e-5 1.47782e-5 0.000927424 0.0 0.0
-3.18898e-5 1.47782e-5 0.0004635282 0.0 0.0
-3.1112e-5 1.47782e-5 0.0005462717 0.0 0.0
-3.03342e-5 1.47782e-5 0.0002394477 0.0 0.0
-2.95564e-5 1.47782e-5 5.40659e-5 0.0 0.0
-2.87786e-5 1.47782e-5 4.11081e-5 0.0 0.0
-2.80008e-5 1.47782e-5 1.68018e-5 0.0 0.0
-2.7223e-5 1.47782e-5 5.3664e-5 0.0 0.0
-2.64452e-5 1.47782e-5 4.13408e-5 0.0 0.0
-2.56674e-5 1.47782e-5 2.11545e-5 0.0 0.0
-2.48896e-5 1.47782e-5 1.34625e-5 0.0 0.0
-2.41118e-5 1.47782e-5 3.6591e-5 0.0 0.0
-2.3334e-5 1.47782e-5 2.29523e-5 0.0 0.0
-2.25562e-5 1.47782e-5 1.07516e-5 0.0 0.0
-2.17784e-5 1.47782e-5 5.0443e-6 0.0 0.0
-2.10006e-5 1.47782e-5 2.02041e-5 0.0 0.0
-2.02228e-5 1.47782e-5 1.00348e-5 0.0 0.0
-1.9445e-5 1.47782e-5 4.3155e-6 0.0 0.0
-1.86672e-5 1.47782e-5 2.28815e-5 0.0 0.0
-1.78894e-5 1.47782e-5 1.09387e-5 0.0 0.0
-1.71116e-5 1.47782e-5 3.6288e-6 0.0 0.0
-1.63338e-5 1.47782e-5 1.8626e-6 0.0 0.0
-1.5556e-5 1.47782e-5 1.23403e-5 0.0 0.0
-1.47782e-5 1.47782e-5 5.0884e-6 0.0 0.0
-1.40004e-5 1.47782e-5 2.2361e-6 0.0 0.0
-1.32226e-5 1.47782e-5 9.727e-7 0.0 0.0
-1.24448e-5 1.47782e-5 7.7079e-6 0.0 0.0
-1.1667e-5 1.47782e-5 5.1762e-6 0.0 0.0
-1.08892e-5 1.47782e-5 1.384e-6 0.0 0.0
-1.01114e-5 1.47782e-5 1.69948e-5 0.0 0.0
-9.3336e-6 1.47782e-5 3.7105e-6 0.0 0.0
-8.5558e-6 1.47782e-5 1.6756e-6 0.0 0.0
-7.778e-6 1.47782e-5 1.83866e-5 0.0 0.0
-7.0002e-6 1.47782e-5 4.5199e-6 0.0 0.0
-6.2224e-6 1.47782e-5 2.0044e-6 0.0 0.0
-5.4446e-6 1.47782e-5 7.595e-7 0.0 0.0
-4.6668e-6 1.47782e-5 1.05809e-5 0.0 0.0
-3.889e-6 1.47782e-5 3.3237e-6 0.0 0.0
-3.1112e-6 1.47782e-5 1.91129e-5 0.0 0.0
-2.3334e-6 1.47782e-5 5.9137e-6 0.0 0.0
-1.5556e-6 1.47782e-5 2.1819e-6 0.0 0.0
-7.778e-7 1.47782e-5 9.521e-7 0.0 0.0
0.0 1.47782e-5 7.5781e-6 0.0 0.0
7.778e-7 1.47782e-5 2.343e-6 0.0 0.0
1.5556e-6 1.47782e-5 1.97253e-5 0.0 0.0
2.3334e-6 1.47782e-5 6.6828e-6 0.0 0.0
3.1112e-6 1.47782e-5 3.4542e-6 0.0 0.0
3.889e-6 1.47782e-5 1.97595e-5 0.0 0.0
4.6668e-6 1.47782e-5 1.09019e-5 0.0 0.0
5.4446e-6 1.47782e-5 7.2117e-6 0.0 0.0
6.2224e-6 1.47782e-5 2.53623e-5 0.0 0.0
7.0002e-6 1.47782e-5 1.83061e-5 0.0 0.0
7.778e-6 1.47782e-5 1.25742e-5 0.0 0.0
8.5558e-6 1.47782e-5 1.00622e-5 0.0 0.0
9.3336e-6 1.47782e-5 3.68778e-5 0.0 0.0
1.01114e-5 1.47782e-5 3.18274e-5 0.0 0.0
1.08892e-5 1.47782e-5 2.05414e-5 0.0 0.0
1.1667e-5 1.47782e-5 1.38867e-5 0.0 0.0
1.24448e-5 1.47782e-5 8.2103e-6 0.0 0.0
1.32226e-5 1.47782e-5 1.90671e-5 0.0 0.0
1.40004e-5 1.47782e-5 9.3631e-6 0.0 0.0
1.47782e-5 1.47782e-5 2.7275e-5 0.0 0.0
1.5556e-5 1.47782e-5 1.58726e-5 0.0 0.0
1.63338e-5 1.47782e-5 3.63837e-5 0.0 0.0
1.71116e-5 1.47782e-5 1.53365e-5 0.0 0.0
1.78894e-5 1.47782e-5 3.5618e-6 0.0 0.0
1.86672e-5 1.47782e-5 1.66378e-5 0.0 0.0
-9.72251e-5 1.5556e-5 1.0e-10 0.0 0.0
-9.64473e-5 1.5556e-5 0.0 0.0 0.0
-9.56695e-5 1.5556e-5 0.0 0.0 0.0
-9.48917e-5 1.5556e-5 2.0e-10 0.0 0.0
-9.41139e-5 1.5556e-5 2.0e-10 0.0 0.0
-9.33361e-5 1.5556e-5 1.37e-8 0.0 0.0
-9.25583e-5 1.5556e-5 1.8811e-6 0.0 0.0
-9.17805e-5 1.5556e-5 3.142e-7 0.0 0.0
-9.10027e-5 1.5556e-5 2.12613e-5 0.0 0.0
-9.02249e-5 1.5556e-5 7.77755e-5 0.0 0.0
-8.94471e-5 1.5556e-5 7.49067e-5 0.0 0.0
-8.86693e-5 1.5556e-5 0.0002926212 0.0 0.0
-8.78915e-5 1.5556e-5 0.0002712943 0.0 0.0
-8.71137e-5 1.5556e-5 0.0005589264 0.0 0.0
-8.63359e-5 1.5556e-5 0.0010060588 0.0 0.0
-8.55581e-5 1.5556e-5 0.0009539627 0.0 0.0
-8.47803e-5 1.5556e-5 0.0013310433 0.0 0.0
-8.40025e-5 1.5556e-5 0.0012133499 0.0 0.0
-8.32246e-5 1.5556e-5 0.0010657947 0.0 0.0
-8.24468e-5 1.5556e-5 0.0008138142 0.0 0.0
-8.1669e-5 1.5556e-5 0.0006755887 0.0 0.0
-8.08912e-5 1.5556e-5 0.0008963748 0.0 0.0
-8.01134e-5 1.5556e-5 0.0006293388 0.0 0.0
-7.93356e-5 1.5556e-5 0.0004144123 0.0 0.0
-7.85578e-5 1.5556e-5 0.0006569621 0.0 0.0
-7.778e-5 1.5556e-5 0.0003617888 0.0 0.0
-7.70022e-5 1.5556e-5 0.000684693 0.0 0.0
-7.62244e-5 1.5556e-5 0.0004108959 0.0 0.0
-7.54466e-5 1.5556e-5 0.0002218881 0.0 0.0
-7.46688e-5 1.5556e-5 0.0004538964 0.0 0.0
-7.3891e-5 1.5556e-5 0.0002001171 0.0 0.0
-7.31132e-5 1.5556e-5 0.0004090905 0.0 0.0
-7.23354e-5 1.5556e-5 0.0001746874 0.0 0.0
-7.15576e-5 1.5556e-5 0.0004165664 0.0 0.0
-7.07798e-5 1.5556e-5 0.0002046461 0.0 0.0
-7.0002e-5 1.5556e-5 0.0004126166 0.0 0.0
-6.92242e-5 1.5556e-5 0.0002394015 0.0 0.0
-6.84464e-5 1.5556e-5 0.0004193846 0.0 0.0
-6.76686e-5 1.5556e-5 0.0001941544 0.0 0.0
-6.68908e-5 1.5556e-5 6.86064e-5 0.0 0.0
-6.6113e-5 1.5556e-5 0.00021995 0.0 0.0
-6.53352e-5 1.5556e-5 0.0005004498 0.0 0.0
-6.45574e-5 1.5556e-5 0.0002116276 0.0 0.0
-6.37796e-5 1.5556e-5 7.37207e-5 0.0 0.0
-6.30018e-5 1.5556e-5 0.0001809597 0.0 0.0
-6.2224e-5 1.5556e-5 0.0004679392 0.0 0.0
-6.14462e-5 1.5556e-5 0.0002482435 0.0 0.0
-6.06684e-5 1.5556e-5 0.0005165278 0.0 0.0
-5.98906e-5 1.5556e-5 0.0002014089 0.0 0.0
-5.91128e-5 1.5556e-5 0.000488551 0.0 0.0
-5.8335e-5 1.5556e-5 0.0002641982 0.0 0.0
-5.75572e-5 1.5556e-5 0.0005753106 0.0 0.0
-5.67794e-5 1.5556e-5 0.0003004075 0.0 0.0
-5.60016e-5 1.5556e-5 0.0005416305 0.0 0.0
-5.52238e-5 1.5556e-5 0.0002037535 0.0 0.0
-5.4446e-5 1.5556e-5 0.0003454317 0.0 0.0
-5.36682e-5 1.5556e-5 0.0006096391 0.0 0.0
-5.28904e-5 1.5556e-5 0.0003059632 0.0 0.0
-5.21126e-5 1.5556e-5 0.0005355607 0.0 0.0
-5.13348e-5 1.5556e-5 0.0002277111 0.0 0.0
-5.0557e-5 1.5556e-5 0.0004782956 0.0 0.0
-4.97792e-5 1.5556e-5 0.0007446088 0.0 0.0
-4.90014e-5 1.5556e-5 0.0004283417 0.0 0.0
-4.82236e-5 1.5556e-5 0.0007311963 0.0 0.0
-4.74458e-5 1.5556e-5 0.0003832623 0.0 0.0
-4.6668e-5 1.5556e-5 0.0007625492 0.0 0.0
-4.58902e-5 1.5556e-5 0.0005068325 0.0 0.0
-4.51124e-5 1.5556e-5 0.0007642953 0.0 0.0
-4.43346e-5 1.5556e-5 0.0004925379 0.0 0.0
-4.35568e-5 1.5556e-5 0.0007786635 0.0 0.0
-4.2779e-5 1.5556e-5 0.0004291352 0.0 0.0
-4.20012e-5 1.5556e-5 0.0009056905 0.0 0.0
-4.12234e-5 1.5556e-5 0.0005104594 0.0 0.0
-4.04456e-5 1.5556e-5 0.0008094667 0.0 0.0
-3.96678e-5 1.5556e-5 0.0004617781 0.0 0.0
-3.889e-5 1.5556e-5 0.0007905736 0.0 0.0
-3.81122e-5 1.5556e-5 0.0004519412 0.0 0.0
-3.73344e-5 1.5556e-5 0.0006847102 0.0 0.0
-3.65566e-5 1.5556e-5 0.0010302652 0.0 0.0
-3.57788e-5 1.5556e-5 0.0005578545 0.0 0.0
-3.5001e-5 1.5556e-5 0.0007328149 0.0 0.0
-3.42232e-5 1.5556e-5 0.0009831066 0.0 0.0
-3.34454e-5 1.5556e-5 0.001017715 0.0 0.0
-3.26676e-5 1.5556e-5 0.0005994947 0.0 0.0
-3.18898e-5 1.5556e-5 0.0002857408 0.0 0.0
-3.1112e-5 1.5556e-5 5.50982e-5 0.0 0.0
-3.03342e-5 1.5556e-5 4.14596e-5 0.0 0.0
-2.95564e-5 1.5556e-5 5.08719e-5 0.0 0.0
-2.87786e-5 1.5556e-5 3.80997e-5 0.0 0.0
-2.80008e-5 1.5556e-5 1.87531e-5 0.0 0.0
-2.7223e-5 1.5556e-5 1.22107e-5 0.0 0.0
-2.64452e-5 1.5556e-5 4.43441e-5 0.0 0.0
-2.56674e-5 1.5556e-5 2.67181e-5 0.0 0.0
-2.48896e-5 1.5556e-5 1.40508e-5 0.0 0.0
-2.41118e-5 1.5556e-5 9.512e-6 0.0 0.0
-2.3334e-5 1.5556e-5 4.27383e-5 0.0 0.0
-2.25562e-5 1.5556e-5 1.78003e-5 0.0 0.0
-2.17784e-5 1.5556e-5 1.14506e-5 0.0 0.0
-2.10006e-5 1.5556e-5 4.7002e-6 0.0 0.0
-2.02228e-5 1.5556e-5 1.87266e-5 0.0 0.0
-1.9445e-5 1.5556e-5 1.08008e-5 0.0 0.0
-1.86672e-5 1.5556e-5 5.8854e-6 0.0 0.0
-1.78894e-5 1.5556e-5 2.3798e-6 0.0 0.0
-1.71116e-5 1.5556e-5 1.21382e-5 0.0 0.0
-1.63338e-5 1.5556e-5 5.1552e-6 0.0 0.0
-1.5556e-5 1.5556e-5 1.551e-6 0.0 0.0
-1.47782e-5 1.5556e-5 1.02311e-5 0.0 0.0
-1.40004e-5 1.5556e-5 7.0084e-6 0.0 0.0
-1.32226e-5 1.5556e-5 2.2204e-6 0.0 0.0
-1.24448e-5 1.5556e-5 1.70636e-5 0.0 0.0
-1.1667e-5 1.5556e-5 6.4502e-6 0.0 0.0
-1.08892e-5 1.5556e-5 2.0857e-6 0.0 0.0
-1.01114e-5 1.5556e-5 2.45249e-5 0.0 0.0
-9.3336e-6 1.5556e-5 9.1799e-6 0.0 0.0
-8.5558e-6 1.5556e-5 3.0295e-6 0.0 0.0
-7.778e-6 1.5556e-5 7.348e-7 0.0 0.0
-7.0002e-6 1.5556e-5 1.20711e-5 0.0 0.0
-6.2224e-6 1.5556e-5 4.3493e-6 0.0 0.0
-5.4446e-6 1.5556e-5 1.1576e-6 0.0 0.0
-4.6668e-6 1.5556e-5 1.19281e-5 0.0 0.0
-3.889e-6 1.5556e-5 2.7609e-6 0.0 0.0
-3.1112e-6 1.5556e-5 2.26415e-5 0.0 0.0
-2.3334e-6 1.5556e-5 1.15441e-5 0.0 0.0
-1.5556e-6 1.5556e-5 3.1444e-6 0.0 0.0
-7.778e-7 1.5556e-5 2.6024e-5 0.0 0.0
0.0 1.5556e-5 1.47107e-5 0.0 0.0
7.778e-7 1.5556e-5 5.9892e-6 0.0 0.0
1.5556e-6 1.5556e-5 3.9082e-6 0.0 0.0
2.3334e-6 1.5556e-5 1.64491e-5 0.0 0.0
3.1112e-6 1.5556e-5 1.36005e-5 0.0 0.0
3.889e-6 1.5556e-5 9.3229e-6 0.0 0.0
4.6668e-6 1.5556e-5 2.88024e-5 0.0 0.0
5.4446e-6 1.5556e-5 2.16291e-5 0.0 0.0
6.2224e-6 1.5556e-5 1.37495e-5 0.0 0.0
7.0002e-6 1.5556e-5 4.25274e-5 0.0 0.0
7.778e-6 1.5556e-5 3.82405e-5 0.0 0.0
8.5558e-6 1.5556e-5 2.75961e-5 0.0 0.0
9.3336e-6 1.5556e-5 1.94815e-5 0.0 0.0
1.01114e-5 1.5556e-5 9.3164e-6 0.0 0.0
1.08892e-5 1.5556e-5 3.15284e-5 0.0 0.0
1.1667e-5 1.5556e-5 1.62509e-5 0.0 0.0
1.24448e-5 1.5556e-5 6.8695e-6 0.0 0.0
1.32226e-5 1.5556e-5 1.99327e-5 0.0 0.0
1.40004e-5 1.5556e-5 8.2717e-6 0.0 0.0
1.47782e-5 1.5556e-5 2.64904e-5 0.0 0.0
1.5556e-5 1.5556e-5 9.5022e-6 0.0 0.0
1.63338e-5 1.5556e-5 3.10068e-5 0.0 0.0
1.71116e-5 1.5556e-5 1.56531e-5 0.0 0.0
1.78894e-5 1.5556e-5 2.9736e-5 0.0 0.0
1.86672e-5 1.5556e-5 9.6919e-6 0.0 0.0
-9.72251e-5 1.63338e-5 0.0 0.0 0.0
-9.64473e-5 1.63338e-5 0.0 0.0 0.0
-9.56695e-5 1.63338e-5 0.0 0.0 0.0
-9.48917e-5 1.63338e-5 0.0 0.0 0.0
-9.41139e-5 1.63338e-5 1.0e-10 0.0 0.0
-9.33361e-5 1.63338e-5 0.0 0.0 0.0
-9.25583e-5 1.63338e-5 3.0e-9 0.0 0.0
-9.17805e-5 1.63338e-5 6.143e-7 0.0 0.0
-9.10027e-5 1.63338e-5 9.63e-8 0.0 0.0
-9.02249e-5 1.63338e-5 8.9213e-6 0.0 0.0
-8.94471e-5 1.63338e-5 2.494e-6 0.0 0.0
-8.86693e-5 1.63338e-5 4.33853e-5 0.0 0.0
-8.78915e-5 1.63338e-5 0.0001932426 0.0 0.0
-8.71137e-5 1.63338e-5 0.0002001774 0.0 0.0
-8.63359e-5 1.63338e-5 0.0004916457 0.0 0.0
-8.55581e-5 1.63338e-5 0.0004979307 0.0 0.0
-8.47803e-5 1.63338e-5 0.0008235175 0.0 0.0
-8.40025e-5 1.63338e-5 0.0012501773 0.0 0.0
-8.32246e-5 1.63338e-5 0.0010832783 0.0 0.0
-8.24468e-5 1.63338e-5 0.0009941947 0.0 0.0
-8.1669e-5 1.63338e-5 0.0007797565 0.0 0.0
-8.08912e-5 1.63338e-5 0.0010833414 0.0 0.0
-8.01134e-5 1.63338e-5 0.0008841916 0.0 0.0
-7.93356e-5 1.63338e-5 0.0006147928 0.0 0.0
-7.85578e-5 1.63338e-5 0.0004019393 0.0 0.0
-7.778e-5 1.63338e-5 0.0006363904 0.0 0.0
-7.70022e-5 1.63338e-5 0.0003475789 0.0 0.0
-7.62244e-5 1.63338e-5 0.000539318 0.0 0.0
-7.54466e-5 1.63338e-5 0.000319074 0.0 0.0
-7.46688e-5 1.63338e-5 0.0006082764 0.0 0.0
-7.3891e-5 1.63338e-5 0.0003699498 0.0 0.0
-7.31132e-5 1.63338e-5 0.0001960168 0.0 0.0
-7.23354e-5 1.63338e-5 0.0004046801 0.0 0.0
-7.15576e-5 1.63338e-5 0.0005624022 0.0 0.0
-7.07798e-5 1.63338e-5 0.000338847 0.0 0.0
-7.0002e-5 1.63338e-5 0.0005710835 0.0 0.0
-6.92242e-5 1.63338e-5 0.0003528318 0.0 0.0
-6.84464e-5 1.63338e-5 0.0001871892 0.0 0.0
-6.76686e-5 1.63338e-5 0.0003679896 0.0 0.0
-6.68908e-5 1.63338e-5 0.0001770839 0.0 0.0
-6.6113e-5 1.63338e-5 0.0003301226 0.0 0.0
-6.53352e-5 1.63338e-5 0.0001982108 0.0 0.0
-6.45574e-5 1.63338e-5 0.0004100964 0.0 0.0
-6.37796e-5 1.63338e-5 0.0001988089 0.0 0.0
-6.30018e-5 1.63338e-5 0.0004331268 0.0 0.0
-6.2224e-5 1.63338e-5 0.0001840348 0.0 0.0
-6.14462e-5 1.63338e-5 0.0004151769 0.0 0.0
-6.06684e-5 1.63338e-5 0.0001676966 0.0 0.0
-5.98906e-5 1.63338e-5 0.0004123726 0.0 0.0
-5.91128e-5 1.63338e-5 0.0001833024 0.0 0.0
-5.8335e-5 1.63338e-5 0.0004874113 0.0 0.0
-5.75572e-5 1.63338e-5 0.0002600024 0.0 0.0
-5.67794e-5 1.63338e-5 0.0005171424 0.0 0.0
-5.60016e-5 1.63338e-5 0.0007988249 0.0 0.0
-5.52238e-5 1.63338e-5 0.0004545603 0.0 0.0
-5.4446e-5 1.63338e-5 0.0006195661 0.0 0.0
-5.36682e-5 1.63338e-5 0.0003048742 0.0 0.0
-5.28904e-5 1.63338e-5 0.0005251708 0.0 0.0
-5.21126e-5 1.63338e-5 0.0008131412 0.0 0.0
-5.13348e-5 1.63338e-5 0.0005408473 0.0 0.0
-5.0557e-5 1.63338e-5 0.0007337509 0.0 0.0
-4.97792e-5 1.63338e-5 0.0004599991 0.0 0.0
-4.90014e-5 1.63338e-5 0.0002763741 0.0 0.0
-4.82236e-5 1.63338e-5 0.0005346235 0.0 0.0
-4.74458e-5 1.63338e-5 0.0007539615 0.0 0.0
-4.6668e-5 1.63338e-5 0.000551431 0.0 0.0
-4.58902e-5 1.63338e-5 0.0009015913 0.0 0.0
-4.51124e-5 1.63338e-5 0.0006396178 0.0 0.0
-4.43346e-5 1.63338e-5 0.0003906403 0.0 0.0
-4.35568e-5 1.63338e-5 0.0007628864 0.0 0.0
-4.2779e-5 1.63338e-5 0.0003811091 0.0 0.0
-4.20012e-5 1.63338e-5 0.0007101798 0.0 0.0
-4.12234e-5 1.63338e-5 0.0003994215 0.0 0.0
-4.04456e-5 1.63338e-5 0.000641997 0.0 0.0
-3.96678e-5 1.63338e-5 0.0009738518 0.0 0.0
-3.889e-5 1.63338e-5 0.0005947037 0.0 0.0
-3.81122e-5 1.63338e-5 0.000877206 0.0 0.0
-3.73344e-5 1.63338e-5 0.0010668835 0.0 0.0
-3.65566e-5 1.63338e-5 0.0012768764 0.0 0.0
-3.57788e-5 1.63338e-5 0.0007884287 0.0 0.0
-3.5001e-5 1.63338e-5 0.0010593223 0.0 0.0
-3.42232e-5 1.63338e-5 0.0005637315 0.0 0.0
-3.34454e-5 1.63338e-5 0.0002544326 0.0 0.0
-3.26676e-5 1.63338e-5 0.0003334641 0.0 0.0
-3.18898e-5 1.63338e-5 6.20503e-5 0.0 0.0
-3.1112e-5 1.63338e-5 1.9012e-5 0.0 0.0
-3.03342e-5 1.63338e-5 3.94529e-5 0.0 0.0
-2.95564e-5 1.63338e-5 2.11714e-5 0.0 0.0
-2.87786e-5 1.63338e-5 1.37874e-5 0.0 0.0
-2.80008e-5 1.63338e-5 4.3397e-5 0.0 0.0
-2.7223e-5 1.63338e-5 2.14502e-5 0.0 0.0
-2.64452e-5 1.63338e-5 1.12503e-5 0.0 0.0
-2.56674e-5 1.63338e-5 4.18318e-5 0.0 0.0
-2.48896e-5 1.63338e-5 2.78714e-5 0.0 0.0
-2.41118e-5 1.63338e-5 1.48006e-5 0.0 0.0
-2.3334e-5 1.63338e-5 6.335e-6 0.0 0.0
-2.25562e-5 1.63338e-5 3.14837e-5 0.0 0.0
-2.17784e-5 1.63338e-5 1.27185e-5 0.0 0.0
-2.10006e-5 1.63338e-5 7.5485e-6 0.0 0.0
-2.02228e-5 1.63338e-5 3.31826e-5 0.0 0.0
-1.9445e-5 1.63338e-5 1.86132e-5 0.0 0.0
-1.86672e-5 1.63338e-5 8.5134e-6 0.0 0.0
-1.78894e-5 1.63338e-5 4.1999e-6 0.0 0.0
-1.71116e-5 1.63338e-5 2.20763e-5 0.0 0.0
-1.63338e-5 1.63338e-5 1.04943e-5 0.0 0.0
-1.5556e-5 1.63338e-5 4.4608e-6 0.0 0.0
-1.47782e-5 1.63338e-5 2.59738e-5 0.0 0.0
-1.40004e-5 1.63338e-5 1.1739e-5 0.0 0.0
-1.32226e-5 1.63338e-5 3.8873e-6 0.0 0.0
-1.24448e-5 1.63338e-5 1.541e-6 0.0 0.0
-1.1667e-5 1.63338e-5 1.26394e-5 0.0 0.0
-1.08892e-5 1.63338e-5 5.4706e-6 0.0 0.0
-1.01114e-5 1.63338e-5 1.6766e-6 0.0 0.0
-9.3336e-6 1.63338e-5 1.29733e-5 0.0 0.0
-8.5558e-6 1.63338e-5 4.9016e-6 0.0 0.0
-7.778e-6 1.63338e-5 1.2574e-6 0.0 0.0
-7.0002e-6 1.63338e-5 1.88447e-5 0.0 0.0
-6.2224e-6 1.63338e-5 5.1151e-6 0.0 0.0
-5.4446e-6 1.63338e-5 2.7486e-6 0.0 0.0
-4.6668e-6 1.63338e-5 1.9369e-5 0.0 0.0
-3.889e-6 1.63338e-5 1.12678e-5 0.0 0.0
-3.1112e-6 1.63338e-5 2.9586e-6 0.0 0.0
-2.3334e-6 1.63338e-5 1.99798e-5 0.0 0.0
-1.5556e-6 1.63338e-5 9.848e-6 0.0 0.0
-7.778e-7 1.63338e-5 5.3199e-6 0.0 0.0
0.0 1.63338e-5 2.87481e-5 0.0 0.0
7.778e-7 1.63338e-5 1.69789e-5 0.0 0.0
1.5556e-6 1.63338e-5 1.18291e-5 0.0 0.0
2.3334e-6 1.63338e-5 3.85342e-5 0.0 0.0
3.1112e-6 1.63338e-5 3.03411e-5 0.0 0.0
3.889e-6 1.63338e-5 2.21453e-5 0.0 0.0
4.6668e-6 1.63338e-5 1.68702e-5 0.0 0.0
5.4446e-6 1.63338e-5 4.51646e-5 0.0 0.0
6.2224e-6 1.63338e-5 3.50707e-5 0.0 0.0
7.0002e-6 1.63338e-5 2.2874e-5 0.0 0.0
7.778e-6 1.63338e-5 1.73661e-5 0.0 0.0
8.5558e-6 1.63338e-5 9.8681e-6 0.0 0.0
9.3336e-6 1.63338e-5 2.33396e-5 0.0 0.0
1.01114e-5 1.63338e-5 1.24191e-5 0.0 0.0
1.08892e-5 1.63338e-5 3.73097e-5 0.0 0.0
1.1667e-5 1.63338e-5 1.43934e-5 0.0 0.0
1.24448e-5 1.63338e-5 6.187e-6 0.0 0.0
1.32226e-5 1.63338e-5 1.98839e-5 0.0 0.0
1.40004e-5 1.63338e-5 8.2495e-6 0.0 0.0
1.47782e-5 1.63338e-5 2.38203e-5 0.0 0.0
1.5556e-5 1.63338e-5 7.0112e-6 0.0 0.0
1.63338e-5 1.63338e-5 2.16709e-5 0.0 0.0
1.71116e-5 1.63338e-5 5.9402e-6 0.0 0.0
1.78894e-5 1.63338e-5 2.57761e-5 0.0 0.0
1.86672e-5 1.63338e-5 7.3639e-6 0.0 0.0
-9.72251e-5 1.71116e-5 0.0 0.0 0.0
-9.64473e-5 1.71116e-5 0.0 0.0 0.0
-9.56695e-5 1.71116e-5 0.0 0.0 0.0
-9.48917e-5 1.71116e-5 0.0 0.0 0.0
-9.41139e-5 1.71116e-5 0.0 0.0 0.0
-9.33361e-5 1.71116e-5 1.0e-10 0.0 0.0
-9.25583e-5 1.71116e-5 0.0 0.0 0.0
-9.17805e-5 1.71116e-5 1.5e-9 0.0 0.0
-9.10027e-5 1.71116e-5 4.184e-7 0.0 0.0
-9.02249e-5 1.71116e-5 4.91e-8 0.0 0.0
-8.94471e-5 1.71116e-5 4.6977e-6 0.0 0.0
-8.86693e-5 1.71116e-5 1.5535e-6 0.0 0.0
-8.78915e-5 1.71116e-5 2.61848e-5 0.0 0.0
-8.71137e-5 1.71116e-5 2.69397e-5 0.0 0.0
-8.63359e-5 1.71116e-5 0.0001285366 0.0 0.0
-8.55581e-5 1.71116e-5 0.0003755753 0.0 0.0
-8.47803e-5 1.71116e-5 0.0003844458 0.0 0.0
-8.40025e-5 1.71116e-5 0.0006550801 0.0 0.0
-8.32246e-5 1.71116e-5 0.0006858006 0.0 0.0
-8.24468e-5 1.71116e-5 0.0010061732 0.0 0.0
-8.1669e-5 1.71116e-5 0.0009292011 0.0 0.0
-8.08912e-5 1.71116e-5 0.0011864158 0.0 0.0
-8.01134e-5 1.71116e-5 0.0010628831 0.0 0.0
-7.93356e-5 1.71116e-5 0.0008246138 0.0 0.0
-7.85578e-5 1.71116e-5 0.0005985812 0.0 0.0
-7.778e-5 1.71116e-5 0.0008369553 0.0 0.0
-7.70022e-5 1.71116e-5 0.0006461821 0.0 0.0
-7.62244e-5 1.71116e-5 0.0008273704 0.0 0.0
-7.54466e-5 1.71116e-5 0.0005943837 0.0 0.0
-7.46688e-5 1.71116e-5 0.0003464688 0.0 0.0
-7.3891e-5 1.71116e-5 0.000570297 0.0 0.0
-7.31132e-5 1.71116e-5 0.0003661437 0.0 0.0
-7.23354e-5 1.71116e-5 0.0006166159 0.0 0.0
-7.15576e-5 1.71116e-5 0.0003299216 0.0 0.0
-7.07798e-5 1.71116e-5 0.0005397899 0.0 0.0
-7.0002e-5 1.71116e-5 0.0002838434 0.0 0.0
-6.92242e-5 1.71116e-5 0.0005276285 0.0 0.0
-6.84464e-5 1.71116e-5 0.0003258045 0.0 0.0
-6.76686e-5 1.71116e-5 0.00061128 0.0 0.0
-6.68908e-5 1.71116e-5 0.000356796 0.0 0.0
-6.6113e-5 1.71116e-5 0.000621891 0.0 0.0
-6.53352e-5 1.71116e-5 0.0003310858 0.0 0.0
-6.45574e-5 1.71116e-5 0.0006295869 0.0 0.0
-6.37796e-5 1.71116e-5 0.0003609801 0.0 0.0
-6.30018e-5 1.71116e-5 0.0006181618 0.0 0.0
-6.2224e-5 1.71116e-5 0.0003140549 0.0 0.0
-6.14462e-5 1.71116e-5 0.0005744906 0.0 0.0
-6.06684e-5 1.71116e-5 0.0003942486 0.0 0.0
-5.98906e-5 1.71116e-5 0.0006063861 0.0 0.0
-5.91128e-5 1.71116e-5 0.000361139 0.0 0.0
-5.8335e-5 1.71116e-5 0.0006095549 0.0 0.0
-5.75572e-5 1.71116e-5 0.000383462 0.0 0.0
-5.67794e-5 1.71116e-5 0.0006088125 0.0 0.0
-5.60016e-5 1.71116e-5 0.0004977743 0.0 0.0
-5.52238e-5 1.71116e-5 0.0007682546 0.0 0.0
-5.4446e-5 1.71116e-5 0.0005355349 0.0 0.0
-5.36682e-5 1.71116e-5 0.0006167861 0.0 0.0
-5.28904e-5 1.71116e-5 0.0004488379 0.0 0.0
-5.21126e-5 1.71116e-5 0.0005415146 0.0 0.0
-5.13348e-5 1.71116e-5 0.0003743361 0.0 0.0
-5.0557e-5 1.71116e-5 0.0005927222 0.0 0.0
-4.97792e-5 1.71116e-5 0.0008497396 0.0 0.0
-4.90014e-5 1.71116e-5 0.0006790759 0.0 0.0
-4.82236e-5 1.71116e-5 0.00043485 0.0 0.0
-4.74458e-5 1.71116e-5 0.0007135997 0.0 0.0
-4.6668e-5 1.71116e-5 0.0005357755 0.0 0.0
-4.58902e-5 1.71116e-5 0.0007564935 0.0 0.0
-4.51124e-5 1.71116e-5 0.0005263004 0.0 0.0
-4.43346e-5 1.71116e-5 0.0009166899 0.0 0.0
-4.35568e-5 1.71116e-5 0.000572291 0.0 0.0
-4.2779e-5 1.71116e-5 0.0009660358 0.0 0.0
-4.20012e-5 1.71116e-5 0.0005915387 0.0 0.0
-4.12234e-5 1.71116e-5 0.0008293954 0.0 0.0
-4.04456e-5 1.71116e-5 0.0005935077 0.0 0.0
-3.96678e-5 1.71116e-5 0.0007111239 0.0 0.0
-3.889e-5 1.71116e-5 0.0008885331 0.0 0.0
-3.81122e-5 1.71116e-5 0.0011717872 0.0 0.0
-3.73344e-5 1.71116e-5 0.0013600389 0.0 0.0
-3.65566e-5 1.71116e-5 0.0008343285 0.0 0.0
-3.57788e-5 1.71116e-5 0.000519307 0.0 0.0
-3.5001e-5 1.71116e-5 0.0002302129 0.0 0.0
-3.42232e-5 1.71116e-5 0.0002727338 0.0 0.0
-3.34454e-5 1.71116e-5 9.18872e-5 0.0 0.0
-3.26676e-5 1.71116e-5 9.87887e-5 0.0 0.0
-3.18898e-5 1.71116e-5 3.06965e-5 0.0 0.0
-3.1112e-5 1.71116e-5 5.90863e-5 0.0 0.0
-3.03342e-5 1.71116e-5 3.28716e-5 0.0 0.0
-2.95564e-5 1.71116e-5 1.21049e-5 0.0 0.0
-2.87786e-5 1.71116e-5 3.90555e-5 0.0 0.0
-2.80008e-5 1.71116e-5 1.68759e-5 0.0 0.0
-2.7223e-5 1.71116e-5 4.09112e-5 0.0 0.0
-2.64452e-5 1.71116e-5 2.77884e-5 0.0 0.0
-2.56674e-5 1.71116e-5 1.06428e-5 0.0 0.0
-2.48896e-5 1.71116e-5 4.64426e-5 0.0 0.0
-2.41118e-5 1.71116e-5 2.65007e-5 0.0 0.0
-2.3334e-5 1.71116e-5 9.5604e-6 0.0 0.0
-2.25562e-5 1.71116e-5 4.38845e-5 0.0 0.0
-2.17784e-5 1.71116e-5 3.50154e-5 0.0 0.0
-2.10006e-5 1.71116e-5 1.3136e-5 0.0 0.0
-2.02228e-5 1.71116e-5 6.5621e-6 0.0 0.0
-1.9445e-5 1.71116e-5 3.49311e-5 0.0 0.0
-1.86672e-5 1.71116e-5 1.65683e-5 0.0 0.0
-1.78894e-5 1.71116e-5 8.6811e-6 0.0 0.0
-1.71116e-5 1.71116e-5 3.5201e-6 0.0 0.0
-1.63338e-5 1.71116e-5 2.37863e-5 0.0 0.0
-1.5556e-5 1.71116e-5 8.0332e-6 0.0 0.0
-1.47782e-5 1.71116e-5 2.5907e-6 0.0 0.0
-1.40004e-5 1.71116e-5 2.1239e-5 0.0 0.0
-1.32226e-5 1.71116e-5 7.3206e-6 0.0 0.0
-1.24448e-5 1.71116e-5 3.0234e-6 0.0 0.0
-1.1667e-5 1.71116e-5 1.93261e-5 0.0 0.0
-1.08892e-5 1.71116e-5 9.0731e-6 0.0 0.0
-1.01114e-5 1.71116e-5 3.1777e-6 0.0 0.0
-9.3336e-6 1.71116e-5 2.54204e-5 0.0 0.0
-8.5558e-6 1.71116e-5 1.39752e-5 0.0 0.0
-7.778e-6 1.71116e-5 4.7004e-6 0.0 0.0
-7.0002e-6 1.71116e-5 2.7273e-5 0.0 0.0
-6.2224e-6 1.71116e-5 1.29629e-5 0.0 0.0
-5.4446e-6 1.71116e-5 5.6057e-6 0.0 0.0
-4.6668e-6 1.71116e-5 2.76e-6 0.0 0.0
-3.889e-6 1.71116e-5 1.90833e-5 0.0 0.0
-3.1112e-6 1.71116e-5 1.00921e-5 0.0 0.0
-2.3334e-6 1.71116e-5 6.7767e-6 0.0 0.0
-1.5556e-6 1.71116e-5 2.57933e-5 0.0 0.0
-7.778e-7 1.71116e-5 1.91587e-5 0.0 0.0
0.0 1.71116e-5 1.20998e-5 0.0 0.0
7.778e-7 1.71116e-5 1.22853e-5 0.0 0.0
1.5556e-6 1.71116e-5 3.42058e-5 0.0 0.0
2.3334e-6 1.71116e-5 2.12757e-5 0.0 0.0
3.1112e-6 1.71116e-5 2.02602e-5 0.0 0.0
3.889e-6 1.71116e-5 1.55804e-5 0.0 0.0
4.6668e-6 1.71116e-5 3.55253e-5 0.0 0.0
5.4446e-6 1.71116e-5 2.34446e-5 0.0 0.0
6.2224e-6 1.71116e-5 1.42051e-5 0.0 0.0
7.0002e-6 1.71116e-5 3.74389e-5 0.0 0.0
7.778e-6 1.71116e-5 2.56968e-5 0.0 0.0
8.5558e-6 1.71116e-5 1.18932e-5 0.0 0.0
9.3336e-6 1.71116e-5 3.14075e-5 0.0 0.0
1.01114e-5 1.71116e-5 1.189e-5 0.0 0.0
1.08892e-5 1.71116e-5 4.3292e-6 0.0 0.0
1.1667e-5 1.71116e-5 1.59174e-5 0.0 0.0
1.24448e-5 1.71116e-5 3.8572e-6 0.0 0.0
1.32226e-5 1.71116e-5 1.73667e-5 0.0 0.0
1.40004e-5 1.71116e-5 4.835e-6 0.0 0.0
1.47782e-5 1.71116e-5 2.5119e-5 0.0 0.0
1.5556e-5 1.71116e-5 3.8773e-6 0.0 0.0
1.63338e-5 1.71116e-5 1.85004e-5 0.0 0.0
1.71116e-5 1.71116e-5 7.1072e-6 0.0 0.0
1.78894e-5 1.71116e-5 1.43486e-5 0.0 0.0
1.86672e-5 1.71116e-5 4.8692e-6 0.0 0.0
-9.72251e-5 1.78894e-5 0.0 0.0 0.0
-9.64473e-5 1.78894e-5 0.0 0.0 0.0
-9.56695e-5 1.78894e-5 0.0 0.0 0.0
-9.48917e-5 1.78894e-5 0.0 0.0 0.0
-9.41139e-5 1.78894e-5 0.0 0.0 0.0
-9.33361e-5 1.78894e-5 0.0 0.0 0.0
-9.25583e-5 1.78894e-5 0.0 0.0 0.0
-9.17805e-5 1.78894e-5 0.0 0.0 0.0
-9.10027e-5 1.78894e-5 6.0e-10 0.0 0.0
-9.02249e-5 1.78894e-5 3.0e-10 0.0 0.0
-8.94471e-5 1.78894e-5 2.0e-8 0.0 0.0
-8.86693e-5 1.78894e-5 1.4378e-6 0.0 0.0
-8.78915e-5 1.78894e-5 3.53e-7 0.0 0.0
-8.71137e-5 1.78894e-5 9.9684e-6 0.0 0.0
-8.63359e-5 1.78894e-5 9.9798e-6 0.0 0.0
-8.55581e-5 1.78894e-5 8.76e-5 0.0 0.0
-8.47803e-5 1.78894e-5 9.31431e-5 0.0 0.0
-8.40025e-5 1.78894e-5 0.0002418198 0.0 0.0
-8.32246e-5 1.78894e-5 0.0006225846 0.0 0.0
-8.24468e-5 1.78894e-5 0.0005141417 0.0 0.0
-8.1669e-5 1.78894e-5 0.0009324408 0.0 0.0
-8.08912e-5 1.78894e-5 0.0007519589 0.0 0.0
-8.01134e-5 1.78894e-5 0.001102891 0.0 0.0
-7.93356e-5 1.78894e-5 0.000933436 0.0 0.0
-7.85578e-5 1.78894e-5 0.000734798 0.0 0.0
-7.778e-5 1.78894e-5 0.0009497776 0.0 0.0
-7.70022e-5 1.78894e-5 0.0008295319 0.0 0.0
-7.62244e-5 1.78894e-5 0.0005126524 0.0 0.0
-7.54466e-5 1.78894e-5 0.0008450692 0.0 0.0
-7.46688e-5 1.78894e-5 0.0005266667 0.0 0.0
-7.3891e-5 1.78894e-5 0.0003658942 0.0 0.0
-7.31132e-5 1.78894e-5 0.0005637246 0.0 0.0
-7.23354e-5 1.78894e-5 0.0003899541 0.0 0.0
-7.15576e-5 1.78894e-5 0.0005231395 0.0 0.0
-7.07798e-5 1.78894e-5 0.0003206786 0.0 0.0
-7.0002e-5 1.78894e-5 0.000555066 0.0 0.0
-6.92242e-5 1.78894e-5 0.000307375 0.0 0.0
-6.84464e-5 1.78894e-5 0.000516074 0.0 0.0
-6.76686e-5 1.78894e-5 0.0003289047 0.0 0.0
-6.68908e-5 1.78894e-5 0.0005421388 0.0 0.0
-6.6113e-5 1.78894e-5 0.0003751561 0.0 0.0
-6.53352e-5 1.78894e-5 0.0005957046 0.0 0.0
-6.45574e-5 1.78894e-5 0.000327527 0.0 0.0
-6.37796e-5 1.78894e-5 0.0005775637 0.0 0.0
-6.30018e-5 1.78894e-5 0.0003681329 0.0 0.0
-6.2224e-5 1.78894e-5 0.0005724332 0.0 0.0
-6.14462e-5 1.78894e-5 0.0003706511 0.0 0.0
-6.06684e-5 1.78894e-5 0.0005223311 0.0 0.0
-5.98906e-5 1.78894e-5 0.0003406834 0.0 0.0
-5.91128e-5 1.78894e-5 0.0005914969 0.0 0.0
-5.8335e-5 1.78894e-5 0.0003815905 0.0 0.0
-5.75572e-5 1.78894e-5 0.0006206747 0.0 0.0
-5.67794e-5 1.78894e-5 0.0003496322 0.0 0.0
-5.60016e-5 1.78894e-5 0.0006195611 0.0 0.0
-5.52238e-5 1.78894e-5 0.000551483 0.0 0.0
-5.4446e-5 1.78894e-5 0.000832092 0.0 0.0
-5.36682e-5 1.78894e-5 0.0006069281 0.0 0.0
-5.28904e-5 1.78894e-5 0.0009523553 0.0 0.0
-5.21126e-5 1.78894e-5 0.0006217881 0.0 0.0
-5.13348e-5 1.78894e-5 0.0008509147 0.0 0.0
-5.0557e-5 1.78894e-5 0.0006487768 0.0 0.0
-4.97792e-5 1.78894e-5 0.0009078259 0.0 0.0
-4.90014e-5 1.78894e-5 0.0006274017 0.0 0.0
-4.82236e-5 1.78894e-5 0.0004646317 0.0 0.0
-4.74458e-5 1.78894e-5 0.0007341581 0.0 0.0
-4.6668e-5 1.78894e-5 0.0004923902 0.0 0.0
-4.58902e-5 1.78894e-5 0.0006687388 0.0 0.0
-4.51124e-5 1.78894e-5 0.0010373143 0.0 0.0
-4.43346e-5 1.78894e-5 0.0007472471 0.0 0.0
-4.35568e-5 1.78894e-5 0.0009242337 0.0 0.0
-4.2779e-5 1.78894e-5 0.0006597484 0.0 0.0
-4.20012e-5 1.78894e-5 0.0009385276 0.0 0.0
-4.12234e-5 1.78894e-5 0.0012318752 0.0 0.0
-4.04456e-5 1.78894e-5 0.0008350441 0.0 0.0
-3.96678e-5 1.78894e-5 0.0010906605 0.0 0.0
-3.889e-5 1.78894e-5 0.0013308021 0.0 0.0
-3.81122e-5 1.78894e-5 0.0008649009 0.0 0.0
-3.73344e-5 1.78894e-5 0.0004369273 0.0 0.0
-3.65566e-5 1.78894e-5 0.0005371632 0.0 0.0
-3.57788e-5 1.78894e-5 0.0002175886 0.0 0.0
-3.5001e-5 1.78894e-5 3.82198e-5 0.0 0.0
-3.42232e-5 1.78894e-5 0.0001066606 0.0 0.0
-3.34454e-5 1.78894e-5 4.50436e-5 0.0 0.0
-3.26676e-5 1.78894e-5 3.21417e-5 0.0 0.0
-3.18898e-5 1.78894e-5 6.66656e-5 0.0 0.0
-3.1112e-5 1.78894e-5 5.0488e-5 0.0 0.0
-3.03342e-5 1.78894e-5 2.51293e-5 0.0 0.0
-2.95564e-5 1.78894e-5 5.12241e-5 0.0 0.0
-2.87786e-5 1.78894e-5 2.96603e-5 0.0 0.0
-2.80008e-5 1.78894e-5 5.49341e-5 0.0 0.0
-2.7223e-5 1.78894e-5 3.32406e-5 0.0 0.0
-2.64452e-5 1.78894e-5 1.43089e-5 0.0 0.0
-2.56674e-5 1.78894e-5 4.0565e-5 0.0 0.0
-2.48896e-5 1.78894e-5 2.18575e-5 0.0 0.0
-2.41118e-5 1.78894e-5 7.1161e-6 0.0 0.0
-2.3334e-5 1.78894e-5 3.04191e-5 0.0 0.0
-2.25562e-5 1.78894e-5 1.54219e-5 0.0 0.0
-2.17784e-5 1.78894e-5 7.4695e-6 0.0 0.0
-2.10006e-5 1.78894e-5 3.38389e-5 0.0 0.0
-2.02228e-5 1.78894e-5 1.88516e-5 0.0 0.0
-1.9445e-5 1.78894e-5 6.2978e-6 0.0 0.0
-1.86672e-5 1.78894e-5 4.00961e-5 0.0 0.0
-1.78894e-5 1.78894e-5 2.03431e-5 0.0 0.0
-1.71116e-5 1.78894e-5 6.9621e-6 0.0 0.0
-1.63338e-5 1.78894e-5 3.1896e-5 0.0 0.0
-1.5556e-5 1.78894e-5 1.94115e-5 0.0 0.0
-1.47782e-5 1.78894e-5 9.7218e-6 0.0 0.0
-1.40004e-5 1.78894e-5 3.8703e-6 0.0 0.0
-1.32226e-5 1.78894e-5 2.20911e-5 0.0 0.0
-1.24448e-5 1.78894e-5 1.11657e-5 0.0 0.0
-1.1667e-5 1.78894e-5 4.7477e-6 0.0 0.0
-1.08892e-5 1.78894e-5 1.95647e-5 0.0 0.0
-1.01114e-5 1.78894e-5 1.63845e-5 0.0 0.0
-9.3336e-6 1.78894e-5 5.7772e-6 0.0 0.0
-8.5558e-6 1.78894e-5 2.9604e-5 0.0 0.0
-7.778e-6 1.78894e-5 1.70464e-5 0.0 0.0
-7.0002e-6 1.78894e-5 5.7628e-6 0.0 0.0
-6.2224e-6 1.78894e-5 3.27481e-5 0.0 0.0
-5.4446e-6 1.78894e-5 2.08998e-5 0.0 0.0
-4.6668e-6 1.78894e-5 1.28899e-5 0.0 0.0
-3.889e-6 1.78894e-5 9.5098e-6 0.0 0.0
-3.1112e-6 1.78894e-5 3.95496e-5 0.0 0.0
-2.3334e-6 1.78894e-5 2.45151e-5 0.0 0.0
-1.5556e-6 1.78894e-5 1.70755e-5 0.0 0.0
-7.778e-7 1.78894e-5 1.3356e-5 0.0 0.0
0.0 1.78894e-5 3.82926e-5 0.0 0.0
7.778e-7 1.78894e-5 2.34862e-5 0.0 0.0
1.5556e-6 1.78894e-5 1.7747e-5 0.0 0.0
2.3334e-6 1.78894e-5 1.51765e-5 0.0 0.0
3.1112e-6 1.78894e-5 3.35074e-5 0.0 0.0
3.889e-6 1.78894e-5 2.06366e-5 0.0 0.0
4.6668e-6 1.78894e-5 1.17149e-5 0.0 0.0
5.4446e-6 1.78894e-5 3.28878e-5 0.0 0.0
6.2224e-6 1.78894e-5 1.55475e-5 0.0 0.0
7.0002e-6 1.78894e-5 4.14476e-5 0.0 0.0
7.778e-6 1.78894e-5 1.94473e-5 0.0 0.0
8.5558e-6 1.78894e-5 6.6331e-6 0.0 0.0
9.3336e-6 1.78894e-5 2.41464e-5 0.0 0.0
1.01114e-5 1.78894e-5 1.15466e-5 0.0 0.0
1.08892e-5 1.78894e-5 3.13623e-5 0.0 0.0
1.1667e-5 1.78894e-5 1.23644e-5 0.0 0.0
1.24448e-5 1.78894e-5 2.84474e-5 0.0 0.0
1.32226e-5 1.78894e-5 1.28544e-5 0.0 0.0
1.40004e-5 1.78894e-5 3.13437e-5 0.0 0.0
1.47782e-5 1.78894e-5 1.11697e-5 0.0 0.0
1.5556e-5 1.78894e-5 3.09938e-5 0.0 0.0
1.63338e-5 1.78894e-5 1.07425e-5 0.0 0.0
1.71116e-5 1.78894e-5 2.79192e-5 0.0 0.0
1.78894e-5 1.78894e-5 9.3817e-6 0.0 0.0
1.86672e-5 1.78894e-5 2.05884e-5 0.0 0.0
-9.72251e-5 1.86672e-5 0.0 0.0 0.0
-9.64473e-5 1.86672e-5 0.0 0.0 0.0
-9.56695e-5 1.86672e-5 0.0 0.0 0.0
-9.48917e-5 1.86672e-5 0.0 0.0 0.0
-9.41139e-5 1.86672e-5 0.0 0.0 0.0
-9.33361e-5 1.86672e-5 0.0 0.0 0.0
-9.25583e-5 1.86672e-5 0.0 0.0 0.0
-9.17805e-5 1.86672e-5 0.0 0.0 0.0
-9.10027e-5 1.86672e-5 0.0 0.0 0.0
-9.02249e-5 1.86672e-5 3.0e-10 0.0 0.0
-8.94471e-5 1.86672e-5 1.0e-10 0.0 0.0
-8.86693e-5 1.86672e-5 4.6e-9 0.0 0.0
-8.78915e-5 1.86672e-5 2.4e-9 0.0 0.0
-8.71137e-5 1.86672e-5 1.688e-7 0.0 0.0
-8.63359e-5 1.86672e-5 3.2755e-6 0.0 0.0
-8.55581e-5 1.86672e-5 3.1188e-6 0.0 0.0
-8.47803e-5 1.86672e-5 4.76978e-5 0.0 0.0
-8.40025e-5 1.86672e-5 3.50522e-5 0.0 0.0
-8.32246e-5 1.86672e-5 0.0001719181 0.0 0.0
-8.24468e-5 1.86672e-5 0.0001748074 0.0 0.0
-8.1669e-5 1.86672e-5 0.0003779548 0.0 0.0
-8.08912e-5 1.86672e-5 0.0004294434 0.0 0.0
-8.01134e-5 1.86672e-5 0.0005733275 0.0 0.0
-7.93356e-5 1.86672e-5 0.0010232751 0.0 0.0
-7.85578e-5 1.86672e-5 0.0008202313 0.0 0.0
-7.778e-5 1.86672e-5 0.0010978855 0.0 0.0
-7.70022e-5 1.86672e-5 0.0009660064 0.0 0.0
-7.62244e-5 1.86672e-5 0.0007911408 0.0 0.0
-7.54466e-5 1.86672e-5 0.0010182884 0.0 0.0
-7.46688e-5 1.86672e-5 0.0008392079 0.0 0.0
-7.3891e-5 1.86672e-5 0.0005514092 0.0 0.0
-7.31132e-5 1.86672e-5 0.0007815992 0.0 0.0
-7.23354e-5 1.86672e-5 0.0005580408 0.0 0.0
-7.15576e-5 1.86672e-5 0.0003482255 0.0 0.0
-7.07798e-5 1.86672e-5 0.0005487957 0.0 0.0
-7.0002e-5 1.86672e-5 0.00034277 0.0 0.0
-6.92242e-5 1.86672e-5 0.0005726154 0.0 0.0
-6.84464e-5 1.86672e-5 0.0003457944 0.0 0.0
-6.76686e-5 1.86672e-5 0.0005315911 0.0 0.0
-6.68908e-5 1.86672e-5 0.000345585 0.0 0.0
-6.6113e-5 1.86672e-5 0.0005578834 0.0 0.0
-6.53352e-5 1.86672e-5 0.0003186962 0.0 0.0
-6.45574e-5 1.86672e-5 0.0005821827 0.0 0.0
-6.37796e-5 1.86672e-5 0.000343227 0.0 0.0
-6.30018e-5 1.86672e-5 0.0005944703 0.0 0.0
-6.2224e-5 1.86672e-5 0.0003846219 0.0 0.0
-6.14462e-5 1.86672e-5 0.0006066024 0.0 0.0
-6.06684e-5 1.86672e-5 0.0004157788 0.0 0.0
-5.98906e-5 1.86672e-5 0.0006299807 0.0 0.0
-5.91128e-5 1.86672e-5 0.000445779 0.0 0.0
-5.8335e-5 1.86672e-5 0.0006737869 0.0 0.0
-5.75572e-5 1.86672e-5 0.0004320511 0.0 0.0
-5.67794e-5 1.86672e-5 0.00074563 0.0 0.0
-5.60016e-5 1.86672e-5 0.0005111288 0.0 0.0
-5.52238e-5 1.86672e-5 0.0003678968 0.0 0.0
-5.4446e-5 1.86672e-5 0.000693636 0.0 0.0
-5.36682e-5 1.86672e-5 0.0005057502 0.0 0.0
-5.28904e-5 1.86672e-5 0.0008540245 0.0 0.0
-5.21126e-5 1.86672e-5 0.0006205587 0.0 0.0
-5.13348e-5 1.86672e-5 0.0008877659 0.0 0.0
-5.0557e-5 1.86672e-5 0.0005412598 0.0 0.0
-4.97792e-5 1.86672e-5 0.0009033886 0.0 0.0
-4.90014e-5 1.86672e-5 0.0006341317 0.0 0.0
-4.82236e-5 1.86672e-5 0.0009580703 0.0 0.0
-4.74458e-5 1.86672e-5 0.0006131382 0.0 0.0
-4.6668e-5 1.86672e-5 0.0009492855 0.0 0.0
-4.58902e-5 1.86672e-5 0.0006496862 0.0 0.0
-4.51124e-5 1.86672e-5 0.0008956637 0.0 0.0
-4.43346e-5 1.86672e-5 0.0012287031 0.0 0.0
-4.35568e-5 1.86672e-5 0.0007533159 0.0 0.0
-4.2779e-5 1.86672e-5 0.0010636328 0.0 0.0
-4.20012e-5 1.86672e-5 0.0013692913 0.0 0.0
-4.12234e-5 1.86672e-5 0.0009756453 0.0 0.0
-4.04456e-5 1.86672e-5 0.0012413727 0.0 0.0
-3.96678e-5 1.86672e-5 0.0007649423 0.0 0.0
-3.889e-5 1.86672e-5 0.0003715569 0.0 0.0
-3.81122e-5 1.86672e-5 0.0005039099 0.0 0.0
-3.73344e-5 1.86672e-5 0.0002308624 0.0 0.0
-3.65566e-5 1.86672e-5 7.59867e-5 0.0 0.0
-3.57788e-5 1.86672e-5 8.79024e-5 0.0 0.0
-3.5001e-5 1.86672e-5 3.84465e-5 0.0 0.0
-3.42232e-5 1.86672e-5 7.84035e-5 0.0 0.0
-3.34454e-5 1.86672e-5 6.48898e-5 0.0 0.0
-3.26676e-5 1.86672e-5 5.12007e-5 0.0 0.0
-3.18898e-5 1.86672e-5 2.86474e-5 0.0 0.0
-3.1112e-5 1.86672e-5 2.35257e-5 0.0 0.0
-3.03342e-5 1.86672e-5 5.73895e-5 0.0 0.0
-2.95564e-5 1.86672e-5 3.54891e-5 0.0 0.0
-2.87786e-5 1.86672e-5 2.36975e-5 0.0 0.0
-2.80008e-5 1.86672e-5 5.52024e-5 0.0 0.0
-2.7223e-5 1.86672e-5 2.80198e-5 0.0 0.0
-2.64452e-5 1.86672e-5 1.64002e-5 0.0 0.0
-2.56674e-5 1.86672e-5 3.53561e-5 0.0 0.0
-2.48896e-5 1.86672e-5 1.43404e-5 0.0 0.0
-2.41118e-5 1.86672e-5 3.78647e-5 0.0 0.0
-2.3334e-5 1.86672e-5 2.18811e-5 0.0 0.0
-2.25562e-5 1.86672e-5 4.97372e-5 0.0 0.0
-2.17784e-5 1.86672e-5 2.78725e-5 0.0 0.0
-2.10006e-5 1.86672e-5 1.66916e-5 0.0 0.0
-2.02228e-5 1.86672e-5 7.7301e-6 0.0 0.0
-1.9445e-5 1.86672e-5 3.12371e-5 0.0 0.0
-1.86672e-5 1.86672e-5 1.56785e-5 0.0 0.0
-1.78894e-5 1.86672e-5 6.3306e-6 0.0 0.0
-1.71116e-5 1.86672e-5 2.94117e-5 0.0 0.0
-1.63338e-5 1.86672e-5 1.37519e-5 0.0 0.0
-1.5556e-5 1.86672e-5 6.8523e-6 0.0 0.0
-1.47782e-5 1.86672e-5 3.37152e-5 0.0 0.0
-1.40004e-5 1.86672e-5 2.03728e-5 0.0 0.0
-1.32226e-5 1.86672e-5 8.637e-6 0.0 0.0
-1.24448e-5 1.86672e-5 3.34557e-5 0.0 0.0
-1.1667e-5 1.86672e-5 1.76876e-5 0.0 0.0
-1.08892e-5 1.86672e-5 8.9524e-6 0.0 0.0
-1.01114e-5 1.86672e-5 3.57246e-5 0.0 0.0
-9.3336e-6 1.86672e-5 2.19402e-5 0.0 0.0
-8.5558e-6 1.86672e-5 1.24712e-5 0.0 0.0
-7.778e-6 1.86672e-5 3.78147e-5 0.0 0.0
-7.0002e-6 1.86672e-5 2.39077e-5 0.0 0.0
-6.2224e-6 1.86672e-5 2.10089e-5 0.0 0.0
-5.4446e-6 1.86672e-5 1.55298e-5 0.0 0.0
-4.6668e-6 1.86672e-5 4.43073e-5 0.0 0.0
-3.889e-6 1.86672e-5 2.92162e-5 0.0 0.0
-3.1112e-6 1.86672e-5 2.09032e-5 0.0 0.0
-2.3334e-6 1.86672e-5 1.36766e-5 0.0 0.0
-1.5556e-6 1.86672e-5 3.70317e-5 0.0 0.0
-7.778e-7 1.86672e-5 2.78692e-5 0.0 0.0
0.0 1.86672e-5 2.16626e-5 0.0 0.0
7.778e-7 1.86672e-5 4.04817e-5 0.0 0.0
1.5556e-6 1.86672e-5 2.81731e-5 0.0 0.0
2.3334e-6 1.86672e-5 1.43831e-5 0.0 0.0
3.1112e-6 1.86672e-5 3.76083e-5 0.0 0.0
3.889e-6 1.86672e-5 1.94101e-5 0.0 0.0
4.6668e-6 1.86672e-5 9.3649e-6 0.0 0.0
5.4446e-6 1.86672e-5 2.80193e-5 0.0 0.0
6.2224e-6 1.86672e-5 1.05958e-5 0.0 0.0
7.0002e-6 1.86672e-5 3.44319e-5 0.0 0.0
7.778e-6 1.86672e-5 2.03392e-5 0.0 0.0
8.5558e-6 1.86672e-5 6.1717e-6 0.0 0.0
9.3336e-6 1.86672e-5 2.06501e-5 0.0 0.0
1.01114e-5 1.86672e-5 5.0833e-6 0.0 0.0
1.08892e-5 1.86672e-5 2.16024e-5 0.0 0.0
1.1667e-5 1.86672e-5 8.2853e-6 0.0 0.0
1.24448e-5 1.86672e-5 2.91748e-5 0.0 0.0
1.32226e-5 1.86672e-5 9.0802e-6 0.0 0.0
1.40004e-5 1.86672e-5 1.79112e-5 0.0 0.0
1.47782e-5 1.86672e-5 8.0252e-6 0.0 0.0
1.5556e-5 1.86672e-5 1.87233e-5 0.0 0.0
1.63338e-5 1.86672e-5 5.7981e-6 0.0 0.0
1.71116e-5 1.86672e-5 1.45882e-5 0.0 0.0
1.78894e-5 1.86672e-5 5.8669e-6 0.0 0.0
1.86672e-5 1.86672e-5 1.59346e-5 0.0 0.0
