# SRC: M87
# RA: 12 h 30 m 49.42338180542052 s
# DEC: 0 h 49 m 33.86957740783686 s
# MJD: 57854.02228009328
# RF: 230 GHz
# FOVX: 100 pix 0.00019445011655428801 as
# FOVY: 100 pix 0.00019445011655428801 as
# ------------------------------------
# x (as)       y (as)       I (jy/pixel) Q (jy/pixel) U (jy/pixel)
-9.72251e-5 -9.72251e-5 2.0e-10 0.0 0.0
-9.52806e-5 -9.72251e-5 3.0e-10 0.0 0.0
-9.33361e-5 -9.72251e-5 7.0e-10 0.0 0.0
-9.13916e-5 -9.72251e-5 1.0e-9 0.0 0.0
-8.94471e-5 -9.72251e-5 2.4e-9 0.0 0.0
-8.75026e-5 -9.72251e-5 4.0e-9 0.0 0.0
-8.55581e-5 -9.72251e-5 6.8e-9 0.0 0.0
-8.36136e-5 -9.72251e-5 9.1e-9 0.0 0.0
-8.1669e-5 -9.72251e-5 1.19e-8 0.0 0.0
-7.97245e-5 -9.72251e-5 1.4e-8 0.0 0.0
-7.778e-5 -9.72251e-5 1.56e-8 0.0 0.0
-7.58355e-5 -9.72251e-5 1.85e-8 0.0 0.0
-7.3891e-5 -9.72251e-5 1.211e-7 0.0 0.0
-7.19465e-5 -9.72251e-5 4.847e-7 0.0 0.0
-7.0002e-5 -9.72251e-5 7.93e-8 0.0 0.0
-6.80575e-5 -9.72251e-5 2.126e-7 0.0 0.0
-6.6113e-5 -9.72251e-5 1.8407e-6 0.0 0.0
-6.41685e-5 -9.72251e-5 5.8249e-6 0.0 0.0
-6.2224e-5 -9.72251e-5 2.12192e-5 0.0 0.0
-6.02795e-5 -9.72251e-5 3.00152e-5 0.0 0.0
-5.8335e-5 -9.72251e-5 4.2785e-5 0.0 0.0
-5.63905e-5 -9.72251e-5 1.80019e-5 0.0 0.0
-5.4446e-5 -9.72251e-5 3.88782e-5 0.0 0.0
-5.25015e-5 -9.72251e-5 5.54487e-5 0.0 0.0
-5.0557e-5 -9.72251e-5 7.79821e-5 0.0 0.0
-4.86125e-5 -9.72251e-5 0.0001166823 0.0 0.0
-4.6668e-5 -9.72251e-5 6.06876e-5 0.0 0.0
-4.47235e-5 -9.72251e-5 9.29841e-5 0.0 0.0
-4.2779e-5 -9.72251e-5 0.0001178566 0.0 0.0
-4.08345e-5 -9.72251e-5 0.0001455769 0.0 0.0
-3.889e-5 -9.72251e-5 8.14643e-5 0.0 0.0
-3.69455e-5 -9.72251e-5 9.19548e-5 0.0 0.0
-3.5001e-5 -9.72251e-5 0.0001545869 0.0 0.0
-3.30565e-5 -9.72251e-5 0.0002095823 0.0 0.0
-3.1112e-5 -9.72251e-5 0.0001075105 0.0 0.0
-2.91675e-5 -9.72251e-5 0.0001438311 0.0 0.0
-2.7223e-5 -9.72251e-5 0.0002172798 0.0 0.0
-2.52785e-5 -9.72251e-5 8.46926e-5 0.0 0.0
-2.3334e-5 -9.72251e-5 0.0001498179 0.0 0.0
-2.13895e-5 -9.72251e-5 0.0002235176 0.0 0.0
-1.9445e-5 -9.72251e-5 7.96316e-5 0.0 0.0
-1.75005e-5 -9.72251e-5 0.0001149235 0.0 0.0
-1.5556e-5 -9.72251e-5 4.13341e-5 0.0 0.0
-1.36115e-5 -9.72251e-5 5.8077e-5 0.0 0.0
-1.1667e-5 -9.72251e-5 1.12802e-5 0.0 0.0
-9.7225e-6 -9.72251e-5 1.19813e-5 0.0 0.0
-7.778e-6 -9.72251e-5 2.392e-7 0.0 0.0
-5.8335e-6 -9.72251e-5 6.19e-7 0.0 0.0
-3.889e-6 -9.72251e-5 1.85e-8 0.0 0.0
-1.9445e-6 -9.72251e-5 1.012e-7 0.0 0.0
0.0 -9.72251e-5 0.0 0.0 0.0
1.9445e-6 -9.72251e-5 4.0e-10 0.0 0.0
3.889e-6 -9.72251e-5 0.0 0.0 0.0
5.8335e-6 -9.72251e-5 0.0 0.0 0.0
7.778e-6 -9.72251e-5 0.0 0.0 0.0
9.7225e-6 -9.72251e-5 0.0 0.0 0.0
1.1667e-5 -9.72251e-5 0.0 0.0 0.0
1.36115e-5 -9.72251e-5 0.0 0.0 0.0
1.5556e-5 -9.72251e-5 0.0 0.0 0.0
1.75005e-5 -9.72251e-5 0.0 0.0 0.0
1.9445e-5 -9.72251e-5 0.0 0.0 0.0
2.13895e-5 -9.72251e-5 0.0 0.0 0.0
2.3334e-5 -9.72251e-5 0.0 0.0 0.0
2.52785e-5 -9.72251e-5 0.0 0.0 0.0
2.7223e-5 -9.72251e-5 0.0 0.0 0.0
2.91675e-5 -9.72251e-5 1.0e-10 0.0 0.0
3.1112e-5 -9.72251e-5 4.0e-10 0.0 0.0
3.30565e-5 -9.72251e-5 7.0e-10 0.0 0.0
3.5001e-5 -9.72251e-5 7.0e-10 0.0 0.0
3.69455e-5 -9.72251e-5 2.0e-10 0.0 0.0
3.889e-5 -9.72251e-5 0.0 0.0 0.0
4.08345e-5 -9.72251e-5 0.0 0.0 0.0
4.2779e-5 -9.72251e-5 0.0 0.0 0.0
4.47235e-5 -9.72251e-5 0.0 0.0 0.0
4.6668e-5 -9.72251e-5 0.0 0.0 0.0
4.86125e-5 -9.72251e-5 0.0 0.0 0.0
5.0557e-5 -9.72251e-5 0.0 0.0 0.0
5.25015e-5 -9.72251e-5 0.0 0.0 0.0
5.4446e-5 -9.72251e-5 0.0 0.0 0.0
5.63905e-5 -9.72251e-5 0.0 0.0 0.0
5.8335e-5 -9.72251e-5 0.0 0.0 0.0
6.02795e-5 -9.72251e-5 0.0 0.0 0.0
6.2224e-5 -9.72251e-5 0.0 0.0 0.0
6.41685e-5 -9.72251e-5 0.0 0.0 0.0
6.6113e-5 -9.72251e-5 0.0 0.0 0.0
6.80575e-5 -9.72251e-5 0.0 0.0 0.0
7.0002e-5 -9.72251e-5 0.0 0.0 0.0
7.19465e-5 -9.72251e-5 0.0 0.0 0.0
7.3891e-5 -9.72251e-5 0.0 0.0 0.0
7.58355e-5 -9.72251e-5 0.0 0.0 0.0
7.778e-5 -9.72251e-5 0.0 0.0 0.0
7.97245e-5 -9.72251e-5 0.0 0.0 0.0
8.1669e-5 -9.72251e-5 0.0 0.0 0.0
8.36136e-5 -9.72251e-5 0.0 0.0 0.0
8.55581e-5 -9.72251e-5 0.0 0.0 0.0
8.75026e-5 -9.72251e-5 0.0 0.0 0.0
8.94471e-5 -9.72251e-5 0.0 0.0 0.0
9.13916e-5 -9.72251e-5 0.0 0.0 0.0
9.33361e-5 -9.72251e-5 0.0 0.0 0.0
9.52806e-5 -9.72251e-5 0.0 0.0 0.0
-9.72251e-5 -9.52806e-5 1.1e-9 0.0 0.0
-9.52806e-5 -9.52806e-5 2.3e-9 0.0 0.0
-9.33361e-5 -9.52806e-5 4.5e-9 0.0 0.0
-9.13916e-5 -9.52806e-5 7.5e-9 0.0 0.0
-8.94471e-5 -9.52806e-5 1.39e-8 0.0 0.0
-8.75026e-5 -9.52806e-5 2.07e-8 0.0 0.0
-8.55581e-5 -9.52806e-5 3.16e-8 0.0 0.0
-8.36136e-5 -9.52806e-5 3.66e-8 0.0 0.0
-8.1669e-5 -9.52806e-5 7.64e-8 0.0 0.0
-7.97245e-5 -9.52806e-5 3.34e-7 0.0 0.0
-7.778e-5 -9.52806e-5 1.4066e-6 0.0 0.0
-7.58355e-5 -9.52806e-5 7.8843e-6 0.0 0.0
-7.3891e-5 -9.52806e-5 1.5235e-6 0.0 0.0
-7.19465e-5 -9.52806e-5 5.2493e-6 0.0 0.0
-7.0002e-5 -9.52806e-5 1.80172e-5 0.0 0.0
-6.80575e-5 -9.52806e-5 2.84293e-5 0.0 0.0
-6.6113e-5 -9.52806e-5 4.48817e-5 0.0 0.0
-6.41685e-5 -9.52806e-5 7.95809e-5 0.0 0.0
-6.2224e-5 -9.52806e-5 0.0001079823 0.0 0.0
-6.02795e-5 -9.52806e-5 0.0001406481 0.0 0.0
-5.8335e-5 -9.52806e-5 0.000104046 0.0 0.0
-5.63905e-5 -9.52806e-5 0.0001557411 0.0 0.0
-5.4446e-5 -9.52806e-5 0.0001870621 0.0 0.0
-5.25015e-5 -9.52806e-5 0.0002265725 0.0 0.0
-5.0557e-5 -9.52806e-5 0.0002726218 0.0 0.0
-4.86125e-5 -9.52806e-5 0.0003209513 0.0 0.0
-4.6668e-5 -9.52806e-5 0.000252974 0.0 0.0
-4.47235e-5 -9.52806e-5 0.0002832614 0.0 0.0
-4.2779e-5 -9.52806e-5 0.0003240107 0.0 0.0
-4.08345e-5 -9.52806e-5 0.0003615652 0.0 0.0
-3.889e-5 -9.52806e-5 0.0002490644 0.0 0.0
-3.69455e-5 -9.52806e-5 0.0003134942 0.0 0.0
-3.5001e-5 -9.52806e-5 0.0003530909 0.0 0.0
-3.30565e-5 -9.52806e-5 0.0004309421 0.0 0.0
-3.1112e-5 -9.52806e-5 0.000298186 0.0 0.0
-2.91675e-5 -9.52806e-5 0.0003801509 0.0 0.0
-2.7223e-5 -9.52806e-5 0.0002295601 0.0 0.0
-2.52785e-5 -9.52806e-5 0.0002952402 0.0 0.0
-2.3334e-5 -9.52806e-5 0.0003985702 0.0 0.0
-2.13895e-5 -9.52806e-5 0.0002311229 0.0 0.0
-1.9445e-5 -9.52806e-5 0.0003336424 0.0 0.0
-1.75005e-5 -9.52806e-5 0.0003417319 0.0 0.0
-1.5556e-5 -9.52806e-5 0.0001786177 0.0 0.0
-1.36115e-5 -9.52806e-5 0.0001980585 0.0 0.0
-1.1667e-5 -9.52806e-5 0.0002377888 0.0 0.0
-9.7225e-6 -9.52806e-5 0.0001120503 0.0 0.0
-7.778e-6 -9.52806e-5 0.0001326626 0.0 0.0
-5.8335e-6 -9.52806e-5 2.65205e-5 0.0 0.0
-3.889e-6 -9.52806e-5 3.09099e-5 0.0 0.0
-1.9445e-6 -9.52806e-5 3.7825e-6 0.0 0.0
0.0 -9.52806e-5 5.6118e-6 0.0 0.0
1.9445e-6 -9.52806e-5 9.66e-8 0.0 0.0
3.889e-6 -9.52806e-5 5.998e-7 0.0 0.0
5.8335e-6 -9.52806e-5 2.5e-9 0.0 0.0
7.778e-6 -9.52806e-5 1.6e-9 0.0 0.0
9.7225e-6 -9.52806e-5 0.0 0.0 0.0
1.1667e-5 -9.52806e-5 0.0 0.0 0.0
1.36115e-5 -9.52806e-5 0.0 0.0 0.0
1.5556e-5 -9.52806e-5 0.0 0.0 0.0
1.75005e-5 -9.52806e-5 0.0 0.0 0.0
1.9445e-5 -9.52806e-5 0.0 0.0 0.0
2.13895e-5 -9.52806e-5 0.0 0.0 0.0
2.3334e-5 -9.52806e-5 0.0 0.0 0.0
2.52785e-5 -9.52806e-5 0.0 0.0 0.0
2.7223e-5 -9.52806e-5 0.0 0.0 0.0
2.91675e-5 -9.52806e-5 0.0 0.0 0.0
3.1112e-5 -9.52806e-5 1.0e-10 0.0 0.0
3.30565e-5 -9.52806e-5 6.0e-10 0.0 0.0
3.5001e-5 -9.52806e-5 1.2e-9 0.0 0.0
3.69455e-5 -9.52806e-5 8.0e-10 0.0 0.0
3.889e-5 -9.52806e-5 1.0e-10 0.0 0.0
4.08345e-5 -9.52806e-5 0.0 0.0 0.0
4.2779e-5 -9.52806e-5 0.0 0.0 0.0
4.47235e-5 -9.52806e-5 0.0 0.0 0.0
4.6668e-5 -9.52806e-5 0.0 0.0 0.0
4.86125e-5 -9.52806e-5 0.0 0.0 0.0
5.0557e-5 -9.52806e-5 0.0 0.0 0.0
5.25015e-5 -9.52806e-5 0.0 0.0 0.0
5.4446e-5 -9.52806e-5 0.0 0.0 0.0
5.63905e-5 -9.52806e-5 0.0 0.0 0.0
5.8335e-5 -9.52806e-5 0.0 0.0 0.0
6.02795e-5 -9.52806e-5 0.0 0.0 0.0
6.2224e-5 -9.52806e-5 0.0 0.0 0.0
6.41685e-5 -9.52806e-5 0.0 0.0 0.0
6.6113e-5 -9.52806e-5 0.0 0.0 0.0
6.80575e-5 -9.52806e-5 0.0 0.0 0.0
7.0002e-5 -9.52806e-5 0.0 0.0 0.0
7.19465e-5 -9.52806e-5 0.0 0.0 0.0
7.3891e-5 -9.52806e-5 0.0 0.0 0.0
7.58355e-5 -9.52806e-5 0.0 0.0 0.0
7.778e-5 -9.52806e-5 0.0 0.0 0.0
7.97245e-5 -9.52806e-5 0.0 0.0 0.0
8.1669e-5 -9.52806e-5 0.0 0.0 0.0
8.36136e-5 -9.52806e-5 0.0 0.0 0.0
8.55581e-5 -9.52806e-5 0.0 0.0 0.0
8.75026e-5 -9.52806e-5 0.0 0.0 0.0
8.94471e-5 -9.52806e-5 0.0 0.0 0.0
9.13916e-5 -9.52806e-5 0.0 0.0 0.0
9.33361e-5 -9.52806e-5 0.0 0.0 0.0
9.52806e-5 -9.52806e-5 0.0 0.0 0.0
-9.72251e-5 -9.33361e-5 3.7e-9 0.0 0.0
-9.52806e-5 -9.33361e-5 7.2e-9 0.0 0.0
-9.33361e-5 -9.33361e-5 1.07e-8 0.0 0.0
-9.13916e-5 -9.33361e-5 1.78e-8 0.0 0.0
-8.94471e-5 -9.33361e-5 2.76e-8 0.0 0.0
-8.75026e-5 -9.33361e-5 7.9e-8 0.0 0.0
-8.55581e-5 -9.33361e-5 5.005e-7 0.0 0.0
-8.36136e-5 -9.33361e-5 2.1963e-6 0.0 0.0
-8.1669e-5 -9.33361e-5 9.448e-7 0.0 0.0
-7.97245e-5 -9.33361e-5 2.9861e-6 0.0 0.0
-7.778e-5 -9.33361e-5 1.07114e-5 0.0 0.0
-7.58355e-5 -9.33361e-5 2.29141e-5 0.0 0.0
-7.3891e-5 -9.33361e-5 3.19062e-5 0.0 0.0
-7.19465e-5 -9.33361e-5 6.11702e-5 0.0 0.0
-7.0002e-5 -9.33361e-5 8.30544e-5 0.0 0.0
-6.80575e-5 -9.33361e-5 0.0001193898 0.0 0.0
-6.6113e-5 -9.33361e-5 0.0001431287 0.0 0.0
-6.41685e-5 -9.33361e-5 0.0001897729 0.0 0.0
-6.2224e-5 -9.33361e-5 0.0001540342 0.0 0.0
-6.02795e-5 -9.33361e-5 0.0002135142 0.0 0.0
-5.8335e-5 -9.33361e-5 0.0002607002 0.0 0.0
-5.63905e-5 -9.33361e-5 0.0003269697 0.0 0.0
-5.4446e-5 -9.33361e-5 0.000394645 0.0 0.0
-5.25015e-5 -9.33361e-5 0.0004542461 0.0 0.0
-5.0557e-5 -9.33361e-5 0.0003869522 0.0 0.0
-4.86125e-5 -9.33361e-5 0.0004239383 0.0 0.0
-4.6668e-5 -9.33361e-5 0.0005157 0.0 0.0
-4.47235e-5 -9.33361e-5 0.0005422943 0.0 0.0
-4.2779e-5 -9.33361e-5 0.0005929918 0.0 0.0
-4.08345e-5 -9.33361e-5 0.0006607278 0.0 0.0
-3.889e-5 -9.33361e-5 0.0005168189 0.0 0.0
-3.69455e-5 -9.33361e-5 0.0005741851 0.0 0.0
-3.5001e-5 -9.33361e-5 0.000636474 0.0 0.0
-3.30565e-5 -9.33361e-5 0.000723348 0.0 0.0
-3.1112e-5 -9.33361e-5 0.0005441801 0.0 0.0
-2.91675e-5 -9.33361e-5 0.0006142854 0.0 0.0
-2.7223e-5 -9.33361e-5 0.0004580831 0.0 0.0
-2.52785e-5 -9.33361e-5 0.0005133041 0.0 0.0
-2.3334e-5 -9.33361e-5 0.0004058351 0.0 0.0
-2.13895e-5 -9.33361e-5 0.0004656445 0.0 0.0
-1.9445e-5 -9.33361e-5 0.0003207976 0.0 0.0
-1.75005e-5 -9.33361e-5 0.0003801842 0.0 0.0
-1.5556e-5 -9.33361e-5 0.0004251318 0.0 0.0
-1.36115e-5 -9.33361e-5 0.0002775417 0.0 0.0
-1.1667e-5 -9.33361e-5 0.0003232555 0.0 0.0
-9.7225e-6 -9.33361e-5 0.0003379081 0.0 0.0
-7.778e-6 -9.33361e-5 0.0001613135 0.0 0.0
-5.8335e-6 -9.33361e-5 0.0001753159 0.0 0.0
-3.889e-6 -9.33361e-5 0.0002188579 0.0 0.0
-1.9445e-6 -9.33361e-5 6.346e-5 0.0 0.0
0.0 -9.33361e-5 6.75424e-5 0.0 0.0
1.9445e-6 -9.33361e-5 1.25377e-5 0.0 0.0
3.889e-6 -9.33361e-5 1.222e-5 0.0 0.0
5.8335e-6 -9.33361e-5 2.433e-7 0.0 0.0
7.778e-6 -9.33361e-5 1.83e-7 0.0 0.0
9.7225e-6 -9.33361e-5 2.4e-9 0.0 0.0
1.1667e-5 -9.33361e-5 7.0e-10 0.0 0.0
1.36115e-5 -9.33361e-5 0.0 0.0 0.0
1.5556e-5 -9.33361e-5 0.0 0.0 0.0
1.75005e-5 -9.33361e-5 0.0 0.0 0.0
1.9445e-5 -9.33361e-5 0.0 0.0 0.0
2.13895e-5 -9.33361e-5 0.0 0.0 0.0
2.3334e-5 -9.33361e-5 0.0 0.0 0.0
2.52785e-5 -9.33361e-5 0.0 0.0 0.0
2.7223e-5 -9.33361e-5 0.0 0.0 0.0
2.91675e-5 -9.33361e-5 0.0 0.0 0.0
3.1112e-5 -9.33361e-5 0.0 0.0 0.0
3.30565e-5 -9.33361e-5 1.0e-10 0.0 0.0
3.5001e-5 -9.33361e-5 5.0e-10 0.0 0.0
3.69455e-5 -9.33361e-5 9.0e-10 0.0 0.0
3.889e-5 -9.33361e-5 4.0e-10 0.0 0.0
4.08345e-5 -9.33361e-5 1.0e-10 0.0 0.0
4.2779e-5 -9.33361e-5 0.0 0.0 0.0
4.47235e-5 -9.33361e-5 0.0 0.0 0.0
4.6668e-5 -9.33361e-5 0.0 0.0 0.0
4.86125e-5 -9.33361e-5 0.0 0.0 0.0
5.0557e-5 -9.33361e-5 0.0 0.0 0.0
5.25015e-5 -9.33361e-5 0.0 0.0 0.0
5.4446e-5 -9.33361e-5 0.0 0.0 0.0
5.63905e-5 -9.33361e-5 0.0 0.0 0.0
5.8335e-5 -9.33361e-5 0.0 0.0 0.0
6.02795e-5 -9.33361e-5 0.0 0.0 0.0
6.2224e-5 -9.33361e-5 0.0 0.0 0.0
6.41685e-5 -9.33361e-5 0.0 0.0 0.0
6.6113e-5 -9.33361e-5 0.0 0.0 0.0
6.80575e-5 -9.33361e-5 0.0 0.0 0.0
7.0002e-5 -9.33361e-5 0.0 0.0 0.0
7.19465e-5 -9.33361e-5 0.0 0.0 0.0
7.3891e-5 -9.33361e-5 0.0 0.0 0.0
7.58355e-5 -9.33361e-5 0.0 0.0 0.0
7.778e-5 -9.33361e-5 0.0 0.0 0.0
7.97245e-5 -9.33361e-5 0.0 0.0 0.0
8.1669e-5 -9.33361e-5 0.0 0.0 0.0
8.36136e-5 -9.33361e-5 0.0 0.0 0.0
8.55581e-5 -9.33361e-5 0.0 0.0 0.0
8.75026e-5 -9.33361e-5 0.0 0.0 0.0
8.94471e-5 -9.33361e-5 0.0 0.0 0.0
9.13916e-5 -9.33361e-5 0.0 0.0 0.0
9.33361e-5 -9.33361e-5 0.0 0.0 0.0
9.52806e-5 -9.33361e-5 0.0 0.0 0.0
-9.72251e-5 -9.13916e-5 6.2e-9 0.0 0.0
-9.52806e-5 -9.13916e-5 1.22e-8 0.0 0.0
-9.33361e-5 -9.13916e-5 2.13e-8 0.0 0.0
-9.13916e-5 -9.13916e-5 5.39e-8 0.0 0.0
-8.94471e-5 -9.13916e-5 2.025e-7 0.0 0.0
-8.75026e-5 -9.13916e-5 9.884e-7 0.0 0.0
-8.55581e-5 -9.13916e-5 2.4194e-6 0.0 0.0
-8.36136e-5 -9.13916e-5 8.6268e-6 0.0 0.0
-8.1669e-5 -9.13916e-5 2.35626e-5 0.0 0.0
-7.97245e-5 -9.13916e-5 3.68486e-5 0.0 0.0
-7.778e-5 -9.13916e-5 6.41344e-5 0.0 0.0
-7.58355e-5 -9.13916e-5 8.6723e-5 0.0 0.0
-7.3891e-5 -9.13916e-5 0.0001079559 0.0 0.0
-7.19465e-5 -9.13916e-5 0.0001560852 0.0 0.0
-7.0002e-5 -9.13916e-5 0.0001236312 0.0 0.0
-6.80575e-5 -9.13916e-5 0.0001604288 0.0 0.0
-6.6113e-5 -9.13916e-5 0.0002079479 0.0 0.0
-6.41685e-5 -9.13916e-5 0.0002579327 0.0 0.0
-6.2224e-5 -9.13916e-5 0.0003263261 0.0 0.0
-6.02795e-5 -9.13916e-5 0.0004219909 0.0 0.0
-5.8335e-5 -9.13916e-5 0.0004990471 0.0 0.0
-5.63905e-5 -9.13916e-5 0.0005558264 0.0 0.0
-5.4446e-5 -9.13916e-5 0.0004951966 0.0 0.0
-5.25015e-5 -9.13916e-5 0.0005860967 0.0 0.0
-5.0557e-5 -9.13916e-5 0.0007102075 0.0 0.0
-4.86125e-5 -9.13916e-5 0.0008024122 0.0 0.0
-4.6668e-5 -9.13916e-5 0.0009018592 0.0 0.0
-4.47235e-5 -9.13916e-5 0.0009729527 0.0 0.0
-4.2779e-5 -9.13916e-5 0.0010810791 0.0 0.0
-4.08345e-5 -9.13916e-5 0.0010887157 0.0 0.0
-3.889e-5 -9.13916e-5 0.000918672 0.0 0.0
-3.69455e-5 -9.13916e-5 0.0009607728 0.0 0.0
-3.5001e-5 -9.13916e-5 0.000993384 0.0 0.0
-3.30565e-5 -9.13916e-5 0.0010490775 0.0 0.0
-3.1112e-5 -9.13916e-5 0.0008133743 0.0 0.0
-2.91675e-5 -9.13916e-5 0.0006537427 0.0 0.0
-2.7223e-5 -9.13916e-5 0.000681523 0.0 0.0
-2.52785e-5 -9.13916e-5 0.000763532 0.0 0.0
-2.3334e-5 -9.13916e-5 0.0005734574 0.0 0.0
-2.13895e-5 -9.13916e-5 0.0004444893 0.0 0.0
-1.9445e-5 -9.13916e-5 0.0005267257 0.0 0.0
-1.75005e-5 -9.13916e-5 0.0004179212 0.0 0.0
-1.5556e-5 -9.13916e-5 0.000483392 0.0 0.0
-1.36115e-5 -9.13916e-5 0.0005448388 0.0 0.0
-1.1667e-5 -9.13916e-5 0.0003916938 0.0 0.0
-9.7225e-6 -9.13916e-5 0.0004126749 0.0 0.0
-7.778e-6 -9.13916e-5 0.0004729757 0.0 0.0
-5.8335e-6 -9.13916e-5 0.0002662789 0.0 0.0
-3.889e-6 -9.13916e-5 0.0002922779 0.0 0.0
-1.9445e-6 -9.13916e-5 0.0001463156 0.0 0.0
0.0 -9.13916e-5 0.0001063223 0.0 0.0
1.9445e-6 -9.13916e-5 0.0001175828 0.0 0.0
3.889e-6 -9.13916e-5 0.0001255822 0.0 0.0
5.8335e-6 -9.13916e-5 2.11544e-5 0.0 0.0
7.778e-6 -9.13916e-5 1.79481e-5 0.0 0.0
9.7225e-6 -9.13916e-5 3.098e-7 0.0 0.0
1.1667e-5 -9.13916e-5 1.78e-7 0.0 0.0
1.36115e-5 -9.13916e-5 1.0e-10 0.0 0.0
1.5556e-5 -9.13916e-5 0.0 0.0 0.0
1.75005e-5 -9.13916e-5 0.0 0.0 0.0
1.9445e-5 -9.13916e-5 0.0 0.0 0.0
2.13895e-5 -9.13916e-5 0.0 0.0 0.0
2.3334e-5 -9.13916e-5 0.0 0.0 0.0
2.52785e-5 -9.13916e-5 0.0 0.0 0.0
2.7223e-5 -9.13916e-5 0.0 0.0 0.0
2.91675e-5 -9.13916e-5 0.0 0.0 0.0
3.1112e-5 -9.13916e-5 0.0 0.0 0.0
3.30565e-5 -9.13916e-5 0.0 0.0 0.0
3.5001e-5 -9.13916e-5 1.0e-10 0.0 0.0
3.69455e-5 -9.13916e-5 3.0e-10 0.0 0.0
3.889e-5 -9.13916e-5 4.0e-10 0.0 0.0
4.08345e-5 -9.13916e-5 2.0e-10 0.0 0.0
4.2779e-5 -9.13916e-5 0.0 0.0 0.0
4.47235e-5 -9.13916e-5 0.0 0.0 0.0
4.6668e-5 -9.13916e-5 0.0 0.0 0.0
4.86125e-5 -9.13916e-5 0.0 0.0 0.0
5.0557e-5 -9.13916e-5 0.0 0.0 0.0
5.25015e-5 -9.13916e-5 0.0 0.0 0.0
5.4446e-5 -9.13916e-5 0.0 0.0 0.0
5.63905e-5 -9.13916e-5 0.0 0.0 0.0
5.8335e-5 -9.13916e-5 0.0 0.0 0.0
6.02795e-5 -9.13916e-5 0.0 0.0 0.0
6.2224e-5 -9.13916e-5 0.0 0.0 0.0
6.41685e-5 -9.13916e-5 0.0 0.0 0.0
6.6113e-5 -9.13916e-5 0.0 0.0 0.0
6.80575e-5 -9.13916e-5 0.0 0.0 0.0
7.0002e-5 -9.13916e-5 0.0 0.0 0.0
7.19465e-5 -9.13916e-5 0.0 0.0 0.0
7.3891e-5 -9.13916e-5 0.0 0.0 0.0
7.58355e-5 -9.13916e-5 0.0 0.0 0.0
7.778e-5 -9.13916e-5 0.0 0.0 0.0
7.97245e-5 -9.13916e-5 0.0 0.0 0.0
8.1669e-5 -9.13916e-5 0.0 0.0 0.0
8.36136e-5 -9.13916e-5 0.0 0.0 0.0
8.55581e-5 -9.13916e-5 0.0 0.0 0.0
8.75026e-5 -9.13916e-5 0.0 0.0 0.0
8.94471e-5 -9.13916e-5 0.0 0.0 0.0
9.13916e-5 -9.13916e-5 0.0 0.0 0.0
9.33361e-5 -9.13916e-5 0.0 0.0 0.0
9.52806e-5 -9.13916e-5 0.0 0.0 0.0
-9.72251e-5 -8.94471e-5 7.43e-8 0.0 0.0
-9.52806e-5 -8.94471e-5 5.208e-7 0.0 0.0
-9.33361e-5 -8.94471e-5 1.3978e-6 0.0 0.0
-9.13916e-5 -8.94471e-5 4.4188e-6 0.0 0.0
-8.94471e-5 -8.94471e-5 1.13347e-5 0.0 0.0
-8.75026e-5 -8.94471e-5 2.13822e-5 0.0 0.0
-8.55581e-5 -8.94471e-5 3.72616e-5 0.0 0.0
-8.36136e-5 -8.94471e-5 5.77882e-5 0.0 0.0
-8.1669e-5 -8.94471e-5 8.57768e-5 0.0 0.0
-7.97245e-5 -8.94471e-5 0.00012042 0.0 0.0
-7.778e-5 -8.94471e-5 8.23349e-5 0.0 0.0
-7.58355e-5 -8.94471e-5 0.0001123968 0.0 0.0
-7.3891e-5 -8.94471e-5 0.0001534261 0.0 0.0
-7.19465e-5 -8.94471e-5 0.0001976961 0.0 0.0
-7.0002e-5 -8.94471e-5 0.000265258 0.0 0.0
-6.80575e-5 -8.94471e-5 0.0003369692 0.0 0.0
-6.6113e-5 -8.94471e-5 0.0004181914 0.0 0.0
-6.41685e-5 -8.94471e-5 0.0005118348 0.0 0.0
-6.2224e-5 -8.94471e-5 0.0006431404 0.0 0.0
-6.02795e-5 -8.94471e-5 0.0008616181 0.0 0.0
-5.8335e-5 -8.94471e-5 0.0006150906 0.0 0.0
-5.63905e-5 -8.94471e-5 0.0007258283 0.0 0.0
-5.4446e-5 -8.94471e-5 0.0008363828 0.0 0.0
-5.25015e-5 -8.94471e-5 0.001060123 0.0 0.0
-5.0557e-5 -8.94471e-5 0.0011060952 0.0 0.0
-4.86125e-5 -8.94471e-5 0.0013305494 0.0 0.0
-4.6668e-5 -8.94471e-5 0.0015507117 0.0 0.0
-4.47235e-5 -8.94471e-5 0.0016900962 0.0 0.0
-4.2779e-5 -8.94471e-5 0.0012692642 0.0 0.0
-4.08345e-5 -8.94471e-5 0.0013643132 0.0 0.0
-3.889e-5 -8.94471e-5 0.0013629724 0.0 0.0
-3.69455e-5 -8.94471e-5 0.0014780959 0.0 0.0
-3.5001e-5 -8.94471e-5 0.0015623149 0.0 0.0
-3.30565e-5 -8.94471e-5 0.0012245173 0.0 0.0
-3.1112e-5 -8.94471e-5 0.0012454387 0.0 0.0
-2.91675e-5 -8.94471e-5 0.00100008 0.0 0.0
-2.7223e-5 -8.94471e-5 0.0010307456 0.0 0.0
-2.52785e-5 -8.94471e-5 0.0011063466 0.0 0.0
-2.3334e-5 -8.94471e-5 0.0008818778 0.0 0.0
-2.13895e-5 -8.94471e-5 0.0007373055 0.0 0.0
-1.9445e-5 -8.94471e-5 0.000774249 0.0 0.0
-1.75005e-5 -8.94471e-5 0.0006291504 0.0 0.0
-1.5556e-5 -8.94471e-5 0.0007334367 0.0 0.0
-1.36115e-5 -8.94471e-5 0.0005707843 0.0 0.0
-1.1667e-5 -8.94471e-5 0.0006303652 0.0 0.0
-9.7225e-6 -8.94471e-5 0.0006973674 0.0 0.0
-7.778e-6 -8.94471e-5 0.0007603491 0.0 0.0
-5.8335e-6 -8.94471e-5 0.0005609639 0.0 0.0
-3.889e-6 -8.94471e-5 0.0004031069 0.0 0.0
-1.9445e-6 -8.94471e-5 0.0004339887 0.0 0.0
0.0 -8.94471e-5 0.0001990314 0.0 0.0
1.9445e-6 -8.94471e-5 0.0002018923 0.0 0.0
3.889e-6 -8.94471e-5 0.000158015 0.0 0.0
5.8335e-6 -8.94471e-5 0.0001414957 0.0 0.0
7.778e-6 -8.94471e-5 0.0001441979 0.0 0.0
9.7225e-6 -8.94471e-5 9.57498e-5 0.0 0.0
1.1667e-5 -8.94471e-5 1.0293e-5 0.0 0.0
1.36115e-5 -8.94471e-5 2.4182e-6 0.0 0.0
1.5556e-5 -8.94471e-5 4.19e-8 0.0 0.0
1.75005e-5 -8.94471e-5 0.0 0.0 0.0
1.9445e-5 -8.94471e-5 0.0 0.0 0.0
2.13895e-5 -8.94471e-5 0.0 0.0 0.0
2.3334e-5 -8.94471e-5 0.0 0.0 0.0
2.52785e-5 -8.94471e-5 0.0 0.0 0.0
2.7223e-5 -8.94471e-5 0.0 0.0 0.0
2.91675e-5 -8.94471e-5 0.0 0.0 0.0
3.1112e-5 -8.94471e-5 0.0 0.0 0.0
3.30565e-5 -8.94471e-5 0.0 0.0 0.0
3.5001e-5 -8.94471e-5 0.0 0.0 0.0
3.69455e-5 -8.94471e-5 0.0 0.0 0.0
3.889e-5 -8.94471e-5 1.0e-10 0.0 0.0
4.08345e-5 -8.94471e-5 1.0e-10 0.0 0.0
4.2779e-5 -8.94471e-5 1.0e-10 0.0 0.0
4.47235e-5 -8.94471e-5 0.0 0.0 0.0
4.6668e-5 -8.94471e-5 0.0 0.0 0.0
4.86125e-5 -8.94471e-5 0.0 0.0 0.0
5.0557e-5 -8.94471e-5 0.0 0.0 0.0
5.25015e-5 -8.94471e-5 0.0 0.0 0.0
5.4446e-5 -8.94471e-5 0.0 0.0 0.0
5.63905e-5 -8.94471e-5 0.0 0.0 0.0
5.8335e-5 -8.94471e-5 0.0 0.0 0.0
6.02795e-5 -8.94471e-5 0.0 0.0 0.0
6.2224e-5 -8.94471e-5 0.0 0.0 0.0
6.41685e-5 -8.94471e-5 0.0 0.0 0.0
6.6113e-5 -8.94471e-5 0.0 0.0 0.0
6.80575e-5 -8.94471e-5 0.0 0.0 0.0
7.0002e-5 -8.94471e-5 0.0 0.0 0.0
7.19465e-5 -8.94471e-5 0.0 0.0 0.0
7.3891e-5 -8.94471e-5 0.0 0.0 0.0
7.58355e-5 -8.94471e-5 0.0 0.0 0.0
7.778e-5 -8.94471e-5 0.0 0.0 0.0
7.97245e-5 -8.94471e-5 0.0 0.0 0.0
8.1669e-5 -8.94471e-5 0.0 0.0 0.0
8.36136e-5 -8.94471e-5 0.0 0.0 0.0
8.55581e-5 -8.94471e-5 0.0 0.0 0.0
8.75026e-5 -8.94471e-5 0.0 0.0 0.0
8.94471e-5 -8.94471e-5 0.0 0.0 0.0
9.13916e-5 -8.94471e-5 0.0 0.0 0.0
9.33361e-5 -8.94471e-5 0.0 0.0 0.0
9.52806e-5 -8.94471e-5 0.0 0.0 0.0
-9.72251e-5 -8.75026e-5 1.745e-6 0.0 0.0
-9.52806e-5 -8.75026e-5 4.1835e-6 0.0 0.0
-9.33361e-5 -8.75026e-5 9.1785e-6 0.0 0.0
-9.13916e-5 -8.75026e-5 2.1407e-5 0.0 0.0
-8.94471e-5 -8.75026e-5 3.42435e-5 0.0 0.0
-8.75026e-5 -8.75026e-5 5.32119e-5 0.0 0.0
-8.55581e-5 -8.75026e-5 9.1213e-5 0.0 0.0
-8.36136e-5 -8.75026e-5 0.0001084064 0.0 0.0
-8.1669e-5 -8.75026e-5 0.0001533883 0.0 0.0
-7.97245e-5 -8.75026e-5 0.000171448 0.0 0.0
-7.778e-5 -8.75026e-5 0.000241402 0.0 0.0
-7.58355e-5 -8.75026e-5 0.0003112067 0.0 0.0
-7.3891e-5 -8.75026e-5 0.0003649037 0.0 0.0
-7.19465e-5 -8.75026e-5 0.0005368551 0.0 0.0
-7.0002e-5 -8.75026e-5 0.0007443399 0.0 0.0
-6.80575e-5 -8.75026e-5 0.0009994627 0.0 0.0
-6.6113e-5 -8.75026e-5 0.0012453533 0.0 0.0
-6.41685e-5 -8.75026e-5 0.0009212709 0.0 0.0
-6.2224e-5 -8.75026e-5 0.0012301304 0.0 0.0
-6.02795e-5 -8.75026e-5 0.0014163195 0.0 0.0
-5.8335e-5 -8.75026e-5 0.0016093201 0.0 0.0
-5.63905e-5 -8.75026e-5 0.0019152561 0.0 0.0
-5.4446e-5 -8.75026e-5 0.0021677507 0.0 0.0
-5.25015e-5 -8.75026e-5 0.0022811017 0.0 0.0
-5.0557e-5 -8.75026e-5 0.0026279168 0.0 0.0
-4.86125e-5 -8.75026e-5 0.0027615248 0.0 0.0
-4.6668e-5 -8.75026e-5 0.0021278254 0.0 0.0
-4.47235e-5 -8.75026e-5 0.0022945101 0.0 0.0
-4.2779e-5 -8.75026e-5 0.0024505497 0.0 0.0
-4.08345e-5 -8.75026e-5 0.0024418507 0.0 0.0
-3.889e-5 -8.75026e-5 0.002607344 0.0 0.0
-3.69455e-5 -8.75026e-5 0.0017962766 0.0 0.0
-3.5001e-5 -8.75026e-5 0.0018288283 0.0 0.0
-3.30565e-5 -8.75026e-5 0.0018504362 0.0 0.0
-3.1112e-5 -8.75026e-5 0.0014341803 0.0 0.0
-2.91675e-5 -8.75026e-5 0.0015725499 0.0 0.0
-2.7223e-5 -8.75026e-5 0.0015827857 0.0 0.0
-2.52785e-5 -8.75026e-5 0.0015936171 0.0 0.0
-2.3334e-5 -8.75026e-5 0.0012819407 0.0 0.0
-2.13895e-5 -8.75026e-5 0.0010318065 0.0 0.0
-1.9445e-5 -8.75026e-5 0.0011241778 0.0 0.0
-1.75005e-5 -8.75026e-5 0.0009002817 0.0 0.0
-1.5556e-5 -8.75026e-5 0.0009432087 0.0 0.0
-1.36115e-5 -8.75026e-5 0.000787875 0.0 0.0
-1.1667e-5 -8.75026e-5 0.0008482958 0.0 0.0
-9.7225e-6 -8.75026e-5 0.0009686611 0.0 0.0
-7.778e-6 -8.75026e-5 0.0007910516 0.0 0.0
-5.8335e-6 -8.75026e-5 0.0009104394 0.0 0.0
-3.889e-6 -8.75026e-5 0.0006871239 0.0 0.0
-1.9445e-6 -8.75026e-5 0.0007423627 0.0 0.0
0.0 -8.75026e-5 0.0005124541 0.0 0.0
1.9445e-6 -8.75026e-5 0.0002562064 0.0 0.0
3.889e-6 -8.75026e-5 0.0002604861 0.0 0.0
5.8335e-6 -8.75026e-5 0.0002383339 0.0 0.0
7.778e-6 -8.75026e-5 0.000199739 0.0 0.0
9.7225e-6 -8.75026e-5 0.0001964323 0.0 0.0
1.1667e-5 -8.75026e-5 0.0001540272 0.0 0.0
1.36115e-5 -8.75026e-5 6.09188e-5 0.0 0.0
1.5556e-5 -8.75026e-5 2.1018e-6 0.0 0.0
1.75005e-5 -8.75026e-5 2.517e-7 0.0 0.0
1.9445e-5 -8.75026e-5 2.0e-10 0.0 0.0
2.13895e-5 -8.75026e-5 0.0 0.0 0.0
2.3334e-5 -8.75026e-5 0.0 0.0 0.0
2.52785e-5 -8.75026e-5 0.0 0.0 0.0
2.7223e-5 -8.75026e-5 0.0 0.0 0.0
2.91675e-5 -8.75026e-5 0.0 0.0 0.0
3.1112e-5 -8.75026e-5 0.0 0.0 0.0
3.30565e-5 -8.75026e-5 0.0 0.0 0.0
3.5001e-5 -8.75026e-5 0.0 0.0 0.0
3.69455e-5 -8.75026e-5 0.0 0.0 0.0
3.889e-5 -8.75026e-5 0.0 0.0 0.0
4.08345e-5 -8.75026e-5 0.0 0.0 0.0
4.2779e-5 -8.75026e-5 0.0 0.0 0.0
4.47235e-5 -8.75026e-5 0.0 0.0 0.0
4.6668e-5 -8.75026e-5 0.0 0.0 0.0
4.86125e-5 -8.75026e-5 0.0 0.0 0.0
5.0557e-5 -8.75026e-5 0.0 0.0 0.0
5.25015e-5 -8.75026e-5 0.0 0.0 0.0
5.4446e-5 -8.75026e-5 0.0 0.0 0.0
5.63905e-5 -8.75026e-5 0.0 0.0 0.0
5.8335e-5 -8.75026e-5 0.0 0.0 0.0
6.02795e-5 -8.75026e-5 0.0 0.0 0.0
6.2224e-5 -8.75026e-5 0.0 0.0 0.0
6.41685e-5 -8.75026e-5 0.0 0.0 0.0
6.6113e-5 -8.75026e-5 0.0 0.0 0.0
6.80575e-5 -8.75026e-5 0.0 0.0 0.0
7.0002e-5 -8.75026e-5 0.0 0.0 0.0
7.19465e-5 -8.75026e-5 0.0 0.0 0.0
7.3891e-5 -8.75026e-5 0.0 0.0 0.0
7.58355e-5 -8.75026e-5 0.0 0.0 0.0
7.778e-5 -8.75026e-5 0.0 0.0 0.0
7.97245e-5 -8.75026e-5 0.0 0.0 0.0
8.1669e-5 -8.75026e-5 0.0 0.0 0.0
8.36136e-5 -8.75026e-5 0.0 0.0 0.0
8.55581e-5 -8.75026e-5 0.0 0.0 0.0
8.75026e-5 -8.75026e-5 0.0 0.0 0.0
8.94471e-5 -8.75026e-5 0.0 0.0 0.0
9.13916e-5 -8.75026e-5 0.0 0.0 0.0
9.33361e-5 -8.75026e-5 0.0 0.0 0.0
9.52806e-5 -8.75026e-5 0.0 0.0 0.0
-9.72251e-5 -8.55581e-5 8.3731e-6 0.0 0.0
-9.52806e-5 -8.55581e-5 1.74769e-5 0.0 0.0
-9.33361e-5 -8.55581e-5 4.87124e-5 0.0 0.0
-9.13916e-5 -8.55581e-5 8.91189e-5 0.0 0.0
-8.94471e-5 -8.55581e-5 0.0001363097 0.0 0.0
-8.75026e-5 -8.55581e-5 0.0001832511 0.0 0.0
-8.55581e-5 -8.55581e-5 0.0001766262 0.0 0.0
-8.36136e-5 -8.55581e-5 0.0002182287 0.0 0.0
-8.1669e-5 -8.55581e-5 0.0002727672 0.0 0.0
-7.97245e-5 -8.55581e-5 0.0004148057 0.0 0.0
-7.778e-5 -8.55581e-5 0.0005008335 0.0 0.0
-7.58355e-5 -8.55581e-5 0.0005940941 0.0 0.0
-7.3891e-5 -8.55581e-5 0.0007603894 0.0 0.0
-7.19465e-5 -8.55581e-5 0.0013053686 0.0 0.0
-7.0002e-5 -8.55581e-5 0.0018040797 0.0 0.0
-6.80575e-5 -8.55581e-5 0.0021857417 0.0 0.0
-6.6113e-5 -8.55581e-5 0.0026885992 0.0 0.0
-6.41685e-5 -8.55581e-5 0.0022397828 0.0 0.0
-6.2224e-5 -8.55581e-5 0.0027935919 0.0 0.0
-6.02795e-5 -8.55581e-5 0.0031561145 0.0 0.0
-5.8335e-5 -8.55581e-5 0.0035288611 0.0 0.0
-5.63905e-5 -8.55581e-5 0.0025271822 0.0 0.0
-5.4446e-5 -8.55581e-5 0.0029337452 0.0 0.0
-5.25015e-5 -8.55581e-5 0.0031701834 0.0 0.0
-5.0557e-5 -8.55581e-5 0.0033381579 0.0 0.0
-4.86125e-5 -8.55581e-5 0.0034848311 0.0 0.0
-4.6668e-5 -8.55581e-5 0.003687405 0.0 0.0
-4.47235e-5 -8.55581e-5 0.0037918827 0.0 0.0
-4.2779e-5 -8.55581e-5 0.0038930574 0.0 0.0
-4.08345e-5 -8.55581e-5 0.0037774587 0.0 0.0
-3.889e-5 -8.55581e-5 0.00376617 0.0 0.0
-3.69455e-5 -8.55581e-5 0.0036308975 0.0 0.0
-3.5001e-5 -8.55581e-5 0.0025074511 0.0 0.0
-3.30565e-5 -8.55581e-5 0.0023990852 0.0 0.0
-3.1112e-5 -8.55581e-5 0.0023402388 0.0 0.0
-2.91675e-5 -8.55581e-5 0.0017549781 0.0 0.0
-2.7223e-5 -8.55581e-5 0.0017793561 0.0 0.0
-2.52785e-5 -8.55581e-5 0.0018113189 0.0 0.0
-2.3334e-5 -8.55581e-5 0.001827493 0.0 0.0
-2.13895e-5 -8.55581e-5 0.0018618357 0.0 0.0
-1.9445e-5 -8.55581e-5 0.0015027858 0.0 0.0
-1.75005e-5 -8.55581e-5 0.0015726099 0.0 0.0
-1.5556e-5 -8.55581e-5 0.0012849686 0.0 0.0
-1.36115e-5 -8.55581e-5 0.0013516289 0.0 0.0
-1.1667e-5 -8.55581e-5 0.0010988551 0.0 0.0
-9.7225e-6 -8.55581e-5 0.0012329326 0.0 0.0
-7.778e-6 -8.55581e-5 0.0010378851 0.0 0.0
-5.8335e-6 -8.55581e-5 0.0011691856 0.0 0.0
-3.889e-6 -8.55581e-5 0.0009676425 0.0 0.0
-1.9445e-6 -8.55581e-5 0.0010990955 0.0 0.0
0.0 -8.55581e-5 0.000883631 0.0 0.0
1.9445e-6 -8.55581e-5 0.0006098129 0.0 0.0
3.889e-6 -8.55581e-5 0.0007531714 0.0 0.0
5.8335e-6 -8.55581e-5 0.0003632215 0.0 0.0
7.778e-6 -8.55581e-5 0.0003252386 0.0 0.0
9.7225e-6 -8.55581e-5 0.0002779858 0.0 0.0
1.1667e-5 -8.55581e-5 0.0001953897 0.0 0.0
1.36115e-5 -8.55581e-5 0.0001403811 0.0 0.0
1.5556e-5 -8.55581e-5 0.0001217991 0.0 0.0
1.75005e-5 -8.55581e-5 7.423e-6 0.0 0.0
1.9445e-5 -8.55581e-5 3.216e-7 0.0 0.0
2.13895e-5 -8.55581e-5 5.202e-7 0.0 0.0
2.3334e-5 -8.55581e-5 7.196e-7 0.0 0.0
2.52785e-5 -8.55581e-5 6.088e-7 0.0 0.0
2.7223e-5 -8.55581e-5 3.332e-7 0.0 0.0
2.91675e-5 -8.55581e-5 1.859e-7 0.0 0.0
3.1112e-5 -8.55581e-5 1.234e-7 0.0 0.0
3.30565e-5 -8.55581e-5 1.94e-8 0.0 0.0
3.5001e-5 -8.55581e-5 1.5e-9 0.0 0.0
3.69455e-5 -8.55581e-5 2.0e-10 0.0 0.0
3.889e-5 -8.55581e-5 0.0 0.0 0.0
4.08345e-5 -8.55581e-5 0.0 0.0 0.0
4.2779e-5 -8.55581e-5 0.0 0.0 0.0
4.47235e-5 -8.55581e-5 0.0 0.0 0.0
4.6668e-5 -8.55581e-5 0.0 0.0 0.0
4.86125e-5 -8.55581e-5 0.0 0.0 0.0
5.0557e-5 -8.55581e-5 0.0 0.0 0.0
5.25015e-5 -8.55581e-5 0.0 0.0 0.0
5.4446e-5 -8.55581e-5 0.0 0.0 0.0
5.63905e-5 -8.55581e-5 0.0 0.0 0.0
5.8335e-5 -8.55581e-5 0.0 0.0 0.0
6.02795e-5 -8.55581e-5 0.0 0.0 0.0
6.2224e-5 -8.55581e-5 0.0 0.0 0.0
6.41685e-5 -8.55581e-5 0.0 0.0 0.0
6.6113e-5 -8.55581e-5 0.0 0.0 0.0
6.80575e-5 -8.55581e-5 0.0 0.0 0.0
7.0002e-5 -8.55581e-5 0.0 0.0 0.0
7.19465e-5 -8.55581e-5 0.0 0.0 0.0
7.3891e-5 -8.55581e-5 0.0 0.0 0.0
7.58355e-5 -8.55581e-5 0.0 0.0 0.0
7.778e-5 -8.55581e-5 0.0 0.0 0.0
7.97245e-5 -8.55581e-5 0.0 0.0 0.0
8.1669e-5 -8.55581e-5 0.0 0.0 0.0
8.36136e-5 -8.55581e-5 0.0 0.0 0.0
8.55581e-5 -8.55581e-5 0.0 0.0 0.0
8.75026e-5 -8.55581e-5 0.0 0.0 0.0
8.94471e-5 -8.55581e-5 0.0 0.0 0.0
9.13916e-5 -8.55581e-5 0.0 0.0 0.0
9.33361e-5 -8.55581e-5 0.0 0.0 0.0
9.52806e-5 -8.55581e-5 0.0 0.0 0.0
-9.72251e-5 -8.36136e-5 2.2891e-5 0.0 0.0
-9.52806e-5 -8.36136e-5 6.10935e-5 0.0 0.0
-9.33361e-5 -8.36136e-5 0.000135847 0.0 0.0
-9.13916e-5 -8.36136e-5 0.0002090794 0.0 0.0
-8.94471e-5 -8.36136e-5 0.0003401771 0.0 0.0
-8.75026e-5 -8.36136e-5 0.0006120121 0.0 0.0
-8.55581e-5 -8.36136e-5 0.000805822 0.0 0.0
-8.36136e-5 -8.36136e-5 0.0009881777 0.0 0.0
-8.1669e-5 -8.36136e-5 0.0015086787 0.0 0.0
-7.97245e-5 -8.36136e-5 0.0019703423 0.0 0.0
-7.778e-5 -8.36136e-5 0.0023639176 0.0 0.0
-7.58355e-5 -8.36136e-5 0.0031056801 0.0 0.0
-7.3891e-5 -8.36136e-5 0.0027443646 0.0 0.0
-7.19465e-5 -8.36136e-5 0.0035456892 0.0 0.0
-7.0002e-5 -8.36136e-5 0.0027524927 0.0 0.0
-6.80575e-5 -8.36136e-5 0.0036824896 0.0 0.0
-6.6113e-5 -8.36136e-5 0.002637652 0.0 0.0
-6.41685e-5 -8.36136e-5 0.0031881213 0.0 0.0
-6.2224e-5 -8.36136e-5 0.0024759905 0.0 0.0
-6.02795e-5 -8.36136e-5 0.0030093991 0.0 0.0
-5.8335e-5 -8.36136e-5 0.0033689746 0.0 0.0
-5.63905e-5 -8.36136e-5 0.003849046 0.0 0.0
-5.4446e-5 -8.36136e-5 0.0041231581 0.0 0.0
-5.25015e-5 -8.36136e-5 0.0043973703 0.0 0.0
-5.0557e-5 -8.36136e-5 0.0043066345 0.0 0.0
-4.86125e-5 -8.36136e-5 0.0044020639 0.0 0.0
-4.6668e-5 -8.36136e-5 0.0046432339 0.0 0.0
-4.47235e-5 -8.36136e-5 0.0061895877 0.0 0.0
-4.2779e-5 -8.36136e-5 0.0043938503 0.0 0.0
-4.08345e-5 -8.36136e-5 0.005912018 0.0 0.0
-3.889e-5 -8.36136e-5 0.0041794908 0.0 0.0
-3.69455e-5 -8.36136e-5 0.005609617 0.0 0.0
-3.5001e-5 -8.36136e-5 0.005176984 0.0 0.0
-3.30565e-5 -8.36136e-5 0.0048531304 0.0 0.0
-3.1112e-5 -8.36136e-5 0.0032251079 0.0 0.0
-2.91675e-5 -8.36136e-5 0.0029280517 0.0 0.0
-2.7223e-5 -8.36136e-5 0.0026966924 0.0 0.0
-2.52785e-5 -8.36136e-5 0.0026142144 0.0 0.0
-2.3334e-5 -8.36136e-5 0.0026095482 0.0 0.0
-2.13895e-5 -8.36136e-5 0.002578892 0.0 0.0
-1.9445e-5 -8.36136e-5 0.0020316707 0.0 0.0
-1.75005e-5 -8.36136e-5 0.0020872845 0.0 0.0
-1.5556e-5 -8.36136e-5 0.0020361919 0.0 0.0
-1.36115e-5 -8.36136e-5 0.0017779225 0.0 0.0
-1.1667e-5 -8.36136e-5 0.0018616499 0.0 0.0
-9.7225e-6 -8.36136e-5 0.0014537539 0.0 0.0
-7.778e-6 -8.36136e-5 0.0015747153 0.0 0.0
-5.8335e-6 -8.36136e-5 0.0014118316 0.0 0.0
-3.889e-6 -8.36136e-5 0.0012539288 0.0 0.0
-1.9445e-6 -8.36136e-5 0.0014012797 0.0 0.0
0.0 -8.36136e-5 0.0011754186 0.0 0.0
1.9445e-6 -8.36136e-5 0.0010005588 0.0 0.0
3.889e-6 -8.36136e-5 0.0007458929 0.0 0.0
5.8335e-6 -8.36136e-5 0.0008074574 0.0 0.0
7.778e-6 -8.36136e-5 0.0008257792 0.0 0.0
9.7225e-6 -8.36136e-5 0.0004268588 0.0 0.0
1.1667e-5 -8.36136e-5 0.0003636095 0.0 0.0
1.36115e-5 -8.36136e-5 0.0001879622 0.0 0.0
1.5556e-5 -8.36136e-5 0.0001439967 0.0 0.0
1.75005e-5 -8.36136e-5 0.0001458766 0.0 0.0
1.9445e-5 -8.36136e-5 6.65489e-5 0.0 0.0
2.13895e-5 -8.36136e-5 6.89568e-5 0.0 0.0
2.3334e-5 -8.36136e-5 9.48588e-5 0.0 0.0
2.52785e-5 -8.36136e-5 8.66851e-5 0.0 0.0
2.7223e-5 -8.36136e-5 5.89268e-5 0.0 0.0
2.91675e-5 -8.36136e-5 0.0001452307 0.0 0.0
3.1112e-5 -8.36136e-5 0.0001292728 0.0 0.0
3.30565e-5 -8.36136e-5 0.000118276 0.0 0.0
3.5001e-5 -8.36136e-5 5.20481e-5 0.0 0.0
3.69455e-5 -8.36136e-5 3.55736e-5 0.0 0.0
3.889e-5 -8.36136e-5 8.6383e-6 0.0 0.0
4.08345e-5 -8.36136e-5 5.1968e-6 0.0 0.0
4.2779e-5 -8.36136e-5 1.718e-7 0.0 0.0
4.47235e-5 -8.36136e-5 1.4e-8 0.0 0.0
4.6668e-5 -8.36136e-5 1.0e-10 0.0 0.0
4.86125e-5 -8.36136e-5 0.0 0.0 0.0
5.0557e-5 -8.36136e-5 0.0 0.0 0.0
5.25015e-5 -8.36136e-5 0.0 0.0 0.0
5.4446e-5 -8.36136e-5 0.0 0.0 0.0
5.63905e-5 -8.36136e-5 0.0 0.0 0.0
5.8335e-5 -8.36136e-5 0.0 0.0 0.0
6.02795e-5 -8.36136e-5 0.0 0.0 0.0
6.2224e-5 -8.36136e-5 0.0 0.0 0.0
6.41685e-5 -8.36136e-5 0.0 0.0 0.0
6.6113e-5 -8.36136e-5 0.0 0.0 0.0
6.80575e-5 -8.36136e-5 0.0 0.0 0.0
7.0002e-5 -8.36136e-5 0.0 0.0 0.0
7.19465e-5 -8.36136e-5 0.0 0.0 0.0
7.3891e-5 -8.36136e-5 0.0 0.0 0.0
7.58355e-5 -8.36136e-5 0.0 0.0 0.0
7.778e-5 -8.36136e-5 0.0 0.0 0.0
7.97245e-5 -8.36136e-5 0.0 0.0 0.0
8.1669e-5 -8.36136e-5 0.0 0.0 0.0
8.36136e-5 -8.36136e-5 0.0 0.0 0.0
8.55581e-5 -8.36136e-5 0.0 0.0 0.0
8.75026e-5 -8.36136e-5 0.0 0.0 0.0
8.94471e-5 -8.36136e-5 0.0 0.0 0.0
9.13916e-5 -8.36136e-5 0.0 0.0 0.0
9.33361e-5 -8.36136e-5 0.0 0.0 0.0
9.52806e-5 -8.36136e-5 0.0 0.0 0.0
-9.72251e-5 -8.1669e-5 0.0001328746 0.0 0.0
-9.52806e-5 -8.1669e-5 0.0002644367 0.0 0.0
-9.33361e-5 -8.1669e-5 0.0003917837 0.0 0.0
-9.13916e-5 -8.1669e-5 0.0008508686 0.0 0.0
-8.94471e-5 -8.1669e-5 0.001238875 0.0 0.0
-8.75026e-5 -8.1669e-5 0.0017150227 0.0 0.0
-8.55581e-5 -8.1669e-5 0.0023561248 0.0 0.0
-8.36136e-5 -8.1669e-5 0.0029874476 0.0 0.0
-8.1669e-5 -8.1669e-5 0.0024639043 0.0 0.0
-7.97245e-5 -8.1669e-5 0.0021080943 0.0 0.0
-7.778e-5 -8.1669e-5 0.0025519026 0.0 0.0
-7.58355e-5 -8.1669e-5 0.0035706042 0.0 0.0
-7.3891e-5 -8.1669e-5 0.0030927439 0.0 0.0
-7.19465e-5 -8.1669e-5 0.0044201562 0.0 0.0
-7.0002e-5 -8.1669e-5 0.0039426254 0.0 0.0
-6.80575e-5 -8.1669e-5 0.0049785501 0.0 0.0
-6.6113e-5 -8.1669e-5 0.006025491 0.0 0.0
-6.41685e-5 -8.1669e-5 0.0054401386 0.0 0.0
-6.2224e-5 -8.1669e-5 0.0060324562 0.0 0.0
-6.02795e-5 -8.1669e-5 0.0069343116 0.0 0.0
-5.8335e-5 -8.1669e-5 0.0055074261 0.0 0.0
-5.63905e-5 -8.1669e-5 0.0060706525 0.0 0.0
-5.4446e-5 -8.1669e-5 0.0060869531 0.0 0.0
-5.25015e-5 -8.1669e-5 0.0059130848 0.0 0.0
-5.0557e-5 -8.1669e-5 0.0054297198 0.0 0.0
-4.86125e-5 -8.1669e-5 0.0050385039 0.0 0.0
-4.6668e-5 -8.1669e-5 0.0045814078 0.0 0.0
-4.47235e-5 -8.1669e-5 0.0062418649 0.0 0.0
-4.2779e-5 -8.1669e-5 0.0058515236 0.0 0.0
-4.08345e-5 -8.1669e-5 0.0056193199 0.0 0.0
-3.889e-5 -8.1669e-5 0.0074448414 0.0 0.0
-3.69455e-5 -8.1669e-5 0.0069893704 0.0 0.0
-3.5001e-5 -8.1669e-5 0.0062103944 0.0 0.0
-3.30565e-5 -8.1669e-5 0.0059608666 0.0 0.0
-3.1112e-5 -8.1669e-5 0.0070688677 0.0 0.0
-2.91675e-5 -8.1669e-5 0.0062348316 0.0 0.0
-2.7223e-5 -8.1669e-5 0.005396383 0.0 0.0
-2.52785e-5 -8.1669e-5 0.004616618 0.0 0.0
-2.3334e-5 -8.1669e-5 0.0041344214 0.0 0.0
-2.13895e-5 -8.1669e-5 0.0027522779 0.0 0.0
-1.9445e-5 -8.1669e-5 0.0026501751 0.0 0.0
-1.75005e-5 -8.1669e-5 0.0024783458 0.0 0.0
-1.5556e-5 -8.1669e-5 0.0021065633 0.0 0.0
-1.36115e-5 -8.1669e-5 0.0021666968 0.0 0.0
-1.1667e-5 -8.1669e-5 0.0022332187 0.0 0.0
-9.7225e-6 -8.1669e-5 0.0018733353 0.0 0.0
-7.778e-6 -8.1669e-5 0.0019801503 0.0 0.0
-5.8335e-6 -8.1669e-5 0.0016652359 0.0 0.0
-3.889e-6 -8.1669e-5 0.0017599165 0.0 0.0
-1.9445e-6 -8.1669e-5 0.0015527575 0.0 0.0
0.0 -8.1669e-5 0.0013583288 0.0 0.0
1.9445e-6 -8.1669e-5 0.0011695335 0.0 0.0
3.889e-6 -8.1669e-5 0.0010770891 0.0 0.0
5.8335e-6 -8.1669e-5 0.0012702624 0.0 0.0
7.778e-6 -8.1669e-5 0.0010502524 0.0 0.0
9.7225e-6 -8.1669e-5 0.0010612968 0.0 0.0
1.1667e-5 -8.1669e-5 0.0006505958 0.0 0.0
1.36115e-5 -8.1669e-5 0.0005320159 0.0 0.0
1.5556e-5 -8.1669e-5 0.000376999 0.0 0.0
1.75005e-5 -8.1669e-5 0.0004980625 0.0 0.0
1.9445e-5 -8.1669e-5 0.0004036325 0.0 0.0
2.13895e-5 -8.1669e-5 0.0001731379 0.0 0.0
2.3334e-5 -8.1669e-5 0.0001177205 0.0 0.0
2.52785e-5 -8.1669e-5 0.0001112107 0.0 0.0
2.7223e-5 -8.1669e-5 5.78482e-5 0.0 0.0
2.91675e-5 -8.1669e-5 4.0443e-5 0.0 0.0
3.1112e-5 -8.1669e-5 1.84931e-5 0.0 0.0
3.30565e-5 -8.1669e-5 1.99304e-5 0.0 0.0
3.5001e-5 -8.1669e-5 3.70193e-5 0.0 0.0
3.69455e-5 -8.1669e-5 2.40256e-5 0.0 0.0
3.889e-5 -8.1669e-5 3.46098e-5 0.0 0.0
4.08345e-5 -8.1669e-5 7.88698e-5 0.0 0.0
4.2779e-5 -8.1669e-5 0.0002006743 0.0 0.0
4.47235e-5 -8.1669e-5 0.0001001873 0.0 0.0
4.6668e-5 -8.1669e-5 2.44733e-5 0.0 0.0
4.86125e-5 -8.1669e-5 2.5871e-6 0.0 0.0
5.0557e-5 -8.1669e-5 1.737e-7 0.0 0.0
5.25015e-5 -8.1669e-5 1.2e-9 0.0 0.0
5.4446e-5 -8.1669e-5 0.0 0.0 0.0
5.63905e-5 -8.1669e-5 0.0 0.0 0.0
5.8335e-5 -8.1669e-5 0.0 0.0 0.0
6.02795e-5 -8.1669e-5 0.0 0.0 0.0
6.2224e-5 -8.1669e-5 0.0 0.0 0.0
6.41685e-5 -8.1669e-5 0.0 0.0 0.0
6.6113e-5 -8.1669e-5 0.0 0.0 0.0
6.80575e-5 -8.1669e-5 0.0 0.0 0.0
7.0002e-5 -8.1669e-5 0.0 0.0 0.0
7.19465e-5 -8.1669e-5 0.0 0.0 0.0
7.3891e-5 -8.1669e-5 0.0 0.0 0.0
7.58355e-5 -8.1669e-5 0.0 0.0 0.0
7.778e-5 -8.1669e-5 0.0 0.0 0.0
7.97245e-5 -8.1669e-5 0.0 0.0 0.0
8.1669e-5 -8.1669e-5 0.0 0.0 0.0
8.36136e-5 -8.1669e-5 0.0 0.0 0.0
8.55581e-5 -8.1669e-5 0.0 0.0 0.0
8.75026e-5 -8.1669e-5 0.0 0.0 0.0
8.94471e-5 -8.1669e-5 0.0 0.0 0.0
9.13916e-5 -8.1669e-5 0.0 0.0 0.0
9.33361e-5 -8.1669e-5 0.0 0.0 0.0
9.52806e-5 -8.1669e-5 0.0 0.0 0.0
-9.72251e-5 -7.97245e-5 0.0005904965 0.0 0.0
-9.52806e-5 -7.97245e-5 0.0009043824 0.0 0.0
-9.33361e-5 -7.97245e-5 0.0019055316 0.0 0.0
-9.13916e-5 -7.97245e-5 0.0023808701 0.0 0.0
-8.94471e-5 -7.97245e-5 0.0020465066 0.0 0.0
-8.75026e-5 -7.97245e-5 0.0030507914 0.0 0.0
-8.55581e-5 -7.97245e-5 0.0028337073 0.0 0.0
-8.36136e-5 -7.97245e-5 0.0040622271 0.0 0.0
-8.1669e-5 -7.97245e-5 0.0041181513 0.0 0.0
-7.97245e-5 -7.97245e-5 0.006083286 0.0 0.0
-7.778e-5 -7.97245e-5 0.0061932496 0.0 0.0
-7.58355e-5 -7.97245e-5 0.0091269802 0.0 0.0
-7.3891e-5 -7.97245e-5 0.0099512537 0.0 0.0
-7.19465e-5 -7.97245e-5 0.0108729366 0.0 0.0
-7.0002e-5 -7.97245e-5 0.0172708821 0.0 0.0
-6.80575e-5 -7.97245e-5 0.0192643253 0.0 0.0
-6.6113e-5 -7.97245e-5 0.0201807377 0.0 0.0
-6.41685e-5 -7.97245e-5 0.024088142 0.0 0.0
-6.2224e-5 -7.97245e-5 0.0316349191 0.0 0.0
-6.02795e-5 -7.97245e-5 0.0308092935 0.0 0.0
-5.8335e-5 -7.97245e-5 0.0296945066 0.0 0.0
-5.63905e-5 -7.97245e-5 0.0342828769 0.0 0.0
-5.4446e-5 -7.97245e-5 0.033905938 0.0 0.0
-5.25015e-5 -7.97245e-5 0.0321080427 0.0 0.0
-5.0557e-5 -7.97245e-5 0.0323115361 0.0 0.0
-4.86125e-5 -7.97245e-5 0.0282786699 0.0 0.0
-4.6668e-5 -7.97245e-5 0.0239387464 0.0 0.0
-4.47235e-5 -7.97245e-5 0.0181931502 0.0 0.0
-4.2779e-5 -7.97245e-5 0.0141194923 0.0 0.0
-4.08345e-5 -7.97245e-5 0.0122494371 0.0 0.0
-3.889e-5 -7.97245e-5 0.0089308316 0.0 0.0
-3.69455e-5 -7.97245e-5 0.0071012986 0.0 0.0
-3.5001e-5 -7.97245e-5 0.0087622771 0.0 0.0
-3.30565e-5 -7.97245e-5 0.0102012862 0.0 0.0
-3.1112e-5 -7.97245e-5 0.0091061098 0.0 0.0
-2.91675e-5 -7.97245e-5 0.0102112238 0.0 0.0
-2.7223e-5 -7.97245e-5 0.008684724 0.0 0.0
-2.52785e-5 -7.97245e-5 0.0097904342 0.0 0.0
-2.3334e-5 -7.97245e-5 0.0084271109 0.0 0.0
-2.13895e-5 -7.97245e-5 0.0052502331 0.0 0.0
-1.9445e-5 -7.97245e-5 0.0043301075 0.0 0.0
-1.75005e-5 -7.97245e-5 0.0035131857 0.0 0.0
-1.5556e-5 -7.97245e-5 0.0032941266 0.0 0.0
-1.36115e-5 -7.97245e-5 0.0025493986 0.0 0.0
-1.1667e-5 -7.97245e-5 0.0026065353 0.0 0.0
-9.7225e-6 -7.97245e-5 0.0020733444 0.0 0.0
-7.778e-6 -7.97245e-5 0.002257839 0.0 0.0
-5.8335e-6 -7.97245e-5 0.0022990114 0.0 0.0
-3.889e-6 -7.97245e-5 0.0020081343 0.0 0.0
-1.9445e-6 -7.97245e-5 0.0022278654 0.0 0.0
0.0 -7.97245e-5 0.0021036531 0.0 0.0
1.9445e-6 -7.97245e-5 0.0020594421 0.0 0.0
3.889e-6 -7.97245e-5 0.0018378956 0.0 0.0
5.8335e-6 -7.97245e-5 0.0017732359 0.0 0.0
7.778e-6 -7.97245e-5 0.001589736 0.0 0.0
9.7225e-6 -7.97245e-5 0.0020132471 0.0 0.0
1.1667e-5 -7.97245e-5 0.001715839 0.0 0.0
1.36115e-5 -7.97245e-5 0.0017472049 0.0 0.0
1.5556e-5 -7.97245e-5 0.0017791027 0.0 0.0
1.75005e-5 -7.97245e-5 0.0012234265 0.0 0.0
1.9445e-5 -7.97245e-5 0.0012243174 0.0 0.0
2.13895e-5 -7.97245e-5 0.0013061426 0.0 0.0
2.3334e-5 -7.97245e-5 0.0008687332 0.0 0.0
2.52785e-5 -7.97245e-5 0.0007869282 0.0 0.0
2.7223e-5 -7.97245e-5 0.0006471128 0.0 0.0
2.91675e-5 -7.97245e-5 0.0005579417 0.0 0.0
3.1112e-5 -7.97245e-5 0.0004411603 0.0 0.0
3.30565e-5 -7.97245e-5 0.0003173972 0.0 0.0
3.5001e-5 -7.97245e-5 0.0001827214 0.0 0.0
3.69455e-5 -7.97245e-5 4.3707e-5 0.0 0.0
3.889e-5 -7.97245e-5 1.61175e-5 0.0 0.0
4.08345e-5 -7.97245e-5 3.71368e-5 0.0 0.0
4.2779e-5 -7.97245e-5 1.96429e-5 0.0 0.0
4.47235e-5 -7.97245e-5 3.42463e-5 0.0 0.0
4.6668e-5 -7.97245e-5 3.98361e-5 0.0 0.0
4.86125e-5 -7.97245e-5 7.34989e-5 0.0 0.0
5.0557e-5 -7.97245e-5 0.0001145032 0.0 0.0
5.25015e-5 -7.97245e-5 4.26986e-5 0.0 0.0
5.4446e-5 -7.97245e-5 3.2983e-6 0.0 0.0
5.63905e-5 -7.97245e-5 5.02e-8 0.0 0.0
5.8335e-5 -7.97245e-5 2.0e-10 0.0 0.0
6.02795e-5 -7.97245e-5 0.0 0.0 0.0
6.2224e-5 -7.97245e-5 0.0 0.0 0.0
6.41685e-5 -7.97245e-5 0.0 0.0 0.0
6.6113e-5 -7.97245e-5 0.0 0.0 0.0
6.80575e-5 -7.97245e-5 0.0 0.0 0.0
7.0002e-5 -7.97245e-5 0.0 0.0 0.0
7.19465e-5 -7.97245e-5 0.0 0.0 0.0
7.3891e-5 -7.97245e-5 0.0 0.0 0.0
7.58355e-5 -7.97245e-5 0.0 0.0 0.0
7.778e-5 -7.97245e-5 0.0 0.0 0.0
7.97245e-5 -7.97245e-5 0.0 0.0 0.0
8.1669e-5 -7.97245e-5 0.0 0.0 0.0
8.36136e-5 -7.97245e-5 0.0 0.0 0.0
8.55581e-5 -7.97245e-5 0.0 0.0 0.0
8.75026e-5 -7.97245e-5 0.0 0.0 0.0
8.94471e-5 -7.97245e-5 0.0 0.0 0.0
9.13916e-5 -7.97245e-5 0.0 0.0 0.0
9.33361e-5 -7.97245e-5 0.0 0.0 0.0
9.52806e-5 -7.97245e-5 0.0 0.0 0.0
-9.72251e-5 -7.778e-5 0.001572578 0.0 0.0
-9.52806e-5 -7.778e-5 0.0023916261 0.0 0.0
-9.33361e-5 -7.778e-5 0.0022642895 0.0 0.0
-9.13916e-5 -7.778e-5 0.0036317947 0.0 0.0
-8.94471e-5 -7.778e-5 0.0037090721 0.0 0.0
-8.75026e-5 -7.778e-5 0.0060199966 0.0 0.0
-8.55581e-5 -7.778e-5 0.0065517764 0.0 0.0
-8.36136e-5 -7.778e-5 0.0108179079 0.0 0.0
-8.1669e-5 -7.778e-5 0.0091507938 0.0 0.0
-7.97245e-5 -7.778e-5 0.0118160741 0.0 0.0
-7.778e-5 -7.778e-5 0.0176412165 0.0 0.0
-7.58355e-5 -7.778e-5 0.020181944 0.0 0.0
-7.3891e-5 -7.778e-5 0.0263774156 0.0 0.0
-7.19465e-5 -7.778e-5 0.0079955117 0.0 0.0
-7.0002e-5 -7.778e-5 0.0051093991 0.0 0.0
-6.80575e-5 -7.778e-5 0.003448312 0.0 0.0
-6.6113e-5 -7.778e-5 0.0046616341 0.0 0.0
-6.41685e-5 -7.778e-5 0.0056060191 0.0 0.0
-6.2224e-5 -7.778e-5 0.0064520394 0.0 0.0
-6.02795e-5 -7.778e-5 0.0046141489 0.0 0.0
-5.8335e-5 -7.778e-5 0.0055336782 0.0 0.0
-5.63905e-5 -7.778e-5 0.0056114197 0.0 0.0
-5.4446e-5 -7.778e-5 0.0096814751 0.0 0.0
-5.25015e-5 -7.778e-5 0.0097110178 0.0 0.0
-5.0557e-5 -7.778e-5 0.0097669848 0.0 0.0
-4.86125e-5 -7.778e-5 0.0087186439 0.0 0.0
-4.6668e-5 -7.778e-5 0.0110306722 0.0 0.0
-4.47235e-5 -7.778e-5 0.0129178242 0.0 0.0
-4.2779e-5 -7.778e-5 0.0132863272 0.0 0.0
-4.08345e-5 -7.778e-5 0.0286573969 0.0 0.0
-3.889e-5 -7.778e-5 0.0261392209 0.0 0.0
-3.69455e-5 -7.778e-5 0.0252670431 0.0 0.0
-3.5001e-5 -7.778e-5 0.0171057902 0.0 0.0
-3.30565e-5 -7.778e-5 0.0116862372 0.0 0.0
-3.1112e-5 -7.778e-5 0.0101654896 0.0 0.0
-2.91675e-5 -7.778e-5 0.0111810234 0.0 0.0
-2.7223e-5 -7.778e-5 0.0117969231 0.0 0.0
-2.52785e-5 -7.778e-5 0.0127544322 0.0 0.0
-2.3334e-5 -7.778e-5 0.0105770526 0.0 0.0
-2.13895e-5 -7.778e-5 0.0111775716 0.0 0.0
-1.9445e-5 -7.778e-5 0.0089413189 0.0 0.0
-1.75005e-5 -7.778e-5 0.0070394267 0.0 0.0
-1.5556e-5 -7.778e-5 0.0041184871 0.0 0.0
-1.36115e-5 -7.778e-5 0.003555127 0.0 0.0
-1.1667e-5 -7.778e-5 0.003201431 0.0 0.0
-9.7225e-6 -7.778e-5 0.0031441756 0.0 0.0
-7.778e-6 -7.778e-5 0.0025319385 0.0 0.0
-5.8335e-6 -7.778e-5 0.0027957408 0.0 0.0
-3.889e-6 -7.778e-5 0.0025462772 0.0 0.0
-1.9445e-6 -7.778e-5 0.00268526 0.0 0.0
0.0 -7.778e-5 0.0025020157 0.0 0.0
1.9445e-6 -7.778e-5 0.0023832146 0.0 0.0
3.889e-6 -7.778e-5 0.0020923119 0.0 0.0
5.8335e-6 -7.778e-5 0.001923034 0.0 0.0
7.778e-6 -7.778e-5 0.0017599375 0.0 0.0
9.7225e-6 -7.778e-5 0.0018840962 0.0 0.0
1.1667e-5 -7.778e-5 0.0016683843 0.0 0.0
1.36115e-5 -7.778e-5 0.0019694895 0.0 0.0
1.5556e-5 -7.778e-5 0.0012710561 0.0 0.0
1.75005e-5 -7.778e-5 0.0012205256 0.0 0.0
1.9445e-5 -7.778e-5 0.0009842084 0.0 0.0
2.13895e-5 -7.778e-5 0.0010425426 0.0 0.0
2.3334e-5 -7.778e-5 0.0008356364 0.0 0.0
2.52785e-5 -7.778e-5 0.0004800272 0.0 0.0
2.7223e-5 -7.778e-5 0.0005279395 0.0 0.0
2.91675e-5 -7.778e-5 0.0006324899 0.0 0.0
3.1112e-5 -7.778e-5 0.0007122379 0.0 0.0
3.30565e-5 -7.778e-5 0.000844804 0.0 0.0
3.5001e-5 -7.778e-5 0.0010368656 0.0 0.0
3.69455e-5 -7.778e-5 0.0010722554 0.0 0.0
3.889e-5 -7.778e-5 0.0008480903 0.0 0.0
4.08345e-5 -7.778e-5 0.0005045945 0.0 0.0
4.2779e-5 -7.778e-5 0.0002059457 0.0 0.0
4.47235e-5 -7.778e-5 6.81926e-5 0.0 0.0
4.6668e-5 -7.778e-5 2.57497e-5 0.0 0.0
4.86125e-5 -7.778e-5 2.92408e-5 0.0 0.0
5.0557e-5 -7.778e-5 4.22589e-5 0.0 0.0
5.25015e-5 -7.778e-5 5.02824e-5 0.0 0.0
5.4446e-5 -7.778e-5 6.42236e-5 0.0 0.0
5.63905e-5 -7.778e-5 0.0001390962 0.0 0.0
5.8335e-5 -7.778e-5 2.23499e-5 0.0 0.0
6.02795e-5 -7.778e-5 3.604e-7 0.0 0.0
6.2224e-5 -7.778e-5 6.0e-10 0.0 0.0
6.41685e-5 -7.778e-5 0.0 0.0 0.0
6.6113e-5 -7.778e-5 0.0 0.0 0.0
6.80575e-5 -7.778e-5 0.0 0.0 0.0
7.0002e-5 -7.778e-5 0.0 0.0 0.0
7.19465e-5 -7.778e-5 0.0 0.0 0.0
7.3891e-5 -7.778e-5 0.0 0.0 0.0
7.58355e-5 -7.778e-5 0.0 0.0 0.0
7.778e-5 -7.778e-5 0.0 0.0 0.0
7.97245e-5 -7.778e-5 0.0 0.0 0.0
8.1669e-5 -7.778e-5 0.0 0.0 0.0
8.36136e-5 -7.778e-5 0.0 0.0 0.0
8.55581e-5 -7.778e-5 0.0 0.0 0.0
8.75026e-5 -7.778e-5 0.0 0.0 0.0
8.94471e-5 -7.778e-5 0.0 0.0 0.0
9.13916e-5 -7.778e-5 0.0 0.0 0.0
9.33361e-5 -7.778e-5 0.0 0.0 0.0
9.52806e-5 -7.778e-5 0.0 0.0 0.0
-9.72251e-5 -7.58355e-5 0.0037072078 0.0 0.0
-9.52806e-5 -7.58355e-5 0.0044036901 0.0 0.0
-9.33361e-5 -7.58355e-5 0.0050114925 0.0 0.0
-9.13916e-5 -7.58355e-5 0.0087015716 0.0 0.0
-8.94471e-5 -7.58355e-5 0.0081943037 0.0 0.0
-8.75026e-5 -7.58355e-5 0.0072579415 0.0 0.0
-8.55581e-5 -7.58355e-5 0.0133849666 0.0 0.0
-8.36136e-5 -7.58355e-5 0.0171698937 0.0 0.0
-8.1669e-5 -7.58355e-5 0.0178719241 0.0 0.0
-7.97245e-5 -7.58355e-5 0.0047445007 0.0 0.0
-7.778e-5 -7.58355e-5 0.0035175293 0.0 0.0
-7.58355e-5 -7.58355e-5 0.0022547515 0.0 0.0
-7.3891e-5 -7.58355e-5 0.00343854 0.0 0.0
-7.19465e-5 -7.58355e-5 0.0046823752 0.0 0.0
-7.0002e-5 -7.58355e-5 0.002788337 0.0 0.0
-6.80575e-5 -7.58355e-5 0.0046386707 0.0 0.0
-6.6113e-5 -7.58355e-5 0.0030143368 0.0 0.0
-6.41685e-5 -7.58355e-5 0.0044725357 0.0 0.0
-6.2224e-5 -7.58355e-5 0.0037148191 0.0 0.0
-6.02795e-5 -7.58355e-5 0.0048992397 0.0 0.0
-5.8335e-5 -7.58355e-5 0.0061028772 0.0 0.0
-5.63905e-5 -7.58355e-5 0.0048448516 0.0 0.0
-5.4446e-5 -7.58355e-5 0.0069997579 0.0 0.0
-5.25015e-5 -7.58355e-5 0.008411017 0.0 0.0
-5.0557e-5 -7.58355e-5 0.0061219562 0.0 0.0
-4.86125e-5 -7.58355e-5 0.0045646746 0.0 0.0
-4.6668e-5 -7.58355e-5 0.0061056519 0.0 0.0
-4.47235e-5 -7.58355e-5 0.0099279567 0.0 0.0
-4.2779e-5 -7.58355e-5 0.0216036065 0.0 0.0
-4.08345e-5 -7.58355e-5 0.0260032774 0.0 0.0
-3.889e-5 -7.58355e-5 0.0228511672 0.0 0.0
-3.69455e-5 -7.58355e-5 0.0187908559 0.0 0.0
-3.5001e-5 -7.58355e-5 0.0238584105 0.0 0.0
-3.30565e-5 -7.58355e-5 0.0259477401 0.0 0.0
-3.1112e-5 -7.58355e-5 0.0194546015 0.0 0.0
-2.91675e-5 -7.58355e-5 0.0177595084 0.0 0.0
-2.7223e-5 -7.58355e-5 0.0116599763 0.0 0.0
-2.52785e-5 -7.58355e-5 0.0106342457 0.0 0.0
-2.3334e-5 -7.58355e-5 0.0115730926 0.0 0.0
-2.13895e-5 -7.58355e-5 0.0158928491 0.0 0.0
-1.9445e-5 -7.58355e-5 0.0128302506 0.0 0.0
-1.75005e-5 -7.58355e-5 0.0125587391 0.0 0.0
-1.5556e-5 -7.58355e-5 0.0093141324 0.0 0.0
-1.36115e-5 -7.58355e-5 0.0069794578 0.0 0.0
-1.1667e-5 -7.58355e-5 0.0058916803 0.0 0.0
-9.7225e-6 -7.58355e-5 0.0045766517 0.0 0.0
-7.778e-6 -7.58355e-5 0.0034226266 0.0 0.0
-5.8335e-6 -7.58355e-5 0.0033567035 0.0 0.0
-3.889e-6 -7.58355e-5 0.0030968993 0.0 0.0
-1.9445e-6 -7.58355e-5 0.0025190006 0.0 0.0
0.0 -7.58355e-5 0.0022599911 0.0 0.0
1.9445e-6 -7.58355e-5 0.0024352771 0.0 0.0
3.889e-6 -7.58355e-5 0.0021482202 0.0 0.0
5.8335e-6 -7.58355e-5 0.0019798665 0.0 0.0
7.778e-6 -7.58355e-5 0.0018408154 0.0 0.0
9.7225e-6 -7.58355e-5 0.0015962433 0.0 0.0
1.1667e-5 -7.58355e-5 0.0014360639 0.0 0.0
1.36115e-5 -7.58355e-5 0.0017401143 0.0 0.0
1.5556e-5 -7.58355e-5 0.0014593755 0.0 0.0
1.75005e-5 -7.58355e-5 0.0016519666 0.0 0.0
1.9445e-5 -7.58355e-5 0.0008442933 0.0 0.0
2.13895e-5 -7.58355e-5 0.0005511113 0.0 0.0
2.3334e-5 -7.58355e-5 0.0006004406 0.0 0.0
2.52785e-5 -7.58355e-5 0.0005343022 0.0 0.0
2.7223e-5 -7.58355e-5 0.0002326335 0.0 0.0
2.91675e-5 -7.58355e-5 0.0001648026 0.0 0.0
3.1112e-5 -7.58355e-5 0.0002774135 0.0 0.0
3.30565e-5 -7.58355e-5 0.0004208761 0.0 0.0
3.5001e-5 -7.58355e-5 0.0005896551 0.0 0.0
3.69455e-5 -7.58355e-5 0.000799378 0.0 0.0
3.889e-5 -7.58355e-5 0.0008565021 0.0 0.0
4.08345e-5 -7.58355e-5 0.0009895321 0.0 0.0
4.2779e-5 -7.58355e-5 0.0010804471 0.0 0.0
4.47235e-5 -7.58355e-5 0.0009656342 0.0 0.0
4.6668e-5 -7.58355e-5 0.0006000167 0.0 0.0
4.86125e-5 -7.58355e-5 0.0003165419 0.0 0.0
5.0557e-5 -7.58355e-5 0.0001250525 0.0 0.0
5.25015e-5 -7.58355e-5 7.18174e-5 0.0 0.0
5.4446e-5 -7.58355e-5 4.73508e-5 0.0 0.0
5.63905e-5 -7.58355e-5 3.15985e-5 0.0 0.0
5.8335e-5 -7.58355e-5 5.83266e-5 0.0 0.0
6.02795e-5 -7.58355e-5 0.0001221643 0.0 0.0
6.2224e-5 -7.58355e-5 3.53225e-5 0.0 0.0
6.41685e-5 -7.58355e-5 1.0446e-6 0.0 0.0
6.6113e-5 -7.58355e-5 2.7e-9 0.0 0.0
6.80575e-5 -7.58355e-5 0.0 0.0 0.0
7.0002e-5 -7.58355e-5 0.0 0.0 0.0
7.19465e-5 -7.58355e-5 0.0 0.0 0.0
7.3891e-5 -7.58355e-5 0.0 0.0 0.0
7.58355e-5 -7.58355e-5 0.0 0.0 0.0
7.778e-5 -7.58355e-5 0.0 0.0 0.0
7.97245e-5 -7.58355e-5 0.0 0.0 0.0
8.1669e-5 -7.58355e-5 0.0 0.0 0.0
8.36136e-5 -7.58355e-5 0.0 0.0 0.0
8.55581e-5 -7.58355e-5 0.0 0.0 0.0
8.75026e-5 -7.58355e-5 0.0 0.0 0.0
8.94471e-5 -7.58355e-5 0.0 0.0 0.0
9.13916e-5 -7.58355e-5 0.0 0.0 0.0
9.33361e-5 -7.58355e-5 0.0 0.0 0.0
9.52806e-5 -7.58355e-5 0.0 0.0 0.0
-9.72251e-5 -7.3891e-5 0.0062320824 0.0 0.0
-9.52806e-5 -7.3891e-5 0.0077814915 0.0 0.0
-9.33361e-5 -7.3891e-5 0.0073687778 0.0 0.0
-9.13916e-5 -7.3891e-5 0.0107283348 0.0 0.0
-8.94471e-5 -7.3891e-5 0.014361997 0.0 0.0
-8.75026e-5 -7.3891e-5 0.0169686128 0.0 0.0
-8.55581e-5 -7.3891e-5 0.0043398373 0.0 0.0
-8.36136e-5 -7.3891e-5 0.0028964389 0.0 0.0
-8.1669e-5 -7.3891e-5 0.0020059859 0.0 0.0
-7.97245e-5 -7.3891e-5 0.0025890585 0.0 0.0
-7.778e-5 -7.3891e-5 0.0015106899 0.0 0.0
-7.58355e-5 -7.3891e-5 0.0030368374 0.0 0.0
-7.3891e-5 -7.3891e-5 0.0019813407 0.0 0.0
-7.19465e-5 -7.3891e-5 0.0012968569 0.0 0.0
-7.0002e-5 -7.3891e-5 0.0023176691 0.0 0.0
-6.80575e-5 -7.3891e-5 0.0017942818 0.0 0.0
-6.6113e-5 -7.3891e-5 0.0034457206 0.0 0.0
-6.41685e-5 -7.3891e-5 0.0025755993 0.0 0.0
-6.2224e-5 -7.3891e-5 0.0018168448 0.0 0.0
-6.02795e-5 -7.3891e-5 0.0030746807 0.0 0.0
-5.8335e-5 -7.3891e-5 0.001477008 0.0 0.0
-5.63905e-5 -7.3891e-5 0.0009968357 0.0 0.0
-5.4446e-5 -7.3891e-5 0.0014283678 0.0 0.0
-5.25015e-5 -7.3891e-5 0.0021544659 0.0 0.0
-5.0557e-5 -7.3891e-5 0.0008472662 0.0 0.0
-4.86125e-5 -7.3891e-5 0.0019453944 0.0 0.0
-4.6668e-5 -7.3891e-5 0.0007917045 0.0 0.0
-4.47235e-5 -7.3891e-5 0.0014137736 0.0 0.0
-4.2779e-5 -7.3891e-5 0.0018039838 0.0 0.0
-4.08345e-5 -7.3891e-5 0.0023561665 0.0 0.0
-3.889e-5 -7.3891e-5 0.0025294879 0.0 0.0
-3.69455e-5 -7.3891e-5 0.0029906962 0.0 0.0
-3.5001e-5 -7.3891e-5 0.0175535072 0.0 0.0
-3.30565e-5 -7.3891e-5 0.0200820032 0.0 0.0
-3.1112e-5 -7.3891e-5 0.0333759555 0.0 0.0
-2.91675e-5 -7.3891e-5 0.0482559293 0.0 0.0
-2.7223e-5 -7.3891e-5 0.0306184029 0.0 0.0
-2.52785e-5 -7.3891e-5 0.0193706881 0.0 0.0
-2.3334e-5 -7.3891e-5 0.0143732089 0.0 0.0
-2.13895e-5 -7.3891e-5 0.0091802106 0.0 0.0
-1.9445e-5 -7.3891e-5 0.0099195102 0.0 0.0
-1.75005e-5 -7.3891e-5 0.0175999238 0.0 0.0
-1.5556e-5 -7.3891e-5 0.0144136962 0.0 0.0
-1.36115e-5 -7.3891e-5 0.0134521509 0.0 0.0
-1.1667e-5 -7.3891e-5 0.0093927691 0.0 0.0
-9.7225e-6 -7.3891e-5 0.006823629 0.0 0.0
-7.778e-6 -7.3891e-5 0.004753558 0.0 0.0
-5.8335e-6 -7.3891e-5 0.0040107252 0.0 0.0
-3.889e-6 -7.3891e-5 0.0032404317 0.0 0.0
-1.9445e-6 -7.3891e-5 0.0024132401 0.0 0.0
0.0 -7.3891e-5 0.0025043745 0.0 0.0
1.9445e-6 -7.3891e-5 0.0021141462 0.0 0.0
3.889e-6 -7.3891e-5 0.0019749411 0.0 0.0
5.8335e-6 -7.3891e-5 0.0016409037 0.0 0.0
7.778e-6 -7.3891e-5 0.0015373366 0.0 0.0
9.7225e-6 -7.3891e-5 0.0014371616 0.0 0.0
1.1667e-5 -7.3891e-5 0.0013823247 0.0 0.0
1.36115e-5 -7.3891e-5 0.0017736266 0.0 0.0
1.5556e-5 -7.3891e-5 0.0015554548 0.0 0.0
1.75005e-5 -7.3891e-5 0.0019643312 0.0 0.0
1.9445e-5 -7.3891e-5 0.001247058 0.0 0.0
2.13895e-5 -7.3891e-5 0.0012816448 0.0 0.0
2.3334e-5 -7.3891e-5 0.0007017608 0.0 0.0
2.52785e-5 -7.3891e-5 0.0006212701 0.0 0.0
2.7223e-5 -7.3891e-5 0.0003950865 0.0 0.0
2.91675e-5 -7.3891e-5 5.64702e-5 0.0 0.0
3.1112e-5 -7.3891e-5 9.05718e-5 0.0 0.0
3.30565e-5 -7.3891e-5 7.94737e-5 0.0 0.0
3.5001e-5 -7.3891e-5 0.0001845347 0.0 0.0
3.69455e-5 -7.3891e-5 0.0002663175 0.0 0.0
3.889e-5 -7.3891e-5 0.0004459631 0.0 0.0
4.08345e-5 -7.3891e-5 0.0007053649 0.0 0.0
4.2779e-5 -7.3891e-5 0.000950795 0.0 0.0
4.47235e-5 -7.3891e-5 0.0010124937 0.0 0.0
4.6668e-5 -7.3891e-5 0.001121559 0.0 0.0
4.86125e-5 -7.3891e-5 0.0009796712 0.0 0.0
5.0557e-5 -7.3891e-5 0.0006952797 0.0 0.0
5.25015e-5 -7.3891e-5 0.0004049944 0.0 0.0
5.4446e-5 -7.3891e-5 0.0002258106 0.0 0.0
5.63905e-5 -7.3891e-5 0.0001239366 0.0 0.0
5.8335e-5 -7.3891e-5 8.34111e-5 0.0 0.0
6.02795e-5 -7.3891e-5 8.54455e-5 0.0 0.0
6.2224e-5 -7.3891e-5 7.12462e-5 0.0 0.0
6.41685e-5 -7.3891e-5 0.0001134608 0.0 0.0
6.6113e-5 -7.3891e-5 3.77642e-5 0.0 0.0
6.80575e-5 -7.3891e-5 1.3084e-6 0.0 0.0
7.0002e-5 -7.3891e-5 8.1e-9 0.0 0.0
7.19465e-5 -7.3891e-5 0.0 0.0 0.0
7.3891e-5 -7.3891e-5 0.0 0.0 0.0
7.58355e-5 -7.3891e-5 0.0 0.0 0.0
7.778e-5 -7.3891e-5 0.0 0.0 0.0
7.97245e-5 -7.3891e-5 0.0 0.0 0.0
8.1669e-5 -7.3891e-5 0.0 0.0 0.0
8.36136e-5 -7.3891e-5 0.0 0.0 0.0
8.55581e-5 -7.3891e-5 0.0 0.0 0.0
8.75026e-5 -7.3891e-5 0.0 0.0 0.0
8.94471e-5 -7.3891e-5 0.0 0.0 0.0
9.13916e-5 -7.3891e-5 0.0 0.0 0.0
9.33361e-5 -7.3891e-5 0.0 0.0 0.0
9.52806e-5 -7.3891e-5 0.0 0.0 0.0
-9.72251e-5 -7.19465e-5 0.0083050242 0.0 0.0
-9.52806e-5 -7.19465e-5 0.0110330402 0.0 0.0
-9.33361e-5 -7.19465e-5 0.0114635454 0.0 0.0
-9.13916e-5 -7.19465e-5 0.0035090924 0.0 0.0
-8.94471e-5 -7.19465e-5 0.0025333868 0.0 0.0
-8.75026e-5 -7.19465e-5 0.0016919411 0.0 0.0
-8.55581e-5 -7.19465e-5 0.0025139252 0.0 0.0
-8.36136e-5 -7.19465e-5 0.0014641405 0.0 0.0
-8.1669e-5 -7.19465e-5 0.0024811399 0.0 0.0
-7.97245e-5 -7.19465e-5 0.0016355619 0.0 0.0
-7.778e-5 -7.19465e-5 0.0009345396 0.0 0.0
-7.58355e-5 -7.19465e-5 0.0022888544 0.0 0.0
-7.3891e-5 -7.19465e-5 0.0013399748 0.0 0.0
-7.19465e-5 -7.19465e-5 0.0010497813 0.0 0.0
-7.0002e-5 -7.19465e-5 0.0022355253 0.0 0.0
-6.80575e-5 -7.19465e-5 0.0013623573 0.0 0.0
-6.6113e-5 -7.19465e-5 0.0006021613 0.0 0.0
-6.41685e-5 -7.19465e-5 0.0014885238 0.0 0.0
-6.2224e-5 -7.19465e-5 0.000559593 0.0 0.0
-6.02795e-5 -7.19465e-5 0.0011081608 0.0 0.0
-5.8335e-5 -7.19465e-5 0.0003282195 0.0 0.0
-5.63905e-5 -7.19465e-5 0.0007531452 0.0 0.0
-5.4446e-5 -7.19465e-5 0.0003394986 0.0 0.0
-5.25015e-5 -7.19465e-5 0.0009793178 0.0 0.0
-5.0557e-5 -7.19465e-5 0.0015943994 0.0 0.0
-4.86125e-5 -7.19465e-5 0.0012515319 0.0 0.0
-4.6668e-5 -7.19465e-5 0.0007418278 0.0 0.0
-4.47235e-5 -7.19465e-5 0.000411614 0.0 0.0
-4.2779e-5 -7.19465e-5 0.0005017687 0.0 0.0
-4.08345e-5 -7.19465e-5 0.0005329266 0.0 0.0
-3.889e-5 -7.19465e-5 0.0005618792 0.0 0.0
-3.69455e-5 -7.19465e-5 0.0005150074 0.0 0.0
-3.5001e-5 -7.19465e-5 0.0004934045 0.0 0.0
-3.30565e-5 -7.19465e-5 0.00045171 0.0 0.0
-3.1112e-5 -7.19465e-5 0.0007198356 0.0 0.0
-2.91675e-5 -7.19465e-5 0.0078592741 0.0 0.0
-2.7223e-5 -7.19465e-5 0.0246219193 0.0 0.0
-2.52785e-5 -7.19465e-5 0.0427938917 0.0 0.0
-2.3334e-5 -7.19465e-5 0.0492701655 0.0 0.0
-2.13895e-5 -7.19465e-5 0.0290851837 0.0 0.0
-1.9445e-5 -7.19465e-5 0.017129441 0.0 0.0
-1.75005e-5 -7.19465e-5 0.0104619513 0.0 0.0
-1.5556e-5 -7.19465e-5 0.0102605867 0.0 0.0
-1.36115e-5 -7.19465e-5 0.0132431162 0.0 0.0
-1.1667e-5 -7.19465e-5 0.0167446661 0.0 0.0
-9.7225e-6 -7.19465e-5 0.0121610293 0.0 0.0
-7.778e-6 -7.19465e-5 0.0081105527 0.0 0.0
-5.8335e-6 -7.19465e-5 0.0057102091 0.0 0.0
-3.889e-6 -7.19465e-5 0.0052877356 0.0 0.0
-1.9445e-6 -7.19465e-5 0.0029898219 0.0 0.0
0.0 -7.19465e-5 0.0026117167 0.0 0.0
1.9445e-6 -7.19465e-5 0.0019550859 0.0 0.0
3.889e-6 -7.19465e-5 0.0021448146 0.0 0.0
5.8335e-6 -7.19465e-5 0.0019657225 0.0 0.0
7.778e-6 -7.19465e-5 0.0018452356 0.0 0.0
9.7225e-6 -7.19465e-5 0.0016159092 0.0 0.0
1.1667e-5 -7.19465e-5 0.0015495856 0.0 0.0
1.36115e-5 -7.19465e-5 0.0015161576 0.0 0.0
1.5556e-5 -7.19465e-5 0.0014586607 0.0 0.0
1.75005e-5 -7.19465e-5 0.0019579308 0.0 0.0
1.9445e-5 -7.19465e-5 0.0015879555 0.0 0.0
2.13895e-5 -7.19465e-5 0.0017575765 0.0 0.0
2.3334e-5 -7.19465e-5 0.0015012988 0.0 0.0
2.52785e-5 -7.19465e-5 0.0009275299 0.0 0.0
2.7223e-5 -7.19465e-5 0.0007115198 0.0 0.0
2.91675e-5 -7.19465e-5 0.00020832 0.0 0.0
3.1112e-5 -7.19465e-5 8.54476e-5 0.0 0.0
3.30565e-5 -7.19465e-5 5.9364e-5 0.0 0.0
3.5001e-5 -7.19465e-5 0.0001147224 0.0 0.0
3.69455e-5 -7.19465e-5 0.0001421598 0.0 0.0
3.889e-5 -7.19465e-5 0.0002519904 0.0 0.0
4.08345e-5 -7.19465e-5 0.0003579051 0.0 0.0
4.2779e-5 -7.19465e-5 0.0005029924 0.0 0.0
4.47235e-5 -7.19465e-5 0.000735131 0.0 0.0
4.6668e-5 -7.19465e-5 0.0010060772 0.0 0.0
4.86125e-5 -7.19465e-5 0.0010865936 0.0 0.0
5.0557e-5 -7.19465e-5 0.0010669461 0.0 0.0
5.25015e-5 -7.19465e-5 0.0009109967 0.0 0.0
5.4446e-5 -7.19465e-5 0.0006890678 0.0 0.0
5.63905e-5 -7.19465e-5 0.0005210188 0.0 0.0
5.8335e-5 -7.19465e-5 0.0001941127 0.0 0.0
6.02795e-5 -7.19465e-5 9.79824e-5 0.0 0.0
6.2224e-5 -7.19465e-5 0.00011054 0.0 0.0
6.41685e-5 -7.19465e-5 0.0001321057 0.0 0.0
6.6113e-5 -7.19465e-5 8.54627e-5 0.0 0.0
6.80575e-5 -7.19465e-5 8.0597e-5 0.0 0.0
7.0002e-5 -7.19465e-5 2.57592e-5 0.0 0.0
7.19465e-5 -7.19465e-5 1.4906e-6 0.0 0.0
7.3891e-5 -7.19465e-5 1.69e-8 0.0 0.0
7.58355e-5 -7.19465e-5 5.0e-10 0.0 0.0
7.778e-5 -7.19465e-5 0.0 0.0 0.0
7.97245e-5 -7.19465e-5 0.0 0.0 0.0
8.1669e-5 -7.19465e-5 0.0 0.0 0.0
8.36136e-5 -7.19465e-5 0.0 0.0 0.0
8.55581e-5 -7.19465e-5 0.0 0.0 0.0
8.75026e-5 -7.19465e-5 0.0 0.0 0.0
8.94471e-5 -7.19465e-5 0.0 0.0 0.0
9.13916e-5 -7.19465e-5 0.0 0.0 0.0
9.33361e-5 -7.19465e-5 0.0 0.0 0.0
9.52806e-5 -7.19465e-5 0.0 0.0 0.0
-9.72251e-5 -7.0002e-5 0.007333784 0.0 0.0
-9.52806e-5 -7.0002e-5 0.0023971445 0.0 0.0
-9.33361e-5 -7.0002e-5 0.0014958155 0.0 0.0
-9.13916e-5 -7.0002e-5 0.0024522258 0.0 0.0
-8.94471e-5 -7.0002e-5 0.0013392926 0.0 0.0
-8.75026e-5 -7.0002e-5 0.0018716273 0.0 0.0
-8.55581e-5 -7.0002e-5 0.0014671902 0.0 0.0
-8.36136e-5 -7.0002e-5 0.0006430321 0.0 0.0
-8.1669e-5 -7.0002e-5 0.0016182464 0.0 0.0
-7.97245e-5 -7.0002e-5 0.0011491037 0.0 0.0
-7.778e-5 -7.0002e-5 0.0007650574 0.0 0.0
-7.58355e-5 -7.0002e-5 0.0003414521 0.0 0.0
-7.3891e-5 -7.0002e-5 0.0011286247 0.0 0.0
-7.19465e-5 -7.0002e-5 0.0004588024 0.0 0.0
-7.0002e-5 -7.0002e-5 0.0012001801 0.0 0.0
-6.80575e-5 -7.0002e-5 0.0004206378 0.0 0.0
-6.6113e-5 -7.0002e-5 0.0008521957 0.0 0.0
-6.41685e-5 -7.0002e-5 0.0001952176 0.0 0.0
-6.2224e-5 -7.0002e-5 0.00050072 0.0 0.0
-6.02795e-5 -7.0002e-5 0.0010016173 0.0 0.0
-5.8335e-5 -7.0002e-5 0.0004997409 0.0 0.0
-5.63905e-5 -7.0002e-5 0.0011857713 0.0 0.0
-5.4446e-5 -7.0002e-5 0.0009783444 0.0 0.0
-5.25015e-5 -7.0002e-5 0.0010233441 0.0 0.0
-5.0557e-5 -7.0002e-5 0.0008762959 0.0 0.0
-4.86125e-5 -7.0002e-5 0.0006372405 0.0 0.0
-4.6668e-5 -7.0002e-5 0.0003542021 0.0 0.0
-4.47235e-5 -7.0002e-5 0.0005374105 0.0 0.0
-4.2779e-5 -7.0002e-5 0.0002314502 0.0 0.0
-4.08345e-5 -7.0002e-5 0.0002312166 0.0 0.0
-3.889e-5 -7.0002e-5 0.0002344719 0.0 0.0
-3.69455e-5 -7.0002e-5 0.00024717 0.0 0.0
-3.5001e-5 -7.0002e-5 0.0002206678 0.0 0.0
-3.30565e-5 -7.0002e-5 0.0003029753 0.0 0.0
-3.1112e-5 -7.0002e-5 0.0002807679 0.0 0.0
-2.91675e-5 -7.0002e-5 0.000377536 0.0 0.0
-2.7223e-5 -7.0002e-5 0.0006607357 0.0 0.0
-2.52785e-5 -7.0002e-5 0.0007667087 0.0 0.0
-2.3334e-5 -7.0002e-5 0.0222837902 0.0 0.0
-2.13895e-5 -7.0002e-5 0.046548898 0.0 0.0
-1.9445e-5 -7.0002e-5 0.036914492 0.0 0.0
-1.75005e-5 -7.0002e-5 0.0431307307 0.0 0.0
-1.5556e-5 -7.0002e-5 0.0197578626 0.0 0.0
-1.36115e-5 -7.0002e-5 0.013379301 0.0 0.0
-1.1667e-5 -7.0002e-5 0.0125030906 0.0 0.0
-9.7225e-6 -7.0002e-5 0.0200454545 0.0 0.0
-7.778e-6 -7.0002e-5 0.0150789675 0.0 0.0
-5.8335e-6 -7.0002e-5 0.0131642503 0.0 0.0
-3.889e-6 -7.0002e-5 0.0091124358 0.0 0.0
-1.9445e-6 -7.0002e-5 0.0059302128 0.0 0.0
0.0 -7.0002e-5 0.0042534224 0.0 0.0
1.9445e-6 -7.0002e-5 0.0022297789 0.0 0.0
3.889e-6 -7.0002e-5 0.0022948429 0.0 0.0
5.8335e-6 -7.0002e-5 0.0016268006 0.0 0.0
7.778e-6 -7.0002e-5 0.0014451126 0.0 0.0
9.7225e-6 -7.0002e-5 0.0012949467 0.0 0.0
1.1667e-5 -7.0002e-5 0.0012608486 0.0 0.0
1.36115e-5 -7.0002e-5 0.0016903319 0.0 0.0
1.5556e-5 -7.0002e-5 0.001797045 0.0 0.0
1.75005e-5 -7.0002e-5 0.001687991 0.0 0.0
1.9445e-5 -7.0002e-5 0.0022699773 0.0 0.0
2.13895e-5 -7.0002e-5 0.0021368135 0.0 0.0
2.3334e-5 -7.0002e-5 0.0021963706 0.0 0.0
2.52785e-5 -7.0002e-5 0.001046949 0.0 0.0
2.7223e-5 -7.0002e-5 0.0011637593 0.0 0.0
2.91675e-5 -7.0002e-5 0.0012111838 0.0 0.0
3.1112e-5 -7.0002e-5 0.0001168684 0.0 0.0
3.30565e-5 -7.0002e-5 8.44869e-5 0.0 0.0
3.5001e-5 -7.0002e-5 7.27615e-5 0.0 0.0
3.69455e-5 -7.0002e-5 0.0001127103 0.0 0.0
3.889e-5 -7.0002e-5 0.000142237 0.0 0.0
4.08345e-5 -7.0002e-5 0.0002022535 0.0 0.0
4.2779e-5 -7.0002e-5 0.0003567771 0.0 0.0
4.47235e-5 -7.0002e-5 0.0004644675 0.0 0.0
4.6668e-5 -7.0002e-5 0.0006628324 0.0 0.0
4.86125e-5 -7.0002e-5 0.0008368737 0.0 0.0
5.0557e-5 -7.0002e-5 0.0010427554 0.0 0.0
5.25015e-5 -7.0002e-5 0.0009640248 0.0 0.0
5.4446e-5 -7.0002e-5 0.0009862272 0.0 0.0
5.63905e-5 -7.0002e-5 0.000787277 0.0 0.0
5.8335e-5 -7.0002e-5 0.0004843115 0.0 0.0
6.02795e-5 -7.0002e-5 0.0003754625 0.0 0.0
6.2224e-5 -7.0002e-5 0.0002383966 0.0 0.0
6.41685e-5 -7.0002e-5 0.000100394 0.0 0.0
6.6113e-5 -7.0002e-5 5.27329e-5 0.0 0.0
6.80575e-5 -7.0002e-5 8.95287e-5 0.0 0.0
7.0002e-5 -7.0002e-5 6.968e-5 0.0 0.0
7.19465e-5 -7.0002e-5 5.40714e-5 0.0 0.0
7.3891e-5 -7.0002e-5 1.3745e-5 0.0 0.0
7.58355e-5 -7.0002e-5 1.0169e-6 0.0 0.0
7.778e-5 -7.0002e-5 2.09e-8 0.0 0.0
7.97245e-5 -7.0002e-5 2.9e-9 0.0 0.0
8.1669e-5 -7.0002e-5 3.0e-10 0.0 0.0
8.36136e-5 -7.0002e-5 1.0e-10 0.0 0.0
8.55581e-5 -7.0002e-5 0.0 0.0 0.0
8.75026e-5 -7.0002e-5 0.0 0.0 0.0
8.94471e-5 -7.0002e-5 0.0 0.0 0.0
9.13916e-5 -7.0002e-5 0.0 0.0 0.0
9.33361e-5 -7.0002e-5 0.0 0.0 0.0
9.52806e-5 -7.0002e-5 0.0 0.0 0.0
-9.72251e-5 -6.80575e-5 0.0020142176 0.0 0.0
-9.52806e-5 -6.80575e-5 0.0012493681 0.0 0.0
-9.33361e-5 -6.80575e-5 0.0020480079 0.0 0.0
-9.13916e-5 -6.80575e-5 0.0012449163 0.0 0.0
-8.94471e-5 -6.80575e-5 0.0019067556 0.0 0.0
-8.75026e-5 -6.80575e-5 0.0013341646 0.0 0.0
-8.55581e-5 -6.80575e-5 0.0008155853 0.0 0.0
-8.36136e-5 -6.80575e-5 0.0013687113 0.0 0.0
-8.1669e-5 -6.80575e-5 0.0012531964 0.0 0.0
-7.97245e-5 -6.80575e-5 0.0008701814 0.0 0.0
-7.778e-5 -6.80575e-5 0.0002905335 0.0 0.0
-7.58355e-5 -6.80575e-5 0.0007813213 0.0 0.0
-7.3891e-5 -6.80575e-5 0.0002943699 0.0 0.0
-7.19465e-5 -6.80575e-5 0.0008477658 0.0 0.0
-7.0002e-5 -6.80575e-5 0.000198477 0.0 0.0
-6.80575e-5 -6.80575e-5 0.0004831569 0.0 0.0
-6.6113e-5 -6.80575e-5 0.0008891088 0.0 0.0
-6.41685e-5 -6.80575e-5 0.0011759491 0.0 0.0
-6.2224e-5 -6.80575e-5 0.0017630561 0.0 0.0
-6.02795e-5 -6.80575e-5 0.0010720731 0.0 0.0
-5.8335e-5 -6.80575e-5 0.0017800933 0.0 0.0
-5.63905e-5 -6.80575e-5 0.0014078502 0.0 0.0
-5.4446e-5 -6.80575e-5 0.001193844 0.0 0.0
-5.25015e-5 -6.80575e-5 0.0009212391 0.0 0.0
-5.0557e-5 -6.80575e-5 0.0007248176 0.0 0.0
-4.86125e-5 -6.80575e-5 0.0009209129 0.0 0.0
-4.6668e-5 -6.80575e-5 0.0006063461 0.0 0.0
-4.47235e-5 -6.80575e-5 0.0003013544 0.0 0.0
-4.2779e-5 -6.80575e-5 0.0003622664 0.0 0.0
-4.08345e-5 -6.80575e-5 0.0004179772 0.0 0.0
-3.889e-5 -6.80575e-5 0.0005223123 0.0 0.0
-3.69455e-5 -6.80575e-5 0.0005662099 0.0 0.0
-3.5001e-5 -6.80575e-5 0.0006513597 0.0 0.0
-3.30565e-5 -6.80575e-5 0.0006790827 0.0 0.0
-3.1112e-5 -6.80575e-5 0.0004254954 0.0 0.0
-2.91675e-5 -6.80575e-5 0.0005754468 0.0 0.0
-2.7223e-5 -6.80575e-5 0.0006703507 0.0 0.0
-2.52785e-5 -6.80575e-5 0.000672944 0.0 0.0
-2.3334e-5 -6.80575e-5 0.0003154368 0.0 0.0
-2.13895e-5 -6.80575e-5 0.0002495924 0.0 0.0
-1.9445e-5 -6.80575e-5 0.024872739 0.0 0.0
-1.75005e-5 -6.80575e-5 0.0457736128 0.0 0.0
-1.5556e-5 -6.80575e-5 0.0281264549 0.0 0.0
-1.36115e-5 -6.80575e-5 0.0373777704 0.0 0.0
-1.1667e-5 -6.80575e-5 0.0273526314 0.0 0.0
-9.7225e-6 -6.80575e-5 0.0166129265 0.0 0.0
-7.778e-6 -6.80575e-5 0.0184676062 0.0 0.0
-5.8335e-6 -6.80575e-5 0.018599526 0.0 0.0
-3.889e-6 -6.80575e-5 0.0168033154 0.0 0.0
-1.9445e-6 -6.80575e-5 0.0110039214 0.0 0.0
0.0 -6.80575e-5 0.0069818324 0.0 0.0
1.9445e-6 -6.80575e-5 0.0044211261 0.0 0.0
3.889e-6 -6.80575e-5 0.0031719982 0.0 0.0
5.8335e-6 -6.80575e-5 0.0019225385 0.0 0.0
7.778e-6 -6.80575e-5 0.0019220753 0.0 0.0
9.7225e-6 -6.80575e-5 0.0016842005 0.0 0.0
1.1667e-5 -6.80575e-5 0.0014731381 0.0 0.0
1.36115e-5 -6.80575e-5 0.0014246054 0.0 0.0
1.5556e-5 -6.80575e-5 0.0014457498 0.0 0.0
1.75005e-5 -6.80575e-5 0.0014345755 0.0 0.0
1.9445e-5 -6.80575e-5 0.0019148847 0.0 0.0
2.13895e-5 -6.80575e-5 0.0018124373 0.0 0.0
2.3334e-5 -6.80575e-5 0.0024565366 0.0 0.0
2.52785e-5 -6.80575e-5 0.0017271731 0.0 0.0
2.7223e-5 -6.80575e-5 0.0012141102 0.0 0.0
2.91675e-5 -6.80575e-5 0.0012028298 0.0 0.0
3.1112e-5 -6.80575e-5 0.000703361 0.0 0.0
3.30565e-5 -6.80575e-5 0.0001806499 0.0 0.0
3.5001e-5 -6.80575e-5 0.0001443014 0.0 0.0
3.69455e-5 -6.80575e-5 0.000131565 0.0 0.0
3.889e-5 -6.80575e-5 0.0001163666 0.0 0.0
4.08345e-5 -6.80575e-5 0.0001584439 0.0 0.0
4.2779e-5 -6.80575e-5 0.0002184591 0.0 0.0
4.47235e-5 -6.80575e-5 0.000315034 0.0 0.0
4.6668e-5 -6.80575e-5 0.0004283581 0.0 0.0
4.86125e-5 -6.80575e-5 0.0005352151 0.0 0.0
5.0557e-5 -6.80575e-5 0.0007522704 0.0 0.0
5.25015e-5 -6.80575e-5 0.0008291262 0.0 0.0
5.4446e-5 -6.80575e-5 0.0007709834 0.0 0.0
5.63905e-5 -6.80575e-5 0.0008228944 0.0 0.0
5.8335e-5 -6.80575e-5 0.0006954735 0.0 0.0
6.02795e-5 -6.80575e-5 0.0006572798 0.0 0.0
6.2224e-5 -6.80575e-5 0.0004418446 0.0 0.0
6.41685e-5 -6.80575e-5 0.0003000125 0.0 0.0
6.6113e-5 -6.80575e-5 0.000175963 0.0 0.0
6.80575e-5 -6.80575e-5 0.0001148427 0.0 0.0
7.0002e-5 -6.80575e-5 9.02526e-5 0.0 0.0
7.19465e-5 -6.80575e-5 8.94768e-5 0.0 0.0
7.3891e-5 -6.80575e-5 6.87948e-5 0.0 0.0
7.58355e-5 -6.80575e-5 2.60789e-5 0.0 0.0
7.778e-5 -6.80575e-5 7.4959e-6 0.0 0.0
7.97245e-5 -6.80575e-5 9.292e-7 0.0 0.0
8.1669e-5 -6.80575e-5 5.94e-8 0.0 0.0
8.36136e-5 -6.80575e-5 1.22e-8 0.0 0.0
8.55581e-5 -6.80575e-5 3.2e-9 0.0 0.0
8.75026e-5 -6.80575e-5 7.0e-10 0.0 0.0
8.94471e-5 -6.80575e-5 0.0 0.0 0.0
9.13916e-5 -6.80575e-5 0.0 0.0 0.0
9.33361e-5 -6.80575e-5 0.0 0.0 0.0
9.52806e-5 -6.80575e-5 0.0 0.0 0.0
-9.72251e-5 -6.6113e-5 0.0012036705 0.0 0.0
-9.52806e-5 -6.6113e-5 0.0019525864 0.0 0.0
-9.33361e-5 -6.6113e-5 0.0011489697 0.0 0.0
-9.13916e-5 -6.6113e-5 0.0005709161 0.0 0.0
-8.94471e-5 -6.6113e-5 0.000277224 0.0 0.0
-8.75026e-5 -6.6113e-5 0.0008859836 0.0 0.0
-8.55581e-5 -6.6113e-5 0.0004657234 0.0 0.0
-8.36136e-5 -6.6113e-5 0.0001701842 0.0 0.0
-8.1669e-5 -6.6113e-5 0.0008929721 0.0 0.0
-7.97245e-5 -6.6113e-5 0.0006350632 0.0 0.0
-7.778e-5 -6.6113e-5 0.0009001321 0.0 0.0
-7.58355e-5 -6.6113e-5 0.0003605727 0.0 0.0
-7.3891e-5 -6.6113e-5 0.0007631572 0.0 0.0
-7.19465e-5 -6.6113e-5 0.0012729596 0.0 0.0
-7.0002e-5 -6.6113e-5 0.0016160449 0.0 0.0
-6.80575e-5 -6.6113e-5 0.0019074509 0.0 0.0
-6.6113e-5 -6.6113e-5 0.002009867 0.0 0.0
-6.41685e-5 -6.6113e-5 0.0022862005 0.0 0.0
-6.2224e-5 -6.6113e-5 0.0012692161 0.0 0.0
-6.02795e-5 -6.6113e-5 0.0018341411 0.0 0.0
-5.8335e-5 -6.6113e-5 0.0012468407 0.0 0.0
-5.63905e-5 -6.6113e-5 0.0008237202 0.0 0.0
-5.4446e-5 -6.6113e-5 0.0013747451 0.0 0.0
-5.25015e-5 -6.6113e-5 0.0010525545 0.0 0.0
-5.0557e-5 -6.6113e-5 0.0007067685 0.0 0.0
-4.86125e-5 -6.6113e-5 0.0004550077 0.0 0.0
-4.6668e-5 -6.6113e-5 0.0007112716 0.0 0.0
-4.47235e-5 -6.6113e-5 0.0004630163 0.0 0.0
-4.2779e-5 -6.6113e-5 0.0006601005 0.0 0.0
-4.08345e-5 -6.6113e-5 0.0002933315 0.0 0.0
-3.889e-5 -6.6113e-5 0.0005164316 0.0 0.0
-3.69455e-5 -6.6113e-5 0.0002883812 0.0 0.0
-3.5001e-5 -6.6113e-5 0.0004826761 0.0 0.0
-3.30565e-5 -6.6113e-5 0.0007689024 0.0 0.0
-3.1112e-5 -6.6113e-5 0.0009137821 0.0 0.0
-2.91675e-5 -6.6113e-5 0.0004156507 0.0 0.0
-2.7223e-5 -6.6113e-5 0.0002982828 0.0 0.0
-2.52785e-5 -6.6113e-5 0.0002013524 0.0 0.0
-2.3334e-5 -6.6113e-5 0.0001232996 0.0 0.0
-2.13895e-5 -6.6113e-5 0.0001745931 0.0 0.0
-1.9445e-5 -6.6113e-5 0.0002245698 0.0 0.0
-1.75005e-5 -6.6113e-5 0.0002616577 0.0 0.0
-1.5556e-5 -6.6113e-5 0.054703699 0.0 0.0
-1.36115e-5 -6.6113e-5 0.0454015174 0.0 0.0
-1.1667e-5 -6.6113e-5 0.0281086632 0.0 0.0
-9.7225e-6 -6.6113e-5 0.0379652508 0.0 0.0
-7.778e-6 -6.6113e-5 0.0305914538 0.0 0.0
-5.8335e-6 -6.6113e-5 0.0159460557 0.0 0.0
-3.889e-6 -6.6113e-5 0.0135561989 0.0 0.0
-1.9445e-6 -6.6113e-5 0.0198405661 0.0 0.0
0.0 -6.6113e-5 0.0165689213 0.0 0.0
1.9445e-6 -6.6113e-5 0.0109001658 0.0 0.0
3.889e-6 -6.6113e-5 0.0071157226 0.0 0.0
5.8335e-6 -6.6113e-5 0.0044783513 0.0 0.0
7.778e-6 -6.6113e-5 0.0023112816 0.0 0.0
9.7225e-6 -6.6113e-5 0.0015264991 0.0 0.0
1.1667e-5 -6.6113e-5 0.0012500501 0.0 0.0
1.36115e-5 -6.6113e-5 0.0011221079 0.0 0.0
1.5556e-5 -6.6113e-5 0.0010725033 0.0 0.0
1.75005e-5 -6.6113e-5 0.0015901354 0.0 0.0
1.9445e-5 -6.6113e-5 0.0016175835 0.0 0.0
2.13895e-5 -6.6113e-5 0.0016117514 0.0 0.0
2.3334e-5 -6.6113e-5 0.0023142251 0.0 0.0
2.52785e-5 -6.6113e-5 0.0027788683 0.0 0.0
2.7223e-5 -6.6113e-5 0.0019566861 0.0 0.0
2.91675e-5 -6.6113e-5 0.0012785255 0.0 0.0
3.1112e-5 -6.6113e-5 0.0016977724 0.0 0.0
3.30565e-5 -6.6113e-5 0.000314226 0.0 0.0
3.5001e-5 -6.6113e-5 0.0001926939 0.0 0.0
3.69455e-5 -6.6113e-5 0.0002246699 0.0 0.0
3.889e-5 -6.6113e-5 0.0001930372 0.0 0.0
4.08345e-5 -6.6113e-5 0.0001782909 0.0 0.0
4.2779e-5 -6.6113e-5 0.0001722741 0.0 0.0
4.47235e-5 -6.6113e-5 0.0002329613 0.0 0.0
4.6668e-5 -6.6113e-5 0.0002872778 0.0 0.0
4.86125e-5 -6.6113e-5 0.0003526195 0.0 0.0
5.0557e-5 -6.6113e-5 0.0004765539 0.0 0.0
5.25015e-5 -6.6113e-5 0.0005417386 0.0 0.0
5.4446e-5 -6.6113e-5 0.0006185778 0.0 0.0
5.63905e-5 -6.6113e-5 0.0008026585 0.0 0.0
5.8335e-5 -6.6113e-5 0.0006394887 0.0 0.0
6.02795e-5 -6.6113e-5 0.0007716433 0.0 0.0
6.2224e-5 -6.6113e-5 0.0006643281 0.0 0.0
6.41685e-5 -6.6113e-5 0.0005461933 0.0 0.0
6.6113e-5 -6.6113e-5 0.0003532597 0.0 0.0
6.80575e-5 -6.6113e-5 0.0001585199 0.0 0.0
7.0002e-5 -6.6113e-5 0.0001304394 0.0 0.0
7.19465e-5 -6.6113e-5 6.03071e-5 0.0 0.0
7.3891e-5 -6.6113e-5 5.91109e-5 0.0 0.0
7.58355e-5 -6.6113e-5 0.0001202933 0.0 0.0
7.778e-5 -6.6113e-5 5.58463e-5 0.0 0.0
7.97245e-5 -6.6113e-5 5.0484e-6 0.0 0.0
8.1669e-5 -6.6113e-5 5.1157e-6 0.0 0.0
8.36136e-5 -6.6113e-5 6.261e-7 0.0 0.0
8.55581e-5 -6.6113e-5 4.19e-8 0.0 0.0
8.75026e-5 -6.6113e-5 4.2e-9 0.0 0.0
8.94471e-5 -6.6113e-5 3.3e-9 0.0 0.0
9.13916e-5 -6.6113e-5 0.0 0.0 0.0
9.33361e-5 -6.6113e-5 2.0e-10 0.0 0.0
9.52806e-5 -6.6113e-5 0.0 0.0 0.0
-9.72251e-5 -6.41685e-5 0.0005277107 0.0 0.0
-9.52806e-5 -6.41685e-5 0.0013117428 0.0 0.0
-9.33361e-5 -6.41685e-5 0.000652377 0.0 0.0
-9.13916e-5 -6.41685e-5 0.0004261175 0.0 0.0
-8.94471e-5 -6.41685e-5 0.0001797672 0.0 0.0
-8.75026e-5 -6.41685e-5 0.0006419972 0.0 0.0
-8.55581e-5 -6.41685e-5 0.0003409485 0.0 0.0
-8.36136e-5 -6.41685e-5 0.0010200911 0.0 0.0
-8.1669e-5 -6.41685e-5 0.0005720453 0.0 0.0
-7.97245e-5 -6.41685e-5 0.0009206442 0.0 0.0
-7.778e-5 -6.41685e-5 0.0005271108 0.0 0.0
-7.58355e-5 -6.41685e-5 0.0009755842 0.0 0.0
-7.3891e-5 -6.41685e-5 0.0023245443 0.0 0.0
-7.19465e-5 -6.41685e-5 0.0035543431 0.0 0.0
-7.0002e-5 -6.41685e-5 0.00309869 0.0 0.0
-6.80575e-5 -6.41685e-5 0.0025665297 0.0 0.0
-6.6113e-5 -6.41685e-5 0.0012596788 0.0 0.0
-6.41685e-5 -6.41685e-5 0.0016851377 0.0 0.0
-6.2224e-5 -6.41685e-5 0.0010554145 0.0 0.0
-6.02795e-5 -6.41685e-5 0.0007533243 0.0 0.0
-5.8335e-5 -6.41685e-5 0.0004680316 0.0 0.0
-5.63905e-5 -6.41685e-5 0.0003118565 0.0 0.0
-5.4446e-5 -6.41685e-5 0.0005297835 0.0 0.0
-5.25015e-5 -6.41685e-5 0.0003870952 0.0 0.0
-5.0557e-5 -6.41685e-5 0.0002935343 0.0 0.0
-4.86125e-5 -6.41685e-5 0.0004692576 0.0 0.0
-4.6668e-5 -6.41685e-5 0.0003398642 0.0 0.0
-4.47235e-5 -6.41685e-5 0.000592408 0.0 0.0
-4.2779e-5 -6.41685e-5 0.0004546872 0.0 0.0
-4.08345e-5 -6.41685e-5 0.0007501598 0.0 0.0
-3.889e-5 -6.41685e-5 0.0012559845 0.0 0.0
-3.69455e-5 -6.41685e-5 0.0012700038 0.0 0.0
-3.5001e-5 -6.41685e-5 0.0012275971 0.0 0.0
-3.30565e-5 -6.41685e-5 0.0009375731 0.0 0.0
-3.1112e-5 -6.41685e-5 0.0009404857 0.0 0.0
-2.91675e-5 -6.41685e-5 0.0008472626 0.0 0.0
-2.7223e-5 -6.41685e-5 0.0003374256 0.0 0.0
-2.52785e-5 -6.41685e-5 0.0002329801 0.0 0.0
-2.3334e-5 -6.41685e-5 0.0002025317 0.0 0.0
-2.13895e-5 -6.41685e-5 0.0002415133 0.0 0.0
-1.9445e-5 -6.41685e-5 0.0003888434 0.0 0.0
-1.75005e-5 -6.41685e-5 0.0006314947 0.0 0.0
-1.5556e-5 -6.41685e-5 0.0006026678 0.0 0.0
-1.36115e-5 -6.41685e-5 0.0007415153 0.0 0.0
-1.1667e-5 -6.41685e-5 0.0570651952 0.0 0.0
-9.7225e-6 -6.41685e-5 0.0390074086 0.0 0.0
-7.778e-6 -6.41685e-5 0.026540905 0.0 0.0
-5.8335e-6 -6.41685e-5 0.048616045 0.0 0.0
-3.889e-6 -6.41685e-5 0.0280632793 0.0 0.0
-1.9445e-6 -6.41685e-5 0.0171981336 0.0 0.0
0.0 -6.41685e-5 0.0184422432 0.0 0.0
1.9445e-6 -6.41685e-5 0.019719583 0.0 0.0
3.889e-6 -6.41685e-5 0.0158010055 0.0 0.0
5.8335e-6 -6.41685e-5 0.010160129 0.0 0.0
7.778e-6 -6.41685e-5 0.0044904202 0.0 0.0
9.7225e-6 -6.41685e-5 0.0032903001 0.0 0.0
1.1667e-5 -6.41685e-5 0.0020125986 0.0 0.0
1.36115e-5 -6.41685e-5 0.0016874093 0.0 0.0
1.5556e-5 -6.41685e-5 0.0013687367 0.0 0.0
1.75005e-5 -6.41685e-5 0.0011547395 0.0 0.0
1.9445e-5 -6.41685e-5 0.0012896793 0.0 0.0
2.13895e-5 -6.41685e-5 0.0019709433 0.0 0.0
2.3334e-5 -6.41685e-5 0.0018589276 0.0 0.0
2.52785e-5 -6.41685e-5 0.0017244709 0.0 0.0
2.7223e-5 -6.41685e-5 0.0022471964 0.0 0.0
2.91675e-5 -6.41685e-5 0.0020517785 0.0 0.0
3.1112e-5 -6.41685e-5 0.0010984959 0.0 0.0
3.30565e-5 -6.41685e-5 0.0013153527 0.0 0.0
3.5001e-5 -6.41685e-5 0.0001108456 0.0 0.0
3.69455e-5 -6.41685e-5 0.0001948997 0.0 0.0
3.889e-5 -6.41685e-5 0.000211173 0.0 0.0
4.08345e-5 -6.41685e-5 0.0002185833 0.0 0.0
4.2779e-5 -6.41685e-5 0.000189607 0.0 0.0
4.47235e-5 -6.41685e-5 0.0001941323 0.0 0.0
4.6668e-5 -6.41685e-5 0.0002091153 0.0 0.0
4.86125e-5 -6.41685e-5 0.0002628697 0.0 0.0
5.0557e-5 -6.41685e-5 0.0003094342 0.0 0.0
5.25015e-5 -6.41685e-5 0.0003638425 0.0 0.0
5.4446e-5 -6.41685e-5 0.0004040831 0.0 0.0
5.63905e-5 -6.41685e-5 0.0004833589 0.0 0.0
5.8335e-5 -6.41685e-5 0.0005848278 0.0 0.0
6.02795e-5 -6.41685e-5 0.0006841952 0.0 0.0
6.2224e-5 -6.41685e-5 0.000666149 0.0 0.0
6.41685e-5 -6.41685e-5 0.0006952168 0.0 0.0
6.6113e-5 -6.41685e-5 0.0004673021 0.0 0.0
6.80575e-5 -6.41685e-5 0.0003796659 0.0 0.0
7.0002e-5 -6.41685e-5 0.0002299988 0.0 0.0
7.19465e-5 -6.41685e-5 0.0001858661 0.0 0.0
7.3891e-5 -6.41685e-5 0.0001289057 0.0 0.0
7.58355e-5 -6.41685e-5 8.88732e-5 0.0 0.0
7.778e-5 -6.41685e-5 9.05839e-5 0.0 0.0
7.97245e-5 -6.41685e-5 5.42059e-5 0.0 0.0
8.1669e-5 -6.41685e-5 1.4409e-5 0.0 0.0
8.36136e-5 -6.41685e-5 2.1556e-6 0.0 0.0
8.55581e-5 -6.41685e-5 2.1853e-6 0.0 0.0
8.75026e-5 -6.41685e-5 5.174e-7 0.0 0.0
8.94471e-5 -6.41685e-5 3.38e-8 0.0 0.0
9.13916e-5 -6.41685e-5 1.5e-9 0.0 0.0
9.33361e-5 -6.41685e-5 9.0e-10 0.0 0.0
9.52806e-5 -6.41685e-5 1.1e-9 0.0 0.0
-9.72251e-5 -6.2224e-5 0.0003340893 0.0 0.0
-9.52806e-5 -6.2224e-5 0.0007746334 0.0 0.0
-9.33361e-5 -6.2224e-5 0.0005021873 0.0 0.0
-9.13916e-5 -6.2224e-5 0.000318516 0.0 0.0
-8.94471e-5 -6.2224e-5 0.0001600457 0.0 0.0
-8.75026e-5 -6.2224e-5 0.0006043356 0.0 0.0
-8.55581e-5 -6.2224e-5 0.0004431078 0.0 0.0
-8.36136e-5 -6.2224e-5 0.0008815921 0.0 0.0
-8.1669e-5 -6.2224e-5 0.0004165157 0.0 0.0
-7.97245e-5 -6.2224e-5 0.0007166301 0.0 0.0
-7.778e-5 -6.2224e-5 0.0041630299 0.0 0.0
-7.58355e-5 -6.2224e-5 0.003251101 0.0 0.0
-7.3891e-5 -6.2224e-5 0.0020350746 0.0 0.0
-7.19465e-5 -6.2224e-5 0.0014067209 0.0 0.0
-7.0002e-5 -6.2224e-5 0.0014923029 0.0 0.0
-6.80575e-5 -6.2224e-5 0.0005746532 0.0 0.0
-6.6113e-5 -6.2224e-5 0.0010334671 0.0 0.0
-6.41685e-5 -6.2224e-5 0.0005374757 0.0 0.0
-6.2224e-5 -6.2224e-5 0.0003617877 0.0 0.0
-6.02795e-5 -6.2224e-5 0.0002179682 0.0 0.0
-5.8335e-5 -6.2224e-5 0.0004157632 0.0 0.0
-5.63905e-5 -6.2224e-5 0.000271381 0.0 0.0
-5.4446e-5 -6.2224e-5 0.0004917413 0.0 0.0
-5.25015e-5 -6.2224e-5 0.0003311334 0.0 0.0
-5.0557e-5 -6.2224e-5 0.0006769836 0.0 0.0
-4.86125e-5 -6.2224e-5 0.0004638731 0.0 0.0
-4.6668e-5 -6.2224e-5 0.0007357271 0.0 0.0
-4.47235e-5 -6.2224e-5 0.0012364896 0.0 0.0
-4.2779e-5 -6.2224e-5 0.000931583 0.0 0.0
-4.08345e-5 -6.2224e-5 0.0013972378 0.0 0.0
-3.889e-5 -6.2224e-5 0.0019918373 0.0 0.0
-3.69455e-5 -6.2224e-5 0.0018671061 0.0 0.0
-3.5001e-5 -6.2224e-5 0.0025516982 0.0 0.0
-3.30565e-5 -6.2224e-5 0.0024902255 0.0 0.0
-3.1112e-5 -6.2224e-5 0.0022857411 0.0 0.0
-2.91675e-5 -6.2224e-5 0.0019358506 0.0 0.0
-2.7223e-5 -6.2224e-5 0.0014162957 0.0 0.0
-2.52785e-5 -6.2224e-5 0.0016344674 0.0 0.0
-2.3334e-5 -6.2224e-5 0.0011505604 0.0 0.0
-2.13895e-5 -6.2224e-5 0.0011960253 0.0 0.0
-1.9445e-5 -6.2224e-5 0.0014401963 0.0 0.0
-1.75005e-5 -6.2224e-5 0.0008777293 0.0 0.0
-1.5556e-5 -6.2224e-5 0.0007415344 0.0 0.0
-1.36115e-5 -6.2224e-5 0.0012786472 0.0 0.0
-1.1667e-5 -6.2224e-5 0.0009656935 0.0 0.0
-9.7225e-6 -6.2224e-5 0.0581702954 0.0 0.0
-7.778e-6 -6.2224e-5 0.0444395862 0.0 0.0
-5.8335e-6 -6.2224e-5 0.0345513408 0.0 0.0
-3.889e-6 -6.2224e-5 0.030269276 0.0 0.0
-1.9445e-6 -6.2224e-5 0.0621975315 0.0 0.0
0.0 -6.2224e-5 0.0256345654 0.0 0.0
1.9445e-6 -6.2224e-5 0.0166086596 0.0 0.0
3.889e-6 -6.2224e-5 0.0225573448 0.0 0.0
5.8335e-6 -6.2224e-5 0.0177414549 0.0 0.0
7.778e-6 -6.2224e-5 0.0102865296 0.0 0.0
9.7225e-6 -6.2224e-5 0.0066995333 0.0 0.0
1.1667e-5 -6.2224e-5 0.003289647 0.0 0.0
1.36115e-5 -6.2224e-5 0.001910469 0.0 0.0
1.5556e-5 -6.2224e-5 0.0014009179 0.0 0.0
1.75005e-5 -6.2224e-5 0.0010906738 0.0 0.0
1.9445e-5 -6.2224e-5 0.0011787476 0.0 0.0
2.13895e-5 -6.2224e-5 0.0015640365 0.0 0.0
2.3334e-5 -6.2224e-5 0.0014824308 0.0 0.0
2.52785e-5 -6.2224e-5 0.0022384422 0.0 0.0
2.7223e-5 -6.2224e-5 0.0020049596 0.0 0.0
2.91675e-5 -6.2224e-5 0.0023101712 0.0 0.0
3.1112e-5 -6.2224e-5 0.0018245244 0.0 0.0
3.30565e-5 -6.2224e-5 0.0014584369 0.0 0.0
3.5001e-5 -6.2224e-5 0.0003984879 0.0 0.0
3.69455e-5 -6.2224e-5 7.61114e-5 0.0 0.0
3.889e-5 -6.2224e-5 0.000183927 0.0 0.0
4.08345e-5 -6.2224e-5 0.0001931606 0.0 0.0
4.2779e-5 -6.2224e-5 0.0001976821 0.0 0.0
4.47235e-5 -6.2224e-5 0.0002056469 0.0 0.0
4.6668e-5 -6.2224e-5 0.0001921554 0.0 0.0
4.86125e-5 -6.2224e-5 0.0002135859 0.0 0.0
5.0557e-5 -6.2224e-5 0.0002201075 0.0 0.0
5.25015e-5 -6.2224e-5 0.0002475726 0.0 0.0
5.4446e-5 -6.2224e-5 0.0002912605 0.0 0.0
5.63905e-5 -6.2224e-5 0.0004246206 0.0 0.0
5.8335e-5 -6.2224e-5 0.0004612986 0.0 0.0
6.02795e-5 -6.2224e-5 0.0004494886 0.0 0.0
6.2224e-5 -6.2224e-5 0.0005370239 0.0 0.0
6.41685e-5 -6.2224e-5 0.0005252304 0.0 0.0
6.6113e-5 -6.2224e-5 0.0005825362 0.0 0.0
6.80575e-5 -6.2224e-5 0.0004977692 0.0 0.0
7.0002e-5 -6.2224e-5 0.0003746089 0.0 0.0
7.19465e-5 -6.2224e-5 0.0002574589 0.0 0.0
7.3891e-5 -6.2224e-5 0.0001941641 0.0 0.0
7.58355e-5 -6.2224e-5 9.48318e-5 0.0 0.0
7.778e-5 -6.2224e-5 5.77622e-5 0.0 0.0
7.97245e-5 -6.2224e-5 9.96722e-5 0.0 0.0
8.1669e-5 -6.2224e-5 7.49053e-5 0.0 0.0
8.36136e-5 -6.2224e-5 1.24113e-5 0.0 0.0
8.55581e-5 -6.2224e-5 1.0213e-6 0.0 0.0
8.75026e-5 -6.2224e-5 4.2102e-6 0.0 0.0
8.94471e-5 -6.2224e-5 1.825e-6 0.0 0.0
9.13916e-5 -6.2224e-5 2.359e-7 0.0 0.0
9.33361e-5 -6.2224e-5 1.8e-8 0.0 0.0
9.52806e-5 -6.2224e-5 1.66e-8 0.0 0.0
-9.72251e-5 -6.02795e-5 0.0007923028 0.0 0.0
-9.52806e-5 -6.02795e-5 0.0006141584 0.0 0.0
-9.33361e-5 -6.02795e-5 0.0005148032 0.0 0.0
-9.13916e-5 -6.02795e-5 0.0003652725 0.0 0.0
-8.94471e-5 -6.02795e-5 0.0003228413 0.0 0.0
-8.75026e-5 -6.02795e-5 0.0007300919 0.0 0.0
-8.55581e-5 -6.02795e-5 0.0004068502 0.0 0.0
-8.36136e-5 -6.02795e-5 0.0006508888 0.0 0.0
-8.1669e-5 -6.02795e-5 0.0032315521 0.0 0.0
-7.97245e-5 -6.02795e-5 0.0034771966 0.0 0.0
-7.778e-5 -6.02795e-5 0.002057701 0.0 0.0
-7.58355e-5 -6.02795e-5 0.0011491013 0.0 0.0
-7.3891e-5 -6.02795e-5 0.0013643328 0.0 0.0
-7.19465e-5 -6.02795e-5 0.000333361 0.0 0.0
-7.0002e-5 -6.02795e-5 0.0006759137 0.0 0.0
-6.80575e-5 -6.02795e-5 0.0002256631 0.0 0.0
-6.6113e-5 -6.02795e-5 0.0001256572 0.0 0.0
-6.41685e-5 -6.02795e-5 0.0002934003 0.0 0.0
-6.2224e-5 -6.02795e-5 0.0001579699 0.0 0.0
-6.02795e-5 -6.02795e-5 0.000554449 0.0 0.0
-5.8335e-5 -6.02795e-5 0.000297791 0.0 0.0
-5.63905e-5 -6.02795e-5 0.0006739992 0.0 0.0
-5.4446e-5 -6.02795e-5 0.0004041669 0.0 0.0
-5.25015e-5 -6.02795e-5 0.0009013442 0.0 0.0
-5.0557e-5 -6.02795e-5 0.0007840744 0.0 0.0
-4.86125e-5 -6.02795e-5 0.0014701232 0.0 0.0
-4.6668e-5 -6.02795e-5 0.0014064158 0.0 0.0
-4.47235e-5 -6.02795e-5 0.0017976709 0.0 0.0
-4.2779e-5 -6.02795e-5 0.0027363661 0.0 0.0
-4.08345e-5 -6.02795e-5 0.0036580135 0.0 0.0
-3.889e-5 -6.02795e-5 0.0028419436 0.0 0.0
-3.69455e-5 -6.02795e-5 0.0032111355 0.0 0.0
-3.5001e-5 -6.02795e-5 0.0034723761 0.0 0.0
-3.30565e-5 -6.02795e-5 0.004234915 0.0 0.0
-3.1112e-5 -6.02795e-5 0.0051765617 0.0 0.0
-2.91675e-5 -6.02795e-5 0.0051767389 0.0 0.0
-2.7223e-5 -6.02795e-5 0.0051552362 0.0 0.0
-2.52785e-5 -6.02795e-5 0.0028287165 0.0 0.0
-2.3334e-5 -6.02795e-5 0.0037502701 0.0 0.0
-2.13895e-5 -6.02795e-5 0.0031752919 0.0 0.0
-1.9445e-5 -6.02795e-5 0.0026773134 0.0 0.0
-1.75005e-5 -6.02795e-5 0.0026173973 0.0 0.0
-1.5556e-5 -6.02795e-5 0.0023853215 0.0 0.0
-1.36115e-5 -6.02795e-5 0.0017479422 0.0 0.0
-1.1667e-5 -6.02795e-5 0.0016549209 0.0 0.0
-9.7225e-6 -6.02795e-5 0.0022485721 0.0 0.0
-7.778e-6 -6.02795e-5 0.0202087495 0.0 0.0
-5.8335e-6 -6.02795e-5 0.047648837 0.0 0.0
-3.889e-6 -6.02795e-5 0.0312452776 0.0 0.0
-1.9445e-6 -6.02795e-5 0.0273653849 0.0 0.0
0.0 -6.02795e-5 0.0327755842 0.0 0.0
1.9445e-6 -6.02795e-5 0.0460795788 0.0 0.0
3.889e-6 -6.02795e-5 0.0195408373 0.0 0.0
5.8335e-6 -6.02795e-5 0.0152684969 0.0 0.0
7.778e-6 -6.02795e-5 0.0187366356 0.0 0.0
9.7225e-6 -6.02795e-5 0.0117511539 0.0 0.0
1.1667e-5 -6.02795e-5 0.0066336216 0.0 0.0
1.36115e-5 -6.02795e-5 0.0040756952 0.0 0.0
1.5556e-5 -6.02795e-5 0.0024436104 0.0 0.0
1.75005e-5 -6.02795e-5 0.0024032293 0.0 0.0
1.9445e-5 -6.02795e-5 0.0017273005 0.0 0.0
2.13895e-5 -6.02795e-5 0.0014110394 0.0 0.0
2.3334e-5 -6.02795e-5 0.0014609198 0.0 0.0
2.52785e-5 -6.02795e-5 0.0018944379 0.0 0.0
2.7223e-5 -6.02795e-5 0.0018318786 0.0 0.0
2.91675e-5 -6.02795e-5 0.0024118313 0.0 0.0
3.1112e-5 -6.02795e-5 0.0022616893 0.0 0.0
3.30565e-5 -6.02795e-5 0.0015655126 0.0 0.0
3.5001e-5 -6.02795e-5 0.001975559 0.0 0.0
3.69455e-5 -6.02795e-5 7.96761e-5 0.0 0.0
3.889e-5 -6.02795e-5 6.98936e-5 0.0 0.0
4.08345e-5 -6.02795e-5 0.0001699783 0.0 0.0
4.2779e-5 -6.02795e-5 0.0001753138 0.0 0.0
4.47235e-5 -6.02795e-5 0.0001992308 0.0 0.0
4.6668e-5 -6.02795e-5 0.0002069377 0.0 0.0
4.86125e-5 -6.02795e-5 0.0002144339 0.0 0.0
5.0557e-5 -6.02795e-5 0.0002030704 0.0 0.0
5.25015e-5 -6.02795e-5 0.0001826618 0.0 0.0
5.4446e-5 -6.02795e-5 0.0002274713 0.0 0.0
5.63905e-5 -6.02795e-5 0.0002873132 0.0 0.0
5.8335e-5 -6.02795e-5 0.000337477 0.0 0.0
6.02795e-5 -6.02795e-5 0.0003684712 0.0 0.0
6.2224e-5 -6.02795e-5 0.0005404381 0.0 0.0
6.41685e-5 -6.02795e-5 0.0004019735 0.0 0.0
6.6113e-5 -6.02795e-5 0.0005643227 0.0 0.0
6.80575e-5 -6.02795e-5 0.0004508745 0.0 0.0
7.0002e-5 -6.02795e-5 0.0005332696 0.0 0.0
7.19465e-5 -6.02795e-5 0.0003662955 0.0 0.0
7.3891e-5 -6.02795e-5 0.0002563671 0.0 0.0
7.58355e-5 -6.02795e-5 0.0001935219 0.0 0.0
7.778e-5 -6.02795e-5 0.0001026873 0.0 0.0
7.97245e-5 -6.02795e-5 9.87472e-5 0.0 0.0
8.1669e-5 -6.02795e-5 6.58396e-5 0.0 0.0
8.36136e-5 -6.02795e-5 0.0001151524 0.0 0.0
8.55581e-5 -6.02795e-5 2.82591e-5 0.0 0.0
8.75026e-5 -6.02795e-5 3.2565e-6 0.0 0.0
8.94471e-5 -6.02795e-5 1.1393e-6 0.0 0.0
9.13916e-5 -6.02795e-5 4.1231e-6 0.0 0.0
9.33361e-5 -6.02795e-5 6.756e-7 0.0 0.0
9.52806e-5 -6.02795e-5 1.036e-7 0.0 0.0
-9.72251e-5 -5.8335e-5 0.0007912797 0.0 0.0
-9.52806e-5 -5.8335e-5 0.0007248638 0.0 0.0
-9.33361e-5 -5.8335e-5 8.04337e-5 0.0 0.0
-9.13916e-5 -5.8335e-5 0.0003795066 0.0 0.0
-8.94471e-5 -5.8335e-5 0.0002014453 0.0 0.0
-8.75026e-5 -5.8335e-5 6.36625e-5 0.0 0.0
-8.55581e-5 -5.8335e-5 0.0013169185 0.0 0.0
-8.36136e-5 -5.8335e-5 0.0030409659 0.0 0.0
-8.1669e-5 -5.8335e-5 0.001803317 0.0 0.0
-7.97245e-5 -5.8335e-5 0.0009355478 0.0 0.0
-7.778e-5 -5.8335e-5 0.0004154317 0.0 0.0
-7.58355e-5 -5.8335e-5 0.000523011 0.0 0.0
-7.3891e-5 -5.8335e-5 9.77191e-5 0.0 0.0
-7.19465e-5 -5.8335e-5 0.0005274662 0.0 0.0
-7.0002e-5 -5.8335e-5 0.000145303 0.0 0.0
-6.80575e-5 -5.8335e-5 7.04549e-5 0.0 0.0
-6.6113e-5 -5.8335e-5 0.0002445244 0.0 0.0
-6.41685e-5 -5.8335e-5 0.0001485325 0.0 0.0
-6.2224e-5 -5.8335e-5 0.0003795172 0.0 0.0
-6.02795e-5 -5.8335e-5 0.0003960015 0.0 0.0
-5.8335e-5 -5.8335e-5 0.000919889 0.0 0.0
-5.63905e-5 -5.8335e-5 0.0008832251 0.0 0.0
-5.4446e-5 -5.8335e-5 0.0016566818 0.0 0.0
-5.25015e-5 -5.8335e-5 0.0014309682 0.0 0.0
-5.0557e-5 -5.8335e-5 0.0010922749 0.0 0.0
-4.86125e-5 -5.8335e-5 0.0006282738 0.0 0.0
-4.6668e-5 -5.8335e-5 0.0012304412 0.0 0.0
-4.47235e-5 -5.8335e-5 0.0007766883 0.0 0.0
-4.2779e-5 -5.8335e-5 0.0013998489 0.0 0.0
-4.08345e-5 -5.8335e-5 0.0008489216 0.0 0.0
-3.889e-5 -5.8335e-5 0.0012872546 0.0 0.0
-3.69455e-5 -5.8335e-5 0.0016646469 0.0 0.0
-3.5001e-5 -5.8335e-5 0.0026999194 0.0 0.0
-3.30565e-5 -5.8335e-5 0.0058216456 0.0 0.0
-3.1112e-5 -5.8335e-5 0.006567873 0.0 0.0
-2.91675e-5 -5.8335e-5 0.0083530218 0.0 0.0
-2.7223e-5 -5.8335e-5 0.0100799406 0.0 0.0
-2.52785e-5 -5.8335e-5 0.0112319049 0.0 0.0
-2.3334e-5 -5.8335e-5 0.008634938 0.0 0.0
-2.13895e-5 -5.8335e-5 0.0065864241 0.0 0.0
-1.9445e-5 -5.8335e-5 0.0073135283 0.0 0.0
-1.75005e-5 -5.8335e-5 0.0074560942 0.0 0.0
-1.5556e-5 -5.8335e-5 0.0065476466 0.0 0.0
-1.36115e-5 -5.8335e-5 0.0049545603 0.0 0.0
-1.1667e-5 -5.8335e-5 0.004146766 0.0 0.0
-9.7225e-6 -5.8335e-5 0.0045883169 0.0 0.0
-7.778e-6 -5.8335e-5 0.0042118672 0.0 0.0
-5.8335e-6 -5.8335e-5 0.0023816901 0.0 0.0
-3.889e-6 -5.8335e-5 0.0442320505 0.0 0.0
-1.9445e-6 -5.8335e-5 0.0333465452 0.0 0.0
0.0 -5.8335e-5 0.034975067 0.0 0.0
1.9445e-6 -5.8335e-5 0.0315722117 0.0 0.0
3.889e-6 -5.8335e-5 0.0781483625 0.0 0.0
5.8335e-6 -5.8335e-5 0.0238019948 0.0 0.0
7.778e-6 -5.8335e-5 0.0142108367 0.0 0.0
9.7225e-6 -5.8335e-5 0.0219555766 0.0 0.0
1.1667e-5 -5.8335e-5 0.0135761868 0.0 0.0
1.36115e-5 -5.8335e-5 0.0074480342 0.0 0.0
1.5556e-5 -5.8335e-5 0.0043761583 0.0 0.0
1.75005e-5 -5.8335e-5 0.0035389226 0.0 0.0
1.9445e-5 -5.8335e-5 0.0025341874 0.0 0.0
2.13895e-5 -5.8335e-5 0.0019995372 0.0 0.0
2.3334e-5 -5.8335e-5 0.002171255 0.0 0.0
2.52785e-5 -5.8335e-5 0.0016784876 0.0 0.0
2.7223e-5 -5.8335e-5 0.0022856628 0.0 0.0
2.91675e-5 -5.8335e-5 0.0019968089 0.0 0.0
3.1112e-5 -5.8335e-5 0.0024470524 0.0 0.0
3.30565e-5 -5.8335e-5 0.0021370859 0.0 0.0
3.5001e-5 -5.8335e-5 0.0020420289 0.0 0.0
3.69455e-5 -5.8335e-5 0.0004873836 0.0 0.0
3.889e-5 -5.8335e-5 5.07715e-5 0.0 0.0
4.08345e-5 -5.8335e-5 7.5126e-5 0.0 0.0
4.2779e-5 -5.8335e-5 0.0001744498 0.0 0.0
4.47235e-5 -5.8335e-5 0.0001941647 0.0 0.0
4.6668e-5 -5.8335e-5 0.0001889316 0.0 0.0
4.86125e-5 -5.8335e-5 0.0001977397 0.0 0.0
5.0557e-5 -5.8335e-5 0.0001755491 0.0 0.0
5.25015e-5 -5.8335e-5 0.0001662604 0.0 0.0
5.4446e-5 -5.8335e-5 0.0001437263 0.0 0.0
5.63905e-5 -5.8335e-5 0.0001994256 0.0 0.0
5.8335e-5 -5.8335e-5 0.0002535837 0.0 0.0
6.02795e-5 -5.8335e-5 0.0003192239 0.0 0.0
6.2224e-5 -5.8335e-5 0.0003470604 0.0 0.0
6.41685e-5 -5.8335e-5 0.0004367741 0.0 0.0
6.6113e-5 -5.8335e-5 0.0004606253 0.0 0.0
6.80575e-5 -5.8335e-5 0.0004162799 0.0 0.0
7.0002e-5 -5.8335e-5 0.0005018573 0.0 0.0
7.19465e-5 -5.8335e-5 0.000432409 0.0 0.0
7.3891e-5 -5.8335e-5 0.0002917624 0.0 0.0
7.58355e-5 -5.8335e-5 0.0002450584 0.0 0.0
7.778e-5 -5.8335e-5 0.0001523194 0.0 0.0
7.97245e-5 -5.8335e-5 0.0001419516 0.0 0.0
8.1669e-5 -5.8335e-5 6.44904e-5 0.0 0.0
8.36136e-5 -5.8335e-5 8.68224e-5 0.0 0.0
8.55581e-5 -5.8335e-5 0.0001248848 0.0 0.0
8.75026e-5 -5.8335e-5 3.33262e-5 0.0 0.0
8.94471e-5 -5.8335e-5 3.8506e-6 0.0 0.0
9.13916e-5 -5.8335e-5 5.004e-7 0.0 0.0
9.33361e-5 -5.8335e-5 9.388e-7 0.0 0.0
9.52806e-5 -5.8335e-5 1.4569e-6 0.0 0.0
-9.72251e-5 -5.63905e-5 0.0002902405 0.0 0.0
-9.52806e-5 -5.63905e-5 0.000204233 0.0 0.0
-9.33361e-5 -5.63905e-5 0.0005059433 0.0 0.0
-9.13916e-5 -5.63905e-5 0.0003129758 0.0 0.0
-8.94471e-5 -5.63905e-5 0.0001125349 0.0 0.0
-8.75026e-5 -5.63905e-5 0.0034194927 0.0 0.0
-8.55581e-5 -5.63905e-5 0.0019424974 0.0 0.0
-8.36136e-5 -5.63905e-5 0.0020746273 0.0 0.0
-8.1669e-5 -5.63905e-5 0.0004469591 0.0 0.0
-7.97245e-5 -5.63905e-5 0.0002297533 0.0 0.0
-7.778e-5 -5.63905e-5 0.0005456231 0.0 0.0
-7.58355e-5 -5.63905e-5 0.000129834 0.0 0.0
-7.3891e-5 -5.63905e-5 3.43174e-5 0.0 0.0
-7.19465e-5 -5.63905e-5 0.0002208954 0.0 0.0
-7.0002e-5 -5.63905e-5 0.0001141635 0.0 0.0
-6.80575e-5 -5.63905e-5 0.0004578027 0.0 0.0
-6.6113e-5 -5.63905e-5 0.0003679315 0.0 0.0
-6.41685e-5 -5.63905e-5 0.0008208982 0.0 0.0
-6.2224e-5 -5.63905e-5 0.0008286082 0.0 0.0
-6.02795e-5 -5.63905e-5 0.0006049805 0.0 0.0
-5.8335e-5 -5.63905e-5 0.0002298339 0.0 0.0
-5.63905e-5 -5.63905e-5 0.0004927138 0.0 0.0
-5.4446e-5 -5.63905e-5 9.80325e-5 0.0 0.0
-5.25015e-5 -5.63905e-5 0.0003522686 0.0 0.0
-5.0557e-5 -5.63905e-5 0.0006044451 0.0 0.0
-4.86125e-5 -5.63905e-5 0.0002065691 0.0 0.0
-4.6668e-5 -5.63905e-5 0.0007425955 0.0 0.0
-4.47235e-5 -5.63905e-5 0.0003374589 0.0 0.0
-4.2779e-5 -5.63905e-5 0.000421985 0.0 0.0
-4.08345e-5 -5.63905e-5 0.0006719336 0.0 0.0
-3.889e-5 -5.63905e-5 0.0001787778 0.0 0.0
-3.69455e-5 -5.63905e-5 0.000329275 0.0 0.0
-3.5001e-5 -5.63905e-5 0.000820307 0.0 0.0
-3.30565e-5 -5.63905e-5 0.0018971323 0.0 0.0
-3.1112e-5 -5.63905e-5 0.0010656383 0.0 0.0
-2.91675e-5 -5.63905e-5 0.001995361 0.0 0.0
-2.7223e-5 -5.63905e-5 0.0032020528 0.0 0.0
-2.52785e-5 -5.63905e-5 0.0047961049 0.0 0.0
-2.3334e-5 -5.63905e-5 0.0110103948 0.0 0.0
-2.13895e-5 -5.63905e-5 0.0133273245 0.0 0.0
-1.9445e-5 -5.63905e-5 0.0155938778 0.0 0.0
-1.75005e-5 -5.63905e-5 0.0158446255 0.0 0.0
-1.5556e-5 -5.63905e-5 0.0133696157 0.0 0.0
-1.36115e-5 -5.63905e-5 0.0124465077 0.0 0.0
-1.1667e-5 -5.63905e-5 0.0083144539 0.0 0.0
-9.7225e-6 -5.63905e-5 0.0074296501 0.0 0.0
-7.778e-6 -5.63905e-5 0.0022892532 0.0 0.0
-5.8335e-6 -5.63905e-5 0.0020027261 0.0 0.0
-3.889e-6 -5.63905e-5 0.0044504524 0.0 0.0
-1.9445e-6 -5.63905e-5 0.0425080953 0.0 0.0
0.0 -5.63905e-5 0.0351797819 0.0 0.0
1.9445e-6 -5.63905e-5 0.0286195302 0.0 0.0
3.889e-6 -5.63905e-5 0.0304223322 0.0 0.0
5.8335e-6 -5.63905e-5 0.0679101834 0.0 0.0
7.778e-6 -5.63905e-5 0.0337185366 0.0 0.0
9.7225e-6 -5.63905e-5 0.0124704989 0.0 0.0
1.1667e-5 -5.63905e-5 0.0172358887 0.0 0.0
1.36115e-5 -5.63905e-5 0.0147452473 0.0 0.0
1.5556e-5 -5.63905e-5 0.0083108482 0.0 0.0
1.75005e-5 -5.63905e-5 0.0036838098 0.0 0.0
1.9445e-5 -5.63905e-5 0.0020446836 0.0 0.0
2.13895e-5 -5.63905e-5 0.0022480623 0.0 0.0
2.3334e-5 -5.63905e-5 0.001685018 0.0 0.0
2.52785e-5 -5.63905e-5 0.0014062678 0.0 0.0
2.7223e-5 -5.63905e-5 0.0023604231 0.0 0.0
2.91675e-5 -5.63905e-5 0.0019834777 0.0 0.0
3.1112e-5 -5.63905e-5 0.0024970331 0.0 0.0
3.30565e-5 -5.63905e-5 0.0025452771 0.0 0.0
3.5001e-5 -5.63905e-5 0.001711649 0.0 0.0
3.69455e-5 -5.63905e-5 0.0022654095 0.0 0.0
3.889e-5 -5.63905e-5 0.0001197848 0.0 0.0
4.08345e-5 -5.63905e-5 0.0001866124 0.0 0.0
4.2779e-5 -5.63905e-5 5.14817e-5 0.0 0.0
4.47235e-5 -5.63905e-5 7.62298e-5 0.0 0.0
4.6668e-5 -5.63905e-5 0.0001838601 0.0 0.0
4.86125e-5 -5.63905e-5 0.0001788183 0.0 0.0
5.0557e-5 -5.63905e-5 0.0001606285 0.0 0.0
5.25015e-5 -5.63905e-5 0.0001419131 0.0 0.0
5.4446e-5 -5.63905e-5 0.0001343875 0.0 0.0
5.63905e-5 -5.63905e-5 0.0001349759 0.0 0.0
5.8335e-5 -5.63905e-5 0.0002003694 0.0 0.0
6.02795e-5 -5.63905e-5 0.0002566883 0.0 0.0
6.2224e-5 -5.63905e-5 0.0003334437 0.0 0.0
6.41685e-5 -5.63905e-5 0.0002740783 0.0 0.0
6.6113e-5 -5.63905e-5 0.0003438963 0.0 0.0
6.80575e-5 -5.63905e-5 0.0003767235 0.0 0.0
7.0002e-5 -5.63905e-5 0.0005005555 0.0 0.0
7.19465e-5 -5.63905e-5 0.0003913064 0.0 0.0
7.3891e-5 -5.63905e-5 0.0003314273 0.0 0.0
7.58355e-5 -5.63905e-5 0.0002917585 0.0 0.0
7.778e-5 -5.63905e-5 0.000201989 0.0 0.0
7.97245e-5 -5.63905e-5 0.0001650939 0.0 0.0
8.1669e-5 -5.63905e-5 9.57936e-5 0.0 0.0
8.36136e-5 -5.63905e-5 8.0124e-5 0.0 0.0
8.55581e-5 -5.63905e-5 5.74841e-5 0.0 0.0
8.75026e-5 -5.63905e-5 5.26907e-5 0.0 0.0
8.94471e-5 -5.63905e-5 2.49266e-5 0.0 0.0
9.13916e-5 -5.63905e-5 3.0278e-6 0.0 0.0
9.33361e-5 -5.63905e-5 1.1411e-6 0.0 0.0
9.52806e-5 -5.63905e-5 4.059e-7 0.0 0.0
-9.72251e-5 -5.4446e-5 0.0003457872 0.0 0.0
-9.52806e-5 -5.4446e-5 0.0002100473 0.0 0.0
-9.33361e-5 -5.4446e-5 0.0004426217 0.0 0.0
-9.13916e-5 -5.4446e-5 0.0002257523 0.0 0.0
-8.94471e-5 -5.4446e-5 0.0028910699 0.0 0.0
-8.75026e-5 -5.4446e-5 0.0032499615 0.0 0.0
-8.55581e-5 -5.4446e-5 0.0008827565 0.0 0.0
-8.36136e-5 -5.4446e-5 0.000328238 0.0 0.0
-8.1669e-5 -5.4446e-5 0.0005878154 0.0 0.0
-7.97245e-5 -5.4446e-5 6.42522e-5 0.0 0.0
-7.778e-5 -5.4446e-5 0.0002844837 0.0 0.0
-7.58355e-5 -5.4446e-5 0.0001158234 0.0 0.0
-7.3891e-5 -5.4446e-5 9.00948e-5 0.0 0.0
-7.19465e-5 -5.4446e-5 0.0003194141 0.0 0.0
-7.0002e-5 -5.4446e-5 0.0002697596 0.0 0.0
-6.80575e-5 -5.4446e-5 0.0002548691 0.0 0.0
-6.6113e-5 -5.4446e-5 0.0004999993 0.0 0.0
-6.41685e-5 -5.4446e-5 0.0001653012 0.0 0.0
-6.2224e-5 -5.4446e-5 0.0003177458 0.0 0.0
-6.02795e-5 -5.4446e-5 2.70935e-5 0.0 0.0
-5.8335e-5 -5.4446e-5 8.81179e-5 0.0 0.0
-5.63905e-5 -5.4446e-5 0.00028825 0.0 0.0
-5.4446e-5 -5.4446e-5 0.0004325053 0.0 0.0
-5.25015e-5 -5.4446e-5 2.9279e-5 0.0 0.0
-5.0557e-5 -5.4446e-5 0.0002202915 0.0 0.0
-4.86125e-5 -5.4446e-5 0.0005853373 0.0 0.0
-4.6668e-5 -5.4446e-5 0.0003750572 0.0 0.0
-4.47235e-5 -5.4446e-5 0.0004482519 0.0 0.0
-4.2779e-5 -5.4446e-5 0.0004635931 0.0 0.0
-4.08345e-5 -5.4446e-5 0.0011626512 0.0 0.0
-3.889e-5 -5.4446e-5 0.0001667156 0.0 0.0
-3.69455e-5 -5.4446e-5 0.0005362132 0.0 0.0
-3.5001e-5 -5.4446e-5 0.0013968536 0.0 0.0
-3.30565e-5 -5.4446e-5 0.002460119 0.0 0.0
-3.1112e-5 -5.4446e-5 0.0015517255 0.0 0.0
-2.91675e-5 -5.4446e-5 0.0019738215 0.0 0.0
-2.7223e-5 -5.4446e-5 0.004079034 0.0 0.0
-2.52785e-5 -5.4446e-5 0.0033180631 0.0 0.0
-2.3334e-5 -5.4446e-5 0.0053500363 0.0 0.0
-2.13895e-5 -5.4446e-5 0.0073685338 0.0 0.0
-1.9445e-5 -5.4446e-5 0.0102506119 0.0 0.0
-1.75005e-5 -5.4446e-5 0.0172461716 0.0 0.0
-1.5556e-5 -5.4446e-5 0.0223451688 0.0 0.0
-1.36115e-5 -5.4446e-5 0.0208581793 0.0 0.0
-1.1667e-5 -5.4446e-5 0.0152895417 0.0 0.0
-9.7225e-6 -5.4446e-5 0.0177122012 0.0 0.0
-7.778e-6 -5.4446e-5 0.01662539 0.0 0.0
-5.8335e-6 -5.4446e-5 0.013594959 0.0 0.0
-3.889e-6 -5.4446e-5 0.0126654209 0.0 0.0
-1.9445e-6 -5.4446e-5 0.0117636234 0.0 0.0
0.0 -5.4446e-5 0.0530360431 0.0 0.0
1.9445e-6 -5.4446e-5 0.0419537425 0.0 0.0
3.889e-6 -5.4446e-5 0.0387849939 0.0 0.0
5.8335e-6 -5.4446e-5 0.0394054877 0.0 0.0
7.778e-6 -5.4446e-5 0.0545376332 0.0 0.0
9.7225e-6 -5.4446e-5 0.0515875668 0.0 0.0
1.1667e-5 -5.4446e-5 0.017174939 0.0 0.0
1.36115e-5 -5.4446e-5 0.0133636435 0.0 0.0
1.5556e-5 -5.4446e-5 0.0151470028 0.0 0.0
1.75005e-5 -5.4446e-5 0.0062197116 0.0 0.0
1.9445e-5 -5.4446e-5 0.0037285923 0.0 0.0
2.13895e-5 -5.4446e-5 0.002261767 0.0 0.0
2.3334e-5 -5.4446e-5 0.0028059387 0.0 0.0
2.52785e-5 -5.4446e-5 0.0020283706 0.0 0.0
2.7223e-5 -5.4446e-5 0.0016843174 0.0 0.0
2.91675e-5 -5.4446e-5 0.0030064359 0.0 0.0
3.1112e-5 -5.4446e-5 0.0024731027 0.0 0.0
3.30565e-5 -5.4446e-5 0.0028460144 0.0 0.0
3.5001e-5 -5.4446e-5 0.0023702322 0.0 0.0
3.69455e-5 -5.4446e-5 0.0028481168 0.0 0.0
3.889e-5 -5.4446e-5 0.0005348636 0.0 0.0
4.08345e-5 -5.4446e-5 7.47643e-5 0.0 0.0
4.2779e-5 -5.4446e-5 9.78738e-5 0.0 0.0
4.47235e-5 -5.4446e-5 0.0001523615 0.0 0.0
4.6668e-5 -5.4446e-5 0.0001938944 0.0 0.0
4.86125e-5 -5.4446e-5 0.000193737 0.0 0.0
5.0557e-5 -5.4446e-5 0.0001671901 0.0 0.0
5.25015e-5 -5.4446e-5 0.0001744244 0.0 0.0
5.4446e-5 -5.4446e-5 0.0001558205 0.0 0.0
5.63905e-5 -5.4446e-5 0.000119692 0.0 0.0
5.8335e-5 -5.4446e-5 0.0001600765 0.0 0.0
6.02795e-5 -5.4446e-5 0.0002132176 0.0 0.0
6.2224e-5 -5.4446e-5 0.0003202971 0.0 0.0
6.41685e-5 -5.4446e-5 0.0003241751 0.0 0.0
6.6113e-5 -5.4446e-5 0.0003863834 0.0 0.0
6.80575e-5 -5.4446e-5 0.0002841894 0.0 0.0
7.0002e-5 -5.4446e-5 0.0004450153 0.0 0.0
7.19465e-5 -5.4446e-5 0.0003746828 0.0 0.0
7.3891e-5 -5.4446e-5 0.0004047523 0.0 0.0
7.58355e-5 -5.4446e-5 0.0003528114 0.0 0.0
7.778e-5 -5.4446e-5 0.0002615756 0.0 0.0
7.97245e-5 -5.4446e-5 0.0001823475 0.0 0.0
8.1669e-5 -5.4446e-5 0.000110913 0.0 0.0
8.36136e-5 -5.4446e-5 0.0001100381 0.0 0.0
8.55581e-5 -5.4446e-5 9.34055e-5 0.0 0.0
8.75026e-5 -5.4446e-5 7.02874e-5 0.0 0.0
8.94471e-5 -5.4446e-5 0.0001183643 0.0 0.0
9.13916e-5 -5.4446e-5 3.50481e-5 0.0 0.0
9.33361e-5 -5.4446e-5 3.4088e-6 0.0 0.0
9.52806e-5 -5.4446e-5 7.19e-7 0.0 0.0
-9.72251e-5 -5.25015e-5 0.0002724577 0.0 0.0
-9.52806e-5 -5.25015e-5 0.0001345279 0.0 0.0
-9.33361e-5 -5.25015e-5 0.0013670347 0.0 0.0
-9.13916e-5 -5.25015e-5 0.002590479 0.0 0.0
-8.94471e-5 -5.25015e-5 0.0014273405 0.0 0.0
-8.75026e-5 -5.25015e-5 0.0008350199 0.0 0.0
-8.55581e-5 -5.25015e-5 0.0004986707 0.0 0.0
-8.36136e-5 -5.25015e-5 0.0008238564 0.0 0.0
-8.1669e-5 -5.25015e-5 9.95707e-5 0.0 0.0
-7.97245e-5 -5.25015e-5 4.16501e-5 0.0 0.0
-7.778e-5 -5.25015e-5 0.0002913191 0.0 0.0
-7.58355e-5 -5.25015e-5 0.0002412481 0.0 0.0
-7.3891e-5 -5.25015e-5 0.0002127668 0.0 0.0
-7.19465e-5 -5.25015e-5 0.0004408898 0.0 0.0
-7.0002e-5 -5.25015e-5 0.0002699195 0.0 0.0
-6.80575e-5 -5.25015e-5 4.39752e-5 0.0 0.0
-6.6113e-5 -5.25015e-5 6.26704e-5 0.0 0.0
-6.41685e-5 -5.25015e-5 8.71355e-5 0.0 0.0
-6.2224e-5 -5.25015e-5 0.0001609539 0.0 0.0
-6.02795e-5 -5.25015e-5 0.0004739347 0.0 0.0
-5.8335e-5 -5.25015e-5 1.20919e-5 0.0 0.0
-5.63905e-5 -5.25015e-5 1.8708e-5 0.0 0.0
-5.4446e-5 -5.25015e-5 6.21081e-5 0.0 0.0
-5.25015e-5 -5.25015e-5 0.000242686 0.0 0.0
-5.0557e-5 -5.25015e-5 0.0008516377 0.0 0.0
-4.86125e-5 -5.25015e-5 0.000358157 0.0 0.0
-4.6668e-5 -5.25015e-5 0.0004118097 0.0 0.0
-4.47235e-5 -5.25015e-5 0.0004853927 0.0 0.0
-4.2779e-5 -5.25015e-5 0.0010017659 0.0 0.0
-4.08345e-5 -5.25015e-5 0.0001843383 0.0 0.0
-3.889e-5 -5.25015e-5 0.0005307356 0.0 0.0
-3.69455e-5 -5.25015e-5 0.0015735737 0.0 0.0
-3.5001e-5 -5.25015e-5 0.0021613114 0.0 0.0
-3.30565e-5 -5.25015e-5 0.0039852209 0.0 0.0
-3.1112e-5 -5.25015e-5 0.0023104707 0.0 0.0
-2.91675e-5 -5.25015e-5 0.0029965914 0.0 0.0
-2.7223e-5 -5.25015e-5 0.0047019898 0.0 0.0
-2.52785e-5 -5.25015e-5 0.0021707389 0.0 0.0
-2.3334e-5 -5.25015e-5 0.0020320318 0.0 0.0
-2.13895e-5 -5.25015e-5 0.0018884498 0.0 0.0
-1.9445e-5 -5.25015e-5 0.0069875268 0.0 0.0
-1.75005e-5 -5.25015e-5 0.016105477 0.0 0.0
-1.5556e-5 -5.25015e-5 0.0212758531 0.0 0.0
-1.36115e-5 -5.25015e-5 0.0374188693 0.0 0.0
-1.1667e-5 -5.25015e-5 0.0360440336 0.0 0.0
-9.7225e-6 -5.25015e-5 0.0260715804 0.0 0.0
-7.778e-6 -5.25015e-5 0.0251348365 0.0 0.0
-5.8335e-6 -5.25015e-5 0.0245603864 0.0 0.0
-3.889e-6 -5.25015e-5 0.0200262878 0.0 0.0
-1.9445e-6 -5.25015e-5 0.014830466 0.0 0.0
0.0 -5.25015e-5 0.0161390597 0.0 0.0
1.9445e-6 -5.25015e-5 0.0644989739 0.0 0.0
3.889e-6 -5.25015e-5 0.0461252359 0.0 0.0
5.8335e-6 -5.25015e-5 0.04740765 0.0 0.0
7.778e-6 -5.25015e-5 0.0475724645 0.0 0.0
9.7225e-6 -5.25015e-5 0.0576051068 0.0 0.0
1.1667e-5 -5.25015e-5 0.0617358762 0.0 0.0
1.36115e-5 -5.25015e-5 0.0206250296 0.0 0.0
1.5556e-5 -5.25015e-5 0.0160516814 0.0 0.0
1.75005e-5 -5.25015e-5 0.0150852763 0.0 0.0
1.9445e-5 -5.25015e-5 0.0060617646 0.0 0.0
2.13895e-5 -5.25015e-5 0.0037497614 0.0 0.0
2.3334e-5 -5.25015e-5 0.0015042967 0.0 0.0
2.52785e-5 -5.25015e-5 0.0023037516 0.0 0.0
2.7223e-5 -5.25015e-5 0.0023430916 0.0 0.0
2.91675e-5 -5.25015e-5 0.0019250697 0.0 0.0
3.1112e-5 -5.25015e-5 0.0034484296 0.0 0.0
3.30565e-5 -5.25015e-5 0.0029745716 0.0 0.0
3.5001e-5 -5.25015e-5 0.0027477844 0.0 0.0
3.69455e-5 -5.25015e-5 0.0020424899 0.0 0.0
3.889e-5 -5.25015e-5 0.0021611905 0.0 0.0
4.08345e-5 -5.25015e-5 0.0002148236 0.0 0.0
4.2779e-5 -5.25015e-5 0.0001016141 0.0 0.0
4.47235e-5 -5.25015e-5 0.0002621143 0.0 0.0
4.6668e-5 -5.25015e-5 0.0002194226 0.0 0.0
4.86125e-5 -5.25015e-5 0.0001589223 0.0 0.0
5.0557e-5 -5.25015e-5 0.0001809233 0.0 0.0
5.25015e-5 -5.25015e-5 0.0002105609 0.0 0.0
5.4446e-5 -5.25015e-5 0.0001591899 0.0 0.0
5.63905e-5 -5.25015e-5 0.0001158159 0.0 0.0
5.8335e-5 -5.25015e-5 0.0001083684 0.0 0.0
6.02795e-5 -5.25015e-5 0.0001603874 0.0 0.0
6.2224e-5 -5.25015e-5 0.0002513501 0.0 0.0
6.41685e-5 -5.25015e-5 0.0003032641 0.0 0.0
6.6113e-5 -5.25015e-5 0.0003302381 0.0 0.0
6.80575e-5 -5.25015e-5 0.000366502 0.0 0.0
7.0002e-5 -5.25015e-5 0.0004214224 0.0 0.0
7.19465e-5 -5.25015e-5 0.0003504452 0.0 0.0
7.3891e-5 -5.25015e-5 0.0004106318 0.0 0.0
7.58355e-5 -5.25015e-5 0.0003947847 0.0 0.0
7.778e-5 -5.25015e-5 0.000306191 0.0 0.0
7.97245e-5 -5.25015e-5 0.0002110015 0.0 0.0
8.1669e-5 -5.25015e-5 0.0001368621 0.0 0.0
8.36136e-5 -5.25015e-5 0.0001169972 0.0 0.0
8.55581e-5 -5.25015e-5 0.000122139 0.0 0.0
8.75026e-5 -5.25015e-5 0.0001040069 0.0 0.0
8.94471e-5 -5.25015e-5 9.77041e-5 0.0 0.0
9.13916e-5 -5.25015e-5 6.93823e-5 0.0 0.0
9.33361e-5 -5.25015e-5 3.66008e-5 0.0 0.0
9.52806e-5 -5.25015e-5 1.5381e-6 0.0 0.0
-9.72251e-5 -5.0557e-5 0.0002434208 0.0 0.0
-9.52806e-5 -5.0557e-5 0.0011055504 0.0 0.0
-9.33361e-5 -5.0557e-5 0.0026714655 0.0 0.0
-9.13916e-5 -5.0557e-5 0.0019449203 0.0 0.0
-8.94471e-5 -5.0557e-5 0.001064597 0.0 0.0
-8.75026e-5 -5.0557e-5 0.0009209186 0.0 0.0
-8.55581e-5 -5.0557e-5 0.0001747707 0.0 0.0
-8.36136e-5 -5.0557e-5 3.10925e-5 0.0 0.0
-8.1669e-5 -5.0557e-5 0.0002265477 0.0 0.0
-7.97245e-5 -5.0557e-5 0.000145954 0.0 0.0
-7.778e-5 -5.0557e-5 9.77086e-5 0.0 0.0
-7.58355e-5 -5.0557e-5 0.0003800057 0.0 0.0
-7.3891e-5 -5.0557e-5 0.0001425837 0.0 0.0
-7.19465e-5 -5.0557e-5 2.98569e-5 0.0 0.0
-7.0002e-5 -5.0557e-5 2.42995e-5 0.0 0.0
-6.80575e-5 -5.0557e-5 2.78511e-5 0.0 0.0
-6.6113e-5 -5.0557e-5 3.88956e-5 0.0 0.0
-6.41685e-5 -5.0557e-5 4.68332e-5 0.0 0.0
-6.2224e-5 -5.0557e-5 0.0001269081 0.0 0.0
-6.02795e-5 -5.0557e-5 0.0004703999 0.0 0.0
-5.8335e-5 -5.0557e-5 0.0005358794 0.0 0.0
-5.63905e-5 -5.0557e-5 8.7814e-6 0.0 0.0
-5.4446e-5 -5.0557e-5 0.0001540613 0.0 0.0
-5.25015e-5 -5.0557e-5 0.0002815215 0.0 0.0
-5.0557e-5 -5.0557e-5 0.0004578699 0.0 0.0
-4.86125e-5 -5.0557e-5 0.0006526478 0.0 0.0
-4.6668e-5 -5.0557e-5 0.0014735419 0.0 0.0
-4.47235e-5 -5.0557e-5 0.0002017326 0.0 0.0
-4.2779e-5 -5.0557e-5 0.000450014 0.0 0.0
-4.08345e-5 -5.0557e-5 0.0012803059 0.0 0.0
-3.889e-5 -5.0557e-5 0.0018094054 0.0 0.0
-3.69455e-5 -5.0557e-5 0.0029150762 0.0 0.0
-3.5001e-5 -5.0557e-5 0.0023486121 0.0 0.0
-3.30565e-5 -5.0557e-5 0.0016071196 0.0 0.0
-3.1112e-5 -5.0557e-5 0.0032325132 0.0 0.0
-2.91675e-5 -5.0557e-5 0.0033718479 0.0 0.0
-2.7223e-5 -5.0557e-5 0.0007554719 0.0 0.0
-2.52785e-5 -5.0557e-5 0.0018614932 0.0 0.0
-2.3334e-5 -5.0557e-5 0.0123497988 0.0 0.0
-2.13895e-5 -5.0557e-5 0.0083220597 0.0 0.0
-1.9445e-5 -5.0557e-5 0.0078615025 0.0 0.0
-1.75005e-5 -5.0557e-5 0.0111501406 0.0 0.0
-1.5556e-5 -5.0557e-5 0.011027252 0.0 0.0
-1.36115e-5 -5.0557e-5 0.0157412243 0.0 0.0
-1.1667e-5 -5.0557e-5 0.0287404475 0.0 0.0
-9.7225e-6 -5.0557e-5 0.049981409 0.0 0.0
-7.778e-6 -5.0557e-5 0.0306552404 0.0 0.0
-5.8335e-6 -5.0557e-5 0.026513937 0.0 0.0
-3.889e-6 -5.0557e-5 0.0339756096 0.0 0.0
-1.9445e-6 -5.0557e-5 0.022658266 0.0 0.0
0.0 -5.0557e-5 0.0193511593 0.0 0.0
1.9445e-6 -5.0557e-5 0.0152096525 0.0 0.0
3.889e-6 -5.0557e-5 0.0343257891 0.0 0.0
5.8335e-6 -5.0557e-5 0.0552195042 0.0 0.0
7.778e-6 -5.0557e-5 0.0459880849 0.0 0.0
9.7225e-6 -5.0557e-5 0.0449161095 0.0 0.0
1.1667e-5 -5.0557e-5 0.0549864751 0.0 0.0
1.36115e-5 -5.0557e-5 0.0637539094 0.0 0.0
1.5556e-5 -5.0557e-5 0.0256310669 0.0 0.0
1.75005e-5 -5.0557e-5 0.0175789232 0.0 0.0
1.9445e-5 -5.0557e-5 0.0188518172 0.0 0.0
2.13895e-5 -5.0557e-5 0.0096465098 0.0 0.0
2.3334e-5 -5.0557e-5 0.0038948368 0.0 0.0
2.52785e-5 -5.0557e-5 0.0027511363 0.0 0.0
2.7223e-5 -5.0557e-5 0.0021427367 0.0 0.0
2.91675e-5 -5.0557e-5 0.0017523069 0.0 0.0
3.1112e-5 -5.0557e-5 0.0022430457 0.0 0.0
3.30565e-5 -5.0557e-5 0.0031016449 0.0 0.0
3.5001e-5 -5.0557e-5 0.0029180195 0.0 0.0
3.69455e-5 -5.0557e-5 0.0021010923 0.0 0.0
3.889e-5 -5.0557e-5 0.003170739 0.0 0.0
4.08345e-5 -5.0557e-5 0.0005131111 0.0 0.0
4.2779e-5 -5.0557e-5 0.0001831275 0.0 0.0
4.47235e-5 -5.0557e-5 0.0001600023 0.0 0.0
4.6668e-5 -5.0557e-5 7.9741e-5 0.0 0.0
4.86125e-5 -5.0557e-5 0.0001654777 0.0 0.0
5.0557e-5 -5.0557e-5 0.0001323848 0.0 0.0
5.25015e-5 -5.0557e-5 0.0001417994 0.0 0.0
5.4446e-5 -5.0557e-5 0.0001825745 0.0 0.0
5.63905e-5 -5.0557e-5 0.0001158498 0.0 0.0
5.8335e-5 -5.0557e-5 0.0001036581 0.0 0.0
6.02795e-5 -5.0557e-5 0.0001042985 0.0 0.0
6.2224e-5 -5.0557e-5 0.0002002606 0.0 0.0
6.41685e-5 -5.0557e-5 0.0002620645 0.0 0.0
6.6113e-5 -5.0557e-5 0.0003623336 0.0 0.0
6.80575e-5 -5.0557e-5 0.0002797155 0.0 0.0
7.0002e-5 -5.0557e-5 0.0003257944 0.0 0.0
7.19465e-5 -5.0557e-5 0.0002880195 0.0 0.0
7.3891e-5 -5.0557e-5 0.0004151599 0.0 0.0
7.58355e-5 -5.0557e-5 0.0004339871 0.0 0.0
7.778e-5 -5.0557e-5 0.0002724207 0.0 0.0
7.97245e-5 -5.0557e-5 0.0002201831 0.0 0.0
8.1669e-5 -5.0557e-5 0.0001900541 0.0 0.0
8.36136e-5 -5.0557e-5 0.0001554103 0.0 0.0
8.55581e-5 -5.0557e-5 0.0001467435 0.0 0.0
8.75026e-5 -5.0557e-5 9.70441e-5 0.0 0.0
8.94471e-5 -5.0557e-5 7.84354e-5 0.0 0.0
9.13916e-5 -5.0557e-5 5.90391e-5 0.0 0.0
9.33361e-5 -5.0557e-5 7.00614e-5 0.0 0.0
9.52806e-5 -5.0557e-5 3.35708e-5 0.0 0.0
-9.72251e-5 -4.86125e-5 0.0019728621 0.0 0.0
-9.52806e-5 -4.86125e-5 0.0026872792 0.0 0.0
-9.33361e-5 -4.86125e-5 0.0024265766 0.0 0.0
-9.13916e-5 -4.86125e-5 0.0015937762 0.0 0.0
-8.94471e-5 -4.86125e-5 0.0002435482 0.0 0.0
-8.75026e-5 -4.86125e-5 0.0003096439 0.0 0.0
-8.55581e-5 -4.86125e-5 0.000157495 0.0 0.0
-8.36136e-5 -4.86125e-5 5.47206e-5 0.0 0.0
-8.1669e-5 -4.86125e-5 5.15629e-5 0.0 0.0
-7.97245e-5 -4.86125e-5 0.0002249368 0.0 0.0
-7.778e-5 -4.86125e-5 0.0001021343 0.0 0.0
-7.58355e-5 -4.86125e-5 0.0002692605 0.0 0.0
-7.3891e-5 -4.86125e-5 2.75704e-5 0.0 0.0
-7.19465e-5 -4.86125e-5 4.18988e-5 0.0 0.0
-7.0002e-5 -4.86125e-5 7.95567e-5 0.0 0.0
-6.80575e-5 -4.86125e-5 2.0541e-5 0.0 0.0
-6.6113e-5 -4.86125e-5 8.31814e-5 0.0 0.0
-6.41685e-5 -4.86125e-5 0.0002861205 0.0 0.0
-6.2224e-5 -4.86125e-5 0.0003983337 0.0 0.0
-6.02795e-5 -4.86125e-5 0.0006201047 0.0 0.0
-5.8335e-5 -4.86125e-5 0.0005935435 0.0 0.0
-5.63905e-5 -4.86125e-5 0.0009394019 0.0 0.0
-5.4446e-5 -4.86125e-5 0.0002374935 0.0 0.0
-5.25015e-5 -4.86125e-5 0.000345672 0.0 0.0
-5.0557e-5 -4.86125e-5 0.0005397995 0.0 0.0
-4.86125e-5 -4.86125e-5 0.0005688246 0.0 0.0
-4.6668e-5 -4.86125e-5 0.0005025582 0.0 0.0
-4.47235e-5 -4.86125e-5 0.0002798843 0.0 0.0
-4.2779e-5 -4.86125e-5 0.0008986254 0.0 0.0
-4.08345e-5 -4.86125e-5 0.0016495132 0.0 0.0
-3.889e-5 -4.86125e-5 0.0028937952 0.0 0.0
-3.69455e-5 -4.86125e-5 0.0027567973 0.0 0.0
-3.5001e-5 -4.86125e-5 0.0012658088 0.0 0.0
-3.30565e-5 -4.86125e-5 0.0029075826 0.0 0.0
-3.1112e-5 -4.86125e-5 0.0019852209 0.0 0.0
-2.91675e-5 -4.86125e-5 0.0089475916 0.0 0.0
-2.7223e-5 -4.86125e-5 0.0118291823 0.0 0.0
-2.52785e-5 -4.86125e-5 0.0069942066 0.0 0.0
-2.3334e-5 -4.86125e-5 0.0071031035 0.0 0.0
-2.13895e-5 -4.86125e-5 0.0088872174 0.0 0.0
-1.9445e-5 -4.86125e-5 0.0082823391 0.0 0.0
-1.75005e-5 -4.86125e-5 0.0098515344 0.0 0.0
-1.5556e-5 -4.86125e-5 0.0137978013 0.0 0.0
-1.36115e-5 -4.86125e-5 0.0136239306 0.0 0.0
-1.1667e-5 -4.86125e-5 0.0205438536 0.0 0.0
-9.7225e-6 -4.86125e-5 0.0322185791 0.0 0.0
-7.778e-6 -4.86125e-5 0.0505085135 0.0 0.0
-5.8335e-6 -4.86125e-5 0.0300929026 0.0 0.0
-3.889e-6 -4.86125e-5 0.0313069904 0.0 0.0
-1.9445e-6 -4.86125e-5 0.0451397595 0.0 0.0
0.0 -4.86125e-5 0.0261706022 0.0 0.0
1.9445e-6 -4.86125e-5 0.0274061019 0.0 0.0
3.889e-6 -4.86125e-5 0.0234576963 0.0 0.0
5.8335e-6 -4.86125e-5 0.0180299291 0.0 0.0
7.778e-6 -4.86125e-5 0.057922982 0.0 0.0
9.7225e-6 -4.86125e-5 0.0537957217 0.0 0.0
1.1667e-5 -4.86125e-5 0.0417504559 0.0 0.0
1.36115e-5 -4.86125e-5 0.0821578164 0.0 0.0
1.5556e-5 -4.86125e-5 0.0546771919 0.0 0.0
1.75005e-5 -4.86125e-5 0.0222501978 0.0 0.0
1.9445e-5 -4.86125e-5 0.02178425 0.0 0.0
2.13895e-5 -4.86125e-5 0.0183466864 0.0 0.0
2.3334e-5 -4.86125e-5 0.0117091422 0.0 0.0
2.52785e-5 -4.86125e-5 0.0032497203 0.0 0.0
2.7223e-5 -4.86125e-5 0.0024190475 0.0 0.0
2.91675e-5 -4.86125e-5 0.0020043033 0.0 0.0
3.1112e-5 -4.86125e-5 0.0018276569 0.0 0.0
3.30565e-5 -4.86125e-5 0.0035766037 0.0 0.0
3.5001e-5 -4.86125e-5 0.0029758481 0.0 0.0
3.69455e-5 -4.86125e-5 0.0023456028 0.0 0.0
3.889e-5 -4.86125e-5 0.0033749256 0.0 0.0
4.08345e-5 -4.86125e-5 0.0014207706 0.0 0.0
4.2779e-5 -4.86125e-5 0.0002994775 0.0 0.0
4.47235e-5 -4.86125e-5 0.0003028729 0.0 0.0
4.6668e-5 -4.86125e-5 0.0001369022 0.0 0.0
4.86125e-5 -4.86125e-5 0.0002704398 0.0 0.0
5.0557e-5 -4.86125e-5 0.0001751914 0.0 0.0
5.25015e-5 -4.86125e-5 0.000149797 0.0 0.0
5.4446e-5 -4.86125e-5 0.0002122913 0.0 0.0
5.63905e-5 -4.86125e-5 0.0001179528 0.0 0.0
5.8335e-5 -4.86125e-5 0.0001252533 0.0 0.0
6.02795e-5 -4.86125e-5 0.0001062586 0.0 0.0
6.2224e-5 -4.86125e-5 0.0001437331 0.0 0.0
6.41685e-5 -4.86125e-5 0.0002343487 0.0 0.0
6.6113e-5 -4.86125e-5 0.0003559534 0.0 0.0
6.80575e-5 -4.86125e-5 0.0003496515 0.0 0.0
7.0002e-5 -4.86125e-5 0.0002528888 0.0 0.0
7.19465e-5 -4.86125e-5 0.0002459989 0.0 0.0
7.3891e-5 -4.86125e-5 0.0003836076 0.0 0.0
7.58355e-5 -4.86125e-5 0.0003178592 0.0 0.0
7.778e-5 -4.86125e-5 0.0003028876 0.0 0.0
7.97245e-5 -4.86125e-5 0.000246848 0.0 0.0
8.1669e-5 -4.86125e-5 0.0002266553 0.0 0.0
8.36136e-5 -4.86125e-5 0.0001803964 0.0 0.0
8.55581e-5 -4.86125e-5 0.0001551961 0.0 0.0
8.75026e-5 -4.86125e-5 0.0001168007 0.0 0.0
8.94471e-5 -4.86125e-5 0.0001000286 0.0 0.0
9.13916e-5 -4.86125e-5 8.23747e-5 0.0 0.0
9.33361e-5 -4.86125e-5 6.21531e-5 0.0 0.0
9.52806e-5 -4.86125e-5 9.06055e-5 0.0 0.0
-9.72251e-5 -4.6668e-5 0.002363998 0.0 0.0
-9.52806e-5 -4.6668e-5 0.0013773136 0.0 0.0
-9.33361e-5 -4.6668e-5 0.0008831839 0.0 0.0
-9.13916e-5 -4.6668e-5 0.0006488731 0.0 0.0
-8.94471e-5 -4.6668e-5 7.87494e-5 0.0 0.0
-8.75026e-5 -4.6668e-5 0.0004221641 0.0 0.0
-8.55581e-5 -4.6668e-5 0.0001420835 0.0 0.0
-8.36136e-5 -4.6668e-5 0.0001211161 0.0 0.0
-8.1669e-5 -4.6668e-5 4.91077e-5 0.0 0.0
-7.97245e-5 -4.6668e-5 2.31586e-5 0.0 0.0
-7.778e-5 -4.6668e-5 4.53515e-5 0.0 0.0
-7.58355e-5 -4.6668e-5 0.0001217662 0.0 0.0
-7.3891e-5 -4.6668e-5 1.5837e-6 0.0 0.0
-7.19465e-5 -4.6668e-5 0.0002036923 0.0 0.0
-7.0002e-5 -4.6668e-5 8.06285e-5 0.0 0.0
-6.80575e-5 -4.6668e-5 2.74e-8 0.0 0.0
-6.6113e-5 -4.6668e-5 1.29e-8 0.0 0.0
-6.41685e-5 -4.6668e-5 4.18e-8 0.0 0.0
-6.2224e-5 -4.6668e-5 1.5124e-6 0.0 0.0
-6.02795e-5 -4.6668e-5 2.6861e-6 0.0 0.0
-5.8335e-5 -4.6668e-5 7.5141e-5 0.0 0.0
-5.63905e-5 -4.6668e-5 0.0002756567 0.0 0.0
-5.4446e-5 -4.6668e-5 0.0005307796 0.0 0.0
-5.25015e-5 -4.6668e-5 0.0008018851 0.0 0.0
-5.0557e-5 -4.6668e-5 0.0013540438 0.0 0.0
-4.86125e-5 -4.6668e-5 0.0001564138 0.0 0.0
-4.6668e-5 -4.6668e-5 0.0004090736 0.0 0.0
-4.47235e-5 -4.6668e-5 0.0012336967 0.0 0.0
-4.2779e-5 -4.6668e-5 0.0027989281 0.0 0.0
-4.08345e-5 -4.6668e-5 0.0013733938 0.0 0.0
-3.889e-5 -4.6668e-5 0.0018191084 0.0 0.0
-3.69455e-5 -4.6668e-5 0.0024403124 0.0 0.0
-3.5001e-5 -4.6668e-5 0.0058123972 0.0 0.0
-3.30565e-5 -4.6668e-5 0.0136034164 0.0 0.0
-3.1112e-5 -4.6668e-5 0.0116662105 0.0 0.0
-2.91675e-5 -4.6668e-5 0.0109532949 0.0 0.0
-2.7223e-5 -4.6668e-5 0.009611116 0.0 0.0
-2.52785e-5 -4.6668e-5 0.0079983861 0.0 0.0
-2.3334e-5 -4.6668e-5 0.0085135488 0.0 0.0
-2.13895e-5 -4.6668e-5 0.0110393799 0.0 0.0
-1.9445e-5 -4.6668e-5 0.0126306682 0.0 0.0
-1.75005e-5 -4.6668e-5 0.0129820364 0.0 0.0
-1.5556e-5 -4.6668e-5 0.0167326728 0.0 0.0
-1.36115e-5 -4.6668e-5 0.0126433486 0.0 0.0
-1.1667e-5 -4.6668e-5 0.0166950004 0.0 0.0
-9.7225e-6 -4.6668e-5 0.0190823594 0.0 0.0
-7.778e-6 -4.6668e-5 0.0320732468 0.0 0.0
-5.8335e-6 -4.6668e-5 0.0495943646 0.0 0.0
-3.889e-6 -4.6668e-5 0.0323723469 0.0 0.0
-1.9445e-6 -4.6668e-5 0.0325037058 0.0 0.0
0.0 -4.6668e-5 0.0489478505 0.0 0.0
1.9445e-6 -4.6668e-5 0.0293146813 0.0 0.0
3.889e-6 -4.6668e-5 0.0299080396 0.0 0.0
5.8335e-6 -4.6668e-5 0.0324258524 0.0 0.0
7.778e-6 -4.6668e-5 0.0265687073 0.0 0.0
9.7225e-6 -4.6668e-5 0.0728716769 0.0 0.0
1.1667e-5 -4.6668e-5 0.0524866692 0.0 0.0
1.36115e-5 -4.6668e-5 0.0484275087 0.0 0.0
1.5556e-5 -4.6668e-5 0.1194918529 0.0 0.0
1.75005e-5 -4.6668e-5 0.0411352574 0.0 0.0
1.9445e-5 -4.6668e-5 0.0217086535 0.0 0.0
2.13895e-5 -4.6668e-5 0.0221848307 0.0 0.0
2.3334e-5 -4.6668e-5 0.0186309752 0.0 0.0
2.52785e-5 -4.6668e-5 0.0129621843 0.0 0.0
2.7223e-5 -4.6668e-5 0.0043419139 0.0 0.0
2.91675e-5 -4.6668e-5 0.0021220878 0.0 0.0
3.1112e-5 -4.6668e-5 0.0034857811 0.0 0.0
3.30565e-5 -4.6668e-5 0.0019527869 0.0 0.0
3.5001e-5 -4.6668e-5 0.0039064888 0.0 0.0
3.69455e-5 -4.6668e-5 0.0039874972 0.0 0.0
3.889e-5 -4.6668e-5 0.0025982965 0.0 0.0
4.08345e-5 -4.6668e-5 0.0033851877 0.0 0.0
4.2779e-5 -4.6668e-5 0.0003912581 0.0 0.0
4.47235e-5 -4.6668e-5 0.0002646808 0.0 0.0
4.6668e-5 -4.6668e-5 0.0002093822 0.0 0.0
4.86125e-5 -4.6668e-5 0.000438999 0.0 0.0
5.0557e-5 -4.6668e-5 0.0002819664 0.0 0.0
5.25015e-5 -4.6668e-5 0.0001581777 0.0 0.0
5.4446e-5 -4.6668e-5 0.0002569427 0.0 0.0
5.63905e-5 -4.6668e-5 0.0001653094 0.0 0.0
5.8335e-5 -4.6668e-5 0.0001472698 0.0 0.0
6.02795e-5 -4.6668e-5 0.0001283113 0.0 0.0
6.2224e-5 -4.6668e-5 0.000147918 0.0 0.0
6.41685e-5 -4.6668e-5 0.000175936 0.0 0.0
6.6113e-5 -4.6668e-5 0.0002573622 0.0 0.0
6.80575e-5 -4.6668e-5 0.0003225222 0.0 0.0
7.0002e-5 -4.6668e-5 0.000193212 0.0 0.0
7.19465e-5 -4.6668e-5 0.0002031035 0.0 0.0
7.3891e-5 -4.6668e-5 0.0003584425 0.0 0.0
7.58355e-5 -4.6668e-5 0.0002821998 0.0 0.0
7.778e-5 -4.6668e-5 0.0003069616 0.0 0.0
7.97245e-5 -4.6668e-5 0.0003276258 0.0 0.0
8.1669e-5 -4.6668e-5 0.000244926 0.0 0.0
8.36136e-5 -4.6668e-5 0.0001973468 0.0 0.0
8.55581e-5 -4.6668e-5 0.00014644 0.0 0.0
8.75026e-5 -4.6668e-5 0.0001371601 0.0 0.0
8.94471e-5 -4.6668e-5 0.0001259491 0.0 0.0
9.13916e-5 -4.6668e-5 6.27977e-5 0.0 0.0
9.33361e-5 -4.6668e-5 8.19719e-5 0.0 0.0
9.52806e-5 -4.6668e-5 7.25882e-5 0.0 0.0
-9.72251e-5 -4.47235e-5 0.0018866382 0.0 0.0
-9.52806e-5 -4.47235e-5 0.0015004828 0.0 0.0
-9.33361e-5 -4.47235e-5 0.0002799316 0.0 0.0
-9.13916e-5 -4.47235e-5 3.16782e-5 0.0 0.0
-8.94471e-5 -4.47235e-5 4.07616e-5 0.0 0.0
-8.75026e-5 -4.47235e-5 5.41865e-5 0.0 0.0
-8.55581e-5 -4.47235e-5 2.08841e-5 0.0 0.0
-8.36136e-5 -4.47235e-5 0.0002194761 0.0 0.0
-8.1669e-5 -4.47235e-5 7.57938e-5 0.0 0.0
-7.97245e-5 -4.47235e-5 1.7595e-6 0.0 0.0
-7.778e-5 -4.47235e-5 1.8774e-6 0.0 0.0
-7.58355e-5 -4.47235e-5 1.6171e-6 0.0 0.0
-7.3891e-5 -4.47235e-5 2.5461e-6 0.0 0.0
-7.19465e-5 -4.47235e-5 2.0923e-6 0.0 0.0
-7.0002e-5 -4.47235e-5 7.50726e-5 0.0 0.0
-6.80575e-5 -4.47235e-5 4.98299e-5 0.0 0.0
-6.6113e-5 -4.47235e-5 8.58916e-5 0.0 0.0
-6.41685e-5 -4.47235e-5 0.0002633295 0.0 0.0
-6.2224e-5 -4.47235e-5 0.0006801596 0.0 0.0
-6.02795e-5 -4.47235e-5 3.08204e-5 0.0 0.0
-5.8335e-5 -4.47235e-5 0.0002570869 0.0 0.0
-5.63905e-5 -4.47235e-5 0.000352266 0.0 0.0
-5.4446e-5 -4.47235e-5 0.0005454052 0.0 0.0
-5.25015e-5 -4.47235e-5 0.0007736664 0.0 0.0
-5.0557e-5 -4.47235e-5 0.0010245566 0.0 0.0
-4.86125e-5 -4.47235e-5 0.0004981453 0.0 0.0
-4.6668e-5 -4.47235e-5 0.0017777163 0.0 0.0
-4.47235e-5 -4.47235e-5 0.0037949867 0.0 0.0
-4.2779e-5 -4.47235e-5 0.0033314079 0.0 0.0
-4.08345e-5 -4.47235e-5 0.0057533293 0.0 0.0
-3.889e-5 -4.47235e-5 0.0072010193 0.0 0.0
-3.69455e-5 -4.47235e-5 0.0142462563 0.0 0.0
-3.5001e-5 -4.47235e-5 0.0154532769 0.0 0.0
-3.30565e-5 -4.47235e-5 0.0110043764 0.0 0.0
-3.1112e-5 -4.47235e-5 0.010065702 0.0 0.0
-2.91675e-5 -4.47235e-5 0.0107281876 0.0 0.0
-2.7223e-5 -4.47235e-5 0.0110070128 0.0 0.0
-2.52785e-5 -4.47235e-5 0.0126023672 0.0 0.0
-2.3334e-5 -4.47235e-5 0.0134005766 0.0 0.0
-2.13895e-5 -4.47235e-5 0.0129860463 0.0 0.0
-1.9445e-5 -4.47235e-5 0.012867423 0.0 0.0
-1.75005e-5 -4.47235e-5 0.012646003 0.0 0.0
-1.5556e-5 -4.47235e-5 0.0158357121 0.0 0.0
-1.36115e-5 -4.47235e-5 0.0187700196 0.0 0.0
-1.1667e-5 -4.47235e-5 0.0120058846 0.0 0.0
-9.7225e-6 -4.47235e-5 0.013995619 0.0 0.0
-7.778e-6 -4.47235e-5 0.0158933047 0.0 0.0
-5.8335e-6 -4.47235e-5 0.0486246537 0.0 0.0
-3.889e-6 -4.47235e-5 0.038802067 0.0 0.0
-1.9445e-6 -4.47235e-5 0.041202212 0.0 0.0
0.0 -4.47235e-5 0.0433206186 0.0 0.0
1.9445e-6 -4.47235e-5 0.06839766 0.0 0.0
3.889e-6 -4.47235e-5 0.0384466977 0.0 0.0
5.8335e-6 -4.47235e-5 0.0380804008 0.0 0.0
7.778e-6 -4.47235e-5 0.0383688564 0.0 0.0
9.7225e-6 -4.47235e-5 0.0316275466 0.0 0.0
1.1667e-5 -4.47235e-5 0.0790168532 0.0 0.0
1.36115e-5 -4.47235e-5 0.0469165237 0.0 0.0
1.5556e-5 -4.47235e-5 0.0513080463 0.0 0.0
1.75005e-5 -4.47235e-5 0.136367599 0.0 0.0
1.9445e-5 -4.47235e-5 0.0350451257 0.0 0.0
2.13895e-5 -4.47235e-5 0.0249886429 0.0 0.0
2.3334e-5 -4.47235e-5 0.0211684396 0.0 0.0
2.52785e-5 -4.47235e-5 0.0167596303 0.0 0.0
2.7223e-5 -4.47235e-5 0.0119704955 0.0 0.0
2.91675e-5 -4.47235e-5 0.0043587627 0.0 0.0
3.1112e-5 -4.47235e-5 0.0028047453 0.0 0.0
3.30565e-5 -4.47235e-5 0.0036782371 0.0 0.0
3.5001e-5 -4.47235e-5 0.0032692443 0.0 0.0
3.69455e-5 -4.47235e-5 0.0035884511 0.0 0.0
3.889e-5 -4.47235e-5 0.0031536964 0.0 0.0
4.08345e-5 -4.47235e-5 0.005052924 0.0 0.0
4.2779e-5 -4.47235e-5 0.0007419824 0.0 0.0
4.47235e-5 -4.47235e-5 0.0002005472 0.0 0.0
4.6668e-5 -4.47235e-5 0.0001957784 0.0 0.0
4.86125e-5 -4.47235e-5 0.0002345209 0.0 0.0
5.0557e-5 -4.47235e-5 0.0004865686 0.0 0.0
5.25015e-5 -4.47235e-5 0.0002560083 0.0 0.0
5.4446e-5 -4.47235e-5 0.000306306 0.0 0.0
5.63905e-5 -4.47235e-5 0.0001971627 0.0 0.0
5.8335e-5 -4.47235e-5 0.0002026153 0.0 0.0
6.02795e-5 -4.47235e-5 0.0001383947 0.0 0.0
6.2224e-5 -4.47235e-5 0.000176682 0.0 0.0
6.41685e-5 -4.47235e-5 0.0002087088 0.0 0.0
6.6113e-5 -4.47235e-5 0.0002740318 0.0 0.0
6.80575e-5 -4.47235e-5 0.0003212321 0.0 0.0
7.0002e-5 -4.47235e-5 0.0003586484 0.0 0.0
7.19465e-5 -4.47235e-5 0.000354022 0.0 0.0
7.3891e-5 -4.47235e-5 0.0003484224 0.0 0.0
7.58355e-5 -4.47235e-5 0.0002650672 0.0 0.0
7.778e-5 -4.47235e-5 0.0003206226 0.0 0.0
7.97245e-5 -4.47235e-5 0.0003179981 0.0 0.0
8.1669e-5 -4.47235e-5 0.0002712376 0.0 0.0
8.36136e-5 -4.47235e-5 0.0002162255 0.0 0.0
8.55581e-5 -4.47235e-5 0.0001754538 0.0 0.0
8.75026e-5 -4.47235e-5 0.0001537077 0.0 0.0
8.94471e-5 -4.47235e-5 0.0001508428 0.0 0.0
9.13916e-5 -4.47235e-5 9.49817e-5 0.0 0.0
9.33361e-5 -4.47235e-5 7.24178e-5 0.0 0.0
9.52806e-5 -4.47235e-5 6.20285e-5 0.0 0.0
-9.72251e-5 -4.2779e-5 0.0006404611 0.0 0.0
-9.52806e-5 -4.2779e-5 9.68555e-5 0.0 0.0
-9.33361e-5 -4.2779e-5 8.96434e-5 0.0 0.0
-9.13916e-5 -4.2779e-5 9.7747e-6 0.0 0.0
-8.94471e-5 -4.2779e-5 0.0002311934 0.0 0.0
-8.75026e-5 -4.2779e-5 7.11719e-5 0.0 0.0
-8.55581e-5 -4.2779e-5 1.3067e-5 0.0 0.0
-8.36136e-5 -4.2779e-5 9.20028e-5 0.0 0.0
-8.1669e-5 -4.2779e-5 1.16275e-5 0.0 0.0
-7.97245e-5 -4.2779e-5 3.23221e-5 0.0 0.0
-7.778e-5 -4.2779e-5 9.2155e-5 0.0 0.0
-7.58355e-5 -4.2779e-5 0.0001707651 0.0 0.0
-7.3891e-5 -4.2779e-5 0.0003296198 0.0 0.0
-7.19465e-5 -4.2779e-5 1.097e-7 0.0 0.0
-7.0002e-5 -4.2779e-5 1.02134e-5 0.0 0.0
-6.80575e-5 -4.2779e-5 3.4943e-5 0.0 0.0
-6.6113e-5 -4.2779e-5 0.0003975256 0.0 0.0
-6.41685e-5 -4.2779e-5 0.00059003 0.0 0.0
-6.2224e-5 -4.2779e-5 1.32353e-5 0.0 0.0
-6.02795e-5 -4.2779e-5 0.0002351899 0.0 0.0
-5.8335e-5 -4.2779e-5 0.0005486011 0.0 0.0
-5.63905e-5 -4.2779e-5 0.0013281271 0.0 0.0
-5.4446e-5 -4.2779e-5 0.0004077765 0.0 0.0
-5.25015e-5 -4.2779e-5 0.0003829748 0.0 0.0
-5.0557e-5 -4.2779e-5 0.0024571636 0.0 0.0
-4.86125e-5 -4.2779e-5 0.0035831821 0.0 0.0
-4.6668e-5 -4.2779e-5 0.0042938127 0.0 0.0
-4.47235e-5 -4.2779e-5 0.0058231873 0.0 0.0
-4.2779e-5 -4.2779e-5 0.0054961499 0.0 0.0
-4.08345e-5 -4.2779e-5 0.0108159937 0.0 0.0
-3.889e-5 -4.2779e-5 0.0112098834 0.0 0.0
-3.69455e-5 -4.2779e-5 0.0140429475 0.0 0.0
-3.5001e-5 -4.2779e-5 0.0129677086 0.0 0.0
-3.30565e-5 -4.2779e-5 0.0084046078 0.0 0.0
-3.1112e-5 -4.2779e-5 0.0082747059 0.0 0.0
-2.91675e-5 -4.2779e-5 0.0101054082 0.0 0.0
-2.7223e-5 -4.2779e-5 0.0120038449 0.0 0.0
-2.52785e-5 -4.2779e-5 0.012615381 0.0 0.0
-2.3334e-5 -4.2779e-5 0.013040208 0.0 0.0
-2.13895e-5 -4.2779e-5 0.0159787553 0.0 0.0
-1.9445e-5 -4.2779e-5 0.0124616344 0.0 0.0
-1.75005e-5 -4.2779e-5 0.0153751314 0.0 0.0
-1.5556e-5 -4.2779e-5 0.0162693348 0.0 0.0
-1.36115e-5 -4.2779e-5 0.0146914539 0.0 0.0
-1.1667e-5 -4.2779e-5 0.011834349 0.0 0.0
-9.7225e-6 -4.2779e-5 0.011274768 0.0 0.0
-7.778e-6 -4.2779e-5 0.0115961176 0.0 0.0
-5.8335e-6 -4.2779e-5 0.0175562329 0.0 0.0
-3.889e-6 -4.2779e-5 0.0696967854 0.0 0.0
-1.9445e-6 -4.2779e-5 0.0360590626 0.0 0.0
0.0 -4.2779e-5 0.0249898289 0.0 0.0
1.9445e-6 -4.2779e-5 0.0373884254 0.0 0.0
3.889e-6 -4.2779e-5 0.0699147667 0.0 0.0
5.8335e-6 -4.2779e-5 0.0497096706 0.0 0.0
7.778e-6 -4.2779e-5 0.0480831649 0.0 0.0
9.7225e-6 -4.2779e-5 0.0430944136 0.0 0.0
1.1667e-5 -4.2779e-5 0.03754059 0.0 0.0
1.36115e-5 -4.2779e-5 0.0752735307 0.0 0.0
1.5556e-5 -4.2779e-5 0.0648102232 0.0 0.0
1.75005e-5 -4.2779e-5 0.0802235438 0.0 0.0
1.9445e-5 -4.2779e-5 0.1304805382 0.0 0.0
2.13895e-5 -4.2779e-5 0.0321982428 0.0 0.0
2.3334e-5 -4.2779e-5 0.0250737557 0.0 0.0
2.52785e-5 -4.2779e-5 0.0252887347 0.0 0.0
2.7223e-5 -4.2779e-5 0.0160592048 0.0 0.0
2.91675e-5 -4.2779e-5 0.012398701 0.0 0.0
3.1112e-5 -4.2779e-5 0.0037380348 0.0 0.0
3.30565e-5 -4.2779e-5 0.002076316 0.0 0.0
3.5001e-5 -4.2779e-5 0.0033603366 0.0 0.0
3.69455e-5 -4.2779e-5 0.0031754509 0.0 0.0
3.889e-5 -4.2779e-5 0.002724238 0.0 0.0
4.08345e-5 -4.2779e-5 0.0035359017 0.0 0.0
4.2779e-5 -4.2779e-5 0.0016887859 0.0 0.0
4.47235e-5 -4.2779e-5 0.0002383268 0.0 0.0
4.6668e-5 -4.2779e-5 0.0002305598 0.0 0.0
4.86125e-5 -4.2779e-5 0.0005848077 0.0 0.0
5.0557e-5 -4.2779e-5 0.0005890856 0.0 0.0
5.25015e-5 -4.2779e-5 0.0004620689 0.0 0.0
5.4446e-5 -4.2779e-5 0.0002318498 0.0 0.0
5.63905e-5 -4.2779e-5 0.0002749598 0.0 0.0
5.8335e-5 -4.2779e-5 0.0002808237 0.0 0.0
6.02795e-5 -4.2779e-5 0.0001500559 0.0 0.0
6.2224e-5 -4.2779e-5 0.0001537271 0.0 0.0
6.41685e-5 -4.2779e-5 0.0002400292 0.0 0.0
6.6113e-5 -4.2779e-5 0.0002981997 0.0 0.0
6.80575e-5 -4.2779e-5 0.0003793866 0.0 0.0
7.0002e-5 -4.2779e-5 0.0002745039 0.0 0.0
7.19465e-5 -4.2779e-5 0.0003674404 0.0 0.0
7.3891e-5 -4.2779e-5 0.000342685 0.0 0.0
7.58355e-5 -4.2779e-5 0.0002100043 0.0 0.0
7.778e-5 -4.2779e-5 0.0002923347 0.0 0.0
7.97245e-5 -4.2779e-5 0.0003296436 0.0 0.0
8.1669e-5 -4.2779e-5 0.0003246932 0.0 0.0
8.36136e-5 -4.2779e-5 0.0002263424 0.0 0.0
8.55581e-5 -4.2779e-5 0.0001612181 0.0 0.0
8.75026e-5 -4.2779e-5 0.0001515495 0.0 0.0
8.94471e-5 -4.2779e-5 0.0001458368 0.0 0.0
9.13916e-5 -4.2779e-5 0.0001276291 0.0 0.0
9.33361e-5 -4.2779e-5 9.47747e-5 0.0 0.0
9.52806e-5 -4.2779e-5 7.55905e-5 0.0 0.0
-9.72251e-5 -4.08345e-5 0.0002313526 0.0 0.0
-9.52806e-5 -4.08345e-5 1.26236e-5 0.0 0.0
-9.33361e-5 -4.08345e-5 0.00030779 0.0 0.0
-9.13916e-5 -4.08345e-5 3.09729e-5 0.0 0.0
-8.94471e-5 -4.08345e-5 3.9289e-6 0.0 0.0
-8.75026e-5 -4.08345e-5 6.44911e-5 0.0 0.0
-8.55581e-5 -4.08345e-5 4.0419e-6 0.0 0.0
-8.36136e-5 -4.08345e-5 7.34611e-5 0.0 0.0
-8.1669e-5 -4.08345e-5 4.549e-7 0.0 0.0
-7.97245e-5 -4.08345e-5 5.9048e-6 0.0 0.0
-7.778e-5 -4.08345e-5 2.73028e-5 0.0 0.0
-7.58355e-5 -4.08345e-5 6.78547e-5 0.0 0.0
-7.3891e-5 -4.08345e-5 1.21e-8 0.0 0.0
-7.19465e-5 -4.08345e-5 1.72119e-5 0.0 0.0
-7.0002e-5 -4.08345e-5 0.0001474306 0.0 0.0
-6.80575e-5 -4.08345e-5 0.0005348683 0.0 0.0
-6.6113e-5 -4.08345e-5 6.0733e-6 0.0 0.0
-6.41685e-5 -4.08345e-5 0.0001479343 0.0 0.0
-6.2224e-5 -4.08345e-5 0.0007084384 0.0 0.0
-6.02795e-5 -4.08345e-5 0.0003196612 0.0 0.0
-5.8335e-5 -4.08345e-5 0.0008105014 0.0 0.0
-5.63905e-5 -4.08345e-5 0.000635593 0.0 0.0
-5.4446e-5 -4.08345e-5 0.0018975084 0.0 0.0
-5.25015e-5 -4.08345e-5 0.0015788748 0.0 0.0
-5.0557e-5 -4.08345e-5 0.0048455804 0.0 0.0
-4.86125e-5 -4.08345e-5 0.0045805594 0.0 0.0
-4.6668e-5 -4.08345e-5 0.0052639543 0.0 0.0
-4.47235e-5 -4.08345e-5 0.0037008194 0.0 0.0
-4.2779e-5 -4.08345e-5 0.0093168812 0.0 0.0
-4.08345e-5 -4.08345e-5 0.0082344797 0.0 0.0
-3.889e-5 -4.08345e-5 0.011512475 0.0 0.0
-3.69455e-5 -4.08345e-5 0.0111155801 0.0 0.0
-3.5001e-5 -4.08345e-5 0.0102222017 0.0 0.0
-3.30565e-5 -4.08345e-5 0.0066742635 0.0 0.0
-3.1112e-5 -4.08345e-5 0.0092249586 0.0 0.0
-2.91675e-5 -4.08345e-5 0.0131008992 0.0 0.0
-2.7223e-5 -4.08345e-5 0.0124328494 0.0 0.0
-2.52785e-5 -4.08345e-5 0.0163667681 0.0 0.0
-2.3334e-5 -4.08345e-5 0.011555991 0.0 0.0
-2.13895e-5 -4.08345e-5 0.0101286945 0.0 0.0
-1.9445e-5 -4.08345e-5 0.0122443383 0.0 0.0
-1.75005e-5 -4.08345e-5 0.0094159326 0.0 0.0
-1.5556e-5 -4.08345e-5 0.0151202819 0.0 0.0
-1.36115e-5 -4.08345e-5 0.0194485479 0.0 0.0
-1.1667e-5 -4.08345e-5 0.0139315006 0.0 0.0
-9.7225e-6 -4.08345e-5 0.0174112772 0.0 0.0
-7.778e-6 -4.08345e-5 0.0136443382 0.0 0.0
-5.8335e-6 -4.08345e-5 0.0109565402 0.0 0.0
-3.889e-6 -4.08345e-5 0.0213005571 0.0 0.0
-1.9445e-6 -4.08345e-5 0.0858320747 0.0 0.0
0.0 -4.08345e-5 0.0317856408 0.0 0.0
1.9445e-6 -4.08345e-5 0.0319496411 0.0 0.0
3.889e-6 -4.08345e-5 0.0450201765 0.0 0.0
5.8335e-6 -4.08345e-5 0.058259549 0.0 0.0
7.778e-6 -4.08345e-5 0.053522678 0.0 0.0
9.7225e-6 -4.08345e-5 0.061075196 0.0 0.0
1.1667e-5 -4.08345e-5 0.0514866207 0.0 0.0
1.36115e-5 -4.08345e-5 0.0436952395 0.0 0.0
1.5556e-5 -4.08345e-5 0.0751525924 0.0 0.0
1.75005e-5 -4.08345e-5 0.062807261 0.0 0.0
1.9445e-5 -4.08345e-5 0.115855699 0.0 0.0
2.13895e-5 -4.08345e-5 0.0802630786 0.0 0.0
2.3334e-5 -4.08345e-5 0.0311862336 0.0 0.0
2.52785e-5 -4.08345e-5 0.0207593077 0.0 0.0
2.7223e-5 -4.08345e-5 0.0250047123 0.0 0.0
2.91675e-5 -4.08345e-5 0.0144037645 0.0 0.0
3.1112e-5 -4.08345e-5 0.0095134661 0.0 0.0
3.30565e-5 -4.08345e-5 0.003499475 0.0 0.0
3.5001e-5 -4.08345e-5 0.0021631735 0.0 0.0
3.69455e-5 -4.08345e-5 0.003573498 0.0 0.0
3.889e-5 -4.08345e-5 0.0026231611 0.0 0.0
4.08345e-5 -4.08345e-5 0.0023264895 0.0 0.0
4.2779e-5 -4.08345e-5 0.0034894688 0.0 0.0
4.47235e-5 -4.08345e-5 0.0003094931 0.0 0.0
4.6668e-5 -4.08345e-5 0.000139766 0.0 0.0
4.86125e-5 -4.08345e-5 0.0001901527 0.0 0.0
5.0557e-5 -4.08345e-5 0.0005703758 0.0 0.0
5.25015e-5 -4.08345e-5 0.0005879511 0.0 0.0
5.4446e-5 -4.08345e-5 0.0003669037 0.0 0.0
5.63905e-5 -4.08345e-5 0.0003858131 0.0 0.0
5.8335e-5 -4.08345e-5 0.0002132947 0.0 0.0
6.02795e-5 -4.08345e-5 0.0002131971 0.0 0.0
6.2224e-5 -4.08345e-5 0.000146798 0.0 0.0
6.41685e-5 -4.08345e-5 0.000205633 0.0 0.0
6.6113e-5 -4.08345e-5 0.0003188378 0.0 0.0
6.80575e-5 -4.08345e-5 0.0004480899 0.0 0.0
7.0002e-5 -4.08345e-5 0.0003704271 0.0 0.0
7.19465e-5 -4.08345e-5 0.000270978 0.0 0.0
7.3891e-5 -4.08345e-5 0.0002710348 0.0 0.0
7.58355e-5 -4.08345e-5 0.0001948333 0.0 0.0
7.778e-5 -4.08345e-5 0.0002786203 0.0 0.0
7.97245e-5 -4.08345e-5 0.0001915277 0.0 0.0
8.1669e-5 -4.08345e-5 0.0003285533 0.0 0.0
8.36136e-5 -4.08345e-5 0.0002614644 0.0 0.0
8.55581e-5 -4.08345e-5 0.000150047 0.0 0.0
8.75026e-5 -4.08345e-5 0.0001442165 0.0 0.0
8.94471e-5 -4.08345e-5 0.0001534502 0.0 0.0
9.13916e-5 -4.08345e-5 0.0001155537 0.0 0.0
9.33361e-5 -4.08345e-5 8.29663e-5 0.0 0.0
9.52806e-5 -4.08345e-5 5.51413e-5 0.0 0.0
-9.72251e-5 -3.889e-5 3.3857e-6 0.0 0.0
-9.52806e-5 -3.889e-5 2.46968e-5 0.0 0.0
-9.33361e-5 -3.889e-5 1.4722e-6 0.0 0.0
-9.13916e-5 -3.889e-5 6.29218e-5 0.0 0.0
-8.94471e-5 -3.889e-5 1.7373e-6 0.0 0.0
-8.75026e-5 -3.889e-5 9.78282e-5 0.0 0.0
-8.55581e-5 -3.889e-5 8.722e-7 0.0 0.0
-8.36136e-5 -3.889e-5 1.5268e-5 0.0 0.0
-8.1669e-5 -3.889e-5 0.0003113805 0.0 0.0
-7.97245e-5 -3.889e-5 4.2251e-6 0.0 0.0
-7.778e-5 -3.889e-5 0.0001138256 0.0 0.0
-7.58355e-5 -3.889e-5 0.0004626553 0.0 0.0
-7.3891e-5 -3.889e-5 1.7804e-6 0.0 0.0
-7.19465e-5 -3.889e-5 0.0002665583 0.0 0.0
-7.0002e-5 -3.889e-5 2.5649e-6 0.0 0.0
-6.80575e-5 -3.889e-5 8.51607e-5 0.0 0.0
-6.6113e-5 -3.889e-5 1.01426e-5 0.0 0.0
-6.41685e-5 -3.889e-5 9.97132e-5 0.0 0.0
-6.2224e-5 -3.889e-5 0.0013097939 0.0 0.0
-6.02795e-5 -3.889e-5 0.0008900791 0.0 0.0
-5.8335e-5 -3.889e-5 0.0029004364 0.0 0.0
-5.63905e-5 -3.889e-5 0.0017604011 0.0 0.0
-5.4446e-5 -3.889e-5 0.0039660728 0.0 0.0
-5.25015e-5 -3.889e-5 0.0034352026 0.0 0.0
-5.0557e-5 -3.889e-5 0.0056719617 0.0 0.0
-4.86125e-5 -3.889e-5 0.0035845921 0.0 0.0
-4.6668e-5 -3.889e-5 0.0047974735 0.0 0.0
-4.47235e-5 -3.889e-5 0.0067799439 0.0 0.0
-4.2779e-5 -3.889e-5 0.0099911736 0.0 0.0
-4.08345e-5 -3.889e-5 0.0119582122 0.0 0.0
-3.889e-5 -3.889e-5 0.0063617854 0.0 0.0
-3.69455e-5 -3.889e-5 0.0062825506 0.0 0.0
-3.5001e-5 -3.889e-5 0.0074191735 0.0 0.0
-3.30565e-5 -3.889e-5 0.0107408377 0.0 0.0
-3.1112e-5 -3.889e-5 0.0074138387 0.0 0.0
-2.91675e-5 -3.889e-5 0.0113514414 0.0 0.0
-2.7223e-5 -3.889e-5 0.010796994 0.0 0.0
-2.52785e-5 -3.889e-5 0.0133566071 0.0 0.0
-2.3334e-5 -3.889e-5 0.0188343103 0.0 0.0
-2.13895e-5 -3.889e-5 0.0114073911 0.0 0.0
-1.9445e-5 -3.889e-5 0.0196584077 0.0 0.0
-1.75005e-5 -3.889e-5 0.0182962086 0.0 0.0
-1.5556e-5 -3.889e-5 0.0146948009 0.0 0.0
-1.36115e-5 -3.889e-5 0.0234454253 0.0 0.0
-1.1667e-5 -3.889e-5 0.0174270146 0.0 0.0
-9.7225e-6 -3.889e-5 0.0201925358 0.0 0.0
-7.778e-6 -3.889e-5 0.0205025326 0.0 0.0
-5.8335e-6 -3.889e-5 0.0136017668 0.0 0.0
-3.889e-6 -3.889e-5 0.013946722 0.0 0.0
-1.9445e-6 -3.889e-5 0.01643111 0.0 0.0
0.0 -3.889e-5 0.0709193333 0.0 0.0
1.9445e-6 -3.889e-5 0.0368856453 0.0 0.0
3.889e-6 -3.889e-5 0.0403947268 0.0 0.0
5.8335e-6 -3.889e-5 0.0713811219 0.0 0.0
7.778e-6 -3.889e-5 0.07320927 0.0 0.0
9.7225e-6 -3.889e-5 0.0696401661 0.0 0.0
1.1667e-5 -3.889e-5 0.0637392488 0.0 0.0
1.36115e-5 -3.889e-5 0.0494533845 0.0 0.0
1.5556e-5 -3.889e-5 0.0751010518 0.0 0.0
1.75005e-5 -3.889e-5 0.080038504 0.0 0.0
1.9445e-5 -3.889e-5 0.0624648343 0.0 0.0
2.13895e-5 -3.889e-5 0.1221750059 0.0 0.0
2.3334e-5 -3.889e-5 0.0528522519 0.0 0.0
2.52785e-5 -3.889e-5 0.0283233794 0.0 0.0
2.7223e-5 -3.889e-5 0.0199394861 0.0 0.0
2.91675e-5 -3.889e-5 0.0218711179 0.0 0.0
3.1112e-5 -3.889e-5 0.0128413105 0.0 0.0
3.30565e-5 -3.889e-5 0.0066330742 0.0 0.0
3.5001e-5 -3.889e-5 0.0030625211 0.0 0.0
3.69455e-5 -3.889e-5 0.0024005759 0.0 0.0
3.889e-5 -3.889e-5 0.0049821596 0.0 0.0
4.08345e-5 -3.889e-5 0.0038229044 0.0 0.0
4.2779e-5 -3.889e-5 0.0053617994 0.0 0.0
4.47235e-5 -3.889e-5 0.0004504939 0.0 0.0
4.6668e-5 -3.889e-5 0.0002366829 0.0 0.0
4.86125e-5 -3.889e-5 0.0001720514 0.0 0.0
5.0557e-5 -3.889e-5 0.0007225953 0.0 0.0
5.25015e-5 -3.889e-5 0.0006313396 0.0 0.0
5.4446e-5 -3.889e-5 0.0004926682 0.0 0.0
5.63905e-5 -3.889e-5 0.0005858142 0.0 0.0
5.8335e-5 -3.889e-5 0.0002855067 0.0 0.0
6.02795e-5 -3.889e-5 0.0003066009 0.0 0.0
6.2224e-5 -3.889e-5 0.0001863181 0.0 0.0
6.41685e-5 -3.889e-5 0.0001833997 0.0 0.0
6.6113e-5 -3.889e-5 0.0003298379 0.0 0.0
6.80575e-5 -3.889e-5 0.0004106129 0.0 0.0
7.0002e-5 -3.889e-5 0.0004771329 0.0 0.0
7.19465e-5 -3.889e-5 0.0002125822 0.0 0.0
7.3891e-5 -3.889e-5 0.000177471 0.0 0.0
7.58355e-5 -3.889e-5 0.0001125257 0.0 0.0
7.778e-5 -3.889e-5 0.0002785199 0.0 0.0
7.97245e-5 -3.889e-5 0.0001728108 0.0 0.0
8.1669e-5 -3.889e-5 0.0002059352 0.0 0.0
8.36136e-5 -3.889e-5 0.0002051004 0.0 0.0
8.55581e-5 -3.889e-5 0.0001519145 0.0 0.0
8.75026e-5 -3.889e-5 0.000144948 0.0 0.0
8.94471e-5 -3.889e-5 0.0001401993 0.0 0.0
9.13916e-5 -3.889e-5 0.0001309109 0.0 0.0
9.33361e-5 -3.889e-5 0.0001029435 0.0 0.0
9.52806e-5 -3.889e-5 7.01389e-5 0.0 0.0
-9.72251e-5 -3.69455e-5 1.92805e-5 0.0 0.0
-9.52806e-5 -3.69455e-5 2.623e-7 0.0 0.0
-9.33361e-5 -3.69455e-5 1.66772e-5 0.0 0.0
-9.13916e-5 -3.69455e-5 3.413e-7 0.0 0.0
-8.94471e-5 -3.69455e-5 3.2576e-6 0.0 0.0
-8.75026e-5 -3.69455e-5 0.0001535634 0.0 0.0
-8.55581e-5 -3.69455e-5 2.9206e-6 0.0 0.0
-8.36136e-5 -3.69455e-5 5.09875e-5 0.0 0.0
-8.1669e-5 -3.69455e-5 4.824e-7 0.0 0.0
-7.97245e-5 -3.69455e-5 8.30809e-5 0.0 0.0
-7.778e-5 -3.69455e-5 1.855e-7 0.0 0.0
-7.58355e-5 -3.69455e-5 3.43521e-5 0.0 0.0
-7.3891e-5 -3.69455e-5 1.4417e-6 0.0 0.0
-7.19465e-5 -3.69455e-5 3.71025e-5 0.0 0.0
-7.0002e-5 -3.69455e-5 0.0003008134 0.0 0.0
-6.80575e-5 -3.69455e-5 0.0001642649 0.0 0.0
-6.6113e-5 -3.69455e-5 0.0007380512 0.0 0.0
-6.41685e-5 -3.69455e-5 0.0005052337 0.0 0.0
-6.2224e-5 -3.69455e-5 0.0005456975 0.0 0.0
-6.02795e-5 -3.69455e-5 0.0022949534 0.0 0.0
-5.8335e-5 -3.69455e-5 0.0011768952 0.0 0.0
-5.63905e-5 -3.69455e-5 0.002947848 0.0 0.0
-5.4446e-5 -3.69455e-5 0.0024762535 0.0 0.0
-5.25015e-5 -3.69455e-5 0.0047099173 0.0 0.0
-5.0557e-5 -3.69455e-5 0.0031460684 0.0 0.0
-4.86125e-5 -3.69455e-5 0.0045824717 0.0 0.0
-4.6668e-5 -3.69455e-5 0.008256542 0.0 0.0
-4.47235e-5 -3.69455e-5 0.0058190869 0.0 0.0
-4.2779e-5 -3.69455e-5 0.0096966525 0.0 0.0
-4.08345e-5 -3.69455e-5 0.0083786732 0.0 0.0
-3.889e-5 -3.69455e-5 0.0083766119 0.0 0.0
-3.69455e-5 -3.69455e-5 0.0081419671 0.0 0.0
-3.5001e-5 -3.69455e-5 0.0064269655 0.0 0.0
-3.30565e-5 -3.69455e-5 0.0058833123 0.0 0.0
-3.1112e-5 -3.69455e-5 0.009376541 0.0 0.0
-2.91675e-5 -3.69455e-5 0.0072441582 0.0 0.0
-2.7223e-5 -3.69455e-5 0.013497782 0.0 0.0
-2.52785e-5 -3.69455e-5 0.0108566036 0.0 0.0
-2.3334e-5 -3.69455e-5 0.0082357274 0.0 0.0
-2.13895e-5 -3.69455e-5 0.0085378435 0.0 0.0
-1.9445e-5 -3.69455e-5 0.0146069266 0.0 0.0
-1.75005e-5 -3.69455e-5 0.0178889053 0.0 0.0
-1.5556e-5 -3.69455e-5 0.0166079865 0.0 0.0
-1.36115e-5 -3.69455e-5 0.0381546443 0.0 0.0
-1.1667e-5 -3.69455e-5 0.023732923 0.0 0.0
-9.7225e-6 -3.69455e-5 0.0140136852 0.0 0.0
-7.778e-6 -3.69455e-5 0.0180179144 0.0 0.0
-5.8335e-6 -3.69455e-5 0.0154504029 0.0 0.0
-3.889e-6 -3.69455e-5 0.0216290367 0.0 0.0
-1.9445e-6 -3.69455e-5 0.0258507736 0.0 0.0
0.0 -3.69455e-5 0.0327020111 0.0 0.0
1.9445e-6 -3.69455e-5 0.0592639447 0.0 0.0
3.889e-6 -3.69455e-5 0.0456583444 0.0 0.0
5.8335e-6 -3.69455e-5 0.0424122611 0.0 0.0
7.778e-6 -3.69455e-5 0.1003204333 0.0 0.0
9.7225e-6 -3.69455e-5 0.0691401914 0.0 0.0
1.1667e-5 -3.69455e-5 0.0870760033 0.0 0.0
1.36115e-5 -3.69455e-5 0.0657558224 0.0 0.0
1.5556e-5 -3.69455e-5 0.0557893562 0.0 0.0
1.75005e-5 -3.69455e-5 0.079100322 0.0 0.0
1.9445e-5 -3.69455e-5 0.0764090654 0.0 0.0
2.13895e-5 -3.69455e-5 0.1516822337 0.0 0.0
2.3334e-5 -3.69455e-5 0.1068271491 0.0 0.0
2.52785e-5 -3.69455e-5 0.0403810087 0.0 0.0
2.7223e-5 -3.69455e-5 0.0258677185 0.0 0.0
2.91675e-5 -3.69455e-5 0.0225935066 0.0 0.0
3.1112e-5 -3.69455e-5 0.0208506942 0.0 0.0
3.30565e-5 -3.69455e-5 0.0108121249 0.0 0.0
3.5001e-5 -3.69455e-5 0.0067042727 0.0 0.0
3.69455e-5 -3.69455e-5 0.0030396307 0.0 0.0
3.889e-5 -3.69455e-5 0.0036189592 0.0 0.0
4.08345e-5 -3.69455e-5 0.0044110237 0.0 0.0
4.2779e-5 -3.69455e-5 0.0058979265 0.0 0.0
4.47235e-5 -3.69455e-5 0.0008182834 0.0 0.0
4.6668e-5 -3.69455e-5 5.95323e-5 0.0 0.0
4.86125e-5 -3.69455e-5 0.0001458717 0.0 0.0
5.0557e-5 -3.69455e-5 0.0006971052 0.0 0.0
5.25015e-5 -3.69455e-5 0.0007744944 0.0 0.0
5.4446e-5 -3.69455e-5 0.0006450613 0.0 0.0
5.63905e-5 -3.69455e-5 0.0003477919 0.0 0.0
5.8335e-5 -3.69455e-5 0.0004614037 0.0 0.0
6.02795e-5 -3.69455e-5 0.0004345799 0.0 0.0
6.2224e-5 -3.69455e-5 0.0003443267 0.0 0.0
6.41685e-5 -3.69455e-5 0.0002361811 0.0 0.0
6.6113e-5 -3.69455e-5 0.000336584 0.0 0.0
6.80575e-5 -3.69455e-5 0.0004505869 0.0 0.0
7.0002e-5 -3.69455e-5 0.0005764216 0.0 0.0
7.19465e-5 -3.69455e-5 0.0003679787 0.0 0.0
7.3891e-5 -3.69455e-5 0.0001523341 0.0 0.0
7.58355e-5 -3.69455e-5 0.0001109555 0.0 0.0
7.778e-5 -3.69455e-5 0.0002491541 0.0 0.0
7.97245e-5 -3.69455e-5 0.0001559109 0.0 0.0
8.1669e-5 -3.69455e-5 0.0002021521 0.0 0.0
8.36136e-5 -3.69455e-5 0.0001851305 0.0 0.0
8.55581e-5 -3.69455e-5 0.0001568143 0.0 0.0
8.75026e-5 -3.69455e-5 0.0001402858 0.0 0.0
8.94471e-5 -3.69455e-5 0.0001273628 0.0 0.0
9.13916e-5 -3.69455e-5 0.0001387133 0.0 0.0
9.33361e-5 -3.69455e-5 0.0001215324 0.0 0.0
9.52806e-5 -3.69455e-5 6.75745e-5 0.0 0.0
-9.72251e-5 -3.5001e-5 2.63e-7 0.0 0.0
-9.52806e-5 -3.5001e-5 2.28907e-5 0.0 0.0
-9.33361e-5 -3.5001e-5 5.54e-8 0.0 0.0
-9.13916e-5 -3.5001e-5 4.4542e-6 0.0 0.0
-8.94471e-5 -3.5001e-5 7.19147e-5 0.0 0.0
-8.75026e-5 -3.5001e-5 4.95e-8 0.0 0.0
-8.55581e-5 -3.5001e-5 7.18793e-5 0.0 0.0
-8.36136e-5 -3.5001e-5 2.1805e-6 0.0 0.0
-8.1669e-5 -3.5001e-5 0.0001074352 0.0 0.0
-7.97245e-5 -3.5001e-5 1.1683e-6 0.0 0.0
-7.778e-5 -3.5001e-5 5.13289e-5 0.0 0.0
-7.58355e-5 -3.5001e-5 8.3682e-6 0.0 0.0
-7.3891e-5 -3.5001e-5 0.0003088755 0.0 0.0
-7.19465e-5 -3.5001e-5 2.19275e-5 0.0 0.0
-7.0002e-5 -3.5001e-5 0.0006402578 0.0 0.0
-6.80575e-5 -3.5001e-5 0.0001886417 0.0 0.0
-6.6113e-5 -3.5001e-5 0.0013540667 0.0 0.0
-6.41685e-5 -3.5001e-5 0.0013925215 0.0 0.0
-6.2224e-5 -3.5001e-5 0.0009910643 0.0 0.0
-6.02795e-5 -3.5001e-5 0.0024174572 0.0 0.0
-5.8335e-5 -3.5001e-5 0.0019510659 0.0 0.0
-5.63905e-5 -3.5001e-5 0.00125501 0.0 0.0
-5.4446e-5 -3.5001e-5 0.0033416033 0.0 0.0
-5.25015e-5 -3.5001e-5 0.0058751267 0.0 0.0
-5.0557e-5 -3.5001e-5 0.0035803219 0.0 0.0
-4.86125e-5 -3.5001e-5 0.0082061558 0.0 0.0
-4.6668e-5 -3.5001e-5 0.0096120162 0.0 0.0
-4.47235e-5 -3.5001e-5 0.0076838917 0.0 0.0
-4.2779e-5 -3.5001e-5 0.006970897 0.0 0.0
-4.08345e-5 -3.5001e-5 0.0063964083 0.0 0.0
-3.889e-5 -3.5001e-5 0.0073493961 0.0 0.0
-3.69455e-5 -3.5001e-5 0.0110338799 0.0 0.0
-3.5001e-5 -3.5001e-5 0.0104040271 0.0 0.0
-3.30565e-5 -3.5001e-5 0.0074399168 0.0 0.0
-3.1112e-5 -3.5001e-5 0.0161128485 0.0 0.0
-2.91675e-5 -3.5001e-5 0.0134730025 0.0 0.0
-2.7223e-5 -3.5001e-5 0.0131572586 0.0 0.0
-2.52785e-5 -3.5001e-5 0.0108482008 0.0 0.0
-2.3334e-5 -3.5001e-5 0.0073369416 0.0 0.0
-2.13895e-5 -3.5001e-5 0.0119668199 0.0 0.0
-1.9445e-5 -3.5001e-5 0.0071149806 0.0 0.0
-1.75005e-5 -3.5001e-5 0.0106810219 0.0 0.0
-1.5556e-5 -3.5001e-5 0.0131569463 0.0 0.0
-1.36115e-5 -3.5001e-5 0.0074961577 0.0 0.0
-1.1667e-5 -3.5001e-5 0.0199103756 0.0 0.0
-9.7225e-6 -3.5001e-5 0.0253423391 0.0 0.0
-7.778e-6 -3.5001e-5 0.0220512671 0.0 0.0
-5.8335e-6 -3.5001e-5 0.0140287722 0.0 0.0
-3.889e-6 -3.5001e-5 0.0112762219 0.0 0.0
-1.9445e-6 -3.5001e-5 0.0209948566 0.0 0.0
0.0 -3.5001e-5 0.0313654645 0.0 0.0
1.9445e-6 -3.5001e-5 0.1046613551 0.0 0.0
3.889e-6 -3.5001e-5 0.032144767 0.0 0.0
5.8335e-6 -3.5001e-5 0.0360908632 0.0 0.0
7.778e-6 -3.5001e-5 0.0572714976 0.0 0.0
9.7225e-6 -3.5001e-5 0.1129536652 0.0 0.0
1.1667e-5 -3.5001e-5 0.0640758317 0.0 0.0
1.36115e-5 -3.5001e-5 0.0977776024 0.0 0.0
1.5556e-5 -3.5001e-5 0.0725818401 0.0 0.0
1.75005e-5 -3.5001e-5 0.086216301 0.0 0.0
1.9445e-5 -3.5001e-5 0.1106217393 0.0 0.0
2.13895e-5 -3.5001e-5 0.0795371687 0.0 0.0
2.3334e-5 -3.5001e-5 0.1237126704 0.0 0.0
2.52785e-5 -3.5001e-5 0.0721975759 0.0 0.0
2.7223e-5 -3.5001e-5 0.0315121383 0.0 0.0
2.91675e-5 -3.5001e-5 0.0215532305 0.0 0.0
3.1112e-5 -3.5001e-5 0.0225104737 0.0 0.0
3.30565e-5 -3.5001e-5 0.0172347483 0.0 0.0
3.5001e-5 -3.5001e-5 0.0094303153 0.0 0.0
3.69455e-5 -3.5001e-5 0.0045789082 0.0 0.0
3.889e-5 -3.5001e-5 0.0048601115 0.0 0.0
4.08345e-5 -3.5001e-5 0.0028950238 0.0 0.0
4.2779e-5 -3.5001e-5 0.0050193986 0.0 0.0
4.47235e-5 -3.5001e-5 0.0026311627 0.0 0.0
4.6668e-5 -3.5001e-5 0.0009234703 0.0 0.0
4.86125e-5 -3.5001e-5 6.08425e-5 0.0 0.0
5.0557e-5 -3.5001e-5 0.0001030029 0.0 0.0
5.25015e-5 -3.5001e-5 0.0008181864 0.0 0.0
5.4446e-5 -3.5001e-5 0.0005813732 0.0 0.0
5.63905e-5 -3.5001e-5 0.000445106 0.0 0.0
5.8335e-5 -3.5001e-5 0.0005168613 0.0 0.0
6.02795e-5 -3.5001e-5 0.0005811912 0.0 0.0
6.2224e-5 -3.5001e-5 0.0004490119 0.0 0.0
6.41685e-5 -3.5001e-5 0.0002527675 0.0 0.0
6.6113e-5 -3.5001e-5 0.0002946123 0.0 0.0
6.80575e-5 -3.5001e-5 0.0004189946 0.0 0.0
7.0002e-5 -3.5001e-5 0.0006624624 0.0 0.0
7.19465e-5 -3.5001e-5 0.0005212317 0.0 0.0
7.3891e-5 -3.5001e-5 0.0003177339 0.0 0.0
7.58355e-5 -3.5001e-5 7.4438e-5 0.0 0.0
7.778e-5 -3.5001e-5 0.0002037622 0.0 0.0
7.97245e-5 -3.5001e-5 0.0001183057 0.0 0.0
8.1669e-5 -3.5001e-5 0.0001797763 0.0 0.0
8.36136e-5 -3.5001e-5 0.000172055 0.0 0.0
8.55581e-5 -3.5001e-5 0.0001702433 0.0 0.0
8.75026e-5 -3.5001e-5 0.0001414398 0.0 0.0
8.94471e-5 -3.5001e-5 0.0001183444 0.0 0.0
9.13916e-5 -3.5001e-5 0.0001166829 0.0 0.0
9.33361e-5 -3.5001e-5 9.94256e-5 0.0 0.0
9.52806e-5 -3.5001e-5 8.04643e-5 0.0 0.0
-9.72251e-5 -3.30565e-5 0.0004073872 0.0 0.0
-9.52806e-5 -3.30565e-5 1.0149e-6 0.0 0.0
-9.33361e-5 -3.30565e-5 1.52168e-5 0.0 0.0
-9.13916e-5 -3.30565e-5 2.37e-8 0.0 0.0
-8.94471e-5 -3.30565e-5 1.7149e-6 0.0 0.0
-8.75026e-5 -3.30565e-5 0.00024911 0.0 0.0
-8.55581e-5 -3.30565e-5 2.10714e-5 0.0 0.0
-8.36136e-5 -3.30565e-5 5.319e-7 0.0 0.0
-8.1669e-5 -3.30565e-5 6.41608e-5 0.0 0.0
-7.97245e-5 -3.30565e-5 2.102e-6 0.0 0.0
-7.778e-5 -3.30565e-5 0.0002322098 0.0 0.0
-7.58355e-5 -3.30565e-5 4.40743e-5 0.0 0.0
-7.3891e-5 -3.30565e-5 0.0006703734 0.0 0.0
-7.19465e-5 -3.30565e-5 0.0002547208 0.0 0.0
-7.0002e-5 -3.30565e-5 0.0001615971 0.0 0.0
-6.80575e-5 -3.30565e-5 0.0010280808 0.0 0.0
-6.6113e-5 -3.30565e-5 0.0012607471 0.0 0.0
-6.41685e-5 -3.30565e-5 0.0010046262 0.0 0.0
-6.2224e-5 -3.30565e-5 0.0027099505 0.0 0.0
-6.02795e-5 -3.30565e-5 0.0021753975 0.0 0.0
-5.8335e-5 -3.30565e-5 0.0010059693 0.0 0.0
-5.63905e-5 -3.30565e-5 0.0033530344 0.0 0.0
-5.4446e-5 -3.30565e-5 0.0026026931 0.0 0.0
-5.25015e-5 -3.30565e-5 0.0042722858 0.0 0.0
-5.0557e-5 -3.30565e-5 0.0071123098 0.0 0.0
-4.86125e-5 -3.30565e-5 0.0049943047 0.0 0.0
-4.6668e-5 -3.30565e-5 0.0085191623 0.0 0.0
-4.47235e-5 -3.30565e-5 0.0107447323 0.0 0.0
-4.2779e-5 -3.30565e-5 0.010237341 0.0 0.0
-4.08345e-5 -3.30565e-5 0.0136565743 0.0 0.0
-3.889e-5 -3.30565e-5 0.0195915307 0.0 0.0
-3.69455e-5 -3.30565e-5 0.0190767601 0.0 0.0
-3.5001e-5 -3.30565e-5 0.0160936361 0.0 0.0
-3.30565e-5 -3.30565e-5 0.0219652338 0.0 0.0
-3.1112e-5 -3.30565e-5 0.0141949598 0.0 0.0
-2.91675e-5 -3.30565e-5 0.0095049595 0.0 0.0
-2.7223e-5 -3.30565e-5 0.0135162877 0.0 0.0
-2.52785e-5 -3.30565e-5 0.0188091231 0.0 0.0
-2.3334e-5 -3.30565e-5 0.0183307527 0.0 0.0
-2.13895e-5 -3.30565e-5 0.0145402132 0.0 0.0
-1.9445e-5 -3.30565e-5 0.0111621944 0.0 0.0
-1.75005e-5 -3.30565e-5 0.0166313098 0.0 0.0
-1.5556e-5 -3.30565e-5 0.022737954 0.0 0.0
-1.36115e-5 -3.30565e-5 0.0090454631 0.0 0.0
-1.1667e-5 -3.30565e-5 0.010133794 0.0 0.0
-9.7225e-6 -3.30565e-5 0.0213829263 0.0 0.0
-7.778e-6 -3.30565e-5 0.01964566 0.0 0.0
-5.8335e-6 -3.30565e-5 0.0183636016 0.0 0.0
-3.889e-6 -3.30565e-5 0.0127655772 0.0 0.0
-1.9445e-6 -3.30565e-5 0.0132128339 0.0 0.0
0.0 -3.30565e-5 0.0128521851 0.0 0.0
1.9445e-6 -3.30565e-5 0.0192931014 0.0 0.0
3.889e-6 -3.30565e-5 0.0604757995 0.0 0.0
5.8335e-6 -3.30565e-5 0.0396546658 0.0 0.0
7.778e-6 -3.30565e-5 0.0402914738 0.0 0.0
9.7225e-6 -3.30565e-5 0.0889086894 0.0 0.0
1.1667e-5 -3.30565e-5 0.0954483354 0.0 0.0
1.36115e-5 -3.30565e-5 0.0691458184 0.0 0.0
1.5556e-5 -3.30565e-5 0.0912732958 0.0 0.0
1.75005e-5 -3.30565e-5 0.0823196165 0.0 0.0
1.9445e-5 -3.30565e-5 0.0766365309 0.0 0.0
2.13895e-5 -3.30565e-5 0.1422911107 0.0 0.0
2.3334e-5 -3.30565e-5 0.1550250421 0.0 0.0
2.52785e-5 -3.30565e-5 0.11824007 0.0 0.0
2.7223e-5 -3.30565e-5 0.0506753975 0.0 0.0
2.91675e-5 -3.30565e-5 0.0269524192 0.0 0.0
3.1112e-5 -3.30565e-5 0.0176479649 0.0 0.0
3.30565e-5 -3.30565e-5 0.018534362 0.0 0.0
3.5001e-5 -3.30565e-5 0.015380151 0.0 0.0
3.69455e-5 -3.30565e-5 0.0045588224 0.0 0.0
3.889e-5 -3.30565e-5 0.0031604152 0.0 0.0
4.08345e-5 -3.30565e-5 0.0046237281 0.0 0.0
4.2779e-5 -3.30565e-5 0.0031643755 0.0 0.0
4.47235e-5 -3.30565e-5 0.0031433486 0.0 0.0
4.6668e-5 -3.30565e-5 0.001032817 0.0 0.0
4.86125e-5 -3.30565e-5 0.0008735544 0.0 0.0
5.0557e-5 -3.30565e-5 0.0007203764 0.0 0.0
5.25015e-5 -3.30565e-5 0.0007492136 0.0 0.0
5.4446e-5 -3.30565e-5 0.0006463961 0.0 0.0
5.63905e-5 -3.30565e-5 0.0004216471 0.0 0.0
5.8335e-5 -3.30565e-5 0.0006368811 0.0 0.0
6.02795e-5 -3.30565e-5 0.000625354 0.0 0.0
6.2224e-5 -3.30565e-5 0.0005130997 0.0 0.0
6.41685e-5 -3.30565e-5 0.000283148 0.0 0.0
6.6113e-5 -3.30565e-5 0.0002717068 0.0 0.0
6.80575e-5 -3.30565e-5 0.0004669153 0.0 0.0
7.0002e-5 -3.30565e-5 0.0006078261 0.0 0.0
7.19465e-5 -3.30565e-5 0.0006853827 0.0 0.0
7.3891e-5 -3.30565e-5 0.0003201753 0.0 0.0
7.58355e-5 -3.30565e-5 0.0002466555 0.0 0.0
7.778e-5 -3.30565e-5 0.0001366026 0.0 0.0
7.97245e-5 -3.30565e-5 8.91488e-5 0.0 0.0
8.1669e-5 -3.30565e-5 0.0001649763 0.0 0.0
8.36136e-5 -3.30565e-5 0.000186874 0.0 0.0
8.55581e-5 -3.30565e-5 0.0001708431 0.0 0.0
8.75026e-5 -3.30565e-5 0.0001304948 0.0 0.0
8.94471e-5 -3.30565e-5 0.000125406 0.0 0.0
9.13916e-5 -3.30565e-5 0.000107023 0.0 0.0
9.33361e-5 -3.30565e-5 0.0001092119 0.0 0.0
9.52806e-5 -3.30565e-5 9.35178e-5 0.0 0.0
-9.72251e-5 -3.1112e-5 4.82e-7 0.0 0.0
-9.52806e-5 -3.1112e-5 2.0723e-6 0.0 0.0
-9.33361e-5 -3.1112e-5 0.0001371045 0.0 0.0
-9.13916e-5 -3.1112e-5 7.85e-8 0.0 0.0
-8.94471e-5 -3.1112e-5 7.07827e-5 0.0 0.0
-8.75026e-5 -3.1112e-5 6.793e-7 0.0 0.0
-8.55581e-5 -3.1112e-5 6.76923e-5 0.0 0.0
-8.36136e-5 -3.1112e-5 1.24061e-5 0.0 0.0
-8.1669e-5 -3.1112e-5 4.4827e-6 0.0 0.0
-7.97245e-5 -3.1112e-5 8.14433e-5 0.0 0.0
-7.778e-5 -3.1112e-5 4.74467e-5 0.0 0.0
-7.58355e-5 -3.1112e-5 0.0005376247 0.0 0.0
-7.3891e-5 -3.1112e-5 0.0003259265 0.0 0.0
-7.19465e-5 -3.1112e-5 0.001277338 0.0 0.0
-7.0002e-5 -3.1112e-5 0.0012993522 0.0 0.0
-6.80575e-5 -3.1112e-5 0.0012668712 0.0 0.0
-6.6113e-5 -3.1112e-5 0.0015200302 0.0 0.0
-6.41685e-5 -3.1112e-5 0.0011407566 0.0 0.0
-6.2224e-5 -3.1112e-5 0.0011182219 0.0 0.0
-6.02795e-5 -3.1112e-5 0.0025991513 0.0 0.0
-5.8335e-5 -3.1112e-5 0.0022283355 0.0 0.0
-5.63905e-5 -3.1112e-5 0.0036189217 0.0 0.0
-5.4446e-5 -3.1112e-5 0.0060059234 0.0 0.0
-5.25015e-5 -3.1112e-5 0.0043940418 0.0 0.0
-5.0557e-5 -3.1112e-5 0.0069259063 0.0 0.0
-4.86125e-5 -3.1112e-5 0.0104227339 0.0 0.0
-4.6668e-5 -3.1112e-5 0.0141357866 0.0 0.0
-4.47235e-5 -3.1112e-5 0.017716766 0.0 0.0
-4.2779e-5 -3.1112e-5 0.018577663 0.0 0.0
-4.08345e-5 -3.1112e-5 0.0294132379 0.0 0.0
-3.889e-5 -3.1112e-5 0.0431321541 0.0 0.0
-3.69455e-5 -3.1112e-5 0.0418779606 0.0 0.0
-3.5001e-5 -3.1112e-5 0.0389624328 0.0 0.0
-3.30565e-5 -3.1112e-5 0.0303366972 0.0 0.0
-3.1112e-5 -3.1112e-5 0.0222166072 0.0 0.0
-2.91675e-5 -3.1112e-5 0.018675003 0.0 0.0
-2.7223e-5 -3.1112e-5 0.0186485037 0.0 0.0
-2.52785e-5 -3.1112e-5 0.0252050536 0.0 0.0
-2.3334e-5 -3.1112e-5 0.0254540146 0.0 0.0
-2.13895e-5 -3.1112e-5 0.0267511606 0.0 0.0
-1.9445e-5 -3.1112e-5 0.0307197674 0.0 0.0
-1.75005e-5 -3.1112e-5 0.0371217954 0.0 0.0
-1.5556e-5 -3.1112e-5 0.0287804937 0.0 0.0
-1.36115e-5 -3.1112e-5 0.0221214683 0.0 0.0
-1.1667e-5 -3.1112e-5 0.011485527 0.0 0.0
-9.7225e-6 -3.1112e-5 0.0004802045 0.0 0.0
-7.778e-6 -3.1112e-5 0.0016463397 0.0 0.0
-5.8335e-6 -3.1112e-5 0.0201573832 0.0 0.0
-3.889e-6 -3.1112e-5 0.0156653956 0.0 0.0
-1.9445e-6 -3.1112e-5 0.0062296938 0.0 0.0
0.0 -3.1112e-5 0.0067860144 0.0 0.0
1.9445e-6 -3.1112e-5 0.0076225915 0.0 0.0
3.889e-6 -3.1112e-5 0.15445712 0.0 0.0
5.8335e-6 -3.1112e-5 0.0574925295 0.0 0.0
7.778e-6 -3.1112e-5 0.0524967575 0.0 0.0
9.7225e-6 -3.1112e-5 0.0486000811 0.0 0.0
1.1667e-5 -3.1112e-5 0.1522770083 0.0 0.0
1.36115e-5 -3.1112e-5 0.0970523057 0.0 0.0
1.5556e-5 -3.1112e-5 0.0832638207 0.0 0.0
1.75005e-5 -3.1112e-5 0.0830408642 0.0 0.0
1.9445e-5 -3.1112e-5 0.1151563768 0.0 0.0
2.13895e-5 -3.1112e-5 0.0952478577 0.0 0.0
2.3334e-5 -3.1112e-5 0.1069919079 0.0 0.0
2.52785e-5 -3.1112e-5 0.1379874705 0.0 0.0
2.7223e-5 -3.1112e-5 0.0824266328 0.0 0.0
2.91675e-5 -3.1112e-5 0.0324523465 0.0 0.0
3.1112e-5 -3.1112e-5 0.0228334889 0.0 0.0
3.30565e-5 -3.1112e-5 0.0180270634 0.0 0.0
3.5001e-5 -3.1112e-5 0.0126633331 0.0 0.0
3.69455e-5 -3.1112e-5 0.0061521805 0.0 0.0
3.889e-5 -3.1112e-5 0.0046351645 0.0 0.0
4.08345e-5 -3.1112e-5 0.0044089677 0.0 0.0
4.2779e-5 -3.1112e-5 0.004409345 0.0 0.0
4.47235e-5 -3.1112e-5 0.0044417244 0.0 0.0
4.6668e-5 -3.1112e-5 0.0003400097 0.0 0.0
4.86125e-5 -3.1112e-5 0.0006617026 0.0 0.0
5.0557e-5 -3.1112e-5 0.0008320035 0.0 0.0
5.25015e-5 -3.1112e-5 0.0007721352 0.0 0.0
5.4446e-5 -3.1112e-5 0.0005585316 0.0 0.0
5.63905e-5 -3.1112e-5 0.0004184298 0.0 0.0
5.8335e-5 -3.1112e-5 0.0003150529 0.0 0.0
6.02795e-5 -3.1112e-5 0.0003497721 0.0 0.0
6.2224e-5 -3.1112e-5 0.0003954012 0.0 0.0
6.41685e-5 -3.1112e-5 0.0003410975 0.0 0.0
6.6113e-5 -3.1112e-5 0.0002630884 0.0 0.0
6.80575e-5 -3.1112e-5 0.0004131772 0.0 0.0
7.0002e-5 -3.1112e-5 0.0007034969 0.0 0.0
7.19465e-5 -3.1112e-5 0.0008321843 0.0 0.0
7.3891e-5 -3.1112e-5 0.0002036395 0.0 0.0
7.58355e-5 -3.1112e-5 0.0001738392 0.0 0.0
7.778e-5 -3.1112e-5 0.0001876195 0.0 0.0
7.97245e-5 -3.1112e-5 0.000277703 0.0 0.0
8.1669e-5 -3.1112e-5 0.0001455765 0.0 0.0
8.36136e-5 -3.1112e-5 0.0001819386 0.0 0.0
8.55581e-5 -3.1112e-5 0.0001519033 0.0 0.0
8.75026e-5 -3.1112e-5 0.0001263423 0.0 0.0
8.94471e-5 -3.1112e-5 0.000111849 0.0 0.0
9.13916e-5 -3.1112e-5 0.0001015424 0.0 0.0
9.33361e-5 -3.1112e-5 0.0001036967 0.0 0.0
9.52806e-5 -3.1112e-5 8.13472e-5 0.0 0.0
-9.72251e-5 -2.91675e-5 1.9e-9 0.0 0.0
-9.52806e-5 -2.91675e-5 8.3e-9 0.0 0.0
-9.33361e-5 -2.91675e-5 7.063e-6 0.0 0.0
-9.13916e-5 -2.91675e-5 0.0001351037 0.0 0.0
-8.94471e-5 -2.91675e-5 1.20148e-5 0.0 0.0
-8.75026e-5 -2.91675e-5 1.022e-6 0.0 0.0
-8.55581e-5 -2.91675e-5 6.01144e-5 0.0 0.0
-8.36136e-5 -2.91675e-5 1.95692e-5 0.0 0.0
-8.1669e-5 -2.91675e-5 0.0002300074 0.0 0.0
-7.97245e-5 -2.91675e-5 0.0001549197 0.0 0.0
-7.778e-5 -2.91675e-5 0.0002426692 0.0 0.0
-7.58355e-5 -2.91675e-5 0.0009683075 0.0 0.0
-7.3891e-5 -2.91675e-5 0.0011509312 0.0 0.0
-7.19465e-5 -2.91675e-5 0.0013940009 0.0 0.0
-7.0002e-5 -2.91675e-5 0.0032030607 0.0 0.0
-6.80575e-5 -2.91675e-5 0.003466087 0.0 0.0
-6.6113e-5 -2.91675e-5 0.003337694 0.0 0.0
-6.41685e-5 -2.91675e-5 0.0031202106 0.0 0.0
-6.2224e-5 -2.91675e-5 0.0027428594 0.0 0.0
-6.02795e-5 -2.91675e-5 0.005135108 0.0 0.0
-5.8335e-5 -2.91675e-5 0.0032896456 0.0 0.0
-5.63905e-5 -2.91675e-5 0.0047540509 0.0 0.0
-5.4446e-5 -2.91675e-5 0.0024702819 0.0 0.0
-5.25015e-5 -2.91675e-5 0.0046799839 0.0 0.0
-5.0557e-5 -2.91675e-5 0.006732511 0.0 0.0
-4.86125e-5 -2.91675e-5 0.0101724664 0.0 0.0
-4.6668e-5 -2.91675e-5 0.0157890097 0.0 0.0
-4.47235e-5 -2.91675e-5 0.0295559075 0.0 0.0
-4.2779e-5 -2.91675e-5 0.0502693236 0.0 0.0
-4.08345e-5 -2.91675e-5 0.0776950791 0.0 0.0
-3.889e-5 -2.91675e-5 0.0831427372 0.0 0.0
-3.69455e-5 -2.91675e-5 0.0586974246 0.0 0.0
-3.5001e-5 -2.91675e-5 0.0329737304 0.0 0.0
-3.30565e-5 -2.91675e-5 0.0179924848 0.0 0.0
-3.1112e-5 -2.91675e-5 0.0179909406 0.0 0.0
-2.91675e-5 -2.91675e-5 0.0184359866 0.0 0.0
-2.7223e-5 -2.91675e-5 0.0274716141 0.0 0.0
-2.52785e-5 -2.91675e-5 0.0229573081 0.0 0.0
-2.3334e-5 -2.91675e-5 0.0394127207 0.0 0.0
-2.13895e-5 -2.91675e-5 0.0483490898 0.0 0.0
-1.9445e-5 -2.91675e-5 0.0611810494 0.0 0.0
-1.75005e-5 -2.91675e-5 0.0547394858 0.0 0.0
-1.5556e-5 -2.91675e-5 0.0345615074 0.0 0.0
-1.36115e-5 -2.91675e-5 0.0201223357 0.0 0.0
-1.1667e-5 -2.91675e-5 0.021618841 0.0 0.0
-9.7225e-6 -2.91675e-5 0.000247254 0.0 0.0
-7.778e-6 -2.91675e-5 0.0053726394 0.0 0.0
-5.8335e-6 -2.91675e-5 0.0067034481 0.0 0.0
-3.889e-6 -2.91675e-5 0.029903894 0.0 0.0
-1.9445e-6 -2.91675e-5 0.0083930145 0.0 0.0
0.0 -2.91675e-5 0.0350468699 0.0 0.0
1.9445e-6 -2.91675e-5 0.0144818769 0.0 0.0
3.889e-6 -2.91675e-5 0.0449959012 0.0 0.0
5.8335e-6 -2.91675e-5 0.1198283316 0.0 0.0
7.778e-6 -2.91675e-5 0.0650683746 0.0 0.0
9.7225e-6 -2.91675e-5 0.0630710134 0.0 0.0
1.1667e-5 -2.91675e-5 0.0884810095 0.0 0.0
1.36115e-5 -2.91675e-5 0.1844652229 0.0 0.0
1.5556e-5 -2.91675e-5 0.0811902993 0.0 0.0
1.75005e-5 -2.91675e-5 0.0921506736 0.0 0.0
1.9445e-5 -2.91675e-5 0.1220366841 0.0 0.0
2.13895e-5 -2.91675e-5 0.0984124978 0.0 0.0
2.3334e-5 -2.91675e-5 0.1949947871 0.0 0.0
2.52785e-5 -2.91675e-5 0.1863312671 0.0 0.0
2.7223e-5 -2.91675e-5 0.1196522791 0.0 0.0
2.91675e-5 -2.91675e-5 0.0407183858 0.0 0.0
3.1112e-5 -2.91675e-5 0.0211171944 0.0 0.0
3.30565e-5 -2.91675e-5 0.0135953027 0.0 0.0
3.5001e-5 -2.91675e-5 0.0120851932 0.0 0.0
3.69455e-5 -2.91675e-5 0.0057107288 0.0 0.0
3.889e-5 -2.91675e-5 0.0036506358 0.0 0.0
4.08345e-5 -2.91675e-5 0.0049662566 0.0 0.0
4.2779e-5 -2.91675e-5 0.0027272493 0.0 0.0
4.47235e-5 -2.91675e-5 0.0075138407 0.0 0.0
4.6668e-5 -2.91675e-5 0.0004057967 0.0 0.0
4.86125e-5 -2.91675e-5 0.0001797562 0.0 0.0
5.0557e-5 -2.91675e-5 0.0002830615 0.0 0.0
5.25015e-5 -2.91675e-5 0.0004325201 0.0 0.0
5.4446e-5 -2.91675e-5 0.0005277542 0.0 0.0
5.63905e-5 -2.91675e-5 0.0004101507 0.0 0.0
5.8335e-5 -2.91675e-5 0.000788814 0.0 0.0
6.02795e-5 -2.91675e-5 0.0004404896 0.0 0.0
6.2224e-5 -2.91675e-5 0.0003996076 0.0 0.0
6.41685e-5 -2.91675e-5 0.0003757113 0.0 0.0
6.6113e-5 -2.91675e-5 0.0003444072 0.0 0.0
6.80575e-5 -2.91675e-5 0.0004560337 0.0 0.0
7.0002e-5 -2.91675e-5 0.0006755316 0.0 0.0
7.19465e-5 -2.91675e-5 0.0008187406 0.0 0.0
7.3891e-5 -2.91675e-5 0.0004269788 0.0 0.0
7.58355e-5 -2.91675e-5 0.0001370397 0.0 0.0
7.778e-5 -2.91675e-5 8.51765e-5 0.0 0.0
7.97245e-5 -2.91675e-5 0.0002496366 0.0 0.0
8.1669e-5 -2.91675e-5 0.0001152966 0.0 0.0
8.36136e-5 -2.91675e-5 0.0001754388 0.0 0.0
8.55581e-5 -2.91675e-5 0.0001444039 0.0 0.0
8.75026e-5 -2.91675e-5 0.0001180903 0.0 0.0
8.94471e-5 -2.91675e-5 0.0001010143 0.0 0.0
9.13916e-5 -2.91675e-5 9.2768e-5 0.0 0.0
9.33361e-5 -2.91675e-5 9.88898e-5 0.0 0.0
9.52806e-5 -2.91675e-5 8.81246e-5 0.0 0.0
-9.72251e-5 -2.7223e-5 2.3699e-6 0.0 0.0
-9.52806e-5 -2.7223e-5 3.05704e-5 0.0 0.0
-9.33361e-5 -2.7223e-5 0.0002565446 0.0 0.0
-9.13916e-5 -2.7223e-5 4.9186e-6 0.0 0.0
-8.94471e-5 -2.7223e-5 0.0001041801 0.0 0.0
-8.75026e-5 -2.7223e-5 2.53891e-5 0.0 0.0
-8.55581e-5 -2.7223e-5 2.31008e-5 0.0 0.0
-8.36136e-5 -2.7223e-5 0.0002160869 0.0 0.0
-8.1669e-5 -2.7223e-5 0.0001857897 0.0 0.0
-7.97245e-5 -2.7223e-5 0.0008585804 0.0 0.0
-7.778e-5 -2.7223e-5 0.0010558334 0.0 0.0
-7.58355e-5 -2.7223e-5 0.0013968093 0.0 0.0
-7.3891e-5 -2.7223e-5 0.0021116096 0.0 0.0
-7.19465e-5 -2.7223e-5 0.0039450548 0.0 0.0
-7.0002e-5 -2.7223e-5 0.0041256606 0.0 0.0
-6.80575e-5 -2.7223e-5 0.0026620078 0.0 0.0
-6.6113e-5 -2.7223e-5 0.0029187106 0.0 0.0
-6.41685e-5 -2.7223e-5 0.0060225867 0.0 0.0
-6.2224e-5 -2.7223e-5 0.0044853131 0.0 0.0
-6.02795e-5 -2.7223e-5 0.0055503483 0.0 0.0
-5.8335e-5 -2.7223e-5 0.0044431651 0.0 0.0
-5.63905e-5 -2.7223e-5 0.0060806552 0.0 0.0
-5.4446e-5 -2.7223e-5 0.0080425951 0.0 0.0
-5.25015e-5 -2.7223e-5 0.0107866349 0.0 0.0
-5.0557e-5 -2.7223e-5 0.0133031792 0.0 0.0
-4.86125e-5 -2.7223e-5 0.017003301 0.0 0.0
-4.6668e-5 -2.7223e-5 0.0332207956 0.0 0.0
-4.47235e-5 -2.7223e-5 0.055988096 0.0 0.0
-4.2779e-5 -2.7223e-5 0.0758158582 0.0 0.0
-4.08345e-5 -2.7223e-5 0.0700964663 0.0 0.0
-3.889e-5 -2.7223e-5 0.0384975034 0.0 0.0
-3.69455e-5 -2.7223e-5 0.0214390358 0.0 0.0
-3.5001e-5 -2.7223e-5 0.0175993792 0.0 0.0
-3.30565e-5 -2.7223e-5 0.0198329463 0.0 0.0
-3.1112e-5 -2.7223e-5 0.0220568856 0.0 0.0
-2.91675e-5 -2.7223e-5 0.0236747513 0.0 0.0
-2.7223e-5 -2.7223e-5 0.0303246001 0.0 0.0
-2.52785e-5 -2.7223e-5 0.0669940408 0.0 0.0
-2.3334e-5 -2.7223e-5 0.0896850263 0.0 0.0
-2.13895e-5 -2.7223e-5 0.1235285994 0.0 0.0
-1.9445e-5 -2.7223e-5 0.1046814385 0.0 0.0
-1.75005e-5 -2.7223e-5 0.0849916921 0.0 0.0
-1.5556e-5 -2.7223e-5 0.0515151867 0.0 0.0
-1.36115e-5 -2.7223e-5 0.0887120352 0.0 0.0
-1.1667e-5 -2.7223e-5 0.0968421024 0.0 0.0
-9.7225e-6 -2.7223e-5 0.0541151587 0.0 0.0
-7.778e-6 -2.7223e-5 0.0289762209 0.0 0.0
-5.8335e-6 -2.7223e-5 0.0106886853 0.0 0.0
-3.889e-6 -2.7223e-5 0.0184558629 0.0 0.0
-1.9445e-6 -2.7223e-5 0.0260055985 0.0 0.0
0.0 -2.7223e-5 0.0464794382 0.0 0.0
1.9445e-6 -2.7223e-5 0.0625764953 0.0 0.0
3.889e-6 -2.7223e-5 0.0725464778 0.0 0.0
5.8335e-6 -2.7223e-5 0.0908999303 0.0 0.0
7.778e-6 -2.7223e-5 0.1494327737 0.0 0.0
9.7225e-6 -2.7223e-5 0.0562073145 0.0 0.0
1.1667e-5 -2.7223e-5 0.0477696851 0.0 0.0
1.36115e-5 -2.7223e-5 0.1972716011 0.0 0.0
1.5556e-5 -2.7223e-5 0.1528942342 0.0 0.0
1.75005e-5 -2.7223e-5 0.0889884315 0.0 0.0
1.9445e-5 -2.7223e-5 0.0789457978 0.0 0.0
2.13895e-5 -2.7223e-5 0.1350119954 0.0 0.0
2.3334e-5 -2.7223e-5 0.0886277645 0.0 0.0
2.52785e-5 -2.7223e-5 0.1082153806 0.0 0.0
2.7223e-5 -2.7223e-5 0.119940691 0.0 0.0
2.91675e-5 -2.7223e-5 0.0588433191 0.0 0.0
3.1112e-5 -2.7223e-5 0.0147028752 0.0 0.0
3.30565e-5 -2.7223e-5 0.0113868372 0.0 0.0
3.5001e-5 -2.7223e-5 0.0085221644 0.0 0.0
3.69455e-5 -2.7223e-5 0.0073441237 0.0 0.0
3.889e-5 -2.7223e-5 0.0040780358 0.0 0.0
4.08345e-5 -2.7223e-5 0.0041464225 0.0 0.0
4.2779e-5 -2.7223e-5 0.0049297173 0.0 0.0
4.47235e-5 -2.7223e-5 0.0094318182 0.0 0.0
4.6668e-5 -2.7223e-5 0.0018939624 0.0 0.0
4.86125e-5 -2.7223e-5 6.12426e-5 0.0 0.0
5.0557e-5 -2.7223e-5 6.45342e-5 0.0 0.0
5.25015e-5 -2.7223e-5 0.0004620323 0.0 0.0
5.4446e-5 -2.7223e-5 0.0003746793 0.0 0.0
5.63905e-5 -2.7223e-5 0.0003312723 0.0 0.0
5.8335e-5 -2.7223e-5 0.0009354355 0.0 0.0
6.02795e-5 -2.7223e-5 0.000503102 0.0 0.0
6.2224e-5 -2.7223e-5 0.0005092334 0.0 0.0
6.41685e-5 -2.7223e-5 0.0003398298 0.0 0.0
6.6113e-5 -2.7223e-5 0.0003741133 0.0 0.0
6.80575e-5 -2.7223e-5 0.0004252716 0.0 0.0
7.0002e-5 -2.7223e-5 0.0006401234 0.0 0.0
7.19465e-5 -2.7223e-5 0.0009510542 0.0 0.0
7.3891e-5 -2.7223e-5 0.0003760806 0.0 0.0
7.58355e-5 -2.7223e-5 6.99722e-5 0.0 0.0
7.778e-5 -2.7223e-5 0.0003035349 0.0 0.0
7.97245e-5 -2.7223e-5 0.0001901459 0.0 0.0
8.1669e-5 -2.7223e-5 9.22471e-5 0.0 0.0
8.36136e-5 -2.7223e-5 0.0001246711 0.0 0.0
8.55581e-5 -2.7223e-5 0.0001240033 0.0 0.0
8.75026e-5 -2.7223e-5 0.0001174911 0.0 0.0
8.94471e-5 -2.7223e-5 9.33456e-5 0.0 0.0
9.13916e-5 -2.7223e-5 7.81233e-5 0.0 0.0
9.33361e-5 -2.7223e-5 0.0001155653 0.0 0.0
9.52806e-5 -2.7223e-5 7.8236e-5 0.0 0.0
-9.72251e-5 -2.52785e-5 9.67e-7 0.0 0.0
-9.52806e-5 -2.52785e-5 6.50956e-5 0.0 0.0
-9.33361e-5 -2.52785e-5 1.921e-7 0.0 0.0
-9.13916e-5 -2.52785e-5 3.85876e-5 0.0 0.0
-8.94471e-5 -2.52785e-5 1.7757e-6 0.0 0.0
-8.75026e-5 -2.52785e-5 7.27182e-5 0.0 0.0
-8.55581e-5 -2.52785e-5 4.96783e-5 0.0 0.0
-8.36136e-5 -2.52785e-5 0.0003281328 0.0 0.0
-8.1669e-5 -2.52785e-5 0.000276833 0.0 0.0
-7.97245e-5 -2.52785e-5 0.0003407463 0.0 0.0
-7.778e-5 -2.52785e-5 0.001139016 0.0 0.0
-7.58355e-5 -2.52785e-5 0.0015807746 0.0 0.0
-7.3891e-5 -2.52785e-5 0.0020587021 0.0 0.0
-7.19465e-5 -2.52785e-5 0.0021081782 0.0 0.0
-7.0002e-5 -2.52785e-5 0.0024776922 0.0 0.0
-6.80575e-5 -2.52785e-5 0.0030816176 0.0 0.0
-6.6113e-5 -2.52785e-5 0.0033317604 0.0 0.0
-6.41685e-5 -2.52785e-5 0.0026350637 0.0 0.0
-6.2224e-5 -2.52785e-5 0.0037053919 0.0 0.0
-6.02795e-5 -2.52785e-5 0.0026870133 0.0 0.0
-5.8335e-5 -2.52785e-5 0.0064021493 0.0 0.0
-5.63905e-5 -2.52785e-5 0.0101947904 0.0 0.0
-5.4446e-5 -2.52785e-5 0.0122231855 0.0 0.0
-5.25015e-5 -2.52785e-5 0.0118510708 0.0 0.0
-5.0557e-5 -2.52785e-5 0.013146791 0.0 0.0
-4.86125e-5 -2.52785e-5 0.0187773513 0.0 0.0
-4.6668e-5 -2.52785e-5 0.0294565291 0.0 0.0
-4.47235e-5 -2.52785e-5 0.0366120015 0.0 0.0
-4.2779e-5 -2.52785e-5 0.0256507488 0.0 0.0
-4.08345e-5 -2.52785e-5 0.0084325553 0.0 0.0
-3.889e-5 -2.52785e-5 0.0084279008 0.0 0.0
-3.69455e-5 -2.52785e-5 0.0138204514 0.0 0.0
-3.5001e-5 -2.52785e-5 0.0165890644 0.0 0.0
-3.30565e-5 -2.52785e-5 0.0263752265 0.0 0.0
-3.1112e-5 -2.52785e-5 0.0298656477 0.0 0.0
-2.91675e-5 -2.52785e-5 0.0346436535 0.0 0.0
-2.7223e-5 -2.52785e-5 0.0855648134 0.0 0.0
-2.52785e-5 -2.52785e-5 0.1466603344 0.0 0.0
-2.3334e-5 -2.52785e-5 0.1720718389 0.0 0.0
-2.13895e-5 -2.52785e-5 0.1790785593 0.0 0.0
-1.9445e-5 -2.52785e-5 0.2029473552 0.0 0.0
-1.75005e-5 -2.52785e-5 0.2104390665 0.0 0.0
-1.5556e-5 -2.52785e-5 0.2253651206 0.0 0.0
-1.36115e-5 -2.52785e-5 0.2697006382 0.0 0.0
-1.1667e-5 -2.52785e-5 0.2509481086 0.0 0.0
-9.7225e-6 -2.52785e-5 0.1952310939 0.0 0.0
-7.778e-6 -2.52785e-5 0.1268014799 0.0 0.0
-5.8335e-6 -2.52785e-5 0.1408535567 0.0 0.0
-3.889e-6 -2.52785e-5 0.0631940763 0.0 0.0
-1.9445e-6 -2.52785e-5 0.0327680512 0.0 0.0
0.0 -2.52785e-5 0.0513767532 0.0 0.0
1.9445e-6 -2.52785e-5 0.0752573391 0.0 0.0
3.889e-6 -2.52785e-5 0.0796391532 0.0 0.0
5.8335e-6 -2.52785e-5 0.0680164772 0.0 0.0
7.778e-6 -2.52785e-5 0.2197294789 0.0 0.0
9.7225e-6 -2.52785e-5 0.0675810599 0.0 0.0
1.1667e-5 -2.52785e-5 0.0681978318 0.0 0.0
1.36115e-5 -2.52785e-5 0.114305046 0.0 0.0
1.5556e-5 -2.52785e-5 0.2647508541 0.0 0.0
1.75005e-5 -2.52785e-5 0.143642986 0.0 0.0
1.9445e-5 -2.52785e-5 0.1253399182 0.0 0.0
2.13895e-5 -2.52785e-5 0.23602569 0.0 0.0
2.3334e-5 -2.52785e-5 0.1016663568 0.0 0.0
2.52785e-5 -2.52785e-5 0.203034215 0.0 0.0
2.7223e-5 -2.52785e-5 0.1107862096 0.0 0.0
2.91675e-5 -2.52785e-5 0.0857416761 0.0 0.0
3.1112e-5 -2.52785e-5 0.0243334116 0.0 0.0
3.30565e-5 -2.52785e-5 0.0124403055 0.0 0.0
3.5001e-5 -2.52785e-5 0.0092463026 0.0 0.0
3.69455e-5 -2.52785e-5 0.0082538887 0.0 0.0
3.889e-5 -2.52785e-5 0.0062222134 0.0 0.0
4.08345e-5 -2.52785e-5 0.0062045761 0.0 0.0
4.2779e-5 -2.52785e-5 0.0046582826 0.0 0.0
4.47235e-5 -2.52785e-5 0.0090143725 0.0 0.0
4.6668e-5 -2.52785e-5 0.0019652245 0.0 0.0
4.86125e-5 -2.52785e-5 0.0008345254 0.0 0.0
5.0557e-5 -2.52785e-5 4.51724e-5 0.0 0.0
5.25015e-5 -2.52785e-5 0.000126896 0.0 0.0
5.4446e-5 -2.52785e-5 0.0001244777 0.0 0.0
5.63905e-5 -2.52785e-5 0.0002114079 0.0 0.0
5.8335e-5 -2.52785e-5 0.0008806588 0.0 0.0
6.02795e-5 -2.52785e-5 0.0005122991 0.0 0.0
6.2224e-5 -2.52785e-5 0.0004701969 0.0 0.0
6.41685e-5 -2.52785e-5 0.0004046831 0.0 0.0
6.6113e-5 -2.52785e-5 0.0003411021 0.0 0.0
6.80575e-5 -2.52785e-5 0.0004046553 0.0 0.0
7.0002e-5 -2.52785e-5 0.0006667972 0.0 0.0
7.19465e-5 -2.52785e-5 0.0009531921 0.0 0.0
7.3891e-5 -2.52785e-5 0.0003490139 0.0 0.0
7.58355e-5 -2.52785e-5 0.0002897068 0.0 0.0
7.778e-5 -2.52785e-5 0.0002100008 0.0 0.0
7.97245e-5 -2.52785e-5 0.0001907335 0.0 0.0
8.1669e-5 -2.52785e-5 5.99476e-5 0.0 0.0
8.36136e-5 -2.52785e-5 0.0001081801 0.0 0.0
8.55581e-5 -2.52785e-5 9.42673e-5 0.0 0.0
8.75026e-5 -2.52785e-5 8.62618e-5 0.0 0.0
8.94471e-5 -2.52785e-5 0.0001559343 0.0 0.0
9.13916e-5 -2.52785e-5 0.0001177206 0.0 0.0
9.33361e-5 -2.52785e-5 0.0001046926 0.0 0.0
9.52806e-5 -2.52785e-5 9.7232e-5 0.0 0.0
-9.72251e-5 -2.3334e-5 5.78e-8 0.0 0.0
-9.52806e-5 -2.3334e-5 7.5958e-6 0.0 0.0
-9.33361e-5 -2.3334e-5 0.0001082683 0.0 0.0
-9.13916e-5 -2.3334e-5 2.0745e-6 0.0 0.0
-8.94471e-5 -2.3334e-5 4.88119e-5 0.0 0.0
-8.75026e-5 -2.3334e-5 9.6441e-6 0.0 0.0
-8.55581e-5 -2.3334e-5 0.0001646259 0.0 0.0
-8.36136e-5 -2.3334e-5 0.0001137893 0.0 0.0
-8.1669e-5 -2.3334e-5 7.54567e-5 0.0 0.0
-7.97245e-5 -2.3334e-5 0.0005286451 0.0 0.0
-7.778e-5 -2.3334e-5 0.0006803785 0.0 0.0
-7.58355e-5 -2.3334e-5 0.0005320887 0.0 0.0
-7.3891e-5 -2.3334e-5 0.0003921939 0.0 0.0
-7.19465e-5 -2.3334e-5 0.0018319128 0.0 0.0
-7.0002e-5 -2.3334e-5 0.0030731649 0.0 0.0
-6.80575e-5 -2.3334e-5 0.0030966579 0.0 0.0
-6.6113e-5 -2.3334e-5 0.0023210807 0.0 0.0
-6.41685e-5 -2.3334e-5 0.0008672938 0.0 0.0
-6.2224e-5 -2.3334e-5 0.001930376 0.0 0.0
-6.02795e-5 -2.3334e-5 0.0011693671 0.0 0.0
-5.8335e-5 -2.3334e-5 0.0039948003 0.0 0.0
-5.63905e-5 -2.3334e-5 0.0042704454 0.0 0.0
-5.4446e-5 -2.3334e-5 0.0057510686 0.0 0.0
-5.25015e-5 -2.3334e-5 0.0062342893 0.0 0.0
-5.0557e-5 -2.3334e-5 0.0073643839 0.0 0.0
-4.86125e-5 -2.3334e-5 0.0100467584 0.0 0.0
-4.6668e-5 -2.3334e-5 0.0174613239 0.0 0.0
-4.47235e-5 -2.3334e-5 0.0239883151 0.0 0.0
-4.2779e-5 -2.3334e-5 0.0150822687 0.0 0.0
-4.08345e-5 -2.3334e-5 0.0091277602 0.0 0.0
-3.889e-5 -2.3334e-5 0.0120144001 0.0 0.0
-3.69455e-5 -2.3334e-5 0.019824355 0.0 0.0
-3.5001e-5 -2.3334e-5 0.0201180285 0.0 0.0
-3.30565e-5 -2.3334e-5 0.0202826311 0.0 0.0
-3.1112e-5 -2.3334e-5 0.0247403924 0.0 0.0
-2.91675e-5 -2.3334e-5 0.0739217054 0.0 0.0
-2.7223e-5 -2.3334e-5 0.1604612624 0.0 0.0
-2.52785e-5 -2.3334e-5 0.1655001281 0.0 0.0
-2.3334e-5 -2.3334e-5 0.1907179006 0.0 0.0
-2.13895e-5 -2.3334e-5 0.2458647998 0.0 0.0
-1.9445e-5 -2.3334e-5 0.2643702133 0.0 0.0
-1.75005e-5 -2.3334e-5 0.2641906423 0.0 0.0
-1.5556e-5 -2.3334e-5 0.2774179517 0.0 0.0
-1.36115e-5 -2.3334e-5 0.2334297898 0.0 0.0
-1.1667e-5 -2.3334e-5 0.2199648728 0.0 0.0
-9.7225e-6 -2.3334e-5 0.1666019326 0.0 0.0
-7.778e-6 -2.3334e-5 0.1301197012 0.0 0.0
-5.8335e-6 -2.3334e-5 0.1130064587 0.0 0.0
-3.889e-6 -2.3334e-5 0.1637837732 0.0 0.0
-1.9445e-6 -2.3334e-5 0.0854812127 0.0 0.0
0.0 -2.3334e-5 0.0192926912 0.0 0.0
1.9445e-6 -2.3334e-5 0.0576201409 0.0 0.0
3.889e-6 -2.3334e-5 0.0692742806 0.0 0.0
5.8335e-6 -2.3334e-5 0.0511926237 0.0 0.0
7.778e-6 -2.3334e-5 0.2008545594 0.0 0.0
9.7225e-6 -2.3334e-5 0.0855776974 0.0 0.0
1.1667e-5 -2.3334e-5 0.1208225533 0.0 0.0
1.36115e-5 -2.3334e-5 0.1173819034 0.0 0.0
1.5556e-5 -2.3334e-5 0.3079994475 0.0 0.0
1.75005e-5 -2.3334e-5 0.2690968931 0.0 0.0
1.9445e-5 -2.3334e-5 0.1689221754 0.0 0.0
2.13895e-5 -2.3334e-5 0.1923147333 0.0 0.0
2.3334e-5 -2.3334e-5 0.0974196982 0.0 0.0
2.52785e-5 -2.3334e-5 0.1387895134 0.0 0.0
2.7223e-5 -2.3334e-5 0.1698254968 0.0 0.0
2.91675e-5 -2.3334e-5 0.1107906095 0.0 0.0
3.1112e-5 -2.3334e-5 0.0396149454 0.0 0.0
3.30565e-5 -2.3334e-5 0.0100619192 0.0 0.0
3.5001e-5 -2.3334e-5 0.0058067276 0.0 0.0
3.69455e-5 -2.3334e-5 0.0067973453 0.0 0.0
3.889e-5 -2.3334e-5 0.0047734727 0.0 0.0
4.08345e-5 -2.3334e-5 0.0040813003 0.0 0.0
4.2779e-5 -2.3334e-5 0.0035149098 0.0 0.0
4.47235e-5 -2.3334e-5 0.0048177021 0.0 0.0
4.6668e-5 -2.3334e-5 0.0025435116 0.0 0.0
4.86125e-5 -2.3334e-5 0.0011196202 0.0 0.0
5.0557e-5 -2.3334e-5 1.71071e-5 0.0 0.0
5.25015e-5 -2.3334e-5 2.84438e-5 0.0 0.0
5.4446e-5 -2.3334e-5 6.58212e-5 0.0 0.0
5.63905e-5 -2.3334e-5 0.00084078 0.0 0.0
5.8335e-5 -2.3334e-5 0.0008091818 0.0 0.0
6.02795e-5 -2.3334e-5 0.0004331518 0.0 0.0
6.2224e-5 -2.3334e-5 0.0004454061 0.0 0.0
6.41685e-5 -2.3334e-5 0.0006747862 0.0 0.0
6.6113e-5 -2.3334e-5 0.0003360469 0.0 0.0
6.80575e-5 -2.3334e-5 0.00037718 0.0 0.0
7.0002e-5 -2.3334e-5 0.000706397 0.0 0.0
7.19465e-5 -2.3334e-5 0.0011013417 0.0 0.0
7.3891e-5 -2.3334e-5 0.0005905882 0.0 0.0
7.58355e-5 -2.3334e-5 0.0002446864 0.0 0.0
7.778e-5 -2.3334e-5 0.0001519419 0.0 0.0
7.97245e-5 -2.3334e-5 7.61162e-5 0.0 0.0
8.1669e-5 -2.3334e-5 0.0002182832 0.0 0.0
8.36136e-5 -2.3334e-5 7.86907e-5 0.0 0.0
8.55581e-5 -2.3334e-5 7.55613e-5 0.0 0.0
8.75026e-5 -2.3334e-5 0.0001762259 0.0 0.0
8.94471e-5 -2.3334e-5 0.0001392429 0.0 0.0
9.13916e-5 -2.3334e-5 0.0001094303 0.0 0.0
9.33361e-5 -2.3334e-5 9.23658e-5 0.0 0.0
9.52806e-5 -2.3334e-5 8.58012e-5 0.0 0.0
-9.72251e-5 -2.13895e-5 4.44736e-5 0.0 0.0
-9.52806e-5 -2.13895e-5 1.418e-7 0.0 0.0
-9.33361e-5 -2.13895e-5 9.76e-7 0.0 0.0
-9.13916e-5 -2.13895e-5 3.21855e-5 0.0 0.0
-8.94471e-5 -2.13895e-5 1.0898e-6 0.0 0.0
-8.75026e-5 -2.13895e-5 1.5846e-5 0.0 0.0
-8.55581e-5 -2.13895e-5 4.7693e-6 0.0 0.0
-8.36136e-5 -2.13895e-5 0.0001122909 0.0 0.0
-8.1669e-5 -2.13895e-5 4.49471e-5 0.0 0.0
-7.97245e-5 -2.13895e-5 0.0003859191 0.0 0.0
-7.778e-5 -2.13895e-5 0.0002460404 0.0 0.0
-7.58355e-5 -2.13895e-5 0.001038325 0.0 0.0
-7.3891e-5 -2.13895e-5 0.0020737826 0.0 0.0
-7.19465e-5 -2.13895e-5 0.0036553026 0.0 0.0
-7.0002e-5 -2.13895e-5 0.0035456308 0.0 0.0
-6.80575e-5 -2.13895e-5 0.0044745533 0.0 0.0
-6.6113e-5 -2.13895e-5 0.0030190913 0.0 0.0
-6.41685e-5 -2.13895e-5 0.0014292523 0.0 0.0
-6.2224e-5 -2.13895e-5 0.0028538519 0.0 0.0
-6.02795e-5 -2.13895e-5 0.0016337462 0.0 0.0
-5.8335e-5 -2.13895e-5 0.0015588808 0.0 0.0
-5.63905e-5 -2.13895e-5 0.0029878185 0.0 0.0
-5.4446e-5 -2.13895e-5 0.0041404593 0.0 0.0
-5.25015e-5 -2.13895e-5 0.0060032154 0.0 0.0
-5.0557e-5 -2.13895e-5 0.0083578288 0.0 0.0
-4.86125e-5 -2.13895e-5 0.0133934745 0.0 0.0
-4.6668e-5 -2.13895e-5 0.0218370061 0.0 0.0
-4.47235e-5 -2.13895e-5 0.0277385999 0.0 0.0
-4.2779e-5 -2.13895e-5 0.0168483522 0.0 0.0
-4.08345e-5 -2.13895e-5 0.0120083769 0.0 0.0
-3.889e-5 -2.13895e-5 0.0216592542 0.0 0.0
-3.69455e-5 -2.13895e-5 0.0243825036 0.0 0.0
-3.5001e-5 -2.13895e-5 0.0192379111 0.0 0.0
-3.30565e-5 -2.13895e-5 0.0198763543 0.0 0.0
-3.1112e-5 -2.13895e-5 0.0507231584 0.0 0.0
-2.91675e-5 -2.13895e-5 0.1312268593 0.0 0.0
-2.7223e-5 -2.13895e-5 0.1229022953 0.0 0.0
-2.52785e-5 -2.13895e-5 0.157910384 0.0 0.0
-2.3334e-5 -2.13895e-5 0.2520419776 0.0 0.0
-2.13895e-5 -2.13895e-5 0.2825002069 0.0 0.0
-1.9445e-5 -2.13895e-5 0.2754473871 0.0 0.0
-1.75005e-5 -2.13895e-5 0.2005487915 0.0 0.0
-1.5556e-5 -2.13895e-5 0.2170934443 0.0 0.0
-1.36115e-5 -2.13895e-5 0.3009490429 0.0 0.0
-1.1667e-5 -2.13895e-5 0.4124604723 0.0 0.0
-9.7225e-6 -2.13895e-5 0.2590726837 0.0 0.0
-7.778e-6 -2.13895e-5 0.1901511076 0.0 0.0
-5.8335e-6 -2.13895e-5 0.1716182728 0.0 0.0
-3.889e-6 -2.13895e-5 0.2600379726 0.0 0.0
-1.9445e-6 -2.13895e-5 0.189264913 0.0 0.0
0.0 -2.13895e-5 0.1676991985 0.0 0.0
1.9445e-6 -2.13895e-5 0.0267310635 0.0 0.0
3.889e-6 -2.13895e-5 0.0508394958 0.0 0.0
5.8335e-6 -2.13895e-5 0.0474752185 0.0 0.0
7.778e-6 -2.13895e-5 0.0258516732 0.0 0.0
9.7225e-6 -2.13895e-5 0.2314981309 0.0 0.0
1.1667e-5 -2.13895e-5 0.0700088856 0.0 0.0
1.36115e-5 -2.13895e-5 0.0378076914 0.0 0.0
1.5556e-5 -2.13895e-5 0.2010442923 0.0 0.0
1.75005e-5 -2.13895e-5 0.29247024 0.0 0.0
1.9445e-5 -2.13895e-5 0.2176016909 0.0 0.0
2.13895e-5 -2.13895e-5 0.2450756648 0.0 0.0
2.3334e-5 -2.13895e-5 0.1025068288 0.0 0.0
2.52785e-5 -2.13895e-5 0.1151704741 0.0 0.0
2.7223e-5 -2.13895e-5 0.1648023214 0.0 0.0
2.91675e-5 -2.13895e-5 0.1057564643 0.0 0.0
3.1112e-5 -2.13895e-5 0.0448590487 0.0 0.0
3.30565e-5 -2.13895e-5 0.0134445558 0.0 0.0
3.5001e-5 -2.13895e-5 0.0077156397 0.0 0.0
3.69455e-5 -2.13895e-5 0.009165143 0.0 0.0
3.889e-5 -2.13895e-5 0.0078083996 0.0 0.0
4.08345e-5 -2.13895e-5 0.0072991589 0.0 0.0
4.2779e-5 -2.13895e-5 0.0064367603 0.0 0.0
4.47235e-5 -2.13895e-5 0.0036631479 0.0 0.0
4.6668e-5 -2.13895e-5 0.0067266499 0.0 0.0
4.86125e-5 -2.13895e-5 0.0003553736 0.0 0.0
5.0557e-5 -2.13895e-5 0.0005876867 0.0 0.0
5.25015e-5 -2.13895e-5 0.0010381432 0.0 0.0
5.4446e-5 -2.13895e-5 0.0009700019 0.0 0.0
5.63905e-5 -2.13895e-5 0.0006704947 0.0 0.0
5.8335e-5 -2.13895e-5 0.0006330979 0.0 0.0
6.02795e-5 -2.13895e-5 0.0009029399 0.0 0.0
6.2224e-5 -2.13895e-5 0.0007714943 0.0 0.0
6.41685e-5 -2.13895e-5 0.0006438995 0.0 0.0
6.6113e-5 -2.13895e-5 0.0003295647 0.0 0.0
6.80575e-5 -2.13895e-5 0.0004863868 0.0 0.0
7.0002e-5 -2.13895e-5 0.0006839748 0.0 0.0
7.19465e-5 -2.13895e-5 0.0010929219 0.0 0.0
7.3891e-5 -2.13895e-5 0.0005538117 0.0 0.0
7.58355e-5 -2.13895e-5 0.0002302825 0.0 0.0
7.778e-5 -2.13895e-5 7.6881e-5 0.0 0.0
7.97245e-5 -2.13895e-5 3.11127e-5 0.0 0.0
8.1669e-5 -2.13895e-5 0.0001584833 0.0 0.0
8.36136e-5 -2.13895e-5 0.0002613357 0.0 0.0
8.55581e-5 -2.13895e-5 0.0002134154 0.0 0.0
8.75026e-5 -2.13895e-5 0.0001617138 0.0 0.0
8.94471e-5 -2.13895e-5 0.0001208963 0.0 0.0
9.13916e-5 -2.13895e-5 0.0001006623 0.0 0.0
9.33361e-5 -2.13895e-5 7.95949e-5 0.0 0.0
9.52806e-5 -2.13895e-5 7.14464e-5 0.0 0.0
-9.72251e-5 -1.9445e-5 2.291e-7 0.0 0.0
-9.52806e-5 -1.9445e-5 4.5188e-6 0.0 0.0
-9.33361e-5 -1.9445e-5 2.6305e-5 0.0 0.0
-9.13916e-5 -1.9445e-5 9.04323e-5 0.0 0.0
-8.94471e-5 -1.9445e-5 7.3062e-6 0.0 0.0
-8.75026e-5 -1.9445e-5 3.10803e-5 0.0 0.0
-8.55581e-5 -1.9445e-5 6.191e-6 0.0 0.0
-8.36136e-5 -1.9445e-5 6.10634e-5 0.0 0.0
-8.1669e-5 -1.9445e-5 3.67644e-5 0.0 0.0
-7.97245e-5 -1.9445e-5 0.000292416 0.0 0.0
-7.778e-5 -1.9445e-5 0.000407894 0.0 0.0
-7.58355e-5 -1.9445e-5 0.0017768502 0.0 0.0
-7.3891e-5 -1.9445e-5 0.003467796 0.0 0.0
-7.19465e-5 -1.9445e-5 0.0050065246 0.0 0.0
-7.0002e-5 -1.9445e-5 0.0047871858 0.0 0.0
-6.80575e-5 -1.9445e-5 0.0028799322 0.0 0.0
-6.6113e-5 -1.9445e-5 0.003701695 0.0 0.0
-6.41685e-5 -1.9445e-5 0.0045143769 0.0 0.0
-6.2224e-5 -1.9445e-5 0.0023799026 0.0 0.0
-6.02795e-5 -1.9445e-5 0.0030411434 0.0 0.0
-5.8335e-5 -1.9445e-5 0.0015961742 0.0 0.0
-5.63905e-5 -1.9445e-5 0.0024688969 0.0 0.0
-5.4446e-5 -1.9445e-5 0.0043506909 0.0 0.0
-5.25015e-5 -1.9445e-5 0.0053619589 0.0 0.0
-5.0557e-5 -1.9445e-5 0.0119160155 0.0 0.0
-4.86125e-5 -1.9445e-5 0.0167188765 0.0 0.0
-4.6668e-5 -1.9445e-5 0.026033502 0.0 0.0
-4.47235e-5 -1.9445e-5 0.0251560608 0.0 0.0
-4.2779e-5 -1.9445e-5 0.0171183394 0.0 0.0
-4.08345e-5 -1.9445e-5 0.0182003378 0.0 0.0
-3.889e-5 -1.9445e-5 0.0233031018 0.0 0.0
-3.69455e-5 -1.9445e-5 0.0179986283 0.0 0.0
-3.5001e-5 -1.9445e-5 0.0168306622 0.0 0.0
-3.30565e-5 -1.9445e-5 0.0288142742 0.0 0.0
-3.1112e-5 -1.9445e-5 0.0791972596 0.0 0.0
-2.91675e-5 -1.9445e-5 0.1202286408 0.0 0.0
-2.7223e-5 -1.9445e-5 0.1245427895 0.0 0.0
-2.52785e-5 -1.9445e-5 0.2283468078 0.0 0.0
-2.3334e-5 -1.9445e-5 0.2642336308 0.0 0.0
-2.13895e-5 -1.9445e-5 0.3121705606 0.0 0.0
-1.9445e-5 -1.9445e-5 0.2848561757 0.0 0.0
-1.75005e-5 -1.9445e-5 0.3986943583 0.0 0.0
-1.5556e-5 -1.9445e-5 0.5041678312 0.0 0.0
-1.36115e-5 -1.9445e-5 0.5017318955 0.0 0.0
-1.1667e-5 -1.9445e-5 0.7176400126 0.0 0.0
-9.7225e-6 -1.9445e-5 0.6975634088 0.0 0.0
-7.778e-6 -1.9445e-5 0.6303149428 0.0 0.0
-5.8335e-6 -1.9445e-5 0.6251863024 0.0 0.0
-3.889e-6 -1.9445e-5 0.6330142 0.0 0.0
-1.9445e-6 -1.9445e-5 0.3393239842 0.0 0.0
0.0 -1.9445e-5 0.4095579215 0.0 0.0
1.9445e-6 -1.9445e-5 0.2978670128 0.0 0.0
3.889e-6 -1.9445e-5 0.0736071825 0.0 0.0
5.8335e-6 -1.9445e-5 0.0787948702 0.0 0.0
7.778e-6 -1.9445e-5 0.007337396 0.0 0.0
9.7225e-6 -1.9445e-5 0.3523030978 0.0 0.0
1.1667e-5 -1.9445e-5 0.0922124158 0.0 0.0
1.36115e-5 -1.9445e-5 0.0296756064 0.0 0.0
1.5556e-5 -1.9445e-5 0.1239432275 0.0 0.0
1.75005e-5 -1.9445e-5 0.198632722 0.0 0.0
1.9445e-5 -1.9445e-5 0.2684751728 0.0 0.0
2.13895e-5 -1.9445e-5 0.2331355644 0.0 0.0
2.3334e-5 -1.9445e-5 0.1706822234 0.0 0.0
2.52785e-5 -1.9445e-5 0.1447604598 0.0 0.0
2.7223e-5 -1.9445e-5 0.2719189886 0.0 0.0
2.91675e-5 -1.9445e-5 0.101320233 0.0 0.0
3.1112e-5 -1.9445e-5 0.0488290714 0.0 0.0
3.30565e-5 -1.9445e-5 0.0228195506 0.0 0.0
3.5001e-5 -1.9445e-5 0.0106197151 0.0 0.0
3.69455e-5 -1.9445e-5 0.0052639572 0.0 0.0
3.889e-5 -1.9445e-5 0.0068090778 0.0 0.0
4.08345e-5 -1.9445e-5 0.0062014368 0.0 0.0
4.2779e-5 -1.9445e-5 0.0057306433 0.0 0.0
4.47235e-5 -1.9445e-5 0.0039699458 0.0 0.0
4.6668e-5 -1.9445e-5 0.0090143876 0.0 0.0
4.86125e-5 -1.9445e-5 0.0003431466 0.0 0.0
5.0557e-5 -1.9445e-5 0.0002095962 0.0 0.0
5.25015e-5 -1.9445e-5 0.0004624476 0.0 0.0
5.4446e-5 -1.9445e-5 0.0008054489 0.0 0.0
5.63905e-5 -1.9445e-5 0.0007098293 0.0 0.0
5.8335e-5 -1.9445e-5 0.0004975196 0.0 0.0
6.02795e-5 -1.9445e-5 0.0007744447 0.0 0.0
6.2224e-5 -1.9445e-5 0.0007496693 0.0 0.0
6.41685e-5 -1.9445e-5 0.0006509415 0.0 0.0
6.6113e-5 -1.9445e-5 0.0004737763 0.0 0.0
6.80575e-5 -1.9445e-5 0.0004731447 0.0 0.0
7.0002e-5 -1.9445e-5 0.0008054853 0.0 0.0
7.19465e-5 -1.9445e-5 0.0012880254 0.0 0.0
7.3891e-5 -1.9445e-5 0.0009119956 0.0 0.0
7.58355e-5 -1.9445e-5 0.0004525472 0.0 0.0
7.778e-5 -1.9445e-5 0.0003263093 0.0 0.0
7.97245e-5 -1.9445e-5 0.0002594121 0.0 0.0
8.1669e-5 -1.9445e-5 9.84893e-5 0.0 0.0
8.36136e-5 -1.9445e-5 0.0001454484 0.0 0.0
8.55581e-5 -1.9445e-5 0.0001721365 0.0 0.0
8.75026e-5 -1.9445e-5 0.0001189201 0.0 0.0
8.94471e-5 -1.9445e-5 9.89084e-5 0.0 0.0
9.13916e-5 -1.9445e-5 0.0001411756 0.0 0.0
9.33361e-5 -1.9445e-5 0.0001037534 0.0 0.0
9.52806e-5 -1.9445e-5 8.17238e-5 0.0 0.0
-9.72251e-5 -1.75005e-5 4.44968e-5 0.0 0.0
-9.52806e-5 -1.75005e-5 0.0002293119 0.0 0.0
-9.33361e-5 -1.75005e-5 2.3106e-6 0.0 0.0
-9.13916e-5 -1.75005e-5 9.3883e-6 0.0 0.0
-8.94471e-5 -1.75005e-5 3.2945e-5 0.0 0.0
-8.75026e-5 -1.75005e-5 0.0001538444 0.0 0.0
-8.55581e-5 -1.75005e-5 8.82495e-5 0.0 0.0
-8.36136e-5 -1.75005e-5 0.0002312409 0.0 0.0
-8.1669e-5 -1.75005e-5 0.0001581384 0.0 0.0
-7.97245e-5 -1.75005e-5 0.0002430231 0.0 0.0
-7.778e-5 -1.75005e-5 0.0026754263 0.0 0.0
-7.58355e-5 -1.75005e-5 0.0043622196 0.0 0.0
-7.3891e-5 -1.75005e-5 0.0052901385 0.0 0.0
-7.19465e-5 -1.75005e-5 0.0053430795 0.0 0.0
-7.0002e-5 -1.75005e-5 0.0035303049 0.0 0.0
-6.80575e-5 -1.75005e-5 0.004523189 0.0 0.0
-6.6113e-5 -1.75005e-5 0.0051488063 0.0 0.0
-6.41685e-5 -1.75005e-5 0.0029285232 0.0 0.0
-6.2224e-5 -1.75005e-5 0.0040743177 0.0 0.0
-6.02795e-5 -1.75005e-5 0.004599372 0.0 0.0
-5.8335e-5 -1.75005e-5 0.0033281031 0.0 0.0
-5.63905e-5 -1.75005e-5 0.0034852185 0.0 0.0
-5.4446e-5 -1.75005e-5 0.0045712683 0.0 0.0
-5.25015e-5 -1.75005e-5 0.006617551 0.0 0.0
-5.0557e-5 -1.75005e-5 0.0068486273 0.0 0.0
-4.86125e-5 -1.75005e-5 0.0126270877 0.0 0.0
-4.6668e-5 -1.75005e-5 0.023055353 0.0 0.0
-4.47235e-5 -1.75005e-5 0.0315830558 0.0 0.0
-4.2779e-5 -1.75005e-5 0.0132421387 0.0 0.0
-4.08345e-5 -1.75005e-5 0.0116067369 0.0 0.0
-3.889e-5 -1.75005e-5 0.0223015311 0.0 0.0
-3.69455e-5 -1.75005e-5 0.0194045189 0.0 0.0
-3.5001e-5 -1.75005e-5 0.0170332481 0.0 0.0
-3.30565e-5 -1.75005e-5 0.0377276516 0.0 0.0
-3.1112e-5 -1.75005e-5 0.0845549438 0.0 0.0
-2.91675e-5 -1.75005e-5 0.0980999297 0.0 0.0
-2.7223e-5 -1.75005e-5 0.2061020893 0.0 0.0
-2.52785e-5 -1.75005e-5 0.2866403887 0.0 0.0
-2.3334e-5 -1.75005e-5 0.3607840363 0.0 0.0
-2.13895e-5 -1.75005e-5 0.3372755686 0.0 0.0
-1.9445e-5 -1.75005e-5 0.4556814235 0.0 0.0
-1.75005e-5 -1.75005e-5 0.4670994384 0.0 0.0
-1.5556e-5 -1.75005e-5 0.6836306883 0.0 0.0
-1.36115e-5 -1.75005e-5 0.4968403212 0.0 0.0
-1.1667e-5 -1.75005e-5 0.4406913527 0.0 0.0
-9.7225e-6 -1.75005e-5 0.4522982399 0.0 0.0
-7.778e-6 -1.75005e-5 0.8111908723 0.0 0.0
-5.8335e-6 -1.75005e-5 0.5295279693 0.0 0.0
-3.889e-6 -1.75005e-5 0.5572491087 0.0 0.0
-1.9445e-6 -1.75005e-5 0.4171364896 0.0 0.0
0.0 -1.75005e-5 0.3654436134 0.0 0.0
1.9445e-6 -1.75005e-5 0.5073694042 0.0 0.0
3.889e-6 -1.75005e-5 0.7460086936 0.0 0.0
5.8335e-6 -1.75005e-5 0.3644107501 0.0 0.0
7.778e-6 -1.75005e-5 0.1359016885 0.0 0.0
9.7225e-6 -1.75005e-5 0.43174905 0.0 0.0
1.1667e-5 -1.75005e-5 0.3273363713 0.0 0.0
1.36115e-5 -1.75005e-5 0.0448179787 0.0 0.0
1.5556e-5 -1.75005e-5 0.1442502729 0.0 0.0
1.75005e-5 -1.75005e-5 0.1545409703 0.0 0.0
1.9445e-5 -1.75005e-5 0.1575718264 0.0 0.0
2.13895e-5 -1.75005e-5 0.1852485345 0.0 0.0
2.3334e-5 -1.75005e-5 0.1313883598 0.0 0.0
2.52785e-5 -1.75005e-5 0.1275846751 0.0 0.0
2.7223e-5 -1.75005e-5 0.2386215656 0.0 0.0
2.91675e-5 -1.75005e-5 0.1126065496 0.0 0.0
3.1112e-5 -1.75005e-5 0.0635554893 0.0 0.0
3.30565e-5 -1.75005e-5 0.0243765494 0.0 0.0
3.5001e-5 -1.75005e-5 0.0130888781 0.0 0.0
3.69455e-5 -1.75005e-5 0.0086314638 0.0 0.0
3.889e-5 -1.75005e-5 0.0097407848 0.0 0.0
4.08345e-5 -1.75005e-5 0.0108034305 0.0 0.0
4.2779e-5 -1.75005e-5 0.0049749138 0.0 0.0
4.47235e-5 -1.75005e-5 0.0088477212 0.0 0.0
4.6668e-5 -1.75005e-5 0.0103941525 0.0 0.0
4.86125e-5 -1.75005e-5 0.0028732406 0.0 0.0
5.0557e-5 -1.75005e-5 0.0002030429 0.0 0.0
5.25015e-5 -1.75005e-5 0.0004474795 0.0 0.0
5.4446e-5 -1.75005e-5 0.000814647 0.0 0.0
5.63905e-5 -1.75005e-5 0.0013976905 0.0 0.0
5.8335e-5 -1.75005e-5 0.0007764585 0.0 0.0
6.02795e-5 -1.75005e-5 0.0004182632 0.0 0.0
6.2224e-5 -1.75005e-5 0.0007156341 0.0 0.0
6.41685e-5 -1.75005e-5 0.0005868291 0.0 0.0
6.6113e-5 -1.75005e-5 0.0004616182 0.0 0.0
6.80575e-5 -1.75005e-5 0.0004670376 0.0 0.0
7.0002e-5 -1.75005e-5 0.0008834638 0.0 0.0
7.19465e-5 -1.75005e-5 0.0013829657 0.0 0.0
7.3891e-5 -1.75005e-5 0.000355474 0.0 0.0
7.58355e-5 -1.75005e-5 0.0003307604 0.0 0.0
7.778e-5 -1.75005e-5 0.0001936917 0.0 0.0
7.97245e-5 -1.75005e-5 9.79211e-5 0.0 0.0
8.1669e-5 -1.75005e-5 3.25334e-5 0.0 0.0
8.36136e-5 -1.75005e-5 6.1901e-5 0.0 0.0
8.55581e-5 -1.75005e-5 0.0001299054 0.0 0.0
8.75026e-5 -1.75005e-5 0.0001035147 0.0 0.0
8.94471e-5 -1.75005e-5 0.0001539615 0.0 0.0
9.13916e-5 -1.75005e-5 0.0001139503 0.0 0.0
9.33361e-5 -1.75005e-5 8.26898e-5 0.0 0.0
9.52806e-5 -1.75005e-5 6.48964e-5 0.0 0.0
-9.72251e-5 -1.5556e-5 1.5049e-6 0.0 0.0
-9.52806e-5 -1.5556e-5 6.7973e-6 0.0 0.0
-9.33361e-5 -1.5556e-5 7.03715e-5 0.0 0.0
-9.13916e-5 -1.5556e-5 0.0003705458 0.0 0.0
-8.94471e-5 -1.5556e-5 6.48727e-5 0.0 0.0
-8.75026e-5 -1.5556e-5 0.0001258748 0.0 0.0
-8.55581e-5 -1.5556e-5 0.0004934062 0.0 0.0
-8.36136e-5 -1.5556e-5 0.0002491946 0.0 0.0
-8.1669e-5 -1.5556e-5 0.0003436159 0.0 0.0
-7.97245e-5 -1.5556e-5 0.002936565 0.0 0.0
-7.778e-5 -1.5556e-5 0.0048532572 0.0 0.0
-7.58355e-5 -1.5556e-5 0.0053837438 0.0 0.0
-7.3891e-5 -1.5556e-5 0.0058253756 0.0 0.0
-7.19465e-5 -1.5556e-5 0.0049302522 0.0 0.0
-7.0002e-5 -1.5556e-5 0.0052653142 0.0 0.0
-6.80575e-5 -1.5556e-5 0.0040875888 0.0 0.0
-6.6113e-5 -1.5556e-5 0.0050108081 0.0 0.0
-6.41685e-5 -1.5556e-5 0.0025334287 0.0 0.0
-6.2224e-5 -1.5556e-5 0.0041509853 0.0 0.0
-6.02795e-5 -1.5556e-5 0.0037894515 0.0 0.0
-5.8335e-5 -1.5556e-5 0.0038076343 0.0 0.0
-5.63905e-5 -1.5556e-5 0.0103626795 0.0 0.0
-5.4446e-5 -1.5556e-5 0.0112866046 0.0 0.0
-5.25015e-5 -1.5556e-5 0.0044392815 0.0 0.0
-5.0557e-5 -1.5556e-5 0.0115120731 0.0 0.0
-4.86125e-5 -1.5556e-5 0.0134181349 0.0 0.0
-4.6668e-5 -1.5556e-5 0.0166631656 0.0 0.0
-4.47235e-5 -1.5556e-5 0.0186060058 0.0 0.0
-4.2779e-5 -1.5556e-5 0.0123445486 0.0 0.0
-4.08345e-5 -1.5556e-5 0.0196892487 0.0 0.0
-3.889e-5 -1.5556e-5 0.0162323093 0.0 0.0
-3.69455e-5 -1.5556e-5 0.0132395093 0.0 0.0
-3.5001e-5 -1.5556e-5 0.0132028396 0.0 0.0
-3.30565e-5 -1.5556e-5 0.051093768 0.0 0.0
-3.1112e-5 -1.5556e-5 0.0832756911 0.0 0.0
-2.91675e-5 -1.5556e-5 0.1401400327 0.0 0.0
-2.7223e-5 -1.5556e-5 0.3110802582 0.0 0.0
-2.52785e-5 -1.5556e-5 0.3696279861 0.0 0.0
-2.3334e-5 -1.5556e-5 0.3695063569 0.0 0.0
-2.13895e-5 -1.5556e-5 0.4990789604 0.0 0.0
-1.9445e-5 -1.5556e-5 0.5844011307 0.0 0.0
-1.75005e-5 -1.5556e-5 0.4849361572 0.0 0.0
-1.5556e-5 -1.5556e-5 0.2736179075 0.0 0.0
-1.36115e-5 -1.5556e-5 0.4534450916 0.0 0.0
-1.1667e-5 -1.5556e-5 0.7303591581 0.0 0.0
-9.7225e-6 -1.5556e-5 0.5315551658 0.0 0.0
-7.778e-6 -1.5556e-5 0.2395208165 0.0 0.0
-5.8335e-6 -1.5556e-5 0.2521772092 0.0 0.0
-3.889e-6 -1.5556e-5 0.2666470242 0.0 0.0
-1.9445e-6 -1.5556e-5 0.3578320225 0.0 0.0
0.0 -1.5556e-5 0.3028007596 0.0 0.0
1.9445e-6 -1.5556e-5 0.552007185 0.0 0.0
3.889e-6 -1.5556e-5 0.5485095955 0.0 0.0
5.8335e-6 -1.5556e-5 0.1093378832 0.0 0.0
7.778e-6 -1.5556e-5 0.4104084365 0.0 0.0
9.7225e-6 -1.5556e-5 1.0 0.0 0.0
1.1667e-5 -1.5556e-5 0.4343317958 0.0 0.0
1.36115e-5 -1.5556e-5 0.1080266376 0.0 0.0
1.5556e-5 -1.5556e-5 0.1140336656 0.0 0.0
1.75005e-5 -1.5556e-5 0.2061037216 0.0 0.0
1.9445e-5 -1.5556e-5 0.0985379602 0.0 0.0
2.13895e-5 -1.5556e-5 0.183454672 0.0 0.0
2.3334e-5 -1.5556e-5 0.1523861946 0.0 0.0
2.52785e-5 -1.5556e-5 0.1224559584 0.0 0.0
2.7223e-5 -1.5556e-5 0.2317611141 0.0 0.0
2.91675e-5 -1.5556e-5 0.1156360336 0.0 0.0
3.1112e-5 -1.5556e-5 0.0799606368 0.0 0.0
3.30565e-5 -1.5556e-5 0.0204773196 0.0 0.0
3.5001e-5 -1.5556e-5 0.0140925835 0.0 0.0
3.69455e-5 -1.5556e-5 0.0051530772 0.0 0.0
3.889e-5 -1.5556e-5 0.0095926083 0.0 0.0
4.08345e-5 -1.5556e-5 0.0103904109 0.0 0.0
4.2779e-5 -1.5556e-5 0.0107539936 0.0 0.0
4.47235e-5 -1.5556e-5 0.0090987333 0.0 0.0
4.6668e-5 -1.5556e-5 0.0082715285 0.0 0.0
4.86125e-5 -1.5556e-5 0.0032588977 0.0 0.0
5.0557e-5 -1.5556e-5 0.0015884176 0.0 0.0
5.25015e-5 -1.5556e-5 0.0018804119 0.0 0.0
5.4446e-5 -1.5556e-5 0.0020887734 0.0 0.0
5.63905e-5 -1.5556e-5 0.0012095079 0.0 0.0
5.8335e-5 -1.5556e-5 0.0005752481 0.0 0.0
6.02795e-5 -1.5556e-5 0.0007882135 0.0 0.0
6.2224e-5 -1.5556e-5 0.0004805765 0.0 0.0
6.41685e-5 -1.5556e-5 0.0004216094 0.0 0.0
6.6113e-5 -1.5556e-5 0.0004305599 0.0 0.0
6.80575e-5 -1.5556e-5 0.0006448577 0.0 0.0
7.0002e-5 -1.5556e-5 0.0010745276 0.0 0.0
7.19465e-5 -1.5556e-5 0.0014537644 0.0 0.0
7.3891e-5 -1.5556e-5 0.0008070052 0.0 0.0
7.58355e-5 -1.5556e-5 0.0002843515 0.0 0.0
7.778e-5 -1.5556e-5 0.0001215802 0.0 0.0
7.97245e-5 -1.5556e-5 0.0002895706 0.0 0.0
8.1669e-5 -1.5556e-5 0.0002433228 0.0 0.0
8.36136e-5 -1.5556e-5 5.86493e-5 0.0 0.0
8.55581e-5 -1.5556e-5 5.91104e-5 0.0 0.0
8.75026e-5 -1.5556e-5 0.0001863016 0.0 0.0
8.94471e-5 -1.5556e-5 0.0001111543 0.0 0.0
9.13916e-5 -1.5556e-5 9.45988e-5 0.0 0.0
9.33361e-5 -1.5556e-5 0.0001128918 0.0 0.0
9.52806e-5 -1.5556e-5 7.64462e-5 0.0 0.0
-9.72251e-5 -1.36115e-5 3.0158e-6 0.0 0.0
-9.52806e-5 -1.36115e-5 1.42151e-5 0.0 0.0
-9.33361e-5 -1.36115e-5 0.0002919204 0.0 0.0
-9.13916e-5 -1.36115e-5 4.15502e-5 0.0 0.0
-8.94471e-5 -1.36115e-5 7.89986e-5 0.0 0.0
-8.75026e-5 -1.36115e-5 0.0007697908 0.0 0.0
-8.55581e-5 -1.36115e-5 0.0002175826 0.0 0.0
-8.36136e-5 -1.36115e-5 0.0009510113 0.0 0.0
-8.1669e-5 -1.36115e-5 0.0024468233 0.0 0.0
-7.97245e-5 -1.36115e-5 0.0046550481 0.0 0.0
-7.778e-5 -1.36115e-5 0.0065257515 0.0 0.0
-7.58355e-5 -1.36115e-5 0.0056015098 0.0 0.0
-7.3891e-5 -1.36115e-5 0.0049847921 0.0 0.0
-7.19465e-5 -1.36115e-5 0.0051645726 0.0 0.0
-7.0002e-5 -1.36115e-5 0.0039826755 0.0 0.0
-6.80575e-5 -1.36115e-5 0.0027442469 0.0 0.0
-6.6113e-5 -1.36115e-5 0.0029655661 0.0 0.0
-6.41685e-5 -1.36115e-5 0.004500265 0.0 0.0
-6.2224e-5 -1.36115e-5 0.0023846085 0.0 0.0
-6.02795e-5 -1.36115e-5 0.0041297322 0.0 0.0
-5.8335e-5 -1.36115e-5 0.0111567397 0.0 0.0
-5.63905e-5 -1.36115e-5 0.0094923246 0.0 0.0
-5.4446e-5 -1.36115e-5 0.009190107 0.0 0.0
-5.25015e-5 -1.36115e-5 0.01239488 0.0 0.0
-5.0557e-5 -1.36115e-5 0.0059557309 0.0 0.0
-4.86125e-5 -1.36115e-5 0.0187923812 0.0 0.0
-4.6668e-5 -1.36115e-5 0.0211485715 0.0 0.0
-4.47235e-5 -1.36115e-5 0.0184156094 0.0 0.0
-4.2779e-5 -1.36115e-5 0.019710997 0.0 0.0
-4.08345e-5 -1.36115e-5 0.0093738856 0.0 0.0
-3.889e-5 -1.36115e-5 0.0093856581 0.0 0.0
-3.69455e-5 -1.36115e-5 0.006193108 0.0 0.0
-3.5001e-5 -1.36115e-5 0.0363130733 0.0 0.0
-3.30565e-5 -1.36115e-5 0.0787567516 0.0 0.0
-3.1112e-5 -1.36115e-5 0.0907387248 0.0 0.0
-2.91675e-5 -1.36115e-5 0.28245269 0.0 0.0
-2.7223e-5 -1.36115e-5 0.356748588 0.0 0.0
-2.52785e-5 -1.36115e-5 0.3685517287 0.0 0.0
-2.3334e-5 -1.36115e-5 0.4689942787 0.0 0.0
-2.13895e-5 -1.36115e-5 0.6386716104 0.0 0.0
-1.9445e-5 -1.36115e-5 0.4829361042 0.0 0.0
-1.75005e-5 -1.36115e-5 0.3384662077 0.0 0.0
-1.5556e-5 -1.36115e-5 0.4370312201 0.0 0.0
-1.36115e-5 -1.36115e-5 0.4151827384 0.0 0.0
-1.1667e-5 -1.36115e-5 0.2601863974 0.0 0.0
-9.7225e-6 -1.36115e-5 0.2963613615 0.0 0.0
-7.778e-6 -1.36115e-5 0.2472599798 0.0 0.0
-5.8335e-6 -1.36115e-5 0.1269659155 0.0 0.0
-3.889e-6 -1.36115e-5 0.1571953913 0.0 0.0
-1.9445e-6 -1.36115e-5 0.1310383593 0.0 0.0
0.0 -1.36115e-5 0.1793434945 0.0 0.0
1.9445e-6 -1.36115e-5 0.2523160029 0.0 0.0
3.889e-6 -1.36115e-5 0.2251085958 0.0 0.0
5.8335e-6 -1.36115e-5 0.1467593221 0.0 0.0
7.778e-6 -1.36115e-5 0.0817978354 0.0 0.0
9.7225e-6 -1.36115e-5 0.1187187313 0.0 0.0
1.1667e-5 -1.36115e-5 0.6351383669 0.0 0.0
1.36115e-5 -1.36115e-5 0.5559638675 0.0 0.0
1.5556e-5 -1.36115e-5 0.1165336852 0.0 0.0
1.75005e-5 -1.36115e-5 0.2061975867 0.0 0.0
1.9445e-5 -1.36115e-5 0.1107197422 0.0 0.0
2.13895e-5 -1.36115e-5 0.2169740697 0.0 0.0
2.3334e-5 -1.36115e-5 0.091645362 0.0 0.0
2.52785e-5 -1.36115e-5 0.1557790778 0.0 0.0
2.7223e-5 -1.36115e-5 0.1603219459 0.0 0.0
2.91675e-5 -1.36115e-5 0.1304673076 0.0 0.0
3.1112e-5 -1.36115e-5 0.099794965 0.0 0.0
3.30565e-5 -1.36115e-5 0.0260846383 0.0 0.0
3.5001e-5 -1.36115e-5 0.0117988649 0.0 0.0
3.69455e-5 -1.36115e-5 0.0113842343 0.0 0.0
3.889e-5 -1.36115e-5 0.0062532684 0.0 0.0
4.08345e-5 -1.36115e-5 0.0108271943 0.0 0.0
4.2779e-5 -1.36115e-5 0.0118145008 0.0 0.0
4.47235e-5 -1.36115e-5 0.0097469933 0.0 0.0
4.6668e-5 -1.36115e-5 0.0087698096 0.0 0.0
4.86125e-5 -1.36115e-5 0.0020300741 0.0 0.0
5.0557e-5 -1.36115e-5 0.0013911564 0.0 0.0
5.25015e-5 -1.36115e-5 0.0019558207 0.0 0.0
5.4446e-5 -1.36115e-5 0.0024016536 0.0 0.0
5.63905e-5 -1.36115e-5 0.0013144878 0.0 0.0
5.8335e-5 -1.36115e-5 0.0007606759 0.0 0.0
6.02795e-5 -1.36115e-5 0.0004587048 0.0 0.0
6.2224e-5 -1.36115e-5 0.0008525407 0.0 0.0
6.41685e-5 -1.36115e-5 0.0007218331 0.0 0.0
6.6113e-5 -1.36115e-5 0.0006108092 0.0 0.0
6.80575e-5 -1.36115e-5 0.0006609977 0.0 0.0
7.0002e-5 -1.36115e-5 0.0011551519 0.0 0.0
7.19465e-5 -1.36115e-5 0.0017395603 0.0 0.0
7.3891e-5 -1.36115e-5 0.0006790316 0.0 0.0
7.58355e-5 -1.36115e-5 0.0005366096 0.0 0.0
7.778e-5 -1.36115e-5 0.0003854066 0.0 0.0
7.97245e-5 -1.36115e-5 0.0002781585 0.0 0.0
8.1669e-5 -1.36115e-5 0.0001092632 0.0 0.0
8.36136e-5 -1.36115e-5 0.0001508885 0.0 0.0
8.55581e-5 -1.36115e-5 0.0001550008 0.0 0.0
8.75026e-5 -1.36115e-5 0.0001513333 0.0 0.0
8.94471e-5 -1.36115e-5 6.89757e-5 0.0 0.0
9.13916e-5 -1.36115e-5 0.0001205392 0.0 0.0
9.33361e-5 -1.36115e-5 7.75687e-5 0.0 0.0
9.52806e-5 -1.36115e-5 5.84876e-5 0.0 0.0
-9.72251e-5 -1.1667e-5 1.88324e-5 0.0 0.0
-9.52806e-5 -1.1667e-5 0.0003214654 0.0 0.0
-9.33361e-5 -1.1667e-5 8.8976e-6 0.0 0.0
-9.13916e-5 -1.1667e-5 8.0737e-5 0.0 0.0
-8.94471e-5 -1.1667e-5 0.00053204 0.0 0.0
-8.75026e-5 -1.1667e-5 0.0001647817 0.0 0.0
-8.55581e-5 -1.1667e-5 0.001058463 0.0 0.0
-8.36136e-5 -1.1667e-5 0.0021219295 0.0 0.0
-8.1669e-5 -1.1667e-5 0.0043479689 0.0 0.0
-7.97245e-5 -1.1667e-5 0.0068520117 0.0 0.0
-7.778e-5 -1.1667e-5 0.0063614949 0.0 0.0
-7.58355e-5 -1.1667e-5 0.0060814571 0.0 0.0
-7.3891e-5 -1.1667e-5 0.0054301478 0.0 0.0
-7.19465e-5 -1.1667e-5 0.0039432462 0.0 0.0
-7.0002e-5 -1.1667e-5 0.0029107352 0.0 0.0
-6.80575e-5 -1.1667e-5 0.0038017885 0.0 0.0
-6.6113e-5 -1.1667e-5 0.0026556239 0.0 0.0
-6.41685e-5 -1.1667e-5 0.0036647597 0.0 0.0
-6.2224e-5 -1.1667e-5 0.0027012922 0.0 0.0
-6.02795e-5 -1.1667e-5 0.0058734761 0.0 0.0
-5.8335e-5 -1.1667e-5 0.0143007258 0.0 0.0
-5.63905e-5 -1.1667e-5 0.0132910474 0.0 0.0
-5.4446e-5 -1.1667e-5 0.0052047624 0.0 0.0
-5.25015e-5 -1.1667e-5 0.0072970938 0.0 0.0
-5.0557e-5 -1.1667e-5 0.014063061 0.0 0.0
-4.86125e-5 -1.1667e-5 0.0145964856 0.0 0.0
-4.6668e-5 -1.1667e-5 0.0152212582 0.0 0.0
-4.47235e-5 -1.1667e-5 0.0229961428 0.0 0.0
-4.2779e-5 -1.1667e-5 0.0108368924 0.0 0.0
-4.08345e-5 -1.1667e-5 0.0227041231 0.0 0.0
-3.889e-5 -1.1667e-5 0.0196030661 0.0 0.0
-3.69455e-5 -1.1667e-5 0.0143858176 0.0 0.0
-3.5001e-5 -1.1667e-5 0.0476979464 0.0 0.0
-3.30565e-5 -1.1667e-5 0.0778870899 0.0 0.0
-3.1112e-5 -1.1667e-5 0.1822368411 0.0 0.0
-2.91675e-5 -1.1667e-5 0.2693901871 0.0 0.0
-2.7223e-5 -1.1667e-5 0.3287653633 0.0 0.0
-2.52785e-5 -1.1667e-5 0.3975361859 0.0 0.0
-2.3334e-5 -1.1667e-5 0.60829236 0.0 0.0
-2.13895e-5 -1.1667e-5 0.5070040901 0.0 0.0
-1.9445e-5 -1.1667e-5 0.4087288908 0.0 0.0
-1.75005e-5 -1.1667e-5 0.5290276125 0.0 0.0
-1.5556e-5 -1.1667e-5 0.378274346 0.0 0.0
-1.36115e-5 -1.1667e-5 0.318186809 0.0 0.0
-1.1667e-5 -1.1667e-5 0.172023407 0.0 0.0
-9.7225e-6 -1.1667e-5 0.0435849579 0.0 0.0
-7.778e-6 -1.1667e-5 0.1253643763 0.0 0.0
-5.8335e-6 -1.1667e-5 0.0255065454 0.0 0.0
-3.889e-6 -1.1667e-5 0.019694612 0.0 0.0
-1.9445e-6 -1.1667e-5 0.0167975049 0.0 0.0
0.0 -1.1667e-5 0.0361112768 0.0 0.0
1.9445e-6 -1.1667e-5 0.0553232723 0.0 0.0
3.889e-6 -1.1667e-5 0.196205117 0.0 0.0
5.8335e-6 -1.1667e-5 0.1912781336 0.0 0.0
7.778e-6 -1.1667e-5 0.1080093364 0.0 0.0
9.7225e-6 -1.1667e-5 0.093201057 0.0 0.0
1.1667e-5 -1.1667e-5 0.009825219 0.0 0.0
1.36115e-5 -1.1667e-5 0.5387635104 0.0 0.0
1.5556e-5 -1.1667e-5 0.2374384688 0.0 0.0
1.75005e-5 -1.1667e-5 0.186783355 0.0 0.0
1.9445e-5 -1.1667e-5 0.141669858 0.0 0.0
2.13895e-5 -1.1667e-5 0.2658641223 0.0 0.0
2.3334e-5 -1.1667e-5 0.130319717 0.0 0.0
2.52785e-5 -1.1667e-5 0.2122072088 0.0 0.0
2.7223e-5 -1.1667e-5 0.147806518 0.0 0.0
2.91675e-5 -1.1667e-5 0.1059977721 0.0 0.0
3.1112e-5 -1.1667e-5 0.0839668746 0.0 0.0
3.30565e-5 -1.1667e-5 0.0211703898 0.0 0.0
3.5001e-5 -1.1667e-5 0.0218238431 0.0 0.0
3.69455e-5 -1.1667e-5 0.0099733142 0.0 0.0
3.889e-5 -1.1667e-5 0.0058313509 0.0 0.0
4.08345e-5 -1.1667e-5 0.0108683033 0.0 0.0
4.2779e-5 -1.1667e-5 0.0110926316 0.0 0.0
4.47235e-5 -1.1667e-5 0.0089540579 0.0 0.0
4.6668e-5 -1.1667e-5 0.0126923599 0.0 0.0
4.86125e-5 -1.1667e-5 0.0032122224 0.0 0.0
5.0557e-5 -1.1667e-5 0.0044407094 0.0 0.0
5.25015e-5 -1.1667e-5 0.0031665381 0.0 0.0
5.4446e-5 -1.1667e-5 0.0036055892 0.0 0.0
5.63905e-5 -1.1667e-5 0.0011938979 0.0 0.0
5.8335e-5 -1.1667e-5 0.0001697093 0.0 0.0
6.02795e-5 -1.1667e-5 0.0001610089 0.0 0.0
6.2224e-5 -1.1667e-5 0.0005536658 0.0 0.0
6.41685e-5 -1.1667e-5 0.0006340002 0.0 0.0
6.6113e-5 -1.1667e-5 0.0005927601 0.0 0.0
6.80575e-5 -1.1667e-5 0.0007220968 0.0 0.0
7.0002e-5 -1.1667e-5 0.0015371448 0.0 0.0
7.19465e-5 -1.1667e-5 0.0019297071 0.0 0.0
7.3891e-5 -1.1667e-5 0.0005129095 0.0 0.0
7.58355e-5 -1.1667e-5 0.0002905803 0.0 0.0
7.778e-5 -1.1667e-5 0.0001870665 0.0 0.0
7.97245e-5 -1.1667e-5 6.68988e-5 0.0 0.0
8.1669e-5 -1.1667e-5 0.0002955468 0.0 0.0
8.36136e-5 -1.1667e-5 4.53967e-5 0.0 0.0
8.55581e-5 -1.1667e-5 7.25198e-5 0.0 0.0
8.75026e-5 -1.1667e-5 6.86352e-5 0.0 0.0
8.94471e-5 -1.1667e-5 0.0001200566 0.0 0.0
9.13916e-5 -1.1667e-5 6.86152e-5 0.0 0.0
9.33361e-5 -1.1667e-5 9.20456e-5 0.0 0.0
9.52806e-5 -1.1667e-5 6.86167e-5 0.0 0.0
-9.72251e-5 -9.7225e-6 0.0001125501 0.0 0.0
-9.52806e-5 -9.7225e-6 4.743e-7 0.0 0.0
-9.33361e-5 -9.7225e-6 0.0002964234 0.0 0.0
-9.13916e-5 -9.7225e-6 3.5743e-6 0.0 0.0
-8.94471e-5 -9.7225e-6 0.0004299579 0.0 0.0
-8.75026e-5 -9.7225e-6 0.0001004098 0.0 0.0
-8.55581e-5 -9.7225e-6 0.0022257592 0.0 0.0
-8.36136e-5 -9.7225e-6 0.0044281663 0.0 0.0
-8.1669e-5 -9.7225e-6 0.0051941495 0.0 0.0
-7.97245e-5 -9.7225e-6 0.0064934915 0.0 0.0
-7.778e-5 -9.7225e-6 0.0057220485 0.0 0.0
-7.58355e-5 -9.7225e-6 0.0051789736 0.0 0.0
-7.3891e-5 -9.7225e-6 0.0042478822 0.0 0.0
-7.19465e-5 -9.7225e-6 0.0030624247 0.0 0.0
-7.0002e-5 -9.7225e-6 0.0021040161 0.0 0.0
-6.80575e-5 -9.7225e-6 0.0034094152 0.0 0.0
-6.6113e-5 -9.7225e-6 0.002749148 0.0 0.0
-6.41685e-5 -9.7225e-6 0.0051533651 0.0 0.0
-6.2224e-5 -9.7225e-6 0.0038201561 0.0 0.0
-6.02795e-5 -9.7225e-6 0.0079687249 0.0 0.0
-5.8335e-5 -9.7225e-6 0.0101918764 0.0 0.0
-5.63905e-5 -9.7225e-6 0.0093650317 0.0 0.0
-5.4446e-5 -9.7225e-6 0.0125373971 0.0 0.0
-5.25015e-5 -9.7225e-6 0.0079835132 0.0 0.0
-5.0557e-5 -9.7225e-6 0.0149556803 0.0 0.0
-4.86125e-5 -9.7225e-6 0.0157695458 0.0 0.0
-4.6668e-5 -9.7225e-6 0.0151130042 0.0 0.0
-4.47235e-5 -9.7225e-6 0.012764297 0.0 0.0
-4.2779e-5 -9.7225e-6 0.0088649471 0.0 0.0
-4.08345e-5 -9.7225e-6 0.0206669011 0.0 0.0
-3.889e-5 -9.7225e-6 0.0233811192 0.0 0.0
-3.69455e-5 -9.7225e-6 0.0382475941 0.0 0.0
-3.5001e-5 -9.7225e-6 0.0636970891 0.0 0.0
-3.30565e-5 -9.7225e-6 0.1384784589 0.0 0.0
-3.1112e-5 -9.7225e-6 0.1870183006 0.0 0.0
-2.91675e-5 -9.7225e-6 0.2994246351 0.0 0.0
-2.7223e-5 -9.7225e-6 0.3579627508 0.0 0.0
-2.52785e-5 -9.7225e-6 0.4493051924 0.0 0.0
-2.3334e-5 -9.7225e-6 0.5261720916 0.0 0.0
-2.13895e-5 -9.7225e-6 0.3918063862 0.0 0.0
-1.9445e-5 -9.7225e-6 0.5021661408 0.0 0.0
-1.75005e-5 -9.7225e-6 0.3834893234 0.0 0.0
-1.5556e-5 -9.7225e-6 0.2718057954 0.0 0.0
-1.36115e-5 -9.7225e-6 0.1491709819 0.0 0.0
-1.1667e-5 -9.7225e-6 0.1329574786 0.0 0.0
-9.7225e-6 -9.7225e-6 0.0142422168 0.0 0.0
-7.778e-6 -9.7225e-6 0.0384262516 0.0 0.0
-5.8335e-6 -9.7225e-6 0.0029537178 0.0 0.0
-3.889e-6 -9.7225e-6 0.0001957419 0.0 0.0
-1.9445e-6 -9.7225e-6 0.000444783 0.0 0.0
0.0 -9.7225e-6 2.81523e-5 0.0 0.0
1.9445e-6 -9.7225e-6 0.001654318 0.0 0.0
3.889e-6 -9.7225e-6 0.079462621 0.0 0.0
5.8335e-6 -9.7225e-6 0.1068937473 0.0 0.0
7.778e-6 -9.7225e-6 0.079825223 0.0 0.0
9.7225e-6 -9.7225e-6 0.0040829552 0.0 0.0
1.1667e-5 -9.7225e-6 0.0969918864 0.0 0.0
1.36115e-5 -9.7225e-6 0.2726704241 0.0 0.0
1.5556e-5 -9.7225e-6 0.3266928952 0.0 0.0
1.75005e-5 -9.7225e-6 0.4214470943 0.0 0.0
1.9445e-5 -9.7225e-6 0.1695347314 0.0 0.0
2.13895e-5 -9.7225e-6 0.2692435154 0.0 0.0
2.3334e-5 -9.7225e-6 0.1374378609 0.0 0.0
2.52785e-5 -9.7225e-6 0.2190884954 0.0 0.0
2.7223e-5 -9.7225e-6 0.1226356753 0.0 0.0
2.91675e-5 -9.7225e-6 0.1170363431 0.0 0.0
3.1112e-5 -9.7225e-6 0.0775305803 0.0 0.0
3.30565e-5 -9.7225e-6 0.0250865761 0.0 0.0
3.5001e-5 -9.7225e-6 0.0191550365 0.0 0.0
3.69455e-5 -9.7225e-6 0.0076884518 0.0 0.0
3.889e-5 -9.7225e-6 0.0134774647 0.0 0.0
4.08345e-5 -9.7225e-6 0.0091233636 0.0 0.0
4.2779e-5 -9.7225e-6 0.0110859259 0.0 0.0
4.47235e-5 -9.7225e-6 0.008163319 0.0 0.0
4.6668e-5 -9.7225e-6 0.0128318033 0.0 0.0
4.86125e-5 -9.7225e-6 0.0072633244 0.0 0.0
5.0557e-5 -9.7225e-6 0.0042270407 0.0 0.0
5.25015e-5 -9.7225e-6 0.0049977378 0.0 0.0
5.4446e-5 -9.7225e-6 0.0025643911 0.0 0.0
5.63905e-5 -9.7225e-6 0.0004080154 0.0 0.0
5.8335e-5 -9.7225e-6 0.0005861315 0.0 0.0
6.02795e-5 -9.7225e-6 0.0005590237 0.0 0.0
6.2224e-5 -9.7225e-6 0.0003475484 0.0 0.0
6.41685e-5 -9.7225e-6 0.0004561205 0.0 0.0
6.6113e-5 -9.7225e-6 0.0007994516 0.0 0.0
6.80575e-5 -9.7225e-6 0.0009433983 0.0 0.0
7.0002e-5 -9.7225e-6 0.0017497396 0.0 0.0
7.19465e-5 -9.7225e-6 0.0022963176 0.0 0.0
7.3891e-5 -9.7225e-6 0.0008020476 0.0 0.0
7.58355e-5 -9.7225e-6 0.000161266 0.0 0.0
7.778e-5 -9.7225e-6 0.0001029319 0.0 0.0
7.97245e-5 -9.7225e-6 0.0002864878 0.0 0.0
8.1669e-5 -9.7225e-6 7.07963e-5 0.0 0.0
8.36136e-5 -9.7225e-6 0.0002128134 0.0 0.0
8.55581e-5 -9.7225e-6 0.0001860947 0.0 0.0
8.75026e-5 -9.7225e-6 0.0001426925 0.0 0.0
8.94471e-5 -9.7225e-6 0.0001532604 0.0 0.0
9.13916e-5 -9.7225e-6 7.84521e-5 0.0 0.0
9.33361e-5 -9.7225e-6 5.73892e-5 0.0 0.0
9.52806e-5 -9.7225e-6 4.40523e-5 0.0 0.0
-9.72251e-5 -7.778e-6 1.9e-9 0.0 0.0
-9.52806e-5 -7.778e-6 1.5559e-6 0.0 0.0
-9.33361e-5 -7.778e-6 0.0006465482 0.0 0.0
-9.13916e-5 -7.778e-6 0.0001384979 0.0 0.0
-8.94471e-5 -7.778e-6 0.0002010236 0.0 0.0
-8.75026e-5 -7.778e-6 0.0023759702 0.0 0.0
-8.55581e-5 -7.778e-6 0.0041330267 0.0 0.0
-8.36136e-5 -7.778e-6 0.0050759549 0.0 0.0
-8.1669e-5 -7.778e-6 0.006638838 0.0 0.0
-7.97245e-5 -7.778e-6 0.0057384531 0.0 0.0
-7.778e-5 -7.778e-6 0.0044249329 0.0 0.0
-7.58355e-5 -7.778e-6 0.004193663 0.0 0.0
-7.3891e-5 -7.778e-6 0.0033925773 0.0 0.0
-7.19465e-5 -7.778e-6 0.0024232068 0.0 0.0
-7.0002e-5 -7.778e-6 0.0022727637 0.0 0.0
-6.80575e-5 -7.778e-6 0.0011857619 0.0 0.0
-6.6113e-5 -7.778e-6 0.0038634658 0.0 0.0
-6.41685e-5 -7.778e-6 0.0034729997 0.0 0.0
-6.2224e-5 -7.778e-6 0.0069511244 0.0 0.0
-6.02795e-5 -7.778e-6 0.0097178992 0.0 0.0
-5.8335e-5 -7.778e-6 0.0120940448 0.0 0.0
-5.63905e-5 -7.778e-6 0.0077555876 0.0 0.0
-5.4446e-5 -7.778e-6 0.0134742334 0.0 0.0
-5.25015e-5 -7.778e-6 0.0091825896 0.0 0.0
-5.0557e-5 -7.778e-6 0.0184058942 0.0 0.0
-4.86125e-5 -7.778e-6 0.0225958045 0.0 0.0
-4.6668e-5 -7.778e-6 0.0210354782 0.0 0.0
-4.47235e-5 -7.778e-6 0.0206843632 0.0 0.0
-4.2779e-5 -7.778e-6 0.0181550018 0.0 0.0
-4.08345e-5 -7.778e-6 0.0231737991 0.0 0.0
-3.889e-5 -7.778e-6 0.0280645431 0.0 0.0
-3.69455e-5 -7.778e-6 0.0413053919 0.0 0.0
-3.5001e-5 -7.778e-6 0.1411894768 0.0 0.0
-3.30565e-5 -7.778e-6 0.1368002766 0.0 0.0
-3.1112e-5 -7.778e-6 0.2009953998 0.0 0.0
-2.91675e-5 -7.778e-6 0.2964264157 0.0 0.0
-2.7223e-5 -7.778e-6 0.3580948361 0.0 0.0
-2.52785e-5 -7.778e-6 0.5227143561 0.0 0.0
-2.3334e-5 -7.778e-6 0.4719378334 0.0 0.0
-2.13895e-5 -7.778e-6 0.5973750962 0.0 0.0
-1.9445e-5 -7.778e-6 0.4701307427 0.0 0.0
-1.75005e-5 -7.778e-6 0.2737436566 0.0 0.0
-1.5556e-5 -7.778e-6 0.1138464641 0.0 0.0
-1.36115e-5 -7.778e-6 0.1372221039 0.0 0.0
-1.1667e-5 -7.778e-6 0.0253887436 0.0 0.0
-9.7225e-6 -7.778e-6 0.0063543193 0.0 0.0
-7.778e-6 -7.778e-6 0.000144771 0.0 0.0
-5.8335e-6 -7.778e-6 0.0 0.0 0.0
-3.889e-6 -7.778e-6 0.0 0.0 0.0
-1.9445e-6 -7.778e-6 0.0 0.0 0.0
0.0 -7.778e-6 0.0 0.0 0.0
1.9445e-6 -7.778e-6 2.79718e-5 0.0 0.0
3.889e-6 -7.778e-6 0.0022316913 0.0 0.0
5.8335e-6 -7.778e-6 0.0699166761 0.0 0.0
7.778e-6 -7.778e-6 0.1057754971 0.0 0.0
9.7225e-6 -7.778e-6 0.1074237529 0.0 0.0
1.1667e-5 -7.778e-6 0.0194667392 0.0 0.0
1.36115e-5 -7.778e-6 0.0280553835 0.0 0.0
1.5556e-5 -7.778e-6 0.3581439853 0.0 0.0
1.75005e-5 -7.778e-6 0.8026924541 0.0 0.0
1.9445e-5 -7.778e-6 0.1988981868 0.0 0.0
2.13895e-5 -7.778e-6 0.2813764597 0.0 0.0
2.3334e-5 -7.778e-6 0.183958371 0.0 0.0
2.52785e-5 -7.778e-6 0.169777396 0.0 0.0
2.7223e-5 -7.778e-6 0.1016183032 0.0 0.0
2.91675e-5 -7.778e-6 0.1276379906 0.0 0.0
3.1112e-5 -7.778e-6 0.059749297 0.0 0.0
3.30565e-5 -7.778e-6 0.0247602615 0.0 0.0
3.5001e-5 -7.778e-6 0.0184659641 0.0 0.0
3.69455e-5 -7.778e-6 0.0081180139 0.0 0.0
3.889e-5 -7.778e-6 0.0106408282 0.0 0.0
4.08345e-5 -7.778e-6 0.0081752221 0.0 0.0
4.2779e-5 -7.778e-6 0.0085405246 0.0 0.0
4.47235e-5 -7.778e-6 0.0061034374 0.0 0.0
4.6668e-5 -7.778e-6 0.011628163 0.0 0.0
4.86125e-5 -7.778e-6 0.007763939 0.0 0.0
5.0557e-5 -7.778e-6 0.0077477433 0.0 0.0
5.25015e-5 -7.778e-6 0.0059382881 0.0 0.0
5.4446e-5 -7.778e-6 0.0013131151 0.0 0.0
5.63905e-5 -7.778e-6 4.40021e-5 0.0 0.0
5.8335e-5 -7.778e-6 4.9684e-5 0.0 0.0
6.02795e-5 -7.778e-6 0.0001824053 0.0 0.0
6.2224e-5 -7.778e-6 0.0007618038 0.0 0.0
6.41685e-5 -7.778e-6 0.0007647748 0.0 0.0
6.6113e-5 -7.778e-6 0.000841258 0.0 0.0
6.80575e-5 -7.778e-6 0.0012666288 0.0 0.0
7.0002e-5 -7.778e-6 0.0020112441 0.0 0.0
7.19465e-5 -7.778e-6 0.00192793 0.0 0.0
7.3891e-5 -7.778e-6 0.0006536632 0.0 0.0
7.58355e-5 -7.778e-6 0.0005439101 0.0 0.0
7.778e-5 -7.778e-6 0.0003064235 0.0 0.0
7.97245e-5 -7.778e-6 7.22098e-5 0.0 0.0
8.1669e-5 -7.778e-6 5.3207e-6 0.0 0.0
8.36136e-5 -7.778e-6 4.50219e-5 0.0 0.0
8.55581e-5 -7.778e-6 0.0002428404 0.0 0.0
8.75026e-5 -7.778e-6 0.0001782343 0.0 0.0
8.94471e-5 -7.778e-6 8.04347e-5 0.0 0.0
9.13916e-5 -7.778e-6 9.9039e-5 0.0 0.0
9.33361e-5 -7.778e-6 6.17551e-5 0.0 0.0
9.52806e-5 -7.778e-6 4.53253e-5 0.0 0.0
-9.72251e-5 -5.8335e-6 3.68944e-5 0.0 0.0
-9.52806e-5 -5.8335e-6 1.8e-9 0.0 0.0
-9.33361e-5 -5.8335e-6 0.0002938685 0.0 0.0
-9.13916e-5 -5.8335e-6 0.0003988349 0.0 0.0
-8.94471e-5 -5.8335e-6 0.0016646427 0.0 0.0
-8.75026e-5 -5.8335e-6 0.0031789185 0.0 0.0
-8.55581e-5 -5.8335e-6 0.0054121466 0.0 0.0
-8.36136e-5 -5.8335e-6 0.0054207806 0.0 0.0
-8.1669e-5 -5.8335e-6 0.005083272 0.0 0.0
-7.97245e-5 -5.8335e-6 0.0039721864 0.0 0.0
-7.778e-5 -5.8335e-6 0.0030647631 0.0 0.0
-7.58355e-5 -5.8335e-6 0.0026957947 0.0 0.0
-7.3891e-5 -5.8335e-6 0.0024954841 0.0 0.0
-7.19465e-5 -5.8335e-6 0.0015544634 0.0 0.0
-7.0002e-5 -5.8335e-6 0.001485044 0.0 0.0
-6.80575e-5 -5.8335e-6 0.0017962782 0.0 0.0
-6.6113e-5 -5.8335e-6 0.0016975385 0.0 0.0
-6.41685e-5 -5.8335e-6 0.0046207564 0.0 0.0
-6.2224e-5 -5.8335e-6 0.0076167028 0.0 0.0
-6.02795e-5 -5.8335e-6 0.0120242656 0.0 0.0
-5.8335e-5 -5.8335e-6 0.0096697718 0.0 0.0
-5.63905e-5 -5.8335e-6 0.0072319808 0.0 0.0
-5.4446e-5 -5.8335e-6 0.0108441346 0.0 0.0
-5.25015e-5 -5.8335e-6 0.0098639374 0.0 0.0
-5.0557e-5 -5.8335e-6 0.0140233996 0.0 0.0
-4.86125e-5 -5.8335e-6 0.0194556587 0.0 0.0
-4.6668e-5 -5.8335e-6 0.0194355461 0.0 0.0
-4.47235e-5 -5.8335e-6 0.0162569181 0.0 0.0
-4.2779e-5 -5.8335e-6 0.0134674694 0.0 0.0
-4.08345e-5 -5.8335e-6 0.0188519815 0.0 0.0
-3.889e-5 -5.8335e-6 0.0281810775 0.0 0.0
-3.69455e-5 -5.8335e-6 0.1021374437 0.0 0.0
-3.5001e-5 -5.8335e-6 0.1215414043 0.0 0.0
-3.30565e-5 -5.8335e-6 0.1312566661 0.0 0.0
-3.1112e-5 -5.8335e-6 0.1968130885 0.0 0.0
-2.91675e-5 -5.8335e-6 0.3079463596 0.0 0.0
-2.7223e-5 -5.8335e-6 0.4977845274 0.0 0.0
-2.52785e-5 -5.8335e-6 0.4864426074 0.0 0.0
-2.3334e-5 -5.8335e-6 0.4395520077 0.0 0.0
-2.13895e-5 -5.8335e-6 0.49028383 0.0 0.0
-1.9445e-5 -5.8335e-6 0.2993521388 0.0 0.0
-1.75005e-5 -5.8335e-6 0.107602558 0.0 0.0
-1.5556e-5 -5.8335e-6 0.1056865288 0.0 0.0
-1.36115e-5 -5.8335e-6 0.0404261824 0.0 0.0
-1.1667e-5 -5.8335e-6 0.0044288302 0.0 0.0
-9.7225e-6 -5.8335e-6 0.0001751184 0.0 0.0
-7.778e-6 -5.8335e-6 0.0 0.0 0.0
-5.8335e-6 -5.8335e-6 0.0 0.0 0.0
-3.889e-6 -5.8335e-6 0.0 0.0 0.0
-1.9445e-6 -5.8335e-6 0.0 0.0 0.0
0.0 -5.8335e-6 0.0 0.0 0.0
1.9445e-6 -5.8335e-6 0.0 0.0 0.0
3.889e-6 -5.8335e-6 0.0 0.0 0.0
5.8335e-6 -5.8335e-6 0.0020479069 0.0 0.0
7.778e-6 -5.8335e-6 0.0569223586 0.0 0.0
9.7225e-6 -5.8335e-6 0.0932538061 0.0 0.0
1.1667e-5 -5.8335e-6 0.0296060927 0.0 0.0
1.36115e-5 -5.8335e-6 0.0475356949 0.0 0.0
1.5556e-5 -5.8335e-6 0.2950594585 0.0 0.0
1.75005e-5 -5.8335e-6 0.4341734906 0.0 0.0
1.9445e-5 -5.8335e-6 0.4041739556 0.0 0.0
2.13895e-5 -5.8335e-6 0.2595203732 0.0 0.0
2.3334e-5 -5.8335e-6 0.1767161357 0.0 0.0
2.52785e-5 -5.8335e-6 0.0928694065 0.0 0.0
2.7223e-5 -5.8335e-6 0.0667772345 0.0 0.0
2.91675e-5 -5.8335e-6 0.1336599229 0.0 0.0
3.1112e-5 -5.8335e-6 0.0762496448 0.0 0.0
3.30565e-5 -5.8335e-6 0.0423144172 0.0 0.0
3.5001e-5 -5.8335e-6 0.0182339955 0.0 0.0
3.69455e-5 -5.8335e-6 0.007920423 0.0 0.0
3.889e-5 -5.8335e-6 0.0108337339 0.0 0.0
4.08345e-5 -5.8335e-6 0.0146513214 0.0 0.0
4.2779e-5 -5.8335e-6 0.0081895092 0.0 0.0
4.47235e-5 -5.8335e-6 0.0122229479 0.0 0.0
4.6668e-5 -5.8335e-6 0.0180979136 0.0 0.0
4.86125e-5 -5.8335e-6 0.0113663565 0.0 0.0
5.0557e-5 -5.8335e-6 0.0062664724 0.0 0.0
5.25015e-5 -5.8335e-6 0.0026164865 0.0 0.0
5.4446e-5 -5.8335e-6 0.0011213482 0.0 0.0
5.63905e-5 -5.8335e-6 0.0003058078 0.0 0.0
5.8335e-5 -5.8335e-6 0.0003638025 0.0 0.0
6.02795e-5 -5.8335e-6 0.0006021743 0.0 0.0
6.2224e-5 -5.8335e-6 0.001013414 0.0 0.0
6.41685e-5 -5.8335e-6 0.0011039834 0.0 0.0
6.6113e-5 -5.8335e-6 0.0010496072 0.0 0.0
6.80575e-5 -5.8335e-6 0.0014198919 0.0 0.0
7.0002e-5 -5.8335e-6 0.0026924065 0.0 0.0
7.19465e-5 -5.8335e-6 0.0015978767 0.0 0.0
7.3891e-5 -5.8335e-6 0.0003511828 0.0 0.0
7.58355e-5 -5.8335e-6 0.0002836621 0.0 0.0
7.778e-5 -5.8335e-6 1.82821e-5 0.0 0.0
7.97245e-5 -5.8335e-6 0.0002831345 0.0 0.0
8.1669e-5 -5.8335e-6 4.06963e-5 0.0 0.0
8.36136e-5 -5.8335e-6 0.000117108 0.0 0.0
8.55581e-5 -5.8335e-6 6.51613e-5 0.0 0.0
8.75026e-5 -5.8335e-6 7.76085e-5 0.0 0.0
8.94471e-5 -5.8335e-6 8.57238e-5 0.0 0.0
9.13916e-5 -5.8335e-6 0.0001005679 0.0 0.0
9.33361e-5 -5.8335e-6 6.12819e-5 0.0 0.0
9.52806e-5 -5.8335e-6 4.65376e-5 0.0 0.0
-9.72251e-5 -3.889e-6 1.196e-7 0.0 0.0
-9.52806e-5 -3.889e-6 1.0275e-6 0.0 0.0
-9.33361e-5 -3.889e-6 0.0009328697 0.0 0.0
-9.13916e-5 -3.889e-6 0.0023941547 0.0 0.0
-8.94471e-5 -3.889e-6 0.0032620309 0.0 0.0
-8.75026e-5 -3.889e-6 0.0046388739 0.0 0.0
-8.55581e-5 -3.889e-6 0.0052213928 0.0 0.0
-8.36136e-5 -3.889e-6 0.0041486994 0.0 0.0
-8.1669e-5 -3.889e-6 0.0034562659 0.0 0.0
-7.97245e-5 -3.889e-6 0.0031102371 0.0 0.0
-7.778e-5 -3.889e-6 0.0025077438 0.0 0.0
-7.58355e-5 -3.889e-6 0.0031526713 0.0 0.0
-7.3891e-5 -3.889e-6 0.0011276228 0.0 0.0
-7.19465e-5 -3.889e-6 0.0008759016 0.0 0.0
-7.0002e-5 -3.889e-6 0.0012086095 0.0 0.0
-6.80575e-5 -3.889e-6 0.0017218689 0.0 0.0
-6.6113e-5 -3.889e-6 0.0055394608 0.0 0.0
-6.41685e-5 -3.889e-6 0.0093195653 0.0 0.0
-6.2224e-5 -3.889e-6 0.0101386001 0.0 0.0
-6.02795e-5 -3.889e-6 0.0101760252 0.0 0.0
-5.8335e-5 -3.889e-6 0.009234417 0.0 0.0
-5.63905e-5 -3.889e-6 0.006708081 0.0 0.0
-5.4446e-5 -3.889e-6 0.0122602149 0.0 0.0
-5.25015e-5 -3.889e-6 0.0174043608 0.0 0.0
-5.0557e-5 -3.889e-6 0.0176156211 0.0 0.0
-4.86125e-5 -3.889e-6 0.0254710671 0.0 0.0
-4.6668e-5 -3.889e-6 0.0161317471 0.0 0.0
-4.47235e-5 -3.889e-6 0.0119822493 0.0 0.0
-4.2779e-5 -3.889e-6 0.0208941759 0.0 0.0
-4.08345e-5 -3.889e-6 0.0211352832 0.0 0.0
-3.889e-5 -3.889e-6 0.0629931288 0.0 0.0
-3.69455e-5 -3.889e-6 0.1034392318 0.0 0.0
-3.5001e-5 -3.889e-6 0.1029832263 0.0 0.0
-3.30565e-5 -3.889e-6 0.1216747014 0.0 0.0
-3.1112e-5 -3.889e-6 0.2106532714 0.0 0.0
-2.91675e-5 -3.889e-6 0.3120430433 0.0 0.0
-2.7223e-5 -3.889e-6 0.4507636993 0.0 0.0
-2.52785e-5 -3.889e-6 0.3618888022 0.0 0.0
-2.3334e-5 -3.889e-6 0.4927547921 0.0 0.0
-2.13895e-5 -3.889e-6 0.2856997819 0.0 0.0
-1.9445e-5 -3.889e-6 0.5607890637 0.0 0.0
-1.75005e-5 -3.889e-6 0.21210608 0.0 0.0
-1.5556e-5 -3.889e-6 0.1209666482 0.0 0.0
-1.36115e-5 -3.889e-6 0.0355303139 0.0 0.0
-1.1667e-5 -3.889e-6 0.0002671012 0.0 0.0
-9.7225e-6 -3.889e-6 1.7e-9 0.0 0.0
-7.778e-6 -3.889e-6 0.0 0.0 0.0
-5.8335e-6 -3.889e-6 0.0 0.0 0.0
-3.889e-6 -3.889e-6 0.0 0.0 0.0
-1.9445e-6 -3.889e-6 0.0 0.0 0.0
0.0 -3.889e-6 0.0 0.0 0.0
1.9445e-6 -3.889e-6 0.0 0.0 0.0
3.889e-6 -3.889e-6 0.0 0.0 0.0
5.8335e-6 -3.889e-6 5.44333e-5 0.0 0.0
7.778e-6 -3.889e-6 0.0413241503 0.0 0.0
9.7225e-6 -3.889e-6 0.0141274227 0.0 0.0
1.1667e-5 -3.889e-6 0.0343833791 0.0 0.0
1.36115e-5 -3.889e-6 0.0323730395 0.0 0.0
1.5556e-5 -3.889e-6 0.3515747583 0.0 0.0
1.75005e-5 -3.889e-6 0.518478741 0.0 0.0
1.9445e-5 -3.889e-6 0.6520477463 0.0 0.0
2.13895e-5 -3.889e-6 0.2705537279 0.0 0.0
2.3334e-5 -3.889e-6 0.1389214218 0.0 0.0
2.52785e-5 -3.889e-6 0.0847864964 0.0 0.0
2.7223e-5 -3.889e-6 0.0405939394 0.0 0.0
2.91675e-5 -3.889e-6 0.0835570062 0.0 0.0
3.1112e-5 -3.889e-6 0.0893494911 0.0 0.0
3.30565e-5 -3.889e-6 0.0392896863 0.0 0.0
3.5001e-5 -3.889e-6 0.01476502 0.0 0.0
3.69455e-5 -3.889e-6 0.0087728005 0.0 0.0
3.889e-5 -3.889e-6 0.0083594711 0.0 0.0
4.08345e-5 -3.889e-6 0.0164951594 0.0 0.0
4.2779e-5 -3.889e-6 0.0082443232 0.0 0.0
4.47235e-5 -3.889e-6 0.0121401254 0.0 0.0
4.6668e-5 -3.889e-6 0.0163180579 0.0 0.0
4.86125e-5 -3.889e-6 0.0124414044 0.0 0.0
5.0557e-5 -3.889e-6 0.0051020772 0.0 0.0
5.25015e-5 -3.889e-6 0.0005635462 0.0 0.0
5.4446e-5 -3.889e-6 2.1668e-6 0.0 0.0
5.63905e-5 -3.889e-6 0.0007716509 0.0 0.0
5.8335e-5 -3.889e-6 0.0006909351 0.0 0.0
6.02795e-5 -3.889e-6 0.0002926283 0.0 0.0
6.2224e-5 -3.889e-6 0.000659972 0.0 0.0
6.41685e-5 -3.889e-6 0.000891898 0.0 0.0
6.6113e-5 -3.889e-6 0.0010805873 0.0 0.0
6.80575e-5 -3.889e-6 0.0018702526 0.0 0.0
7.0002e-5 -3.889e-6 0.0033242248 0.0 0.0
7.19465e-5 -3.889e-6 0.0015415426 0.0 0.0
7.3891e-5 -3.889e-6 0.000749204 0.0 0.0
7.58355e-5 -3.889e-6 0.0006549985 0.0 0.0
7.778e-5 -3.889e-6 0.0002419775 0.0 0.0
7.97245e-5 -3.889e-6 1.76698e-5 0.0 0.0
8.1669e-5 -3.889e-6 0.0002123596 0.0 0.0
8.36136e-5 -3.889e-6 0.0001554897 0.0 0.0
8.55581e-5 -3.889e-6 0.0001174052 0.0 0.0
8.75026e-5 -3.889e-6 8.70548e-5 0.0 0.0
8.94471e-5 -3.889e-6 7.81268e-5 0.0 0.0
9.13916e-5 -3.889e-6 8.6294e-5 0.0 0.0
9.33361e-5 -3.889e-6 6.07518e-5 0.0 0.0
9.52806e-5 -3.889e-6 4.15837e-5 0.0 0.0
-9.72251e-5 -1.9445e-6 1.5386e-6 0.0 0.0
-9.52806e-5 -1.9445e-6 0.0001719231 0.0 0.0
-9.33361e-5 -1.9445e-6 0.0012070537 0.0 0.0
-9.13916e-5 -1.9445e-6 0.0030597439 0.0 0.0
-8.94471e-5 -1.9445e-6 0.0044701578 0.0 0.0
-8.75026e-5 -1.9445e-6 0.0037932997 0.0 0.0
-8.55581e-5 -1.9445e-6 0.0033492533 0.0 0.0
-8.36136e-5 -1.9445e-6 0.0026782801 0.0 0.0
-8.1669e-5 -1.9445e-6 0.00090839 0.0 0.0
-7.97245e-5 -1.9445e-6 0.0029720492 0.0 0.0
-7.778e-5 -1.9445e-6 0.0022841839 0.0 0.0
-7.58355e-5 -1.9445e-6 0.0014290314 0.0 0.0
-7.3891e-5 -1.9445e-6 0.0021948672 0.0 0.0
-7.19465e-5 -1.9445e-6 0.0029502052 0.0 0.0
-7.0002e-5 -1.9445e-6 0.0015098384 0.0 0.0
-6.80575e-5 -1.9445e-6 0.0031424235 0.0 0.0
-6.6113e-5 -1.9445e-6 0.0052511482 0.0 0.0
-6.41685e-5 -1.9445e-6 0.0095304174 0.0 0.0
-6.2224e-5 -1.9445e-6 0.0087023295 0.0 0.0
-6.02795e-5 -1.9445e-6 0.0091567876 0.0 0.0
-5.8335e-5 -1.9445e-6 0.0097241437 0.0 0.0
-5.63905e-5 -1.9445e-6 0.0108803218 0.0 0.0
-5.4446e-5 -1.9445e-6 0.0058339708 0.0 0.0
-5.25015e-5 -1.9445e-6 0.0182701737 0.0 0.0
-5.0557e-5 -1.9445e-6 0.0248169129 0.0 0.0
-4.86125e-5 -1.9445e-6 0.0246182628 0.0 0.0
-4.6668e-5 -1.9445e-6 0.01892804 0.0 0.0
-4.47235e-5 -1.9445e-6 0.0210501453 0.0 0.0
-4.2779e-5 -1.9445e-6 0.0258862442 0.0 0.0
-4.08345e-5 -1.9445e-6 0.0333381701 0.0 0.0
-3.889e-5 -1.9445e-6 0.0729608767 0.0 0.0
-3.69455e-5 -1.9445e-6 0.0861546916 0.0 0.0
-3.5001e-5 -1.9445e-6 0.1081177518 0.0 0.0
-3.30565e-5 -1.9445e-6 0.155430366 0.0 0.0
-3.1112e-5 -1.9445e-6 0.1835660643 0.0 0.0
-2.91675e-5 -1.9445e-6 0.3469098073 0.0 0.0
-2.7223e-5 -1.9445e-6 0.4195860987 0.0 0.0
-2.52785e-5 -1.9445e-6 0.413421308 0.0 0.0
-2.3334e-5 -1.9445e-6 0.5594727122 0.0 0.0
-2.13895e-5 -1.9445e-6 0.3209586064 0.0 0.0
-1.9445e-5 -1.9445e-6 0.1273368502 0.0 0.0
-1.75005e-5 -1.9445e-6 0.0927291786 0.0 0.0
-1.5556e-5 -1.9445e-6 0.0377148647 0.0 0.0
-1.36115e-5 -1.9445e-6 0.0419541355 0.0 0.0
-1.1667e-5 -1.9445e-6 0.0033868368 0.0 0.0
-9.7225e-6 -1.9445e-6 0.0 0.0 0.0
-7.778e-6 -1.9445e-6 0.0 0.0 0.0
-5.8335e-6 -1.9445e-6 0.0 0.0 0.0
-3.889e-6 -1.9445e-6 0.0 0.0 0.0
-1.9445e-6 -1.9445e-6 0.0 0.0 0.0
0.0 -1.9445e-6 0.0 0.0 0.0
1.9445e-6 -1.9445e-6 0.0 0.0 0.0
3.889e-6 -1.9445e-6 0.0 0.0 0.0
5.8335e-6 -1.9445e-6 1.4628e-6 0.0 0.0
7.778e-6 -1.9445e-6 0.0069590365 0.0 0.0
9.7225e-6 -1.9445e-6 0.0245525812 0.0 0.0
1.1667e-5 -1.9445e-6 0.0391158664 0.0 0.0
1.36115e-5 -1.9445e-6 0.0182474233 0.0 0.0
1.5556e-5 -1.9445e-6 0.1759613756 0.0 0.0
1.75005e-5 -1.9445e-6 0.3680918939 0.0 0.0
1.9445e-5 -1.9445e-6 0.6418847007 0.0 0.0
2.13895e-5 -1.9445e-6 0.3523926344 0.0 0.0
2.3334e-5 -1.9445e-6 0.1623886716 0.0 0.0
2.52785e-5 -1.9445e-6 0.0898538497 0.0 0.0
2.7223e-5 -1.9445e-6 0.0553273226 0.0 0.0
2.91675e-5 -1.9445e-6 0.0487891864 0.0 0.0
3.1112e-5 -1.9445e-6 0.1298804446 0.0 0.0
3.30565e-5 -1.9445e-6 0.0386466205 0.0 0.0
3.5001e-5 -1.9445e-6 0.018480401 0.0 0.0
3.69455e-5 -1.9445e-6 0.0132192479 0.0 0.0
3.889e-5 -1.9445e-6 0.0100685942 0.0 0.0
4.08345e-5 -1.9445e-6 0.0168987223 0.0 0.0
4.2779e-5 -1.9445e-6 0.0131488037 0.0 0.0
4.47235e-5 -1.9445e-6 0.0178500956 0.0 0.0
4.6668e-5 -1.9445e-6 0.0172805728 0.0 0.0
4.86125e-5 -1.9445e-6 0.0071159038 0.0 0.0
5.0557e-5 -1.9445e-6 0.0022408577 0.0 0.0
5.25015e-5 -1.9445e-6 0.0005133927 0.0 0.0
5.4446e-5 -1.9445e-6 1.44019e-5 0.0 0.0
5.63905e-5 -1.9445e-6 1.02293e-5 0.0 0.0
5.8335e-5 -1.9445e-6 0.0001178416 0.0 0.0
6.02795e-5 -1.9445e-6 0.0005378111 0.0 0.0
6.2224e-5 -1.9445e-6 0.0011361212 0.0 0.0
6.41685e-5 -1.9445e-6 0.001068116 0.0 0.0
6.6113e-5 -1.9445e-6 0.0013425357 0.0 0.0
6.80575e-5 -1.9445e-6 0.0023312006 0.0 0.0
7.0002e-5 -1.9445e-6 0.0028461116 0.0 0.0
7.19465e-5 -1.9445e-6 0.0012632648 0.0 0.0
7.3891e-5 -1.9445e-6 0.0002981663 0.0 0.0
7.58355e-5 -1.9445e-6 0.0001885153 0.0 0.0
7.778e-5 -1.9445e-6 1.09135e-5 0.0 0.0
7.97245e-5 -1.9445e-6 0.0001598683 0.0 0.0
8.1669e-5 -1.9445e-6 0.0002897789 0.0 0.0
8.36136e-5 -1.9445e-6 1.24084e-5 0.0 0.0
8.55581e-5 -1.9445e-6 0.0001657524 0.0 0.0
8.75026e-5 -1.9445e-6 9.44472e-5 0.0 0.0
8.94471e-5 -1.9445e-6 7.01251e-5 0.0 0.0
9.13916e-5 -1.9445e-6 7.94307e-5 0.0 0.0
9.33361e-5 -1.9445e-6 5.0634e-5 0.0 0.0
9.52806e-5 -1.9445e-6 4.06526e-5 0.0 0.0
-9.72251e-5 0.0 0.0004974591 0.0 0.0
-9.52806e-5 0.0 0.001200636 0.0 0.0
-9.33361e-5 0.0 0.0019780068 0.0 0.0
-9.13916e-5 0.0 0.0031372073 0.0 0.0
-8.94471e-5 0.0 0.0023094152 0.0 0.0
-8.75026e-5 0.0 0.0017334993 0.0 0.0
-8.55581e-5 0.0 0.0011437802 0.0 0.0
-8.36136e-5 0.0 0.0014021655 0.0 0.0
-8.1669e-5 0.0 0.0016320732 0.0 0.0
-7.97245e-5 0.0 0.0007768131 0.0 0.0
-7.778e-5 0.0 0.0015223637 0.0 0.0
-7.58355e-5 0.0 0.0008995799 0.0 0.0
-7.3891e-5 0.0 0.0022670618 0.0 0.0
-7.19465e-5 0.0 0.0026839199 0.0 0.0
-7.0002e-5 0.0 0.0043600549 0.0 0.0
-6.80575e-5 0.0 0.0062142158 0.0 0.0
-6.6113e-5 0.0 0.0076190558 0.0 0.0
-6.41685e-5 0.0 0.0088251754 0.0 0.0
-6.2224e-5 0.0 0.0107869341 0.0 0.0
-6.02795e-5 0.0 0.0099249641 0.0 0.0
-5.8335e-5 0.0 0.0050253944 0.0 0.0
-5.63905e-5 0.0 0.0060183652 0.0 0.0
-5.4446e-5 0.0 0.0093750729 0.0 0.0
-5.25015e-5 0.0 0.0162677659 0.0 0.0
-5.0557e-5 0.0 0.0194579149 0.0 0.0
-4.86125e-5 0.0 0.0173190264 0.0 0.0
-4.6668e-5 0.0 0.0193770574 0.0 0.0
-4.47235e-5 0.0 0.0229447608 0.0 0.0
-4.2779e-5 0.0 0.0281009373 0.0 0.0
-4.08345e-5 0.0 0.0458384511 0.0 0.0
-3.889e-5 0.0 0.0600525026 0.0 0.0
-3.69455e-5 0.0 0.1026591593 0.0 0.0
-3.5001e-5 0.0 0.103173801 0.0 0.0
-3.30565e-5 0.0 0.1035529329 0.0 0.0
-3.1112e-5 0.0 0.190044559 0.0 0.0
-2.91675e-5 0.0 0.467192506 0.0 0.0
-2.7223e-5 0.0 0.3188458772 0.0 0.0
-2.52785e-5 0.0 0.5570660686 0.0 0.0
-2.3334e-5 0.0 0.3264994623 0.0 0.0
-2.13895e-5 0.0 0.3291108312 0.0 0.0
-1.9445e-5 0.0 0.0732186633 0.0 0.0
-1.75005e-5 0.0 0.1931043725 0.0 0.0
-1.5556e-5 0.0 0.0903145944 0.0 0.0
-1.36115e-5 0.0 0.0092057203 0.0 0.0
-1.1667e-5 0.0 0.0004664035 0.0 0.0
-9.7225e-6 0.0 0.0 0.0 0.0
-7.778e-6 0.0 0.0 0.0 0.0
-5.8335e-6 0.0 0.0 0.0 0.0
-3.889e-6 0.0 0.0 0.0 0.0
-1.9445e-6 0.0 0.0 0.0 0.0
0.0 0.0 0.0 0.0 0.0
1.9445e-6 0.0 0.0 0.0 0.0
3.889e-6 0.0 0.0 0.0 0.0
5.8335e-6 0.0 1.1379e-6 0.0 0.0
7.778e-6 0.0 0.0313898367 0.0 0.0
9.7225e-6 0.0 0.0172431411 0.0 0.0
1.1667e-5 0.0 0.0290593752 0.0 0.0
1.36115e-5 0.0 0.0822024767 0.0 0.0
1.5556e-5 0.0 0.3442798104 0.0 0.0
1.75005e-5 0.0 0.2474993417 0.0 0.0
1.9445e-5 0.0 0.4516843249 0.0 0.0
2.13895e-5 0.0 0.2941209097 0.0 0.0
2.3334e-5 0.0 0.1493978112 0.0 0.0
2.52785e-5 0.0 0.0683622966 0.0 0.0
2.7223e-5 0.0 0.0455443011 0.0 0.0
2.91675e-5 0.0 0.0639668882 0.0 0.0
3.1112e-5 0.0 0.1088949546 0.0 0.0
3.30565e-5 0.0 0.0320543502 0.0 0.0
3.5001e-5 0.0 0.0284503583 0.0 0.0
3.69455e-5 0.0 0.0116598837 0.0 0.0
3.889e-5 0.0 0.0104824939 0.0 0.0
4.08345e-5 0.0 0.0150145913 0.0 0.0
4.2779e-5 0.0 0.0218993426 0.0 0.0
4.47235e-5 0.0 0.0201947432 0.0 0.0
4.6668e-5 0.0 0.0149619101 0.0 0.0
4.86125e-5 0.0 0.0032908217 0.0 0.0
5.0557e-5 0.0 4.64679e-5 0.0 0.0
5.25015e-5 0.0 0.0008632076 0.0 0.0
5.4446e-5 0.0 4.42348e-5 0.0 0.0
5.63905e-5 0.0 4.07444e-5 0.0 0.0
5.8335e-5 0.0 0.000473632 0.0 0.0
6.02795e-5 0.0 0.001024658 0.0 0.0
6.2224e-5 0.0 0.0013648126 0.0 0.0
6.41685e-5 0.0 0.0012998377 0.0 0.0
6.6113e-5 0.0 0.0016298166 0.0 0.0
6.80575e-5 0.0 0.0031783384 0.0 0.0
7.0002e-5 0.0 0.0023802711 0.0 0.0
7.19465e-5 0.0 0.0008999522 0.0 0.0
7.3891e-5 0.0 0.000813179 0.0 0.0
7.58355e-5 0.0 1.22837e-5 0.0 0.0
7.778e-5 0.0 8.83778e-5 0.0 0.0
7.97245e-5 0.0 0.0003584898 0.0 0.0
8.1669e-5 0.0 4.3006e-6 0.0 0.0
8.36136e-5 0.0 1.42541e-5 0.0 0.0
8.55581e-5 0.0 0.0001859609 0.0 0.0
8.75026e-5 0.0 9.71234e-5 0.0 0.0
8.94471e-5 0.0 5.63553e-5 0.0 0.0
9.13916e-5 0.0 7.36709e-5 0.0 0.0
9.33361e-5 0.0 4.51955e-5 0.0 0.0
9.52806e-5 0.0 3.63073e-5 0.0 0.0
-9.72251e-5 1.9445e-6 0.0010388629 0.0 0.0
-9.52806e-5 1.9445e-6 0.0021584996 0.0 0.0
-9.33361e-5 1.9445e-6 0.0026186075 0.0 0.0
-9.13916e-5 1.9445e-6 0.001793532 0.0 0.0
-8.94471e-5 1.9445e-6 0.001056359 0.0 0.0
-8.75026e-5 1.9445e-6 0.0004627988 0.0 0.0
-8.55581e-5 1.9445e-6 0.0002022129 0.0 0.0
-8.36136e-5 1.9445e-6 0.0017102639 0.0 0.0
-8.1669e-5 1.9445e-6 0.0019442409 0.0 0.0
-7.97245e-5 1.9445e-6 0.0036217418 0.0 0.0
-7.778e-5 1.9445e-6 0.0071334888 0.0 0.0
-7.58355e-5 1.9445e-6 0.001316564 0.0 0.0
-7.3891e-5 1.9445e-6 0.0014811775 0.0 0.0
-7.19465e-5 1.9445e-6 0.0039923358 0.0 0.0
-7.0002e-5 1.9445e-6 0.0050268499 0.0 0.0
-6.80575e-5 1.9445e-6 0.008275347 0.0 0.0
-6.6113e-5 1.9445e-6 0.0082880725 0.0 0.0
-6.41685e-5 1.9445e-6 0.007698213 0.0 0.0
-6.2224e-5 1.9445e-6 0.011307416 0.0 0.0
-6.02795e-5 1.9445e-6 0.0092685747 0.0 0.0
-5.8335e-5 1.9445e-6 0.0077263408 0.0 0.0
-5.63905e-5 1.9445e-6 0.0061012275 0.0 0.0
-5.4446e-5 1.9445e-6 0.0103090491 0.0 0.0
-5.25015e-5 1.9445e-6 0.0125866107 0.0 0.0
-5.0557e-5 1.9445e-6 0.0198872718 0.0 0.0
-4.86125e-5 1.9445e-6 0.0216214378 0.0 0.0
-4.6668e-5 1.9445e-6 0.0261974488 0.0 0.0
-4.47235e-5 1.9445e-6 0.0166289377 0.0 0.0
-4.2779e-5 1.9445e-6 0.0200654452 0.0 0.0
-4.08345e-5 1.9445e-6 0.0382537971 0.0 0.0
-3.889e-5 1.9445e-6 0.0518006261 0.0 0.0
-3.69455e-5 1.9445e-6 0.0784932269 0.0 0.0
-3.5001e-5 1.9445e-6 0.0570787677 0.0 0.0
-3.30565e-5 1.9445e-6 0.0963982018 0.0 0.0
-3.1112e-5 1.9445e-6 0.1692523948 0.0 0.0
-2.91675e-5 1.9445e-6 0.3731693891 0.0 0.0
-2.7223e-5 1.9445e-6 0.3494952539 0.0 0.0
-2.52785e-5 1.9445e-6 0.5083794672 0.0 0.0
-2.3334e-5 1.9445e-6 0.2966736983 0.0 0.0
-2.13895e-5 1.9445e-6 0.2313948438 0.0 0.0
-1.9445e-5 1.9445e-6 0.1119690343 0.0 0.0
-1.75005e-5 1.9445e-6 0.1878801152 0.0 0.0
-1.5556e-5 1.9445e-6 0.09284976 0.0 0.0
-1.36115e-5 1.9445e-6 0.0252533505 0.0 0.0
-1.1667e-5 1.9445e-6 0.0008080667 0.0 0.0
-9.7225e-6 1.9445e-6 0.0 0.0 0.0
-7.778e-6 1.9445e-6 0.0 0.0 0.0
-5.8335e-6 1.9445e-6 0.0 0.0 0.0
-3.889e-6 1.9445e-6 0.0 0.0 0.0
-1.9445e-6 1.9445e-6 0.0 0.0 0.0
0.0 1.9445e-6 0.0 0.0 0.0
1.9445e-6 1.9445e-6 0.0 0.0 0.0
3.889e-6 1.9445e-6 0.0 0.0 0.0
5.8335e-6 1.9445e-6 2.934e-7 0.0 0.0
7.778e-6 1.9445e-6 0.0216095604 0.0 0.0
9.7225e-6 1.9445e-6 0.0165972793 0.0 0.0
1.1667e-5 1.9445e-6 0.0007010496 0.0 0.0
1.36115e-5 1.9445e-6 0.2000946896 0.0 0.0
1.5556e-5 1.9445e-6 0.3288240066 0.0 0.0
1.75005e-5 1.9445e-6 0.2295969428 0.0 0.0
1.9445e-5 1.9445e-6 0.5442399827 0.0 0.0
2.13895e-5 1.9445e-6 0.2914060024 0.0 0.0
2.3334e-5 1.9445e-6 0.1328772519 0.0 0.0
2.52785e-5 1.9445e-6 0.0476879282 0.0 0.0
2.7223e-5 1.9445e-6 0.0711580963 0.0 0.0
2.91675e-5 1.9445e-6 0.0397737407 0.0 0.0
3.1112e-5 1.9445e-6 0.0776220177 0.0 0.0
3.30565e-5 1.9445e-6 0.0346949324 0.0 0.0
3.5001e-5 1.9445e-6 0.0216249075 0.0 0.0
3.69455e-5 1.9445e-6 0.0120754035 0.0 0.0
3.889e-5 1.9445e-6 0.0215796489 0.0 0.0
4.08345e-5 1.9445e-6 0.0150436773 0.0 0.0
4.2779e-5 1.9445e-6 0.0223213783 0.0 0.0
4.47235e-5 1.9445e-6 0.0202325855 0.0 0.0
4.6668e-5 1.9445e-6 0.0125864654 0.0 0.0
4.86125e-5 1.9445e-6 0.0020276341 0.0 0.0
5.0557e-5 1.9445e-6 1.39452e-5 0.0 0.0
5.25015e-5 1.9445e-6 0.0002050286 0.0 0.0
5.4446e-5 1.9445e-6 3.84755e-5 0.0 0.0
5.63905e-5 1.9445e-6 9.95123e-5 0.0 0.0
5.8335e-5 1.9445e-6 0.000744289 0.0 0.0
6.02795e-5 1.9445e-6 0.0014195015 0.0 0.0
6.2224e-5 1.9445e-6 0.0014721534 0.0 0.0
6.41685e-5 1.9445e-6 0.0014179554 0.0 0.0
6.6113e-5 1.9445e-6 0.0018853633 0.0 0.0
6.80575e-5 1.9445e-6 0.003720214 0.0 0.0
7.0002e-5 1.9445e-6 0.002560199 0.0 0.0
7.19465e-5 1.9445e-6 0.0011230965 0.0 0.0
7.3891e-5 1.9445e-6 0.0001237943 0.0 0.0
7.58355e-5 1.9445e-6 9.4334e-6 0.0 0.0
7.778e-5 1.9445e-6 0.0002716398 0.0 0.0
7.97245e-5 1.9445e-6 0.0003555578 0.0 0.0
8.1669e-5 1.9445e-6 1.02695e-5 0.0 0.0
8.36136e-5 1.9445e-6 0.000234857 0.0 0.0
8.55581e-5 1.9445e-6 0.0002192145 0.0 0.0
8.75026e-5 1.9445e-6 0.0001001618 0.0 0.0
8.94471e-5 1.9445e-6 5.98619e-5 0.0 0.0
9.13916e-5 1.9445e-6 6.78178e-5 0.0 0.0
9.33361e-5 1.9445e-6 4.0324e-5 0.0 0.0
9.52806e-5 1.9445e-6 3.37436e-5 0.0 0.0
-9.72251e-5 3.889e-6 0.001623065 0.0 0.0
-9.52806e-5 3.889e-6 0.0019107933 0.0 0.0
-9.33361e-5 3.889e-6 0.0017351879 0.0 0.0
-9.13916e-5 3.889e-6 0.0014048474 0.0 0.0
-8.94471e-5 3.889e-6 0.0009392667 0.0 0.0
-8.75026e-5 3.889e-6 0.0010114718 0.0 0.0
-8.55581e-5 3.889e-6 0.0006142596 0.0 0.0
-8.36136e-5 3.889e-6 0.0005609332 0.0 0.0
-8.1669e-5 3.889e-6 0.0024422278 0.0 0.0
-7.97245e-5 3.889e-6 0.0076887279 0.0 0.0
-7.778e-5 3.889e-6 0.0091081523 0.0 0.0
-7.58355e-5 3.889e-6 0.0032098608 0.0 0.0
-7.3891e-5 3.889e-6 0.0033816183 0.0 0.0
-7.19465e-5 3.889e-6 0.0049918977 0.0 0.0
-7.0002e-5 3.889e-6 0.00556063 0.0 0.0
-6.80575e-5 3.889e-6 0.0077793462 0.0 0.0
-6.6113e-5 3.889e-6 0.009240953 0.0 0.0
-6.41685e-5 3.889e-6 0.0086522597 0.0 0.0
-6.2224e-5 3.889e-6 0.0071326973 0.0 0.0
-6.02795e-5 3.889e-6 0.0083874321 0.0 0.0
-5.8335e-5 3.889e-6 0.0066939747 0.0 0.0
-5.63905e-5 3.889e-6 0.0040952972 0.0 0.0
-5.4446e-5 3.889e-6 0.0084483357 0.0 0.0
-5.25015e-5 3.889e-6 0.0107452125 0.0 0.0
-5.0557e-5 3.889e-6 0.0215684705 0.0 0.0
-4.86125e-5 3.889e-6 0.0194586065 0.0 0.0
-4.6668e-5 3.889e-6 0.0246543495 0.0 0.0
-4.47235e-5 3.889e-6 0.016670758 0.0 0.0
-4.2779e-5 3.889e-6 0.0182656023 0.0 0.0
-4.08345e-5 3.889e-6 0.0283735548 0.0 0.0
-3.889e-5 3.889e-6 0.0254633733 0.0 0.0
-3.69455e-5 3.889e-6 0.0617282838 0.0 0.0
-3.5001e-5 3.889e-6 0.054601378 0.0 0.0
-3.30565e-5 3.889e-6 0.11387642 0.0 0.0
-3.1112e-5 3.889e-6 0.1954012029 0.0 0.0
-2.91675e-5 3.889e-6 0.3142823484 0.0 0.0
-2.7223e-5 3.889e-6 0.3794734905 0.0 0.0
-2.52785e-5 3.889e-6 0.3786318934 0.0 0.0
-2.3334e-5 3.889e-6 0.2758372433 0.0 0.0
-2.13895e-5 3.889e-6 0.2301055215 0.0 0.0
-1.9445e-5 3.889e-6 0.0950520507 0.0 0.0
-1.75005e-5 3.889e-6 0.2256769236 0.0 0.0
-1.5556e-5 3.889e-6 0.1181377035 0.0 0.0
-1.36115e-5 3.889e-6 0.0121014079 0.0 0.0
-1.1667e-5 3.889e-6 0.000668566 0.0 0.0
-9.7225e-6 3.889e-6 2.18e-8 0.0 0.0
-7.778e-6 3.889e-6 0.0 0.0 0.0
-5.8335e-6 3.889e-6 0.0 0.0 0.0
-3.889e-6 3.889e-6 0.0 0.0 0.0
-1.9445e-6 3.889e-6 0.0 0.0 0.0
0.0 3.889e-6 0.0 0.0 0.0
1.9445e-6 3.889e-6 0.0 0.0 0.0
3.889e-6 3.889e-6 0.0 0.0 0.0
5.8335e-6 3.889e-6 0.0093183092 0.0 0.0
7.778e-6 3.889e-6 0.0111609123 0.0 0.0
9.7225e-6 3.889e-6 0.0200379426 0.0 0.0
1.1667e-5 3.889e-6 0.0814754199 0.0 0.0
1.36115e-5 3.889e-6 0.3952903555 0.0 0.0
1.5556e-5 3.889e-6 0.2469598972 0.0 0.0
1.75005e-5 3.889e-6 0.1073339572 0.0 0.0
1.9445e-5 3.889e-6 0.5793767598 0.0 0.0
2.13895e-5 3.889e-6 0.2773741672 0.0 0.0
2.3334e-5 3.889e-6 0.0617132362 0.0 0.0
2.52785e-5 3.889e-6 0.0563258501 0.0 0.0
2.7223e-5 3.889e-6 0.1311479288 0.0 0.0
2.91675e-5 3.889e-6 0.0662897534 0.0 0.0
3.1112e-5 3.889e-6 0.0574077424 0.0 0.0
3.30565e-5 3.889e-6 0.0299577738 0.0 0.0
3.5001e-5 3.889e-6 0.0290758264 0.0 0.0
3.69455e-5 3.889e-6 0.0228792953 0.0 0.0
3.889e-5 3.889e-6 0.0250472732 0.0 0.0
4.08345e-5 3.889e-6 0.0225911315 0.0 0.0
4.2779e-5 3.889e-6 0.0261218469 0.0 0.0
4.47235e-5 3.889e-6 0.0145939625 0.0 0.0
4.6668e-5 3.889e-6 0.0069933302 0.0 0.0
4.86125e-5 3.889e-6 0.0012469698 0.0 0.0
5.0557e-5 3.889e-6 0.0007318584 0.0 0.0
5.25015e-5 3.889e-6 8.5804e-5 0.0 0.0
5.4446e-5 3.889e-6 2.95507e-5 0.0 0.0
5.63905e-5 3.889e-6 0.0003357917 0.0 0.0
5.8335e-5 3.889e-6 0.0004788522 0.0 0.0
6.02795e-5 3.889e-6 0.0014367007 0.0 0.0
6.2224e-5 3.889e-6 0.0015571851 0.0 0.0
6.41685e-5 3.889e-6 0.0016094333 0.0 0.0
6.6113e-5 3.889e-6 0.002688438 0.0 0.0
6.80575e-5 3.889e-6 0.0037202438 0.0 0.0
7.0002e-5 3.889e-6 0.0020994106 0.0 0.0
7.19465e-5 3.889e-6 0.0004036915 0.0 0.0
7.3891e-5 3.889e-6 0.0004402087 0.0 0.0
7.58355e-5 3.889e-6 2.48088e-5 0.0 0.0
7.778e-5 3.889e-6 6.05645e-5 0.0 0.0
7.97245e-5 3.889e-6 0.0003217883 0.0 0.0
8.1669e-5 3.889e-6 0.0002884537 0.0 0.0
8.36136e-5 3.889e-6 0.0002529518 0.0 0.0
8.55581e-5 3.889e-6 0.0001759005 0.0 0.0
8.75026e-5 3.889e-6 0.000149212 0.0 0.0
8.94471e-5 3.889e-6 3.21152e-5 0.0 0.0
9.13916e-5 3.889e-6 4.90695e-5 0.0 0.0
9.33361e-5 3.889e-6 3.18776e-5 0.0 0.0
9.52806e-5 3.889e-6 3.0093e-5 0.0 0.0
-9.72251e-5 5.8335e-6 0.0008295066 0.0 0.0
-9.52806e-5 5.8335e-6 0.0006618494 0.0 0.0
-9.33361e-5 5.8335e-6 0.0004226262 0.0 0.0
-9.13916e-5 5.8335e-6 0.0009319762 0.0 0.0
-8.94471e-5 5.8335e-6 0.0006736094 0.0 0.0
-8.75026e-5 5.8335e-6 0.0006081264 0.0 0.0
-8.55581e-5 5.8335e-6 0.0004886599 0.0 0.0
-8.36136e-5 5.8335e-6 0.0003975499 0.0 0.0
-8.1669e-5 5.8335e-6 0.0034312263 0.0 0.0
-7.97245e-5 5.8335e-6 0.0086106494 0.0 0.0
-7.778e-5 5.8335e-6 0.0100216708 0.0 0.0
-7.58355e-5 5.8335e-6 0.0024634102 0.0 0.0
-7.3891e-5 5.8335e-6 0.0036590738 0.0 0.0
-7.19465e-5 5.8335e-6 0.0048943368 0.0 0.0
-7.0002e-5 5.8335e-6 0.0045982427 0.0 0.0
-6.80575e-5 5.8335e-6 0.0062789737 0.0 0.0
-6.6113e-5 5.8335e-6 0.0079565868 0.0 0.0
-6.41685e-5 5.8335e-6 0.0065597215 0.0 0.0
-6.2224e-5 5.8335e-6 0.0075040417 0.0 0.0
-6.02795e-5 5.8335e-6 0.0043371407 0.0 0.0
-5.8335e-5 5.8335e-6 0.0075049141 0.0 0.0
-5.63905e-5 5.8335e-6 0.007605269 0.0 0.0
-5.4446e-5 5.8335e-6 0.0120186712 0.0 0.0
-5.25015e-5 5.8335e-6 0.0114557182 0.0 0.0
-5.0557e-5 5.8335e-6 0.0189336528 0.0 0.0
-4.86125e-5 5.8335e-6 0.0245968611 0.0 0.0
-4.6668e-5 5.8335e-6 0.0174770542 0.0 0.0
-4.47235e-5 5.8335e-6 0.0092872443 0.0 0.0
-4.2779e-5 5.8335e-6 0.0155763122 0.0 0.0
-4.08345e-5 5.8335e-6 0.0149013614 0.0 0.0
-3.889e-5 5.8335e-6 0.0205419706 0.0 0.0
-3.69455e-5 5.8335e-6 0.062908284 0.0 0.0
-3.5001e-5 5.8335e-6 0.0639170148 0.0 0.0
-3.30565e-5 5.8335e-6 0.1102611066 0.0 0.0
-3.1112e-5 5.8335e-6 0.2035882663 0.0 0.0
-2.91675e-5 5.8335e-6 0.3110654811 0.0 0.0
-2.7223e-5 5.8335e-6 0.3536530806 0.0 0.0
-2.52785e-5 5.8335e-6 0.2823711833 0.0 0.0
-2.3334e-5 5.8335e-6 0.2298301919 0.0 0.0
-2.13895e-5 5.8335e-6 0.23838302 0.0 0.0
-1.9445e-5 5.8335e-6 0.181090765 0.0 0.0
-1.75005e-5 5.8335e-6 0.2271358129 0.0 0.0
-1.5556e-5 5.8335e-6 0.0861705752 0.0 0.0
-1.36115e-5 5.8335e-6 0.0294071153 0.0 0.0
-1.1667e-5 5.8335e-6 0.0387342441 0.0 0.0
-9.7225e-6 5.8335e-6 0.0006150062 0.0 0.0
-7.778e-6 5.8335e-6 4.1e-9 0.0 0.0
-5.8335e-6 5.8335e-6 0.0 0.0 0.0
-3.889e-6 5.8335e-6 0.0 0.0 0.0
-1.9445e-6 5.8335e-6 0.0 0.0 0.0
0.0 5.8335e-6 0.0 0.0 0.0
1.9445e-6 5.8335e-6 0.0 0.0 0.0
3.889e-6 5.8335e-6 7.488e-7 0.0 0.0
5.8335e-6 5.8335e-6 0.0061334521 0.0 0.0
7.778e-6 5.8335e-6 0.0307949531 0.0 0.0
9.7225e-6 5.8335e-6 0.0059925839 0.0 0.0
1.1667e-5 5.8335e-6 0.2980929237 0.0 0.0
1.36115e-5 5.8335e-6 0.2457507511 0.0 0.0
1.5556e-5 5.8335e-6 0.1303663034 0.0 0.0
1.75005e-5 5.8335e-6 0.2691545946 0.0 0.0
1.9445e-5 5.8335e-6 0.4784614087 0.0 0.0
2.13895e-5 5.8335e-6 0.1697348797 0.0 0.0
2.3334e-5 5.8335e-6 0.0339005014 0.0 0.0
2.52785e-5 5.8335e-6 0.0577498729 0.0 0.0
2.7223e-5 5.8335e-6 0.0407774629 0.0 0.0
2.91675e-5 5.8335e-6 0.0926252954 0.0 0.0
3.1112e-5 5.8335e-6 0.0484334588 0.0 0.0
3.30565e-5 5.8335e-6 0.0303802341 0.0 0.0
3.5001e-5 5.8335e-6 0.0240389648 0.0 0.0
3.69455e-5 5.8335e-6 0.0133434579 0.0 0.0
3.889e-5 5.8335e-6 0.024013493 0.0 0.0
4.08345e-5 5.8335e-6 0.0315583783 0.0 0.0
4.2779e-5 5.8335e-6 0.0272706712 0.0 0.0
4.47235e-5 5.8335e-6 0.0091260898 0.0 0.0
4.6668e-5 5.8335e-6 0.0073375691 0.0 0.0
4.86125e-5 5.8335e-6 0.0010628576 0.0 0.0
5.0557e-5 5.8335e-6 3.76616e-5 0.0 0.0
5.25015e-5 5.8335e-6 1.10552e-5 0.0 0.0
5.4446e-5 5.8335e-6 4.65925e-5 0.0 0.0
5.63905e-5 5.8335e-6 0.0008359422 0.0 0.0
5.8335e-5 5.8335e-6 0.0008019839 0.0 0.0
6.02795e-5 5.8335e-6 0.0014582823 0.0 0.0
6.2224e-5 5.8335e-6 0.0015103043 0.0 0.0
6.41685e-5 5.8335e-6 0.0019087263 0.0 0.0
6.6113e-5 5.8335e-6 0.0039268388 0.0 0.0
6.80575e-5 5.8335e-6 0.0024345815 0.0 0.0
7.0002e-5 5.8335e-6 0.0017496615 0.0 0.0
7.19465e-5 5.8335e-6 0.0008140213 0.0 0.0
7.3891e-5 5.8335e-6 0.0005752897 0.0 0.0
7.58355e-5 5.8335e-6 2.99698e-5 0.0 0.0
7.778e-5 5.8335e-6 0.0001643427 0.0 0.0
7.97245e-5 5.8335e-6 0.0001482845 0.0 0.0
8.1669e-5 5.8335e-6 0.0002400154 0.0 0.0
8.36136e-5 5.8335e-6 0.0001192951 0.0 0.0
8.55581e-5 5.8335e-6 0.0002790568 0.0 0.0
8.75026e-5 5.8335e-6 8.92545e-5 0.0 0.0
8.94471e-5 5.8335e-6 5.45892e-5 0.0 0.0
9.13916e-5 5.8335e-6 3.24079e-5 0.0 0.0
9.33361e-5 5.8335e-6 2.6983e-5 0.0 0.0
9.52806e-5 5.8335e-6 2.78032e-5 0.0 0.0
-9.72251e-5 7.778e-6 0.0008953379 0.0 0.0
-9.52806e-5 7.778e-6 0.0006930271 0.0 0.0
-9.33361e-5 7.778e-6 0.0004783029 0.0 0.0
-9.13916e-5 7.778e-6 0.0001191238 0.0 0.0
-8.94471e-5 7.778e-6 9.25983e-5 0.0 0.0
-8.75026e-5 7.778e-6 0.0011327725 0.0 0.0
-8.55581e-5 7.778e-6 0.0005975835 0.0 0.0
-8.36136e-5 7.778e-6 0.0004725476 0.0 0.0
-8.1669e-5 7.778e-6 0.004823477 0.0 0.0
-7.97245e-5 7.778e-6 0.0081504749 0.0 0.0
-7.778e-5 7.778e-6 0.0134078054 0.0 0.0
-7.58355e-5 7.778e-6 0.0063128082 0.0 0.0
-7.3891e-5 7.778e-6 0.0032909002 0.0 0.0
-7.19465e-5 7.778e-6 0.0038329689 0.0 0.0
-7.0002e-5 7.778e-6 0.0057722742 0.0 0.0
-6.80575e-5 7.778e-6 0.010253695 0.0 0.0
-6.6113e-5 7.778e-6 0.0088667291 0.0 0.0
-6.41685e-5 7.778e-6 0.0065746366 0.0 0.0
-6.2224e-5 7.778e-6 0.0085406323 0.0 0.0
-6.02795e-5 7.778e-6 0.0053373154 0.0 0.0
-5.8335e-5 7.778e-6 0.003411204 0.0 0.0
-5.63905e-5 7.778e-6 0.0097068358 0.0 0.0
-5.4446e-5 7.778e-6 0.0151776086 0.0 0.0
-5.25015e-5 7.778e-6 0.0120767964 0.0 0.0
-5.0557e-5 7.778e-6 0.0176736971 0.0 0.0
-4.86125e-5 7.778e-6 0.0215562126 0.0 0.0
-4.6668e-5 7.778e-6 0.0130468721 0.0 0.0
-4.47235e-5 7.778e-6 0.0113702823 0.0 0.0
-4.2779e-5 7.778e-6 0.0200049477 0.0 0.0
-4.08345e-5 7.778e-6 0.0171975519 0.0 0.0
-3.889e-5 7.778e-6 0.0110597048 0.0 0.0
-3.69455e-5 7.778e-6 0.0487945763 0.0 0.0
-3.5001e-5 7.778e-6 0.0908667696 0.0 0.0
-3.30565e-5 7.778e-6 0.1138410173 0.0 0.0
-3.1112e-5 7.778e-6 0.1862808045 0.0 0.0
-2.91675e-5 7.778e-6 0.2844413663 0.0 0.0
-2.7223e-5 7.778e-6 0.3545251659 0.0 0.0
-2.52785e-5 7.778e-6 0.2240662987 0.0 0.0
-2.3334e-5 7.778e-6 0.2060344915 0.0 0.0
-2.13895e-5 7.778e-6 0.1770703683 0.0 0.0
-1.9445e-5 7.778e-6 0.0672334383 0.0 0.0
-1.75005e-5 7.778e-6 0.2504935662 0.0 0.0
-1.5556e-5 7.778e-6 0.0756459197 0.0 0.0
-1.36115e-5 7.778e-6 0.0666746311 0.0 0.0
-1.1667e-5 7.778e-6 0.0322810677 0.0 0.0
-9.7225e-6 7.778e-6 0.0001450794 0.0 0.0
-7.778e-6 7.778e-6 0.0007207715 0.0 0.0
-5.8335e-6 7.778e-6 3.69e-8 0.0 0.0
-3.889e-6 7.778e-6 1.02e-8 0.0 0.0
-1.9445e-6 7.778e-6 4.0e-8 0.0 0.0
0.0 7.778e-6 2.97e-8 0.0 0.0
1.9445e-6 7.778e-6 0.0033205508 0.0 0.0
3.889e-6 7.778e-6 0.0044609396 0.0 0.0
5.8335e-6 7.778e-6 0.016056996 0.0 0.0
7.778e-6 7.778e-6 0.001014026 0.0 0.0
9.7225e-6 7.778e-6 0.2723537776 0.0 0.0
1.1667e-5 7.778e-6 0.2179330347 0.0 0.0
1.36115e-5 7.778e-6 0.1594309716 0.0 0.0
1.5556e-5 7.778e-6 0.146449758 0.0 0.0
1.75005e-5 7.778e-6 0.1881442807 0.0 0.0
1.9445e-5 7.778e-6 0.3646509369 0.0 0.0
2.13895e-5 7.778e-6 0.0709347439 0.0 0.0
2.3334e-5 7.778e-6 0.0277965896 0.0 0.0
2.52785e-5 7.778e-6 0.1029221041 0.0 0.0
2.7223e-5 7.778e-6 0.0392769202 0.0 0.0
2.91675e-5 7.778e-6 0.0957810018 0.0 0.0
3.1112e-5 7.778e-6 0.0430542022 0.0 0.0
3.30565e-5 7.778e-6 0.0427742413 0.0 0.0
3.5001e-5 7.778e-6 0.0219470107 0.0 0.0
3.69455e-5 7.778e-6 0.0299957396 0.0 0.0
3.889e-5 7.778e-6 0.0323698845 0.0 0.0
4.08345e-5 7.778e-6 0.0294931792 0.0 0.0
4.2779e-5 7.778e-6 0.0157774889 0.0 0.0
4.47235e-5 7.778e-6 0.0078593378 0.0 0.0
4.6668e-5 7.778e-6 0.0059528638 0.0 0.0
4.86125e-5 7.778e-6 0.0004541672 0.0 0.0
5.0557e-5 7.778e-6 0.0007773041 0.0 0.0
5.25015e-5 7.778e-6 7.6973e-6 0.0 0.0
5.4446e-5 7.778e-6 0.0001811012 0.0 0.0
5.63905e-5 7.778e-6 0.0013645673 0.0 0.0
5.8335e-5 7.778e-6 0.0009983056 0.0 0.0
6.02795e-5 7.778e-6 0.001183142 0.0 0.0
6.2224e-5 7.778e-6 0.0015194997 0.0 0.0
6.41685e-5 7.778e-6 0.0029435799 0.0 0.0
6.6113e-5 7.778e-6 0.0045128573 0.0 0.0
6.80575e-5 7.778e-6 0.0029414121 0.0 0.0
7.0002e-5 7.778e-6 0.0003101171 0.0 0.0
7.19465e-5 7.778e-6 0.0001436523 0.0 0.0
7.3891e-5 7.778e-6 0.0005759734 0.0 0.0
7.58355e-5 7.778e-6 0.0006867773 0.0 0.0
7.778e-5 7.778e-6 4.1866e-6 0.0 0.0
7.97245e-5 7.778e-6 1.65686e-5 0.0 0.0
8.1669e-5 7.778e-6 6.16648e-5 0.0 0.0
8.36136e-5 7.778e-6 9.0447e-5 0.0 0.0
8.55581e-5 7.778e-6 0.0002283233 0.0 0.0
8.75026e-5 7.778e-6 0.0001035964 0.0 0.0
8.94471e-5 7.778e-6 2.85693e-5 0.0 0.0
9.13916e-5 7.778e-6 2.18301e-5 0.0 0.0
9.33361e-5 7.778e-6 2.31062e-5 0.0 0.0
9.52806e-5 7.778e-6 2.52961e-5 0.0 0.0
-9.72251e-5 9.7225e-6 0.0002233922 0.0 0.0
-9.52806e-5 9.7225e-6 0.0001836989 0.0 0.0
-9.33361e-5 9.7225e-6 4.72613e-5 0.0 0.0
-9.13916e-5 9.7225e-6 0.0005507479 0.0 0.0
-8.94471e-5 9.7225e-6 6.67123e-5 0.0 0.0
-8.75026e-5 9.7225e-6 4.24873e-5 0.0 0.0
-8.55581e-5 9.7225e-6 0.0007190238 0.0 0.0
-8.36136e-5 9.7225e-6 0.0006761613 0.0 0.0
-8.1669e-5 9.7225e-6 0.0044694867 0.0 0.0
-7.97245e-5 9.7225e-6 0.0089376056 0.0 0.0
-7.778e-5 9.7225e-6 0.0136813617 0.0 0.0
-7.58355e-5 9.7225e-6 0.0103281586 0.0 0.0
-7.3891e-5 9.7225e-6 0.0041416095 0.0 0.0
-7.19465e-5 9.7225e-6 0.005358404 0.0 0.0
-7.0002e-5 9.7225e-6 0.0073535862 0.0 0.0
-6.80575e-5 9.7225e-6 0.0118362544 0.0 0.0
-6.6113e-5 9.7225e-6 0.0107888643 0.0 0.0
-6.41685e-5 9.7225e-6 0.008370836 0.0 0.0
-6.2224e-5 9.7225e-6 0.0096283998 0.0 0.0
-6.02795e-5 9.7225e-6 0.0069264442 0.0 0.0
-5.8335e-5 9.7225e-6 0.0061934413 0.0 0.0
-5.63905e-5 9.7225e-6 0.008341587 0.0 0.0
-5.4446e-5 9.7225e-6 0.012504392 0.0 0.0
-5.25015e-5 9.7225e-6 0.0149804537 0.0 0.0
-5.0557e-5 9.7225e-6 0.0180217033 0.0 0.0
-4.86125e-5 9.7225e-6 0.0208105505 0.0 0.0
-4.6668e-5 9.7225e-6 0.012796204 0.0 0.0
-4.47235e-5 9.7225e-6 0.0126711113 0.0 0.0
-4.2779e-5 9.7225e-6 0.0177067912 0.0 0.0
-4.08345e-5 9.7225e-6 0.0118215422 0.0 0.0
-3.889e-5 9.7225e-6 0.014386808 0.0 0.0
-3.69455e-5 9.7225e-6 0.0407975349 0.0 0.0
-3.5001e-5 9.7225e-6 0.0900766175 0.0 0.0
-3.30565e-5 9.7225e-6 0.1416019047 0.0 0.0
-3.1112e-5 9.7225e-6 0.1639462026 0.0 0.0
-2.91675e-5 9.7225e-6 0.3189936046 0.0 0.0
-2.7223e-5 9.7225e-6 0.34205265 0.0 0.0
-2.52785e-5 9.7225e-6 0.2059831717 0.0 0.0
-2.3334e-5 9.7225e-6 0.2366819823 0.0 0.0
-2.13895e-5 9.7225e-6 0.177418052 0.0 0.0
-1.9445e-5 9.7225e-6 0.1547145772 0.0 0.0
-1.75005e-5 9.7225e-6 0.2457414942 0.0 0.0
-1.5556e-5 9.7225e-6 0.1259444625 0.0 0.0
-1.36115e-5 9.7225e-6 0.060492319 0.0 0.0
-1.1667e-5 9.7225e-6 0.0359202617 0.0 0.0
-9.7225e-6 9.7225e-6 0.0675297365 0.0 0.0
-7.778e-6 9.7225e-6 0.0274839018 0.0 0.0
-5.8335e-6 9.7225e-6 0.0071691766 0.0 0.0
-3.889e-6 9.7225e-6 0.0017494588 0.0 0.0
-1.9445e-6 9.7225e-6 0.0014475608 0.0 0.0
0.0 9.7225e-6 0.0029361363 0.0 0.0
1.9445e-6 9.7225e-6 0.0134466954 0.0 0.0
3.889e-6 9.7225e-6 0.0044164683 0.0 0.0
5.8335e-6 9.7225e-6 0.0009297822 0.0 0.0
7.778e-6 9.7225e-6 0.1886655574 0.0 0.0
9.7225e-6 9.7225e-6 0.1475380717 0.0 0.0
1.1667e-5 9.7225e-6 0.0982032866 0.0 0.0
1.36115e-5 9.7225e-6 0.1285291113 0.0 0.0
1.5556e-5 9.7225e-6 0.2115852843 0.0 0.0
1.75005e-5 9.7225e-6 0.5629036278 0.0 0.0
1.9445e-5 9.7225e-6 0.172656476 0.0 0.0
2.13895e-5 9.7225e-6 0.0477542404 0.0 0.0
2.3334e-5 9.7225e-6 0.0451458229 0.0 0.0
2.52785e-5 9.7225e-6 0.0368935911 0.0 0.0
2.7223e-5 9.7225e-6 0.04380927 0.0 0.0
2.91675e-5 9.7225e-6 0.070941581 0.0 0.0
3.1112e-5 9.7225e-6 0.0444606038 0.0 0.0
3.30565e-5 9.7225e-6 0.0370613838 0.0 0.0
3.5001e-5 9.7225e-6 0.0184655858 0.0 0.0
3.69455e-5 9.7225e-6 0.0338117434 0.0 0.0
3.889e-5 9.7225e-6 0.0402534126 0.0 0.0
4.08345e-5 9.7225e-6 0.0233014168 0.0 0.0
4.2779e-5 9.7225e-6 0.0120744806 0.0 0.0
4.47235e-5 9.7225e-6 0.0066047593 0.0 0.0
4.6668e-5 9.7225e-6 0.0055586083 0.0 0.0
4.86125e-5 9.7225e-6 0.0002571296 0.0 0.0
5.0557e-5 9.7225e-6 0.0001516644 0.0 0.0
5.25015e-5 9.7225e-6 0.0005389494 0.0 0.0
5.4446e-5 9.7225e-6 0.0005944984 0.0 0.0
5.63905e-5 9.7225e-6 0.002022678 0.0 0.0
5.8335e-5 9.7225e-6 0.0018488842 0.0 0.0
6.02795e-5 9.7225e-6 0.001714857 0.0 0.0
6.2224e-5 9.7225e-6 0.0020537663 0.0 0.0
6.41685e-5 9.7225e-6 0.0046475075 0.0 0.0
6.6113e-5 9.7225e-6 0.0032424387 0.0 0.0
6.80575e-5 9.7225e-6 0.002627765 0.0 0.0
7.0002e-5 9.7225e-6 0.0003439084 0.0 0.0
7.19465e-5 9.7225e-6 8.39334e-5 0.0 0.0
7.3891e-5 9.7225e-6 0.0003129498 0.0 0.0
7.58355e-5 9.7225e-6 0.0003834286 0.0 0.0
7.778e-5 9.7225e-6 0.0003755692 0.0 0.0
7.97245e-5 9.7225e-6 1.6291e-6 0.0 0.0
8.1669e-5 9.7225e-6 1.20282e-5 0.0 0.0
8.36136e-5 9.7225e-6 0.0002771408 0.0 0.0
8.55581e-5 9.7225e-6 0.0001315437 0.0 0.0
8.75026e-5 9.7225e-6 4.50397e-5 0.0 0.0
8.94471e-5 9.7225e-6 4.14708e-5 0.0 0.0
9.13916e-5 9.7225e-6 3.32246e-5 0.0 0.0
9.33361e-5 9.7225e-6 3.03732e-5 0.0 0.0
9.52806e-5 9.7225e-6 2.34563e-5 0.0 0.0
-9.72251e-5 1.1667e-5 0.0009638253 0.0 0.0
-9.52806e-5 1.1667e-5 0.0006003362 0.0 0.0
-9.33361e-5 1.1667e-5 8.63023e-5 0.0 0.0
-9.13916e-5 1.1667e-5 8.1732e-6 0.0 0.0
-8.94471e-5 1.1667e-5 0.0002310878 0.0 0.0
-8.75026e-5 1.1667e-5 0.0001424165 0.0 0.0
-8.55581e-5 1.1667e-5 0.000773064 0.0 0.0
-8.36136e-5 1.1667e-5 0.0008392361 0.0 0.0
-8.1669e-5 1.1667e-5 0.0056251746 0.0 0.0
-7.97245e-5 1.1667e-5 0.0087774194 0.0 0.0
-7.778e-5 1.1667e-5 0.0132534724 0.0 0.0
-7.58355e-5 1.1667e-5 0.0096814425 0.0 0.0
-7.3891e-5 1.1667e-5 0.0042374982 0.0 0.0
-7.19465e-5 1.1667e-5 0.0051060389 0.0 0.0
-7.0002e-5 1.1667e-5 0.0119248163 0.0 0.0
-6.80575e-5 1.1667e-5 0.013644033 0.0 0.0
-6.6113e-5 1.1667e-5 0.016794843 0.0 0.0
-6.41685e-5 1.1667e-5 0.0069273904 0.0 0.0
-6.2224e-5 1.1667e-5 0.0078883232 0.0 0.0
-6.02795e-5 1.1667e-5 0.0059371976 0.0 0.0
-5.8335e-5 1.1667e-5 0.0060210406 0.0 0.0
-5.63905e-5 1.1667e-5 0.0090278983 0.0 0.0
-5.4446e-5 1.1667e-5 0.0118187829 0.0 0.0
-5.25015e-5 1.1667e-5 0.0128791077 0.0 0.0
-5.0557e-5 1.1667e-5 0.0141633066 0.0 0.0
-4.86125e-5 1.1667e-5 0.0163833083 0.0 0.0
-4.6668e-5 1.1667e-5 0.0121192287 0.0 0.0
-4.47235e-5 1.1667e-5 0.0207295892 0.0 0.0
-4.2779e-5 1.1667e-5 0.0238126767 0.0 0.0
-4.08345e-5 1.1667e-5 0.0194708375 0.0 0.0
-3.889e-5 1.1667e-5 0.0180735176 0.0 0.0
-3.69455e-5 1.1667e-5 0.0468675559 0.0 0.0
-3.5001e-5 1.1667e-5 0.0878798223 0.0 0.0
-3.30565e-5 1.1667e-5 0.1319755253 0.0 0.0
-3.1112e-5 1.1667e-5 0.1141185141 0.0 0.0
-2.91675e-5 1.1667e-5 0.3227746417 0.0 0.0
-2.7223e-5 1.1667e-5 0.3511177979 0.0 0.0
-2.52785e-5 1.1667e-5 0.213721997 0.0 0.0
-2.3334e-5 1.1667e-5 0.2303602265 0.0 0.0
-2.13895e-5 1.1667e-5 0.1790109462 0.0 0.0
-1.9445e-5 1.1667e-5 0.0977084354 0.0 0.0
-1.75005e-5 1.1667e-5 0.404665737 0.0 0.0
-1.5556e-5 1.1667e-5 0.1816391083 0.0 0.0
-1.36115e-5 1.1667e-5 0.0541669262 0.0 0.0
-1.1667e-5 1.1667e-5 0.0568315083 0.0 0.0
-9.7225e-6 1.1667e-5 0.0695745016 0.0 0.0
-7.778e-6 1.1667e-5 0.0976475777 0.0 0.0
-5.8335e-6 1.1667e-5 0.0449820254 0.0 0.0
-3.889e-6 1.1667e-5 0.0750585906 0.0 0.0
-1.9445e-6 1.1667e-5 0.0002347024 0.0 0.0
0.0 1.1667e-5 0.0006586875 0.0 0.0
1.9445e-6 1.1667e-5 0.1074719648 0.0 0.0
3.889e-6 1.1667e-5 0.1510294448 0.0 0.0
5.8335e-6 1.1667e-5 0.0927290406 0.0 0.0
7.778e-6 1.1667e-5 0.1437943412 0.0 0.0
9.7225e-6 1.1667e-5 0.1414845376 0.0 0.0
1.1667e-5 1.1667e-5 0.1712289318 0.0 0.0
1.36115e-5 1.1667e-5 0.1505757367 0.0 0.0
1.5556e-5 1.1667e-5 0.217495786 0.0 0.0
1.75005e-5 1.1667e-5 0.4574501663 0.0 0.0
1.9445e-5 1.1667e-5 0.0912820454 0.0 0.0
2.13895e-5 1.1667e-5 0.043271949 0.0 0.0
2.3334e-5 1.1667e-5 0.0406808706 0.0 0.0
2.52785e-5 1.1667e-5 0.0410480997 0.0 0.0
2.7223e-5 1.1667e-5 0.0610230049 0.0 0.0
2.91675e-5 1.1667e-5 0.0424762166 0.0 0.0
3.1112e-5 1.1667e-5 0.0259318679 0.0 0.0
3.30565e-5 1.1667e-5 0.0231270821 0.0 0.0
3.5001e-5 1.1667e-5 0.0303436484 0.0 0.0
3.69455e-5 1.1667e-5 0.0404831318 0.0 0.0
3.889e-5 1.1667e-5 0.0308582754 0.0 0.0
4.08345e-5 1.1667e-5 0.0162440643 0.0 0.0
4.2779e-5 1.1667e-5 0.0123223401 0.0 0.0
4.47235e-5 1.1667e-5 0.0048191741 0.0 0.0
4.6668e-5 1.1667e-5 0.0061575089 0.0 0.0
4.86125e-5 1.1667e-5 0.0006187295 0.0 0.0
5.0557e-5 1.1667e-5 6.3017e-6 0.0 0.0
5.25015e-5 1.1667e-5 0.000640758 0.0 0.0
5.4446e-5 1.1667e-5 0.0014714035 0.0 0.0
5.63905e-5 1.1667e-5 0.0020861593 0.0 0.0
5.8335e-5 1.1667e-5 0.0011384481 0.0 0.0
6.02795e-5 1.1667e-5 0.0021200555 0.0 0.0
6.2224e-5 1.1667e-5 0.0033980987 0.0 0.0
6.41685e-5 1.1667e-5 0.0044067702 0.0 0.0
6.6113e-5 1.1667e-5 0.0031949605 0.0 0.0
6.80575e-5 1.1667e-5 0.0004211513 0.0 0.0
7.0002e-5 1.1667e-5 0.0003553931 0.0 0.0
7.19465e-5 1.1667e-5 0.0010343512 0.0 0.0
7.3891e-5 1.1667e-5 3.05536e-5 0.0 0.0
7.58355e-5 1.1667e-5 4.88514e-5 0.0 0.0
7.778e-5 1.1667e-5 0.0002351638 0.0 0.0
7.97245e-5 1.1667e-5 0.0001079025 0.0 0.0
8.1669e-5 1.1667e-5 8.77857e-5 0.0 0.0
8.36136e-5 1.1667e-5 0.0002865051 0.0 0.0
8.55581e-5 1.1667e-5 0.0001217191 0.0 0.0
8.75026e-5 1.1667e-5 4.73283e-5 0.0 0.0
8.94471e-5 1.1667e-5 2.44864e-5 0.0 0.0
9.13916e-5 1.1667e-5 2.36472e-5 0.0 0.0
9.33361e-5 1.1667e-5 2.60351e-5 0.0 0.0
9.52806e-5 1.1667e-5 2.29832e-5 0.0 0.0
-9.72251e-5 1.36115e-5 0.0003719503 0.0 0.0
-9.52806e-5 1.36115e-5 0.0001093648 0.0 0.0
-9.33361e-5 1.36115e-5 6.02e-6 0.0 0.0
-9.13916e-5 1.36115e-5 0.0002408109 0.0 0.0
-8.94471e-5 1.36115e-5 3.7316e-5 0.0 0.0
-8.75026e-5 1.36115e-5 0.0007593117 0.0 0.0
-8.55581e-5 1.36115e-5 0.0002642983 0.0 0.0
-8.36136e-5 1.36115e-5 0.0012827943 0.0 0.0
-8.1669e-5 1.36115e-5 0.0058874854 0.0 0.0
-7.97245e-5 1.36115e-5 0.008702251 0.0 0.0
-7.778e-5 1.36115e-5 0.011908777 0.0 0.0
-7.58355e-5 1.36115e-5 0.0117233126 0.0 0.0
-7.3891e-5 1.36115e-5 0.0046107129 0.0 0.0
-7.19465e-5 1.36115e-5 0.0055718017 0.0 0.0
-7.0002e-5 1.36115e-5 0.0092580158 0.0 0.0
-6.80575e-5 1.36115e-5 0.014211465 0.0 0.0
-6.6113e-5 1.36115e-5 0.0167719838 0.0 0.0
-6.41685e-5 1.36115e-5 0.0112679499 0.0 0.0
-6.2224e-5 1.36115e-5 0.0093871579 0.0 0.0
-6.02795e-5 1.36115e-5 0.0075209744 0.0 0.0
-5.8335e-5 1.36115e-5 0.0089314074 0.0 0.0
-5.63905e-5 1.36115e-5 0.0120135091 0.0 0.0
-5.4446e-5 1.36115e-5 0.0083709925 0.0 0.0
-5.25015e-5 1.36115e-5 0.0143011039 0.0 0.0
-5.0557e-5 1.36115e-5 0.0145630277 0.0 0.0
-4.86125e-5 1.36115e-5 0.0111958134 0.0 0.0
-4.6668e-5 1.36115e-5 0.0148335194 0.0 0.0
-4.47235e-5 1.36115e-5 0.0243392447 0.0 0.0
-4.2779e-5 1.36115e-5 0.0181250927 0.0 0.0
-4.08345e-5 1.36115e-5 0.0191853906 0.0 0.0
-3.889e-5 1.36115e-5 0.0225564944 0.0 0.0
-3.69455e-5 1.36115e-5 0.040419332 0.0 0.0
-3.5001e-5 1.36115e-5 0.10587994 0.0 0.0
-3.30565e-5 1.36115e-5 0.1115843044 0.0 0.0
-3.1112e-5 1.36115e-5 0.1082543864 0.0 0.0
-2.91675e-5 1.36115e-5 0.3001010286 0.0 0.0
-2.7223e-5 1.36115e-5 0.3310792516 0.0 0.0
-2.52785e-5 1.36115e-5 0.1706779213 0.0 0.0
-2.3334e-5 1.36115e-5 0.2620385333 0.0 0.0
-2.13895e-5 1.36115e-5 0.1438786462 0.0 0.0
-1.9445e-5 1.36115e-5 0.0992621268 0.0 0.0
-1.75005e-5 1.36115e-5 0.3276527685 0.0 0.0
-1.5556e-5 1.36115e-5 0.3606828599 0.0 0.0
-1.36115e-5 1.36115e-5 0.0892259466 0.0 0.0
-1.1667e-5 1.36115e-5 0.0605519194 0.0 0.0
-9.7225e-6 1.36115e-5 0.0613431358 0.0 0.0
-7.778e-6 1.36115e-5 0.0737253449 0.0 0.0
-5.8335e-6 1.36115e-5 0.0666515859 0.0 0.0
-3.889e-6 1.36115e-5 0.1115455861 0.0 0.0
-1.9445e-6 1.36115e-5 0.071546447 0.0 0.0
0.0 1.36115e-5 0.0779054289 0.0 0.0
1.9445e-6 1.36115e-5 0.0920825236 0.0 0.0
3.889e-6 1.36115e-5 0.1191822385 0.0 0.0
5.8335e-6 1.36115e-5 0.1477912029 0.0 0.0
7.778e-6 1.36115e-5 0.1198795763 0.0 0.0
9.7225e-6 1.36115e-5 0.1192973794 0.0 0.0
1.1667e-5 1.36115e-5 0.1037622913 0.0 0.0
1.36115e-5 1.36115e-5 0.0880261843 0.0 0.0
1.5556e-5 1.36115e-5 0.4523179897 0.0 0.0
1.75005e-5 1.36115e-5 0.111868788 0.0 0.0
1.9445e-5 1.36115e-5 0.032183461 0.0 0.0
2.13895e-5 1.36115e-5 0.039947754 0.0 0.0
2.3334e-5 1.36115e-5 0.0458831668 0.0 0.0
2.52785e-5 1.36115e-5 0.0288214101 0.0 0.0
2.7223e-5 1.36115e-5 0.0537946063 0.0 0.0
2.91675e-5 1.36115e-5 0.0262110541 0.0 0.0
3.1112e-5 1.36115e-5 0.0256599912 0.0 0.0
3.30565e-5 1.36115e-5 0.0275687863 0.0 0.0
3.5001e-5 1.36115e-5 0.0406786966 0.0 0.0
3.69455e-5 1.36115e-5 0.0363836161 0.0 0.0
3.889e-5 1.36115e-5 0.0196353797 0.0 0.0
4.08345e-5 1.36115e-5 0.0133899069 0.0 0.0
4.2779e-5 1.36115e-5 0.0113336551 0.0 0.0
4.47235e-5 1.36115e-5 0.0050038276 0.0 0.0
4.6668e-5 1.36115e-5 0.0049165795 0.0 0.0
4.86125e-5 1.36115e-5 3.6523e-5 0.0 0.0
5.0557e-5 1.36115e-5 0.0003405934 0.0 0.0
5.25015e-5 1.36115e-5 0.0022046906 0.0 0.0
5.4446e-5 1.36115e-5 0.0018512169 0.0 0.0
5.63905e-5 1.36115e-5 0.0011553152 0.0 0.0
5.8335e-5 1.36115e-5 0.0014080376 0.0 0.0
6.02795e-5 1.36115e-5 0.0028520702 0.0 0.0
6.2224e-5 1.36115e-5 0.0058903612 0.0 0.0
6.41685e-5 1.36115e-5 0.0037757665 0.0 0.0
6.6113e-5 1.36115e-5 0.0018671009 0.0 0.0
6.80575e-5 1.36115e-5 0.0006261638 0.0 0.0
7.0002e-5 1.36115e-5 0.0002610156 0.0 0.0
7.19465e-5 1.36115e-5 0.0004836047 0.0 0.0
7.3891e-5 1.36115e-5 3.9224e-6 0.0 0.0
7.58355e-5 1.36115e-5 0.0003762819 0.0 0.0
7.778e-5 1.36115e-5 2.9306e-6 0.0 0.0
7.97245e-5 1.36115e-5 9.7179e-6 0.0 0.0
8.1669e-5 1.36115e-5 5.07864e-5 0.0 0.0
8.36136e-5 1.36115e-5 0.0001910782 0.0 0.0
8.55581e-5 1.36115e-5 9.86643e-5 0.0 0.0
8.75026e-5 1.36115e-5 1.94863e-5 0.0 0.0
8.94471e-5 1.36115e-5 1.61058e-5 0.0 0.0
9.13916e-5 1.36115e-5 1.61793e-5 0.0 0.0
9.33361e-5 1.36115e-5 2.13655e-5 0.0 0.0
9.52806e-5 1.36115e-5 2.35641e-5 0.0 0.0
-9.72251e-5 1.5556e-5 5.12398e-5 0.0 0.0
-9.52806e-5 1.5556e-5 0.000475622 0.0 0.0
-9.33361e-5 1.5556e-5 3.30303e-5 0.0 0.0
-9.13916e-5 1.5556e-5 0.0006969913 0.0 0.0
-8.94471e-5 1.5556e-5 8.4199e-5 0.0 0.0
-8.75026e-5 1.5556e-5 1.79685e-5 0.0 0.0
-8.55581e-5 1.5556e-5 0.0004649789 0.0 0.0
-8.36136e-5 1.5556e-5 0.0014210115 0.0 0.0
-8.1669e-5 1.5556e-5 0.0054473181 0.0 0.0
-7.97245e-5 1.5556e-5 0.0093782557 0.0 0.0
-7.778e-5 1.5556e-5 0.0123754681 0.0 0.0
-7.58355e-5 1.5556e-5 0.0153969656 0.0 0.0
-7.3891e-5 1.5556e-5 0.0045713377 0.0 0.0
-7.19465e-5 1.5556e-5 0.0078016556 0.0 0.0
-7.0002e-5 1.5556e-5 0.0088799095 0.0 0.0
-6.80575e-5 1.5556e-5 0.0136524488 0.0 0.0
-6.6113e-5 1.5556e-5 0.0165661007 0.0 0.0
-6.41685e-5 1.5556e-5 0.0147488539 0.0 0.0
-6.2224e-5 1.5556e-5 0.0097427305 0.0 0.0
-6.02795e-5 1.5556e-5 0.0087593718 0.0 0.0
-5.8335e-5 1.5556e-5 0.0102984653 0.0 0.0
-5.63905e-5 1.5556e-5 0.0072412385 0.0 0.0
-5.4446e-5 1.5556e-5 0.017231096 0.0 0.0
-5.25015e-5 1.5556e-5 0.0206316322 0.0 0.0
-5.0557e-5 1.5556e-5 0.0155194747 0.0 0.0
-4.86125e-5 1.5556e-5 0.0140039507 0.0 0.0
-4.6668e-5 1.5556e-5 0.0195903568 0.0 0.0
-4.47235e-5 1.5556e-5 0.0277048118 0.0 0.0
-4.2779e-5 1.5556e-5 0.0239422813 0.0 0.0
-4.08345e-5 1.5556e-5 0.0182575156 0.0 0.0
-3.889e-5 1.5556e-5 0.0104848194 0.0 0.0
-3.69455e-5 1.5556e-5 0.0419531482 0.0 0.0
-3.5001e-5 1.5556e-5 0.0794504117 0.0 0.0
-3.30565e-5 1.5556e-5 0.0917266162 0.0 0.0
-3.1112e-5 1.5556e-5 0.0754244819 0.0 0.0
-2.91675e-5 1.5556e-5 0.2343812713 0.0 0.0
-2.7223e-5 1.5556e-5 0.2958064347 0.0 0.0
-2.52785e-5 1.5556e-5 0.2284221031 0.0 0.0
-2.3334e-5 1.5556e-5 0.2130857294 0.0 0.0
-2.13895e-5 1.5556e-5 0.167133837 0.0 0.0
-1.9445e-5 1.5556e-5 0.0898798941 0.0 0.0
-1.75005e-5 1.5556e-5 0.2186091563 0.0 0.0
-1.5556e-5 1.5556e-5 0.2659032192 0.0 0.0
-1.36115e-5 1.5556e-5 0.2171323273 0.0 0.0
-1.1667e-5 1.5556e-5 0.0653316697 0.0 0.0
-9.7225e-6 1.5556e-5 0.0603481671 0.0 0.0
-7.778e-6 1.5556e-5 0.0632754957 0.0 0.0
-5.8335e-6 1.5556e-5 0.0603245366 0.0 0.0
-3.889e-6 1.5556e-5 0.1060238397 0.0 0.0
-1.9445e-6 1.5556e-5 0.0852564304 0.0 0.0
0.0 1.5556e-5 0.068478072 0.0 0.0
1.9445e-6 1.5556e-5 0.0944925454 0.0 0.0
3.889e-6 1.5556e-5 0.127751747 0.0 0.0
5.8335e-6 1.5556e-5 0.1186677795 0.0 0.0
7.778e-6 1.5556e-5 0.0604840134 0.0 0.0
9.7225e-6 1.5556e-5 0.048327955 0.0 0.0
1.1667e-5 1.5556e-5 0.0992145454 0.0 0.0
1.36115e-5 1.5556e-5 0.4082657182 0.0 0.0
1.5556e-5 1.5556e-5 0.1703175587 0.0 0.0
1.75005e-5 1.5556e-5 0.047605834 0.0 0.0
1.9445e-5 1.5556e-5 0.0620785717 0.0 0.0
2.13895e-5 1.5556e-5 0.0364585066 0.0 0.0
2.3334e-5 1.5556e-5 0.0317982226 0.0 0.0
2.52785e-5 1.5556e-5 0.0532374694 0.0 0.0
2.7223e-5 1.5556e-5 0.0399976156 0.0 0.0
2.91675e-5 1.5556e-5 0.0233322534 0.0 0.0
3.1112e-5 1.5556e-5 0.0319103695 0.0 0.0
3.30565e-5 1.5556e-5 0.0373082587 0.0 0.0
3.5001e-5 1.5556e-5 0.0401505029 0.0 0.0
3.69455e-5 1.5556e-5 0.0248495099 0.0 0.0
3.889e-5 1.5556e-5 0.0133079746 0.0 0.0
4.08345e-5 1.5556e-5 0.0133436762 0.0 0.0
4.2779e-5 1.5556e-5 0.008194379 0.0 0.0
4.47235e-5 1.5556e-5 0.0069483964 0.0 0.0
4.6668e-5 1.5556e-5 0.002187353 0.0 0.0
4.86125e-5 1.5556e-5 0.0002370934 0.0 0.0
5.0557e-5 1.5556e-5 0.0024055853 0.0 0.0
5.25015e-5 1.5556e-5 0.000992611 0.0 0.0
5.4446e-5 1.5556e-5 0.0011747429 0.0 0.0
5.63905e-5 1.5556e-5 0.0012228067 0.0 0.0
5.8335e-5 1.5556e-5 0.002586962 0.0 0.0
6.02795e-5 1.5556e-5 0.004500075 0.0 0.0
6.2224e-5 1.5556e-5 0.0042718213 0.0 0.0
6.41685e-5 1.5556e-5 0.0033523197 0.0 0.0
6.6113e-5 1.5556e-5 0.0006308991 0.0 0.0
6.80575e-5 1.5556e-5 0.0004555166 0.0 0.0
7.0002e-5 1.5556e-5 0.0012570686 0.0 0.0
7.19465e-5 1.5556e-5 1.54931e-5 0.0 0.0
7.3891e-5 1.5556e-5 1.09628e-5 0.0 0.0
7.58355e-5 1.5556e-5 6.31035e-5 0.0 0.0
7.778e-5 1.5556e-5 0.0001064415 0.0 0.0
7.97245e-5 1.5556e-5 7.53328e-5 0.0 0.0
8.1669e-5 1.5556e-5 0.0001351566 0.0 0.0
8.36136e-5 1.5556e-5 0.0001893137 0.0 0.0
8.55581e-5 1.5556e-5 5.58557e-5 0.0 0.0
8.75026e-5 1.5556e-5 3.3592e-5 0.0 0.0
8.94471e-5 1.5556e-5 2.23416e-5 0.0 0.0
9.13916e-5 1.5556e-5 2.6491e-5 0.0 0.0
9.33361e-5 1.5556e-5 2.1319e-5 0.0 0.0
9.52806e-5 1.5556e-5 2.58081e-5 0.0 0.0
-9.72251e-5 1.75005e-5 0.0004208507 0.0 0.0
-9.52806e-5 1.75005e-5 7.87548e-5 0.0 0.0
-9.33361e-5 1.75005e-5 0.0003526482 0.0 0.0
-9.13916e-5 1.75005e-5 1.52675e-5 0.0 0.0
-8.94471e-5 1.75005e-5 0.0006687992 0.0 0.0
-8.75026e-5 1.75005e-5 0.0002829864 0.0 0.0
-8.55581e-5 1.75005e-5 0.0011333038 0.0 0.0
-8.36136e-5 1.75005e-5 0.0006235409 0.0 0.0
-8.1669e-5 1.75005e-5 0.0054806934 0.0 0.0
-7.97245e-5 1.75005e-5 0.0082395369 0.0 0.0
-7.778e-5 1.75005e-5 0.0104597576 0.0 0.0
-7.58355e-5 1.75005e-5 0.0143200008 0.0 0.0
-7.3891e-5 1.75005e-5 0.0070817163 0.0 0.0
-7.19465e-5 1.75005e-5 0.0063039457 0.0 0.0
-7.0002e-5 1.75005e-5 0.0095466248 0.0 0.0
-6.80575e-5 1.75005e-5 0.0114466193 0.0 0.0
-6.6113e-5 1.75005e-5 0.0168028269 0.0 0.0
-6.41685e-5 1.75005e-5 0.0162885904 0.0 0.0
-6.2224e-5 1.75005e-5 0.0078131371 0.0 0.0
-6.02795e-5 1.75005e-5 0.0070062645 0.0 0.0
-5.8335e-5 1.75005e-5 0.0090148296 0.0 0.0
-5.63905e-5 1.75005e-5 0.0119905135 0.0 0.0
-5.4446e-5 1.75005e-5 0.0213240205 0.0 0.0
-5.25015e-5 1.75005e-5 0.0188382723 0.0 0.0
-5.0557e-5 1.75005e-5 0.0151967835 0.0 0.0
-4.86125e-5 1.75005e-5 0.0133704651 0.0 0.0
-4.6668e-5 1.75005e-5 0.0109277491 0.0 0.0
-4.47235e-5 1.75005e-5 0.0190249298 0.0 0.0
-4.2779e-5 1.75005e-5 0.0158224768 0.0 0.0
-4.08345e-5 1.75005e-5 0.0125977268 0.0 0.0
-3.889e-5 1.75005e-5 0.0182725778 0.0 0.0
-3.69455e-5 1.75005e-5 0.0239089481 0.0 0.0
-3.5001e-5 1.75005e-5 0.0611268209 0.0 0.0
-3.30565e-5 1.75005e-5 0.0927518155 0.0 0.0
-3.1112e-5 1.75005e-5 0.0954180141 0.0 0.0
-2.91675e-5 1.75005e-5 0.159390289 0.0 0.0
-2.7223e-5 1.75005e-5 0.2263721936 0.0 0.0
-2.52785e-5 1.75005e-5 0.2296451777 0.0 0.0
-2.3334e-5 1.75005e-5 0.1806163212 0.0 0.0
-2.13895e-5 1.75005e-5 0.2106301001 0.0 0.0
-1.9445e-5 1.75005e-5 0.0927259742 0.0 0.0
-1.75005e-5 1.75005e-5 0.1525710644 0.0 0.0
-1.5556e-5 1.75005e-5 0.2260750919 0.0 0.0
-1.36115e-5 1.75005e-5 0.1677544218 0.0 0.0
-1.1667e-5 1.75005e-5 0.3215296776 0.0 0.0
-9.7225e-6 1.75005e-5 0.0668049928 0.0 0.0
-7.778e-6 1.75005e-5 0.0420602103 0.0 0.0
-5.8335e-6 1.75005e-5 0.0857653235 0.0 0.0
-3.889e-6 1.75005e-5 0.0735755073 0.0 0.0
-1.9445e-6 1.75005e-5 0.0903678069 0.0 0.0
0.0 1.75005e-5 0.0592544244 0.0 0.0
1.9445e-6 1.75005e-5 0.0425106854 0.0 0.0
3.889e-6 1.75005e-5 0.1036735906 0.0 0.0
5.8335e-6 1.75005e-5 0.0770316748 0.0 0.0
7.778e-6 1.75005e-5 0.0826344098 0.0 0.0
9.7225e-6 1.75005e-5 0.1644924078 0.0 0.0
1.1667e-5 1.75005e-5 0.4073142018 0.0 0.0
1.36115e-5 1.75005e-5 0.0760109296 0.0 0.0
1.5556e-5 1.75005e-5 0.0642490998 0.0 0.0
1.75005e-5 1.75005e-5 0.055604606 0.0 0.0
1.9445e-5 1.75005e-5 0.0450206339 0.0 0.0
2.13895e-5 1.75005e-5 0.029608446 0.0 0.0
2.3334e-5 1.75005e-5 0.0312285522 0.0 0.0
2.52785e-5 1.75005e-5 0.0483679848 0.0 0.0
2.7223e-5 1.75005e-5 0.0253114966 0.0 0.0
2.91675e-5 1.75005e-5 0.0314965436 0.0 0.0
3.1112e-5 1.75005e-5 0.041987775 0.0 0.0
3.30565e-5 1.75005e-5 0.0432523574 0.0 0.0
3.5001e-5 1.75005e-5 0.0315285646 0.0 0.0
3.69455e-5 1.75005e-5 0.0153209466 0.0 0.0
3.889e-5 1.75005e-5 0.0129202315 0.0 0.0
4.08345e-5 1.75005e-5 0.014238193 0.0 0.0
4.2779e-5 1.75005e-5 0.0050074307 0.0 0.0
4.47235e-5 1.75005e-5 0.0080069917 0.0 0.0
4.6668e-5 1.75005e-5 0.0011198425 0.0 0.0
4.86125e-5 1.75005e-5 0.0027815946 0.0 0.0
5.0557e-5 1.75005e-5 0.0020123995 0.0 0.0
5.25015e-5 1.75005e-5 0.0003975463 0.0 0.0
5.4446e-5 1.75005e-5 0.001008541 0.0 0.0
5.63905e-5 1.75005e-5 0.0023429106 0.0 0.0
5.8335e-5 1.75005e-5 0.0039592719 0.0 0.0
6.02795e-5 1.75005e-5 0.0073910723 0.0 0.0
6.2224e-5 1.75005e-5 0.0039525184 0.0 0.0
6.41685e-5 1.75005e-5 0.003340304 0.0 0.0
6.6113e-5 1.75005e-5 0.0017242151 0.0 0.0
6.80575e-5 1.75005e-5 0.0012796527 0.0 0.0
7.0002e-5 1.75005e-5 0.0001893222 0.0 0.0
7.19465e-5 1.75005e-5 0.0004500071 0.0 0.0
7.3891e-5 1.75005e-5 0.0002294089 0.0 0.0
7.58355e-5 1.75005e-5 0.000137253 0.0 0.0
7.778e-5 1.75005e-5 0.0001208858 0.0 0.0
7.97245e-5 1.75005e-5 0.0002420124 0.0 0.0
8.1669e-5 1.75005e-5 0.000195224 0.0 0.0
8.36136e-5 1.75005e-5 0.0001254811 0.0 0.0
8.55581e-5 1.75005e-5 5.46681e-5 0.0 0.0
8.75026e-5 1.75005e-5 1.67476e-5 0.0 0.0
8.94471e-5 1.75005e-5 1.72122e-5 0.0 0.0
9.13916e-5 1.75005e-5 2.18625e-5 0.0 0.0
9.33361e-5 1.75005e-5 2.06452e-5 0.0 0.0
9.52806e-5 1.75005e-5 3.14703e-5 0.0 0.0
-9.72251e-5 1.9445e-5 0.0009960241 0.0 0.0
-9.52806e-5 1.9445e-5 0.0006215446 0.0 0.0
-9.33361e-5 1.9445e-5 1.87197e-5 0.0 0.0
-9.13916e-5 1.9445e-5 0.0002999601 0.0 0.0
-8.94471e-5 1.9445e-5 0.0001701802 0.0 0.0
-8.75026e-5 1.9445e-5 0.0007756064 0.0 0.0
-8.55581e-5 1.9445e-5 0.000556991 0.0 0.0
-8.36136e-5 1.9445e-5 0.0011336002 0.0 0.0
-8.1669e-5 1.9445e-5 0.0065040361 0.0 0.0
-7.97245e-5 1.9445e-5 0.0078398466 0.0 0.0
-7.778e-5 1.9445e-5 0.0103105634 0.0 0.0
-7.58355e-5 1.9445e-5 0.0130198966 0.0 0.0
-7.3891e-5 1.9445e-5 0.0134038158 0.0 0.0
-7.19465e-5 1.9445e-5 0.0051749872 0.0 0.0
-7.0002e-5 1.9445e-5 0.0077949295 0.0 0.0
-6.80575e-5 1.9445e-5 0.0120822209 0.0 0.0
-6.6113e-5 1.9445e-5 0.0148907461 0.0 0.0
-6.41685e-5 1.9445e-5 0.0182191187 0.0 0.0
-6.2224e-5 1.9445e-5 0.0105054949 0.0 0.0
-6.02795e-5 1.9445e-5 0.0065280748 0.0 0.0
-5.8335e-5 1.9445e-5 0.0044791372 0.0 0.0
-5.63905e-5 1.9445e-5 0.0066736117 0.0 0.0
-5.4446e-5 1.9445e-5 0.0197254741 0.0 0.0
-5.25015e-5 1.9445e-5 0.0176505336 0.0 0.0
-5.0557e-5 1.9445e-5 0.0128622041 0.0 0.0
-4.86125e-5 1.9445e-5 0.0120027304 0.0 0.0
-4.6668e-5 1.9445e-5 0.0107300299 0.0 0.0
-4.47235e-5 1.9445e-5 0.0201013872 0.0 0.0
-4.2779e-5 1.9445e-5 0.0168943374 0.0 0.0
-4.08345e-5 1.9445e-5 0.0165214604 0.0 0.0
-3.889e-5 1.9445e-5 0.0228573677 0.0 0.0
-3.69455e-5 1.9445e-5 0.0326103179 0.0 0.0
-3.5001e-5 1.9445e-5 0.0471080787 0.0 0.0
-3.30565e-5 1.9445e-5 0.071781608 0.0 0.0
-3.1112e-5 1.9445e-5 0.0879933106 0.0 0.0
-2.91675e-5 1.9445e-5 0.112747113 0.0 0.0
-2.7223e-5 1.9445e-5 0.2129723249 0.0 0.0
-2.52785e-5 1.9445e-5 0.2087875468 0.0 0.0
-2.3334e-5 1.9445e-5 0.1973323389 0.0 0.0
-2.13895e-5 1.9445e-5 0.1497524959 0.0 0.0
-1.9445e-5 1.9445e-5 0.0831323104 0.0 0.0
-1.75005e-5 1.9445e-5 0.1007686322 0.0 0.0
-1.5556e-5 1.9445e-5 0.1502838034 0.0 0.0
-1.36115e-5 1.9445e-5 0.1152546617 0.0 0.0
-1.1667e-5 1.9445e-5 0.1244331552 0.0 0.0
-9.7225e-6 1.9445e-5 0.1218140516 0.0 0.0
-7.778e-6 1.9445e-5 0.3308736967 0.0 0.0
-5.8335e-6 1.9445e-5 0.0985272298 0.0 0.0
-3.889e-6 1.9445e-5 0.0950757944 0.0 0.0
-1.9445e-6 1.9445e-5 0.0959474902 0.0 0.0
0.0 1.9445e-5 0.1090619557 0.0 0.0
1.9445e-6 1.9445e-5 0.1225963216 0.0 0.0
3.889e-6 1.9445e-5 0.1005787958 0.0 0.0
5.8335e-6 1.9445e-5 0.1734594526 0.0 0.0
7.778e-6 1.9445e-5 0.3677395152 0.0 0.0
9.7225e-6 1.9445e-5 0.1135362679 0.0 0.0
1.1667e-5 1.9445e-5 0.0823664608 0.0 0.0
1.36115e-5 1.9445e-5 0.0590029558 0.0 0.0
1.5556e-5 1.9445e-5 0.068615117 0.0 0.0
1.75005e-5 1.9445e-5 0.038647544 0.0 0.0
1.9445e-5 1.9445e-5 0.0212758266 0.0 0.0
2.13895e-5 1.9445e-5 0.0234903497 0.0 0.0
2.3334e-5 1.9445e-5 0.0422668338 0.0 0.0
2.52785e-5 1.9445e-5 0.0276702604 0.0 0.0
2.7223e-5 1.9445e-5 0.0201448486 0.0 0.0
2.91675e-5 1.9445e-5 0.040540965 0.0 0.0
3.1112e-5 1.9445e-5 0.0419465086 0.0 0.0
3.30565e-5 1.9445e-5 0.0343240868 0.0 0.0
3.5001e-5 1.9445e-5 0.0216841483 0.0 0.0
3.69455e-5 1.9445e-5 0.0128779667 0.0 0.0
3.889e-5 1.9445e-5 0.0132528086 0.0 0.0
4.08345e-5 1.9445e-5 0.0104306651 0.0 0.0
4.2779e-5 1.9445e-5 0.0034723293 0.0 0.0
4.47235e-5 1.9445e-5 0.0088073893 0.0 0.0
4.6668e-5 1.9445e-5 0.0040941636 0.0 0.0
4.86125e-5 1.9445e-5 0.0002115201 0.0 0.0
5.0557e-5 1.9445e-5 0.0011922958 0.0 0.0
5.25015e-5 1.9445e-5 0.0018909335 0.0 0.0
5.4446e-5 1.9445e-5 0.0019453374 0.0 0.0
5.63905e-5 1.9445e-5 0.0032655464 0.0 0.0
5.8335e-5 1.9445e-5 0.008320896 0.0 0.0
6.02795e-5 1.9445e-5 0.0039194675 0.0 0.0
6.2224e-5 1.9445e-5 0.0043164403 0.0 0.0
6.41685e-5 1.9445e-5 0.0018020853 0.0 0.0
6.6113e-5 1.9445e-5 0.0015885117 0.0 0.0
6.80575e-5 1.9445e-5 0.0007154595 0.0 0.0
7.0002e-5 1.9445e-5 0.0005352112 0.0 0.0
7.19465e-5 1.9445e-5 0.0004649097 0.0 0.0
7.3891e-5 1.9445e-5 0.0002639601 0.0 0.0
7.58355e-5 1.9445e-5 3.18054e-5 0.0 0.0
7.778e-5 1.9445e-5 0.000252485 0.0 0.0
7.97245e-5 1.9445e-5 0.0002462464 0.0 0.0
8.1669e-5 1.9445e-5 0.0001838985 0.0 0.0
8.36136e-5 1.9445e-5 7.60078e-5 0.0 0.0
8.55581e-5 1.9445e-5 2.89634e-5 0.0 0.0
8.75026e-5 1.9445e-5 2.45837e-5 0.0 0.0
8.94471e-5 1.9445e-5 2.73977e-5 0.0 0.0
9.13916e-5 1.9445e-5 1.92029e-5 0.0 0.0
9.33361e-5 1.9445e-5 2.50778e-5 0.0 0.0
9.52806e-5 1.9445e-5 4.2911e-5 0.0 0.0
-9.72251e-5 2.13895e-5 0.0001423453 0.0 0.0
-9.52806e-5 2.13895e-5 0.0008784043 0.0 0.0
-9.33361e-5 2.13895e-5 0.0001335523 0.0 0.0
-9.13916e-5 2.13895e-5 6.4192e-6 0.0 0.0
-8.94471e-5 2.13895e-5 0.0004058498 0.0 0.0
-8.75026e-5 2.13895e-5 0.0001203562 0.0 0.0
-8.55581e-5 2.13895e-5 0.0008396565 0.0 0.0
-8.36136e-5 2.13895e-5 0.0012730421 0.0 0.0
-8.1669e-5 2.13895e-5 0.0056177796 0.0 0.0
-7.97245e-5 2.13895e-5 0.00786802 0.0 0.0
-7.778e-5 2.13895e-5 0.0093380737 0.0 0.0
-7.58355e-5 2.13895e-5 0.0121198721 0.0 0.0
-7.3891e-5 2.13895e-5 0.0131578548 0.0 0.0
-7.19465e-5 2.13895e-5 0.0059275234 0.0 0.0
-7.0002e-5 2.13895e-5 0.006850202 0.0 0.0
-6.80575e-5 2.13895e-5 0.011213381 0.0 0.0
-6.6113e-5 2.13895e-5 0.0134763495 0.0 0.0
-6.41685e-5 2.13895e-5 0.013482039 0.0 0.0
-6.2224e-5 2.13895e-5 0.0103307432 0.0 0.0
-6.02795e-5 2.13895e-5 0.0064005986 0.0 0.0
-5.8335e-5 2.13895e-5 0.0035611295 0.0 0.0
-5.63905e-5 2.13895e-5 0.0064122867 0.0 0.0
-5.4446e-5 2.13895e-5 0.0171445667 0.0 0.0
-5.25015e-5 2.13895e-5 0.0146083944 0.0 0.0
-5.0557e-5 2.13895e-5 0.0116141874 0.0 0.0
-4.86125e-5 2.13895e-5 0.0100782308 0.0 0.0
-4.6668e-5 2.13895e-5 0.0094077837 0.0 0.0
-4.47235e-5 2.13895e-5 0.016154939 0.0 0.0
-4.2779e-5 2.13895e-5 0.0164669361 0.0 0.0
-4.08345e-5 2.13895e-5 0.0176699676 0.0 0.0
-3.889e-5 2.13895e-5 0.0188079485 0.0 0.0
-3.69455e-5 2.13895e-5 0.0259106554 0.0 0.0
-3.5001e-5 2.13895e-5 0.0473678134 0.0 0.0
-3.30565e-5 2.13895e-5 0.0783951976 0.0 0.0
-3.1112e-5 2.13895e-5 0.0771752109 0.0 0.0
-2.91675e-5 2.13895e-5 0.1050218411 0.0 0.0
-2.7223e-5 2.13895e-5 0.1566018351 0.0 0.0
-2.52785e-5 2.13895e-5 0.1931455748 0.0 0.0
-2.3334e-5 2.13895e-5 0.2218051138 0.0 0.0
-2.13895e-5 2.13895e-5 0.1435624774 0.0 0.0
-1.9445e-5 2.13895e-5 0.1392955943 0.0 0.0
-1.75005e-5 2.13895e-5 0.0695840922 0.0 0.0
-1.5556e-5 2.13895e-5 0.1036791879 0.0 0.0
-1.36115e-5 2.13895e-5 0.1232046236 0.0 0.0
-1.1667e-5 2.13895e-5 0.112279495 0.0 0.0
-9.7225e-6 2.13895e-5 0.1093865121 0.0 0.0
-7.778e-6 2.13895e-5 0.0762666729 0.0 0.0
-5.8335e-6 2.13895e-5 0.0539040044 0.0 0.0
-3.889e-6 2.13895e-5 0.102098011 0.0 0.0
-1.9445e-6 2.13895e-5 0.0954260926 0.0 0.0
0.0 2.13895e-5 0.1984800099 0.0 0.0
1.9445e-6 2.13895e-5 0.1777572428 0.0 0.0
3.889e-6 2.13895e-5 0.1353484117 0.0 0.0
5.8335e-6 2.13895e-5 0.1382612806 0.0 0.0
7.778e-6 2.13895e-5 0.1291316606 0.0 0.0
9.7225e-6 2.13895e-5 0.071926069 0.0 0.0
1.1667e-5 2.13895e-5 0.0518940114 0.0 0.0
1.36115e-5 2.13895e-5 0.0497642119 0.0 0.0
1.5556e-5 2.13895e-5 0.0325728541 0.0 0.0
1.75005e-5 2.13895e-5 0.0172525081 0.0 0.0
1.9445e-5 2.13895e-5 0.013386186 0.0 0.0
2.13895e-5 2.13895e-5 0.0284331671 0.0 0.0
2.3334e-5 2.13895e-5 0.0316767669 0.0 0.0
2.52785e-5 2.13895e-5 0.0207911031 0.0 0.0
2.7223e-5 2.13895e-5 0.0284017467 0.0 0.0
2.91675e-5 2.13895e-5 0.0460899397 0.0 0.0
3.1112e-5 2.13895e-5 0.0347950288 0.0 0.0
3.30565e-5 2.13895e-5 0.0215921037 0.0 0.0
3.5001e-5 2.13895e-5 0.0136205905 0.0 0.0
3.69455e-5 2.13895e-5 0.0130125929 0.0 0.0
3.889e-5 2.13895e-5 0.0127292989 0.0 0.0
4.08345e-5 2.13895e-5 0.006679082 0.0 0.0
4.2779e-5 2.13895e-5 0.0041245755 0.0 0.0
4.47235e-5 2.13895e-5 0.0098417631 0.0 0.0
4.6668e-5 2.13895e-5 0.0004259299 0.0 0.0
4.86125e-5 2.13895e-5 0.0025742848 0.0 0.0
5.0557e-5 2.13895e-5 0.0010926428 0.0 0.0
5.25015e-5 2.13895e-5 0.001318451 0.0 0.0
5.4446e-5 2.13895e-5 0.0026272385 0.0 0.0
5.63905e-5 2.13895e-5 0.0073416493 0.0 0.0
5.8335e-5 2.13895e-5 0.0058710364 0.0 0.0
6.02795e-5 2.13895e-5 0.0035887187 0.0 0.0
6.2224e-5 2.13895e-5 0.0028256449 0.0 0.0
6.41685e-5 2.13895e-5 0.001001304 0.0 0.0
6.6113e-5 2.13895e-5 0.000507815 0.0 0.0
6.80575e-5 2.13895e-5 1.50759e-5 0.0 0.0
7.0002e-5 2.13895e-5 0.0006589317 0.0 0.0
7.19465e-5 2.13895e-5 0.0005177078 0.0 0.0
7.3891e-5 2.13895e-5 4.28217e-5 0.0 0.0
7.58355e-5 2.13895e-5 5.70117e-5 0.0 0.0
7.778e-5 2.13895e-5 7.43503e-5 0.0 0.0
7.97245e-5 2.13895e-5 0.0002028132 0.0 0.0
8.1669e-5 2.13895e-5 0.0001287386 0.0 0.0
8.36136e-5 2.13895e-5 5.18082e-5 0.0 0.0
8.55581e-5 2.13895e-5 3.1082e-5 0.0 0.0
8.75026e-5 2.13895e-5 1.83121e-5 0.0 0.0
8.94471e-5 2.13895e-5 2.17477e-5 0.0 0.0
9.13916e-5 2.13895e-5 1.82273e-5 0.0 0.0
9.33361e-5 2.13895e-5 2.80785e-5 0.0 0.0
9.52806e-5 2.13895e-5 4.93399e-5 0.0 0.0
-9.72251e-5 2.3334e-5 0.0001963244 0.0 0.0
-9.52806e-5 2.3334e-5 0.0007363897 0.0 0.0
-9.33361e-5 2.3334e-5 0.0001572518 0.0 0.0
-9.13916e-5 2.3334e-5 0.0006540636 0.0 0.0
-8.94471e-5 2.3334e-5 0.0003358764 0.0 0.0
-8.75026e-5 2.3334e-5 0.0001193477 0.0 0.0
-8.55581e-5 2.3334e-5 0.0007341149 0.0 0.0
-8.36136e-5 2.3334e-5 0.0013734309 0.0 0.0
-8.1669e-5 2.3334e-5 0.0055744295 0.0 0.0
-7.97245e-5 2.3334e-5 0.0063541441 0.0 0.0
-7.778e-5 2.3334e-5 0.008537958 0.0 0.0
-7.58355e-5 2.3334e-5 0.0119015296 0.0 0.0
-7.3891e-5 2.3334e-5 0.0126901894 0.0 0.0
-7.19465e-5 2.3334e-5 0.0063170151 0.0 0.0
-7.0002e-5 2.3334e-5 0.005533352 0.0 0.0
-6.80575e-5 2.3334e-5 0.0095499575 0.0 0.0
-6.6113e-5 2.3334e-5 0.0118590898 0.0 0.0
-6.41685e-5 2.3334e-5 0.0149503337 0.0 0.0
-6.2224e-5 2.3334e-5 0.0083258284 0.0 0.0
-6.02795e-5 2.3334e-5 0.0048243627 0.0 0.0
-5.8335e-5 2.3334e-5 0.006111209 0.0 0.0
-5.63905e-5 2.3334e-5 0.0046011318 0.0 0.0
-5.4446e-5 2.3334e-5 0.0082185483 0.0 0.0
-5.25015e-5 2.3334e-5 0.0104391932 0.0 0.0
-5.0557e-5 2.3334e-5 0.0069643888 0.0 0.0
-4.86125e-5 2.3334e-5 0.0045366926 0.0 0.0
-4.6668e-5 2.3334e-5 0.0106352032 0.0 0.0
-4.47235e-5 2.3334e-5 0.0122861388 0.0 0.0
-4.2779e-5 2.3334e-5 0.0195777725 0.0 0.0
-4.08345e-5 2.3334e-5 0.0209585004 0.0 0.0
-3.889e-5 2.3334e-5 0.0241237373 0.0 0.0
-3.69455e-5 2.3334e-5 0.0149944533 0.0 0.0
-3.5001e-5 2.3334e-5 0.0423639727 0.0 0.0
-3.30565e-5 2.3334e-5 0.0611085887 0.0 0.0
-3.1112e-5 2.3334e-5 0.0776439027 0.0 0.0
-2.91675e-5 2.3334e-5 0.089408259 0.0 0.0
-2.7223e-5 2.3334e-5 0.1025645718 0.0 0.0
-2.52785e-5 2.3334e-5 0.1764658845 0.0 0.0
-2.3334e-5 2.3334e-5 0.1947286611 0.0 0.0
-2.13895e-5 2.3334e-5 0.17555979 0.0 0.0
-1.9445e-5 2.3334e-5 0.1324557736 0.0 0.0
-1.75005e-5 2.3334e-5 0.0992051707 0.0 0.0
-1.5556e-5 2.3334e-5 0.0686093482 0.0 0.0
-1.36115e-5 2.3334e-5 0.0835436013 0.0 0.0
-1.1667e-5 2.3334e-5 0.1250482884 0.0 0.0
-9.7225e-6 2.3334e-5 0.1129622705 0.0 0.0
-7.778e-6 2.3334e-5 0.0902314632 0.0 0.0
-5.8335e-6 2.3334e-5 0.0682452339 0.0 0.0
-3.889e-6 2.3334e-5 0.0576228013 0.0 0.0
-1.9445e-6 2.3334e-5 0.050649021 0.0 0.0
0.0 2.3334e-5 0.0618044531 0.0 0.0
1.9445e-6 2.3334e-5 0.0715365808 0.0 0.0
3.889e-6 2.3334e-5 0.0745441766 0.0 0.0
5.8335e-6 2.3334e-5 0.0697714764 0.0 0.0
7.778e-6 2.3334e-5 0.0476290139 0.0 0.0
9.7225e-6 2.3334e-5 0.0339996918 0.0 0.0
1.1667e-5 2.3334e-5 0.0422418173 0.0 0.0
1.36115e-5 2.3334e-5 0.029338775 0.0 0.0
1.5556e-5 2.3334e-5 0.0196790355 0.0 0.0
1.75005e-5 2.3334e-5 0.0116615373 0.0 0.0
1.9445e-5 2.3334e-5 0.0159226141 0.0 0.0
2.13895e-5 2.3334e-5 0.0179951931 0.0 0.0
2.3334e-5 2.3334e-5 0.0141890203 0.0 0.0
2.52785e-5 2.3334e-5 0.0305960316 0.0 0.0
2.7223e-5 2.3334e-5 0.0325230114 0.0 0.0
2.91675e-5 2.3334e-5 0.0316063094 0.0 0.0
3.1112e-5 2.3334e-5 0.0219699891 0.0 0.0
3.30565e-5 2.3334e-5 0.0160347919 0.0 0.0
3.5001e-5 2.3334e-5 0.0130894248 0.0 0.0
3.69455e-5 2.3334e-5 0.0122858741 0.0 0.0
3.889e-5 2.3334e-5 0.0118282654 0.0 0.0
4.08345e-5 2.3334e-5 0.0059007351 0.0 0.0
4.2779e-5 2.3334e-5 0.0150315151 0.0 0.0
4.47235e-5 2.3334e-5 0.0046789352 0.0 0.0
4.6668e-5 2.3334e-5 0.0028086812 0.0 0.0
4.86125e-5 2.3334e-5 0.001700738 0.0 0.0
5.0557e-5 2.3334e-5 0.0021302695 0.0 0.0
5.25015e-5 2.3334e-5 0.0029228946 0.0 0.0
5.4446e-5 2.3334e-5 0.0070270834 0.0 0.0
5.63905e-5 2.3334e-5 0.0052544622 0.0 0.0
5.8335e-5 2.3334e-5 0.004062718 0.0 0.0
6.02795e-5 2.3334e-5 0.0038679858 0.0 0.0
6.2224e-5 2.3334e-5 0.0007218449 0.0 0.0
6.41685e-5 2.3334e-5 0.0004173944 0.0 0.0
6.6113e-5 2.3334e-5 0.0012926446 0.0 0.0
6.80575e-5 2.3334e-5 3.03593e-5 0.0 0.0
7.0002e-5 2.3334e-5 0.000555351 0.0 0.0
7.19465e-5 2.3334e-5 4.85193e-5 0.0 0.0
7.3891e-5 2.3334e-5 6.89987e-5 0.0 0.0
7.58355e-5 2.3334e-5 8.96401e-5 0.0 0.0
7.778e-5 2.3334e-5 9.86294e-5 0.0 0.0
7.97245e-5 2.3334e-5 0.0001787993 0.0 0.0
8.1669e-5 2.3334e-5 0.0001011164 0.0 0.0
8.36136e-5 2.3334e-5 2.76151e-5 0.0 0.0
8.55581e-5 2.3334e-5 1.97747e-5 0.0 0.0
8.75026e-5 2.3334e-5 2.47377e-5 0.0 0.0
8.94471e-5 2.3334e-5 2.08028e-5 0.0 0.0
9.13916e-5 2.3334e-5 2.10219e-5 0.0 0.0
9.33361e-5 2.3334e-5 3.29109e-5 0.0 0.0
9.52806e-5 2.3334e-5 5.78116e-5 0.0 0.0
-9.72251e-5 2.52785e-5 7.0372e-5 0.0 0.0
-9.52806e-5 2.52785e-5 0.0003074257 0.0 0.0
-9.33361e-5 2.52785e-5 1.16498e-5 0.0 0.0
-9.13916e-5 2.52785e-5 0.0003956258 0.0 0.0
-8.94471e-5 2.52785e-5 0.0001042044 0.0 0.0
-8.75026e-5 2.52785e-5 0.0006358484 0.0 0.0
-8.55581e-5 2.52785e-5 0.0003854659 0.0 0.0
-8.36136e-5 2.52785e-5 0.0010442908 0.0 0.0
-8.1669e-5 2.52785e-5 0.0051677056 0.0 0.0
-7.97245e-5 2.52785e-5 0.0058663742 0.0 0.0
-7.778e-5 2.52785e-5 0.0077660941 0.0 0.0
-7.58355e-5 2.52785e-5 0.0107617935 0.0 0.0
-7.3891e-5 2.52785e-5 0.0115197049 0.0 0.0
-7.19465e-5 2.52785e-5 0.0063410362 0.0 0.0
-7.0002e-5 2.52785e-5 0.0059747146 0.0 0.0
-6.80575e-5 2.52785e-5 0.0073913355 0.0 0.0
-6.6113e-5 2.52785e-5 0.0120201171 0.0 0.0
-6.41685e-5 2.52785e-5 0.0144752106 0.0 0.0
-6.2224e-5 2.52785e-5 0.0121666614 0.0 0.0
-6.02795e-5 2.52785e-5 0.0053165711 0.0 0.0
-5.8335e-5 2.52785e-5 0.005970649 0.0 0.0
-5.63905e-5 2.52785e-5 0.0033583927 0.0 0.0
-5.4446e-5 2.52785e-5 0.0071605434 0.0 0.0
-5.25015e-5 2.52785e-5 0.0086638211 0.0 0.0
-5.0557e-5 2.52785e-5 0.0049690631 0.0 0.0
-4.86125e-5 2.52785e-5 0.0036688451 0.0 0.0
-4.6668e-5 2.52785e-5 0.009460106 0.0 0.0
-4.47235e-5 2.52785e-5 0.0114182428 0.0 0.0
-4.2779e-5 2.52785e-5 0.0258785426 0.0 0.0
-4.08345e-5 2.52785e-5 0.0217892231 0.0 0.0
-3.889e-5 2.52785e-5 0.0225468198 0.0 0.0
-3.69455e-5 2.52785e-5 0.0255035495 0.0 0.0
-3.5001e-5 2.52785e-5 0.0353900196 0.0 0.0
-3.30565e-5 2.52785e-5 0.055006038 0.0 0.0
-3.1112e-5 2.52785e-5 0.0641549201 0.0 0.0
-2.91675e-5 2.52785e-5 0.0660352879 0.0 0.0
-2.7223e-5 2.52785e-5 0.1095966127 0.0 0.0
-2.52785e-5 2.52785e-5 0.1445783034 0.0 0.0
-2.3334e-5 2.52785e-5 0.198380643 0.0 0.0
-2.13895e-5 2.52785e-5 0.2210094285 0.0 0.0
-1.9445e-5 2.52785e-5 0.1509447691 0.0 0.0
-1.75005e-5 2.52785e-5 0.1469109366 0.0 0.0
-1.5556e-5 2.52785e-5 0.0864031719 0.0 0.0
-1.36115e-5 2.52785e-5 0.1008235993 0.0 0.0
-1.1667e-5 2.52785e-5 0.1131009061 0.0 0.0
-9.7225e-6 2.52785e-5 0.1041013765 0.0 0.0
-7.778e-6 2.52785e-5 0.0879915621 0.0 0.0
-5.8335e-6 2.52785e-5 0.0768863874 0.0 0.0
-3.889e-6 2.52785e-5 0.055983084 0.0 0.0
-1.9445e-6 2.52785e-5 0.0398923094 0.0 0.0
0.0 2.52785e-5 0.0376749259 0.0 0.0
1.9445e-6 2.52785e-5 0.0508084647 0.0 0.0
3.889e-6 2.52785e-5 0.0380051177 0.0 0.0
5.8335e-6 2.52785e-5 0.0358167165 0.0 0.0
7.778e-6 2.52785e-5 0.0342206126 0.0 0.0
9.7225e-6 2.52785e-5 0.0327253664 0.0 0.0
1.1667e-5 2.52785e-5 0.0251339248 0.0 0.0
1.36115e-5 2.52785e-5 0.0143685174 0.0 0.0
1.5556e-5 2.52785e-5 0.0150778287 0.0 0.0
1.75005e-5 2.52785e-5 0.0120395139 0.0 0.0
1.9445e-5 2.52785e-5 0.0114285474 0.0 0.0
2.13895e-5 2.52785e-5 0.0150290921 0.0 0.0
2.3334e-5 2.52785e-5 0.0151370803 0.0 0.0
2.52785e-5 2.52785e-5 0.0257223355 0.0 0.0
2.7223e-5 2.52785e-5 0.0281072629 0.0 0.0
2.91675e-5 2.52785e-5 0.0228491323 0.0 0.0
3.1112e-5 2.52785e-5 0.0172894357 0.0 0.0
3.30565e-5 2.52785e-5 0.0109699426 0.0 0.0
3.5001e-5 2.52785e-5 0.011644905 0.0 0.0
3.69455e-5 2.52785e-5 0.012496078 0.0 0.0
3.889e-5 2.52785e-5 0.011860181 0.0 0.0
4.08345e-5 2.52785e-5 0.011204727 0.0 0.0
4.2779e-5 2.52785e-5 0.0123204662 0.0 0.0
4.47235e-5 2.52785e-5 0.0039094241 0.0 0.0
4.6668e-5 2.52785e-5 0.0017472822 0.0 0.0
4.86125e-5 2.52785e-5 0.0025346641 0.0 0.0
5.0557e-5 2.52785e-5 0.0035462383 0.0 0.0
5.25015e-5 2.52785e-5 0.0069656317 0.0 0.0
5.4446e-5 2.52785e-5 0.0061628185 0.0 0.0
5.63905e-5 2.52785e-5 0.0056870051 0.0 0.0
5.8335e-5 2.52785e-5 0.0035621577 0.0 0.0
6.02795e-5 2.52785e-5 0.0035802089 0.0 0.0
6.2224e-5 2.52785e-5 0.0019599336 0.0 0.0
6.41685e-5 2.52785e-5 0.0006671709 0.0 0.0
6.6113e-5 2.52785e-5 6.05152e-5 0.0 0.0
6.80575e-5 2.52785e-5 0.0007172071 0.0 0.0
7.0002e-5 2.52785e-5 3.94295e-5 0.0 0.0
7.19465e-5 2.52785e-5 6.34246e-5 0.0 0.0
7.3891e-5 2.52785e-5 9.61694e-5 0.0 0.0
7.58355e-5 2.52785e-5 0.0001007962 0.0 0.0
7.778e-5 2.52785e-5 8.73189e-5 0.0 0.0
7.97245e-5 2.52785e-5 0.0001690379 0.0 0.0
8.1669e-5 2.52785e-5 3.81722e-5 0.0 0.0
8.36136e-5 2.52785e-5 3.052e-5 0.0 0.0
8.55581e-5 2.52785e-5 3.35572e-5 0.0 0.0
8.75026e-5 2.52785e-5 2.42377e-5 0.0 0.0
8.94471e-5 2.52785e-5 2.14681e-5 0.0 0.0
9.13916e-5 2.52785e-5 2.79125e-5 0.0 0.0
9.33361e-5 2.52785e-5 4.49782e-5 0.0 0.0
9.52806e-5 2.52785e-5 6.8348e-5 0.0 0.0
-9.72251e-5 2.7223e-5 0.0008453396 0.0 0.0
-9.52806e-5 2.7223e-5 0.0004718585 0.0 0.0
-9.33361e-5 2.7223e-5 6.75292e-5 0.0 0.0
-9.13916e-5 2.7223e-5 0.0003235079 0.0 0.0
-8.94471e-5 2.7223e-5 0.0001854116 0.0 0.0
-8.75026e-5 2.7223e-5 0.0001145415 0.0 0.0
-8.55581e-5 2.7223e-5 0.0005856431 0.0 0.0
-8.36136e-5 2.7223e-5 0.0013736313 0.0 0.0
-8.1669e-5 2.7223e-5 0.0045849086 0.0 0.0
-7.97245e-5 2.7223e-5 0.0060117012 0.0 0.0
-7.778e-5 2.7223e-5 0.0075565034 0.0 0.0
-7.58355e-5 2.7223e-5 0.0094561364 0.0 0.0
-7.3891e-5 2.7223e-5 0.0130318337 0.0 0.0
-7.19465e-5 2.7223e-5 0.0075992475 0.0 0.0
-7.0002e-5 2.7223e-5 0.0049704367 0.0 0.0
-6.80575e-5 2.7223e-5 0.0064112708 0.0 0.0
-6.6113e-5 2.7223e-5 0.0108093885 0.0 0.0
-6.41685e-5 2.7223e-5 0.0131007652 0.0 0.0
-6.2224e-5 2.7223e-5 0.0135122971 0.0 0.0
-6.02795e-5 2.7223e-5 0.0066799339 0.0 0.0
-5.8335e-5 2.7223e-5 0.0030793936 0.0 0.0
-5.63905e-5 2.7223e-5 0.0042084709 0.0 0.0
-5.4446e-5 2.7223e-5 0.007560086 0.0 0.0
-5.25015e-5 2.7223e-5 0.010498574 0.0 0.0
-5.0557e-5 2.7223e-5 0.0061538825 0.0 0.0
-4.86125e-5 2.7223e-5 0.0080460834 0.0 0.0
-4.6668e-5 2.7223e-5 0.0076531217 0.0 0.0
-4.47235e-5 2.7223e-5 0.0126985102 0.0 0.0
-4.2779e-5 2.7223e-5 0.028270765 0.0 0.0
-4.08345e-5 2.7223e-5 0.0228611422 0.0 0.0
-3.889e-5 2.7223e-5 0.0262758388 0.0 0.0
-3.69455e-5 2.7223e-5 0.028001723 0.0 0.0
-3.5001e-5 2.7223e-5 0.0255906695 0.0 0.0
-3.30565e-5 2.7223e-5 0.0439539259 0.0 0.0
-3.1112e-5 2.7223e-5 0.0565698716 0.0 0.0
-2.91675e-5 2.7223e-5 0.0617695575 0.0 0.0
-2.7223e-5 2.7223e-5 0.0927441865 0.0 0.0
-2.52785e-5 2.7223e-5 0.1198611467 0.0 0.0
-2.3334e-5 2.7223e-5 0.1791992486 0.0 0.0
-2.13895e-5 2.7223e-5 0.1822671355 0.0 0.0
-1.9445e-5 2.7223e-5 0.2205132909 0.0 0.0
-1.75005e-5 2.7223e-5 0.1117249019 0.0 0.0
-1.5556e-5 2.7223e-5 0.1029491057 0.0 0.0
-1.36115e-5 2.7223e-5 0.1226865035 0.0 0.0
-1.1667e-5 2.7223e-5 0.1117974601 0.0 0.0
-9.7225e-6 2.7223e-5 0.0994686879 0.0 0.0
-7.778e-6 2.7223e-5 0.0619309004 0.0 0.0
-5.8335e-6 2.7223e-5 0.0601868738 0.0 0.0
-3.889e-6 2.7223e-5 0.0541641209 0.0 0.0
-1.9445e-6 2.7223e-5 0.0523179629 0.0 0.0
0.0 2.7223e-5 0.0347720604 0.0 0.0
1.9445e-6 2.7223e-5 0.0329938217 0.0 0.0
3.889e-6 2.7223e-5 0.0313816764 0.0 0.0
5.8335e-6 2.7223e-5 0.0293150667 0.0 0.0
7.778e-6 2.7223e-5 0.0190141163 0.0 0.0
9.7225e-6 2.7223e-5 0.0254530655 0.0 0.0
1.1667e-5 2.7223e-5 0.017339841 0.0 0.0
1.36115e-5 2.7223e-5 0.0143810838 0.0 0.0
1.5556e-5 2.7223e-5 0.0400477197 0.0 0.0
1.75005e-5 2.7223e-5 0.01325064 0.0 0.0
1.9445e-5 2.7223e-5 0.0154906611 0.0 0.0
2.13895e-5 2.7223e-5 0.0248387155 0.0 0.0
2.3334e-5 2.7223e-5 0.024525749 0.0 0.0
2.52785e-5 2.7223e-5 0.0238237449 0.0 0.0
2.7223e-5 2.7223e-5 0.017094215 0.0 0.0
2.91675e-5 2.7223e-5 0.0138714847 0.0 0.0
3.1112e-5 2.7223e-5 0.0123416011 0.0 0.0
3.30565e-5 2.7223e-5 0.0102052538 0.0 0.0
3.5001e-5 2.7223e-5 0.0120141389 0.0 0.0
3.69455e-5 2.7223e-5 0.0184760598 0.0 0.0
3.889e-5 2.7223e-5 0.0083069924 0.0 0.0
4.08345e-5 2.7223e-5 0.0079270893 0.0 0.0
4.2779e-5 2.7223e-5 0.0089805168 0.0 0.0
4.47235e-5 2.7223e-5 0.0017020139 0.0 0.0
4.6668e-5 2.7223e-5 0.0024849312 0.0 0.0
4.86125e-5 2.7223e-5 0.0036091012 0.0 0.0
5.0557e-5 2.7223e-5 0.0073260048 0.0 0.0
5.25015e-5 2.7223e-5 0.0087010454 0.0 0.0
5.4446e-5 2.7223e-5 0.0048612011 0.0 0.0
5.63905e-5 2.7223e-5 0.0051352064 0.0 0.0
5.8335e-5 2.7223e-5 0.0041822711 0.0 0.0
6.02795e-5 2.7223e-5 0.0011279645 0.0 0.0
6.2224e-5 2.7223e-5 0.0003609108 0.0 0.0
6.41685e-5 2.7223e-5 0.0011679743 0.0 0.0
6.6113e-5 2.7223e-5 3.82489e-5 0.0 0.0
6.80575e-5 2.7223e-5 0.0006526225 0.0 0.0
7.0002e-5 2.7223e-5 5.04299e-5 0.0 0.0
7.19465e-5 2.7223e-5 5.98243e-5 0.0 0.0
7.3891e-5 2.7223e-5 3.76271e-5 0.0 0.0
7.58355e-5 2.7223e-5 9.50762e-5 0.0 0.0
7.778e-5 2.7223e-5 7.15061e-5 0.0 0.0
7.97245e-5 2.7223e-5 9.02958e-5 0.0 0.0
8.1669e-5 2.7223e-5 4.07064e-5 0.0 0.0
8.36136e-5 2.7223e-5 4.47769e-5 0.0 0.0
8.55581e-5 2.7223e-5 2.65956e-5 0.0 0.0
8.75026e-5 2.7223e-5 2.50846e-5 0.0 0.0
8.94471e-5 2.7223e-5 2.58464e-5 0.0 0.0
9.13916e-5 2.7223e-5 3.80009e-5 0.0 0.0
9.33361e-5 2.7223e-5 5.35194e-5 0.0 0.0
9.52806e-5 2.7223e-5 3.67163e-5 0.0 0.0
-9.72251e-5 2.91675e-5 0.0006108251 0.0 0.0
-9.52806e-5 2.91675e-5 0.0001644974 0.0 0.0
-9.33361e-5 2.91675e-5 0.0006531214 0.0 0.0
-9.13916e-5 2.91675e-5 0.0001137925 0.0 0.0
-8.94471e-5 2.91675e-5 0.0005848051 0.0 0.0
-8.75026e-5 2.91675e-5 0.0005505166 0.0 0.0
-8.55581e-5 2.91675e-5 0.000449888 0.0 0.0
-8.36136e-5 2.91675e-5 0.0010091114 0.0 0.0
-8.1669e-5 2.91675e-5 0.0034037386 0.0 0.0
-7.97245e-5 2.91675e-5 0.005711659 0.0 0.0
-7.778e-5 2.91675e-5 0.0070625744 0.0 0.0
-7.58355e-5 2.91675e-5 0.0085720967 0.0 0.0
-7.3891e-5 2.91675e-5 0.0118906907 0.0 0.0
-7.19465e-5 2.91675e-5 0.009067175 0.0 0.0
-7.0002e-5 2.91675e-5 0.0072812809 0.0 0.0
-6.80575e-5 2.91675e-5 0.0067333048 0.0 0.0
-6.6113e-5 2.91675e-5 0.0078765376 0.0 0.0
-6.41685e-5 2.91675e-5 0.0121266141 0.0 0.0
-6.2224e-5 2.91675e-5 0.0148297258 0.0 0.0
-6.02795e-5 2.91675e-5 0.0087259973 0.0 0.0
-5.8335e-5 2.91675e-5 0.0023501138 0.0 0.0
-5.63905e-5 2.91675e-5 0.0027037548 0.0 0.0
-5.4446e-5 2.91675e-5 0.006176625 0.0 0.0
-5.25015e-5 2.91675e-5 0.0078706854 0.0 0.0
-5.0557e-5 2.91675e-5 0.0077442832 0.0 0.0
-4.86125e-5 2.91675e-5 0.0047021241 0.0 0.0
-4.6668e-5 2.91675e-5 0.0085878957 0.0 0.0
-4.47235e-5 2.91675e-5 0.0084795188 0.0 0.0
-4.2779e-5 2.91675e-5 0.0253596834 0.0 0.0
-4.08345e-5 2.91675e-5 0.028120295 0.0 0.0
-3.889e-5 2.91675e-5 0.0233677068 0.0 0.0
-3.69455e-5 2.91675e-5 0.0264715782 0.0 0.0
-3.5001e-5 2.91675e-5 0.0309482615 0.0 0.0
-3.30565e-5 2.91675e-5 0.0364159929 0.0 0.0
-3.1112e-5 2.91675e-5 0.0450334903 0.0 0.0
-2.91675e-5 2.91675e-5 0.0602168769 0.0 0.0
-2.7223e-5 2.91675e-5 0.0717713851 0.0 0.0
-2.52785e-5 2.91675e-5 0.1059524227 0.0 0.0
-2.3334e-5 2.91675e-5 0.1261341456 0.0 0.0
-2.13895e-5 2.91675e-5 0.1871104655 0.0 0.0
-1.9445e-5 2.91675e-5 0.1820980724 0.0 0.0
-1.75005e-5 2.91675e-5 0.1660691516 0.0 0.0
-1.5556e-5 2.91675e-5 0.1022922773 0.0 0.0
-1.36115e-5 2.91675e-5 0.1199249196 0.0 0.0
-1.1667e-5 2.91675e-5 0.1170213759 0.0 0.0
-9.7225e-6 2.91675e-5 0.0742377632 0.0 0.0
-7.778e-6 2.91675e-5 0.0491756812 0.0 0.0
-5.8335e-6 2.91675e-5 0.0428928809 0.0 0.0
-3.889e-6 2.91675e-5 0.0364132932 0.0 0.0
-1.9445e-6 2.91675e-5 0.0312925374 0.0 0.0
0.0 2.91675e-5 0.0285148347 0.0 0.0
1.9445e-6 2.91675e-5 0.0241239675 0.0 0.0
3.889e-6 2.91675e-5 0.0212181496 0.0 0.0
5.8335e-6 2.91675e-5 0.0190621124 0.0 0.0
7.778e-6 2.91675e-5 0.0155103869 0.0 0.0
9.7225e-6 2.91675e-5 0.0114481186 0.0 0.0
1.1667e-5 2.91675e-5 0.0215323249 0.0 0.0
1.36115e-5 2.91675e-5 0.0114856513 0.0 0.0
1.5556e-5 2.91675e-5 0.0079755637 0.0 0.0
1.75005e-5 2.91675e-5 0.0126436361 0.0 0.0
1.9445e-5 2.91675e-5 0.0131978567 0.0 0.0
2.13895e-5 2.91675e-5 0.0168102021 0.0 0.0
2.3334e-5 2.91675e-5 0.0208777563 0.0 0.0
2.52785e-5 2.91675e-5 0.0153657407 0.0 0.0
2.7223e-5 2.91675e-5 0.0131190514 0.0 0.0
2.91675e-5 2.91675e-5 0.012143274 0.0 0.0
3.1112e-5 2.91675e-5 0.0108288686 0.0 0.0
3.30565e-5 2.91675e-5 0.0135624213 0.0 0.0
3.5001e-5 2.91675e-5 0.0232500671 0.0 0.0
3.69455e-5 2.91675e-5 0.012678055 0.0 0.0
3.889e-5 2.91675e-5 0.0076798874 0.0 0.0
4.08345e-5 2.91675e-5 0.0107521234 0.0 0.0
4.2779e-5 2.91675e-5 0.004160783 0.0 0.0
4.47235e-5 2.91675e-5 0.0019936598 0.0 0.0
4.6668e-5 2.91675e-5 0.0034569078 0.0 0.0
4.86125e-5 2.91675e-5 0.0069915674 0.0 0.0
5.0557e-5 2.91675e-5 0.0059524325 0.0 0.0
5.25015e-5 2.91675e-5 0.0059875413 0.0 0.0
5.4446e-5 2.91675e-5 0.0056842356 0.0 0.0
5.63905e-5 2.91675e-5 0.0042333635 0.0 0.0
5.8335e-5 2.91675e-5 0.0021991044 0.0 0.0
6.02795e-5 2.91675e-5 0.0014832658 0.0 0.0
6.2224e-5 2.91675e-5 0.0004255604 0.0 0.0
6.41685e-5 2.91675e-5 4.27636e-5 0.0 0.0
6.6113e-5 2.91675e-5 3.44263e-5 0.0 0.0
6.80575e-5 2.91675e-5 2.30175e-5 0.0 0.0
7.0002e-5 2.91675e-5 1.19683e-5 0.0 0.0
7.19465e-5 2.91675e-5 2.65926e-5 0.0 0.0
7.3891e-5 2.91675e-5 2.89548e-5 0.0 0.0
7.58355e-5 2.91675e-5 8.91946e-5 0.0 0.0
7.778e-5 2.91675e-5 7.91824e-5 0.0 0.0
7.97245e-5 2.91675e-5 6.59195e-5 0.0 0.0
8.1669e-5 2.91675e-5 2.66862e-5 0.0 0.0
8.36136e-5 2.91675e-5 3.22093e-5 0.0 0.0
8.55581e-5 2.91675e-5 2.59197e-5 0.0 0.0
8.75026e-5 2.91675e-5 4.26983e-5 0.0 0.0
8.94471e-5 2.91675e-5 3.25991e-5 0.0 0.0
9.13916e-5 2.91675e-5 4.51344e-5 0.0 0.0
9.33361e-5 2.91675e-5 6.97479e-5 0.0 0.0
9.52806e-5 2.91675e-5 3.92679e-5 0.0 0.0
-9.72251e-5 3.1112e-5 0.0005144164 0.0 0.0
-9.52806e-5 3.1112e-5 0.0002332856 0.0 0.0
-9.33361e-5 3.1112e-5 0.0006685212 0.0 0.0
-9.13916e-5 3.1112e-5 0.0002511081 0.0 0.0
-8.94471e-5 3.1112e-5 8.60018e-5 0.0 0.0
-8.75026e-5 3.1112e-5 0.0005104024 0.0 0.0
-8.55581e-5 3.1112e-5 0.000459829 0.0 0.0
-8.36136e-5 3.1112e-5 0.0012538074 0.0 0.0
-8.1669e-5 3.1112e-5 0.0011225841 0.0 0.0
-7.97245e-5 3.1112e-5 0.0051739493 0.0 0.0
-7.778e-5 3.1112e-5 0.0062572156 0.0 0.0
-7.58355e-5 3.1112e-5 0.0082457117 0.0 0.0
-7.3891e-5 3.1112e-5 0.0102153803 0.0 0.0
-7.19465e-5 3.1112e-5 0.0127331027 0.0 0.0
-7.0002e-5 3.1112e-5 0.0075812537 0.0 0.0
-6.80575e-5 3.1112e-5 0.0073307389 0.0 0.0
-6.6113e-5 3.1112e-5 0.0086147056 0.0 0.0
-6.41685e-5 3.1112e-5 0.009730078 0.0 0.0
-6.2224e-5 3.1112e-5 0.0121478711 0.0 0.0
-6.02795e-5 3.1112e-5 0.0144109917 0.0 0.0
-5.8335e-5 3.1112e-5 0.0047044419 0.0 0.0
-5.63905e-5 3.1112e-5 0.0019824942 0.0 0.0
-5.4446e-5 3.1112e-5 0.0050159659 0.0 0.0
-5.25015e-5 3.1112e-5 0.0076110983 0.0 0.0
-5.0557e-5 3.1112e-5 0.0072335932 0.0 0.0
-4.86125e-5 3.1112e-5 0.0078381598 0.0 0.0
-4.6668e-5 3.1112e-5 0.00625433 0.0 0.0
-4.47235e-5 3.1112e-5 0.0132872534 0.0 0.0
-4.2779e-5 3.1112e-5 0.0188513303 0.0 0.0
-4.08345e-5 3.1112e-5 0.0290062466 0.0 0.0
-3.889e-5 3.1112e-5 0.0240394277 0.0 0.0
-3.69455e-5 3.1112e-5 0.0280385695 0.0 0.0
-3.5001e-5 3.1112e-5 0.0219594302 0.0 0.0
-3.30565e-5 3.1112e-5 0.0256255321 0.0 0.0
-3.1112e-5 3.1112e-5 0.0315490112 0.0 0.0
-2.91675e-5 3.1112e-5 0.0489150617 0.0 0.0
-2.7223e-5 3.1112e-5 0.052471964 0.0 0.0
-2.52785e-5 3.1112e-5 0.0726530918 0.0 0.0
-2.3334e-5 3.1112e-5 0.0957195381 0.0 0.0
-2.13895e-5 3.1112e-5 0.1158191143 0.0 0.0
-1.9445e-5 3.1112e-5 0.1648637087 0.0 0.0
-1.75005e-5 3.1112e-5 0.1570548393 0.0 0.0
-1.5556e-5 3.1112e-5 0.1416428735 0.0 0.0
-1.36115e-5 3.1112e-5 0.0782579381 0.0 0.0
-1.1667e-5 3.1112e-5 0.0530664749 0.0 0.0
-9.7225e-6 3.1112e-5 0.0695654542 0.0 0.0
-7.778e-6 3.1112e-5 0.0617827333 0.0 0.0
-5.8335e-6 3.1112e-5 0.0470969158 0.0 0.0
-3.889e-6 3.1112e-5 0.0393311843 0.0 0.0
-1.9445e-6 3.1112e-5 0.0343139251 0.0 0.0
0.0 3.1112e-5 0.0268830787 0.0 0.0
1.9445e-6 3.1112e-5 0.0233904566 0.0 0.0
3.889e-6 3.1112e-5 0.0286947666 0.0 0.0
5.8335e-6 3.1112e-5 0.0212909203 0.0 0.0
7.778e-6 3.1112e-5 0.0245265708 0.0 0.0
9.7225e-6 3.1112e-5 0.0156027103 0.0 0.0
1.1667e-5 3.1112e-5 0.0096091965 0.0 0.0
1.36115e-5 3.1112e-5 0.0106874017 0.0 0.0
1.5556e-5 3.1112e-5 0.0178364573 0.0 0.0
1.75005e-5 3.1112e-5 0.0156254058 0.0 0.0
1.9445e-5 3.1112e-5 0.0207428194 0.0 0.0
2.13895e-5 3.1112e-5 0.0179774614 0.0 0.0
2.3334e-5 3.1112e-5 0.0119158328 0.0 0.0
2.52785e-5 3.1112e-5 0.012260667 0.0 0.0
2.7223e-5 3.1112e-5 0.0120818938 0.0 0.0
2.91675e-5 3.1112e-5 0.012789593 0.0 0.0
3.1112e-5 3.1112e-5 0.0190803776 0.0 0.0
3.30565e-5 3.1112e-5 0.0239013017 0.0 0.0
3.5001e-5 3.1112e-5 0.0157396622 0.0 0.0
3.69455e-5 3.1112e-5 0.0079919337 0.0 0.0
3.889e-5 3.1112e-5 0.0055071119 0.0 0.0
4.08345e-5 3.1112e-5 0.0096359871 0.0 0.0
4.2779e-5 3.1112e-5 0.0041883381 0.0 0.0
4.47235e-5 3.1112e-5 0.0034888331 0.0 0.0
4.6668e-5 3.1112e-5 0.0086248294 0.0 0.0
4.86125e-5 3.1112e-5 0.006106839 0.0 0.0
5.0557e-5 3.1112e-5 0.0058067747 0.0 0.0
5.25015e-5 3.1112e-5 0.0049543099 0.0 0.0
5.4446e-5 3.1112e-5 0.0045013649 0.0 0.0
5.63905e-5 3.1112e-5 0.0028374585 0.0 0.0
5.8335e-5 3.1112e-5 0.0008309939 0.0 0.0
6.02795e-5 3.1112e-5 0.0002124683 0.0 0.0
6.2224e-5 3.1112e-5 0.0007450961 0.0 0.0
6.41685e-5 3.1112e-5 2.70384e-5 0.0 0.0
6.6113e-5 3.1112e-5 0.0005494249 0.0 0.0
6.80575e-5 3.1112e-5 5.4658e-6 0.0 0.0
7.0002e-5 3.1112e-5 6.0476e-6 0.0 0.0
7.19465e-5 3.1112e-5 3.59103e-5 0.0 0.0
7.3891e-5 3.1112e-5 4.27498e-5 0.0 0.0
7.58355e-5 3.1112e-5 8.31931e-5 0.0 0.0
7.778e-5 3.1112e-5 0.0001084555 0.0 0.0
7.97245e-5 3.1112e-5 6.96709e-5 0.0 0.0
8.1669e-5 3.1112e-5 3.90217e-5 0.0 0.0
8.36136e-5 3.1112e-5 3.33137e-5 0.0 0.0
8.55581e-5 3.1112e-5 4.59007e-5 0.0 0.0
8.75026e-5 3.1112e-5 4.87469e-5 0.0 0.0
8.94471e-5 3.1112e-5 3.86652e-5 0.0 0.0
9.13916e-5 3.1112e-5 5.81621e-5 0.0 0.0
9.33361e-5 3.1112e-5 3.64881e-5 0.0 0.0
9.52806e-5 3.1112e-5 3.05504e-5 0.0 0.0
-9.72251e-5 3.30565e-5 0.0001999365 0.0 0.0
-9.52806e-5 3.30565e-5 0.0005986372 0.0 0.0
-9.33361e-5 3.30565e-5 0.00019218 0.0 0.0
-9.13916e-5 3.30565e-5 5.16657e-5 0.0 0.0
-8.94471e-5 3.30565e-5 0.0004320022 0.0 0.0
-8.75026e-5 3.30565e-5 0.0007730378 0.0 0.0
-8.55581e-5 3.30565e-5 0.0008378912 0.0 0.0
-8.36136e-5 3.30565e-5 0.0008239516 0.0 0.0
-8.1669e-5 3.30565e-5 0.0014284544 0.0 0.0
-7.97245e-5 3.30565e-5 0.0049749158 0.0 0.0
-7.778e-5 3.30565e-5 0.0057939714 0.0 0.0
-7.58355e-5 3.30565e-5 0.0073086138 0.0 0.0
-7.3891e-5 3.30565e-5 0.0098634585 0.0 0.0
-7.19465e-5 3.30565e-5 0.0119915404 0.0 0.0
-7.0002e-5 3.30565e-5 0.0125850182 0.0 0.0
-6.80575e-5 3.30565e-5 0.008316224 0.0 0.0
-6.6113e-5 3.30565e-5 0.006978109 0.0 0.0
-6.41685e-5 3.30565e-5 0.010742264 0.0 0.0
-6.2224e-5 3.30565e-5 0.0120045487 0.0 0.0
-6.02795e-5 3.30565e-5 0.0146748417 0.0 0.0
-5.8335e-5 3.30565e-5 0.0089634424 0.0 0.0
-5.63905e-5 3.30565e-5 0.0056305552 0.0 0.0
-5.4446e-5 3.30565e-5 0.0050756179 0.0 0.0
-5.25015e-5 3.30565e-5 0.0040454534 0.0 0.0
-5.0557e-5 3.30565e-5 0.00379077 0.0 0.0
-4.86125e-5 3.30565e-5 0.0080822347 0.0 0.0
-4.6668e-5 3.30565e-5 0.0050006513 0.0 0.0
-4.47235e-5 3.30565e-5 0.0106473351 0.0 0.0
-4.2779e-5 3.30565e-5 0.0126868862 0.0 0.0
-4.08345e-5 3.30565e-5 0.025654748 0.0 0.0
-3.889e-5 3.30565e-5 0.0291218438 0.0 0.0
-3.69455e-5 3.30565e-5 0.0233314333 0.0 0.0
-3.5001e-5 3.30565e-5 0.0269669146 0.0 0.0
-3.30565e-5 3.30565e-5 0.0292066143 0.0 0.0
-3.1112e-5 3.30565e-5 0.032212371 0.0 0.0
-2.91675e-5 3.30565e-5 0.0358955573 0.0 0.0
-2.7223e-5 3.30565e-5 0.047540715 0.0 0.0
-2.52785e-5 3.30565e-5 0.0583545628 0.0 0.0
-2.3334e-5 3.30565e-5 0.0674837009 0.0 0.0
-2.13895e-5 3.30565e-5 0.0894432564 0.0 0.0
-1.9445e-5 3.30565e-5 0.1018546599 0.0 0.0
-1.75005e-5 3.30565e-5 0.1438591367 0.0 0.0
-1.5556e-5 3.30565e-5 0.1244778466 0.0 0.0
-1.36115e-5 3.30565e-5 0.1398714821 0.0 0.0
-1.1667e-5 3.30565e-5 0.0674005727 0.0 0.0
-9.7225e-6 3.30565e-5 0.0284071613 0.0 0.0
-7.778e-6 3.30565e-5 0.0336044976 0.0 0.0
-5.8335e-6 3.30565e-5 0.0309633816 0.0 0.0
-3.889e-6 3.30565e-5 0.0404961176 0.0 0.0
-1.9445e-6 3.30565e-5 0.0396104215 0.0 0.0
0.0 3.30565e-5 0.0293161391 0.0 0.0
1.9445e-6 3.30565e-5 0.0289090069 0.0 0.0
3.889e-6 3.30565e-5 0.0322496998 0.0 0.0
5.8335e-6 3.30565e-5 0.0183552415 0.0 0.0
7.778e-6 3.30565e-5 0.0177333325 0.0 0.0
9.7225e-6 3.30565e-5 0.020723794 0.0 0.0
1.1667e-5 3.30565e-5 0.018788495 0.0 0.0
1.36115e-5 3.30565e-5 0.0170801041 0.0 0.0
1.5556e-5 3.30565e-5 0.0128824647 0.0 0.0
1.75005e-5 3.30565e-5 0.012232286 0.0 0.0
1.9445e-5 3.30565e-5 0.0176018346 0.0 0.0
2.13895e-5 3.30565e-5 0.0107542584 0.0 0.0
2.3334e-5 3.30565e-5 0.0117285149 0.0 0.0
2.52785e-5 3.30565e-5 0.0135586929 0.0 0.0
2.7223e-5 3.30565e-5 0.0215882466 0.0 0.0
2.91675e-5 3.30565e-5 0.0153682564 0.0 0.0
3.1112e-5 3.30565e-5 0.0102128345 0.0 0.0
3.30565e-5 3.30565e-5 0.0148306039 0.0 0.0
3.5001e-5 3.30565e-5 0.0085898344 0.0 0.0
3.69455e-5 3.30565e-5 0.0068559248 0.0 0.0
3.889e-5 3.30565e-5 0.0110230962 0.0 0.0
4.08345e-5 3.30565e-5 0.0083985844 0.0 0.0
4.2779e-5 3.30565e-5 0.0043312984 0.0 0.0
4.47235e-5 3.30565e-5 0.0108717587 0.0 0.0
4.6668e-5 3.30565e-5 0.007042929 0.0 0.0
4.86125e-5 3.30565e-5 0.0051362806 0.0 0.0
5.0557e-5 3.30565e-5 0.0067074407 0.0 0.0
5.25015e-5 3.30565e-5 0.0057614707 0.0 0.0
5.4446e-5 3.30565e-5 0.0020397918 0.0 0.0
5.63905e-5 3.30565e-5 0.0010455799 0.0 0.0
5.8335e-5 3.30565e-5 0.001021417 0.0 0.0
6.02795e-5 3.30565e-5 0.0003858366 0.0 0.0
6.2224e-5 3.30565e-5 1.93026e-5 0.0 0.0
6.41685e-5 3.30565e-5 1.57113e-5 0.0 0.0
6.6113e-5 3.30565e-5 0.0004182502 0.0 0.0
6.80575e-5 3.30565e-5 8.6958e-6 0.0 0.0
7.0002e-5 3.30565e-5 0.0001738832 0.0 0.0
7.19465e-5 3.30565e-5 5.25541e-5 0.0 0.0
7.3891e-5 3.30565e-5 6.95807e-5 0.0 0.0
7.58355e-5 3.30565e-5 0.0001321482 0.0 0.0
7.778e-5 3.30565e-5 5.47284e-5 0.0 0.0
7.97245e-5 3.30565e-5 5.40074e-5 0.0 0.0
8.1669e-5 3.30565e-5 3.26219e-5 0.0 0.0
8.36136e-5 3.30565e-5 5.20837e-5 0.0 0.0
8.55581e-5 3.30565e-5 5.45327e-5 0.0 0.0
8.75026e-5 3.30565e-5 6.2593e-5 0.0 0.0
8.94471e-5 3.30565e-5 4.59704e-5 0.0 0.0
9.13916e-5 3.30565e-5 7.95447e-5 0.0 0.0
9.33361e-5 3.30565e-5 3.94584e-5 0.0 0.0
9.52806e-5 3.30565e-5 1.85532e-5 0.0 0.0
-9.72251e-5 3.5001e-5 0.0005717568 0.0 0.0
-9.52806e-5 3.5001e-5 0.0003657425 0.0 0.0
-9.33361e-5 3.5001e-5 0.0001368987 0.0 0.0
-9.13916e-5 3.5001e-5 0.0005169093 0.0 0.0
-8.94471e-5 3.5001e-5 0.0002292281 0.0 0.0
-8.75026e-5 3.5001e-5 0.0006091241 0.0 0.0
-8.55581e-5 3.5001e-5 0.0005647822 0.0 0.0
-8.36136e-5 3.5001e-5 0.0005794997 0.0 0.0
-8.1669e-5 3.5001e-5 0.0014646272 0.0 0.0
-7.97245e-5 3.5001e-5 0.0032321433 0.0 0.0
-7.778e-5 3.5001e-5 0.0055959942 0.0 0.0
-7.58355e-5 3.5001e-5 0.0065730687 0.0 0.0
-7.3891e-5 3.5001e-5 0.0087959277 0.0 0.0
-7.19465e-5 3.5001e-5 0.0114940618 0.0 0.0
-7.0002e-5 3.5001e-5 0.0141489862 0.0 0.0
-6.80575e-5 3.5001e-5 0.0068107756 0.0 0.0
-6.6113e-5 3.5001e-5 0.0086180145 0.0 0.0
-6.41685e-5 3.5001e-5 0.0098565791 0.0 0.0
-6.2224e-5 3.5001e-5 0.0111541767 0.0 0.0
-6.02795e-5 3.5001e-5 0.0126901055 0.0 0.0
-5.8335e-5 3.5001e-5 0.0158172437 0.0 0.0
-5.63905e-5 3.5001e-5 0.0068399055 0.0 0.0
-5.4446e-5 3.5001e-5 0.0025297679 0.0 0.0
-5.25015e-5 3.5001e-5 0.005089405 0.0 0.0
-5.0557e-5 3.5001e-5 0.0072813021 0.0 0.0
-4.86125e-5 3.5001e-5 0.0058616576 0.0 0.0
-4.6668e-5 3.5001e-5 0.0065789278 0.0 0.0
-4.47235e-5 3.5001e-5 0.0055886566 0.0 0.0
-4.2779e-5 3.5001e-5 0.0162870347 0.0 0.0
-4.08345e-5 3.5001e-5 0.0254844672 0.0 0.0
-3.889e-5 3.5001e-5 0.0272481206 0.0 0.0
-3.69455e-5 3.5001e-5 0.0288694237 0.0 0.0
-3.5001e-5 3.5001e-5 0.0245889923 0.0 0.0
-3.30565e-5 3.5001e-5 0.0270331962 0.0 0.0
-3.1112e-5 3.5001e-5 0.0232222014 0.0 0.0
-2.91675e-5 3.5001e-5 0.0309325655 0.0 0.0
-2.7223e-5 3.5001e-5 0.0368426171 0.0 0.0
-2.52785e-5 3.5001e-5 0.0465049966 0.0 0.0
-2.3334e-5 3.5001e-5 0.0470853393 0.0 0.0
-2.13895e-5 3.5001e-5 0.0644875154 0.0 0.0
-1.9445e-5 3.5001e-5 0.0678187189 0.0 0.0
-1.75005e-5 3.5001e-5 0.0832917618 0.0 0.0
-1.5556e-5 3.5001e-5 0.1099269311 0.0 0.0
-1.36115e-5 3.5001e-5 0.1132917089 0.0 0.0
-1.1667e-5 3.5001e-5 0.0884826195 0.0 0.0
-9.7225e-6 3.5001e-5 0.0732606363 0.0 0.0
-7.778e-6 3.5001e-5 0.024100086 0.0 0.0
-5.8335e-6 3.5001e-5 0.0174905932 0.0 0.0
-3.889e-6 3.5001e-5 0.0092904177 0.0 0.0
-1.9445e-6 3.5001e-5 0.0080284937 0.0 0.0
0.0 3.5001e-5 0.0114346617 0.0 0.0
1.9445e-6 3.5001e-5 0.0192248305 0.0 0.0
3.889e-6 3.5001e-5 0.0185907291 0.0 0.0
5.8335e-6 3.5001e-5 0.0126611445 0.0 0.0
7.778e-6 3.5001e-5 0.0101653174 0.0 0.0
9.7225e-6 3.5001e-5 0.0084888729 0.0 0.0
1.1667e-5 3.5001e-5 0.0084630495 0.0 0.0
1.36115e-5 3.5001e-5 0.0105381831 0.0 0.0
1.5556e-5 3.5001e-5 0.0151932459 0.0 0.0
1.75005e-5 3.5001e-5 0.0123845063 0.0 0.0
1.9445e-5 3.5001e-5 0.00961358 0.0 0.0
2.13895e-5 3.5001e-5 0.0172931335 0.0 0.0
2.3334e-5 3.5001e-5 0.0206714308 0.0 0.0
2.52785e-5 3.5001e-5 0.0125057232 0.0 0.0
2.7223e-5 3.5001e-5 0.011107829 0.0 0.0
2.91675e-5 3.5001e-5 0.0140093069 0.0 0.0
3.1112e-5 3.5001e-5 0.0118547293 0.0 0.0
3.30565e-5 3.5001e-5 0.0109577735 0.0 0.0
3.5001e-5 3.5001e-5 0.0082718838 0.0 0.0
3.69455e-5 3.5001e-5 0.007625624 0.0 0.0
3.889e-5 3.5001e-5 0.0111551649 0.0 0.0
4.08345e-5 3.5001e-5 0.009046229 0.0 0.0
4.2779e-5 3.5001e-5 0.0109264772 0.0 0.0
4.47235e-5 3.5001e-5 0.0075178532 0.0 0.0
4.6668e-5 3.5001e-5 0.0078817543 0.0 0.0
4.86125e-5 3.5001e-5 0.0067669478 0.0 0.0
5.0557e-5 3.5001e-5 0.0055590788 0.0 0.0
5.25015e-5 3.5001e-5 0.0023408344 0.0 0.0
5.4446e-5 3.5001e-5 0.0009196059 0.0 0.0
5.63905e-5 3.5001e-5 0.000323621 0.0 0.0
5.8335e-5 3.5001e-5 6.90537e-5 0.0 0.0
6.02795e-5 3.5001e-5 0.000288154 0.0 0.0
6.2224e-5 3.5001e-5 2.07068e-5 0.0 0.0
6.41685e-5 3.5001e-5 0.0003305879 0.0 0.0
6.6113e-5 3.5001e-5 0.0002956884 0.0 0.0
6.80575e-5 3.5001e-5 0.0001933837 0.0 0.0
7.0002e-5 3.5001e-5 0.0001626533 0.0 0.0
7.19465e-5 3.5001e-5 5.65851e-5 0.0 0.0
7.3891e-5 3.5001e-5 0.0001495878 0.0 0.0
7.58355e-5 3.5001e-5 6.7551e-5 0.0 0.0
7.778e-5 3.5001e-5 6.25815e-5 0.0 0.0
7.97245e-5 3.5001e-5 3.39875e-5 0.0 0.0
8.1669e-5 3.5001e-5 6.08358e-5 0.0 0.0
8.36136e-5 3.5001e-5 5.67269e-5 0.0 0.0
8.55581e-5 3.5001e-5 6.68741e-5 0.0 0.0
8.75026e-5 3.5001e-5 4.17017e-5 0.0 0.0
8.94471e-5 3.5001e-5 5.66763e-5 0.0 0.0
9.13916e-5 3.5001e-5 8.58945e-5 0.0 0.0
9.33361e-5 3.5001e-5 2.46696e-5 0.0 0.0
9.52806e-5 3.5001e-5 8.1396e-6 0.0 0.0
-9.72251e-5 3.69455e-5 0.0007175522 0.0 0.0
-9.52806e-5 3.69455e-5 0.0003662853 0.0 0.0
-9.33361e-5 3.69455e-5 0.0001455783 0.0 0.0
-9.13916e-5 3.69455e-5 0.0005893329 0.0 0.0
-8.94471e-5 3.69455e-5 0.00031135 0.0 0.0
-8.75026e-5 3.69455e-5 0.0001162756 0.0 0.0
-8.55581e-5 3.69455e-5 0.0005313375 0.0 0.0
-8.36136e-5 3.69455e-5 0.0004612815 0.0 0.0
-8.1669e-5 3.69455e-5 0.001215764 0.0 0.0
-7.97245e-5 3.69455e-5 0.0021026711 0.0 0.0
-7.778e-5 3.69455e-5 0.0048115473 0.0 0.0
-7.58355e-5 3.69455e-5 0.0061938258 0.0 0.0
-7.3891e-5 3.69455e-5 0.0078476181 0.0 0.0
-7.19465e-5 3.69455e-5 0.0104092764 0.0 0.0
-7.0002e-5 3.69455e-5 0.0118350995 0.0 0.0
-6.80575e-5 3.69455e-5 0.0145384165 0.0 0.0
-6.6113e-5 3.69455e-5 0.0075063389 0.0 0.0
-6.41685e-5 3.69455e-5 0.0089821434 0.0 0.0
-6.2224e-5 3.69455e-5 0.0102229804 0.0 0.0
-6.02795e-5 3.69455e-5 0.0111603443 0.0 0.0
-5.8335e-5 3.69455e-5 0.0147211956 0.0 0.0
-5.63905e-5 3.69455e-5 0.0189461799 0.0 0.0
-5.4446e-5 3.69455e-5 0.0046795886 0.0 0.0
-5.25015e-5 3.69455e-5 0.0033286668 0.0 0.0
-5.0557e-5 3.69455e-5 0.005123773 0.0 0.0
-4.86125e-5 3.69455e-5 0.005444955 0.0 0.0
-4.6668e-5 3.69455e-5 0.0055205359 0.0 0.0
-4.47235e-5 3.69455e-5 0.0096046042 0.0 0.0
-4.2779e-5 3.69455e-5 0.0111942414 0.0 0.0
-4.08345e-5 3.69455e-5 0.0166322999 0.0 0.0
-3.889e-5 3.69455e-5 0.0214345911 0.0 0.0
-3.69455e-5 3.69455e-5 0.0303078523 0.0 0.0
-3.5001e-5 3.69455e-5 0.0258675683 0.0 0.0
-3.30565e-5 3.69455e-5 0.0207615941 0.0 0.0
-3.1112e-5 3.69455e-5 0.023026956 0.0 0.0
-2.91675e-5 3.69455e-5 0.0234191166 0.0 0.0
-2.7223e-5 3.69455e-5 0.0337644046 0.0 0.0
-2.52785e-5 3.69455e-5 0.0413006785 0.0 0.0
-2.3334e-5 3.69455e-5 0.0417644651 0.0 0.0
-2.13895e-5 3.69455e-5 0.03524001 0.0 0.0
-1.9445e-5 3.69455e-5 0.0488297218 0.0 0.0
-1.75005e-5 3.69455e-5 0.0587355167 0.0 0.0
-1.5556e-5 3.69455e-5 0.0666941555 0.0 0.0
-1.36115e-5 3.69455e-5 0.0817408792 0.0 0.0
-1.1667e-5 3.69455e-5 0.0948470769 0.0 0.0
-9.7225e-6 3.69455e-5 0.0737968095 0.0 0.0
-7.778e-6 3.69455e-5 0.0613921782 0.0 0.0
-5.8335e-6 3.69455e-5 0.0381817362 0.0 0.0
-3.889e-6 3.69455e-5 0.0235538313 0.0 0.0
-1.9445e-6 3.69455e-5 0.0093807375 0.0 0.0
0.0 3.69455e-5 0.0073195923 0.0 0.0
1.9445e-6 3.69455e-5 0.0114102501 0.0 0.0
3.889e-6 3.69455e-5 0.0072251231 0.0 0.0
5.8335e-6 3.69455e-5 0.0086894031 0.0 0.0
7.778e-6 3.69455e-5 0.0104098305 0.0 0.0
9.7225e-6 3.69455e-5 0.0171564342 0.0 0.0
1.1667e-5 3.69455e-5 0.0165335011 0.0 0.0
1.36115e-5 3.69455e-5 0.0254473215 0.0 0.0
1.5556e-5 3.69455e-5 0.0119776438 0.0 0.0
1.75005e-5 3.69455e-5 0.0113364527 0.0 0.0
1.9445e-5 3.69455e-5 0.0117456144 0.0 0.0
2.13895e-5 3.69455e-5 0.0108316027 0.0 0.0
2.3334e-5 3.69455e-5 0.0098221257 0.0 0.0
2.52785e-5 3.69455e-5 0.0120273053 0.0 0.0
2.7223e-5 3.69455e-5 0.010607816 0.0 0.0
2.91675e-5 3.69455e-5 0.0119388334 0.0 0.0
3.1112e-5 3.69455e-5 0.0128287336 0.0 0.0
3.30565e-5 3.69455e-5 0.0124515846 0.0 0.0
3.5001e-5 3.69455e-5 0.0098852702 0.0 0.0
3.69455e-5 3.69455e-5 0.0135114011 0.0 0.0
3.889e-5 3.69455e-5 0.0188636512 0.0 0.0
4.08345e-5 3.69455e-5 0.0125266553 0.0 0.0
4.2779e-5 3.69455e-5 0.009294982 0.0 0.0
4.47235e-5 3.69455e-5 0.0088190444 0.0 0.0
4.6668e-5 3.69455e-5 0.0065626449 0.0 0.0
4.86125e-5 3.69455e-5 0.0061109622 0.0 0.0
5.0557e-5 3.69455e-5 0.0016602645 0.0 0.0
5.25015e-5 3.69455e-5 0.0003648793 0.0 0.0
5.4446e-5 3.69455e-5 7.17101e-5 0.0 0.0
5.63905e-5 3.69455e-5 0.000736932 0.0 0.0
5.8335e-5 3.69455e-5 0.0001168522 0.0 0.0
6.02795e-5 3.69455e-5 1.97299e-5 0.0 0.0
6.2224e-5 3.69455e-5 7.6769e-6 0.0 0.0
6.41685e-5 3.69455e-5 0.0001242517 0.0 0.0
6.6113e-5 3.69455e-5 9.56779e-5 0.0 0.0
6.80575e-5 3.69455e-5 9.99465e-5 0.0 0.0
7.0002e-5 3.69455e-5 0.0001919286 0.0 0.0
7.19465e-5 3.69455e-5 0.0001651823 0.0 0.0
7.3891e-5 3.69455e-5 6.49055e-5 0.0 0.0
7.58355e-5 3.69455e-5 7.46386e-5 0.0 0.0
7.778e-5 3.69455e-5 4.72241e-5 0.0 0.0
7.97245e-5 3.69455e-5 6.15827e-5 0.0 0.0
8.1669e-5 3.69455e-5 6.34241e-5 0.0 0.0
8.36136e-5 3.69455e-5 6.39808e-5 0.0 0.0
8.55581e-5 3.69455e-5 8.29697e-5 0.0 0.0
8.75026e-5 3.69455e-5 5.67072e-5 0.0 0.0
8.94471e-5 3.69455e-5 7.38083e-5 0.0 0.0
9.13916e-5 3.69455e-5 2.42443e-5 0.0 0.0
9.33361e-5 3.69455e-5 1.06162e-5 0.0 0.0
9.52806e-5 3.69455e-5 3.4399e-6 0.0 0.0
-9.72251e-5 3.889e-5 0.0008113239 0.0 0.0
-9.52806e-5 3.889e-5 0.0004782641 0.0 0.0
-9.33361e-5 3.889e-5 0.0002881028 0.0 0.0
-9.13916e-5 3.889e-5 0.0006686909 0.0 0.0
-8.94471e-5 3.889e-5 0.0004034605 0.0 0.0
-8.75026e-5 3.889e-5 0.0002000304 0.0 0.0
-8.55581e-5 3.889e-5 0.0005701877 0.0 0.0
-8.36136e-5 3.889e-5 0.0004178198 0.0 0.0
-8.1669e-5 3.889e-5 0.0011855346 0.0 0.0
-7.97245e-5 3.889e-5 0.0013518352 0.0 0.0
-7.778e-5 3.889e-5 0.0043304314 0.0 0.0
-7.58355e-5 3.889e-5 0.0056320271 0.0 0.0
-7.3891e-5 3.889e-5 0.007396674 0.0 0.0
-7.19465e-5 3.889e-5 0.0085131994 0.0 0.0
-7.0002e-5 3.889e-5 0.0106569118 0.0 0.0
-6.80575e-5 3.889e-5 0.0136098332 0.0 0.0
-6.6113e-5 3.889e-5 0.0070506518 0.0 0.0
-6.41685e-5 3.889e-5 0.0087303656 0.0 0.0
-6.2224e-5 3.889e-5 0.0096186063 0.0 0.0
-6.02795e-5 3.889e-5 0.0109981935 0.0 0.0
-5.8335e-5 3.889e-5 0.0135258644 0.0 0.0
-5.63905e-5 3.889e-5 0.0174509466 0.0 0.0
-5.4446e-5 3.889e-5 0.018564302 0.0 0.0
-5.25015e-5 3.889e-5 0.0065402804 0.0 0.0
-5.0557e-5 3.889e-5 0.0049865032 0.0 0.0
-4.86125e-5 3.889e-5 0.0062831762 0.0 0.0
-4.6668e-5 3.889e-5 0.0073310143 0.0 0.0
-4.47235e-5 3.889e-5 0.0090032481 0.0 0.0
-4.2779e-5 3.889e-5 0.009012015 0.0 0.0
-4.08345e-5 3.889e-5 0.0152146812 0.0 0.0
-3.889e-5 3.889e-5 0.0141156315 0.0 0.0
-3.69455e-5 3.889e-5 0.0256534262 0.0 0.0
-3.5001e-5 3.889e-5 0.0280170613 0.0 0.0
-3.30565e-5 3.889e-5 0.0222892895 0.0 0.0
-3.1112e-5 3.889e-5 0.02388081 0.0 0.0
-2.91675e-5 3.889e-5 0.0257632257 0.0 0.0
-2.7223e-5 3.889e-5 0.0266507155 0.0 0.0
-2.52785e-5 3.889e-5 0.0361834173 0.0 0.0
-2.3334e-5 3.889e-5 0.0396840149 0.0 0.0
-2.13895e-5 3.889e-5 0.0434176148 0.0 0.0
-1.9445e-5 3.889e-5 0.0401133953 0.0 0.0
-1.75005e-5 3.889e-5 0.0422255746 0.0 0.0
-1.5556e-5 3.889e-5 0.0472783032 0.0 0.0
-1.36115e-5 3.889e-5 0.0486733888 0.0 0.0
-1.1667e-5 3.889e-5 0.0495294013 0.0 0.0
-9.7225e-6 3.889e-5 0.070442064 0.0 0.0
-7.778e-6 3.889e-5 0.0785743524 0.0 0.0
-5.8335e-6 3.889e-5 0.0624529518 0.0 0.0
-3.889e-6 3.889e-5 0.0527339804 0.0 0.0
-1.9445e-6 3.889e-5 0.0509408139 0.0 0.0
0.0 3.889e-5 0.0334603562 0.0 0.0
1.9445e-6 3.889e-5 0.0246533987 0.0 0.0
3.889e-6 3.889e-5 0.018266307 0.0 0.0
5.8335e-6 3.889e-5 0.0136651216 0.0 0.0
7.778e-6 3.889e-5 0.0145868561 0.0 0.0
9.7225e-6 3.889e-5 0.0131496999 0.0 0.0
1.1667e-5 3.889e-5 0.0206377412 0.0 0.0
1.36115e-5 3.889e-5 0.0106722305 0.0 0.0
1.5556e-5 3.889e-5 0.0071955011 0.0 0.0
1.75005e-5 3.889e-5 0.0077376326 0.0 0.0
1.9445e-5 3.889e-5 0.0091642866 0.0 0.0
2.13895e-5 3.889e-5 0.0119409694 0.0 0.0
2.3334e-5 3.889e-5 0.0130789266 0.0 0.0
2.52785e-5 3.889e-5 0.0152230485 0.0 0.0
2.7223e-5 3.889e-5 0.0177488977 0.0 0.0
2.91675e-5 3.889e-5 0.0193493743 0.0 0.0
3.1112e-5 3.889e-5 0.0188986985 0.0 0.0
3.30565e-5 3.889e-5 0.0152370953 0.0 0.0
3.5001e-5 3.889e-5 0.0190229105 0.0 0.0
3.69455e-5 3.889e-5 0.0221977412 0.0 0.0
3.889e-5 3.889e-5 0.0160775536 0.0 0.0
4.08345e-5 3.889e-5 0.0104205652 0.0 0.0
4.2779e-5 3.889e-5 0.0087780538 0.0 0.0
4.47235e-5 3.889e-5 0.0081254221 0.0 0.0
4.6668e-5 3.889e-5 0.0036647749 0.0 0.0
4.86125e-5 3.889e-5 0.0010127638 0.0 0.0
5.0557e-5 3.889e-5 0.0012547061 0.0 0.0
5.25015e-5 3.889e-5 0.000509257 0.0 0.0
5.4446e-5 3.889e-5 0.00022434 0.0 0.0
5.63905e-5 3.889e-5 3.33278e-5 0.0 0.0
5.8335e-5 3.889e-5 0.0002293075 0.0 0.0
6.02795e-5 3.889e-5 0.0003676292 0.0 0.0
6.2224e-5 3.889e-5 0.0001473092 0.0 0.0
6.41685e-5 3.889e-5 3.584e-5 0.0 0.0
6.6113e-5 3.889e-5 6.01792e-5 0.0 0.0
6.80575e-5 3.889e-5 0.000119223 0.0 0.0
7.0002e-5 3.889e-5 0.0001878329 0.0 0.0
7.19465e-5 3.889e-5 0.0001376794 0.0 0.0
7.3891e-5 3.889e-5 8.96048e-5 0.0 0.0
7.58355e-5 3.889e-5 5.33008e-5 0.0 0.0
7.778e-5 3.889e-5 6.61819e-5 0.0 0.0
7.97245e-5 3.889e-5 7.30002e-5 0.0 0.0
8.1669e-5 3.889e-5 7.31642e-5 0.0 0.0
8.36136e-5 3.889e-5 8.72904e-5 0.0 0.0
8.55581e-5 3.889e-5 5.44673e-5 0.0 0.0
8.75026e-5 3.889e-5 6.92021e-5 0.0 0.0
8.94471e-5 3.889e-5 2.62977e-5 0.0 0.0
9.13916e-5 3.889e-5 1.32843e-5 0.0 0.0
9.33361e-5 3.889e-5 5.58647e-5 0.0 0.0
9.52806e-5 3.889e-5 2.82943e-5 0.0 0.0
-9.72251e-5 4.08345e-5 0.0009503796 0.0 0.0
-9.52806e-5 4.08345e-5 0.0007717012 0.0 0.0
-9.33361e-5 4.08345e-5 0.0004106363 0.0 0.0
-9.13916e-5 4.08345e-5 0.0001989022 0.0 0.0
-8.94471e-5 4.08345e-5 0.0001240044 0.0 0.0
-8.75026e-5 4.08345e-5 0.0002770008 0.0 0.0
-8.55581e-5 4.08345e-5 0.0007342083 0.0 0.0
-8.36136e-5 4.08345e-5 0.0004877055 0.0 0.0
-8.1669e-5 4.08345e-5 0.0004989607 0.0 0.0
-7.97245e-5 4.08345e-5 0.0012803462 0.0 0.0
-7.778e-5 4.08345e-5 0.0020352411 0.0 0.0
-7.58355e-5 4.08345e-5 0.0057378653 0.0 0.0
-7.3891e-5 4.08345e-5 0.0061742339 0.0 0.0
-7.19465e-5 4.08345e-5 0.0073338678 0.0 0.0
-7.0002e-5 4.08345e-5 0.0094382174 0.0 0.0
-6.80575e-5 4.08345e-5 0.0118310755 0.0 0.0
-6.6113e-5 4.08345e-5 0.014139558 0.0 0.0
-6.41685e-5 4.08345e-5 0.0082516157 0.0 0.0
-6.2224e-5 4.08345e-5 0.0076196466 0.0 0.0
-6.02795e-5 4.08345e-5 0.0088061918 0.0 0.0
-5.8335e-5 4.08345e-5 0.0130605354 0.0 0.0
-5.63905e-5 4.08345e-5 0.0168190472 0.0 0.0
-5.4446e-5 4.08345e-5 0.0200591668 0.0 0.0
-5.25015e-5 4.08345e-5 0.0184369066 0.0 0.0
-5.0557e-5 4.08345e-5 0.0093200016 0.0 0.0
-4.86125e-5 4.08345e-5 0.0078508076 0.0 0.0
-4.6668e-5 4.08345e-5 0.0102967176 0.0 0.0
-4.47235e-5 4.08345e-5 0.0057477385 0.0 0.0
-4.2779e-5 4.08345e-5 0.0048454247 0.0 0.0
-4.08345e-5 4.08345e-5 0.0146107111 0.0 0.0
-3.889e-5 4.08345e-5 0.0211640481 0.0 0.0
-3.69455e-5 4.08345e-5 0.0158011669 0.0 0.0
-3.5001e-5 4.08345e-5 0.0264808172 0.0 0.0
-3.30565e-5 4.08345e-5 0.0259106474 0.0 0.0
-3.1112e-5 4.08345e-5 0.0228027579 0.0 0.0
-2.91675e-5 4.08345e-5 0.0206183991 0.0 0.0
-2.7223e-5 4.08345e-5 0.0226392446 0.0 0.0
-2.52785e-5 4.08345e-5 0.0244055656 0.0 0.0
-2.3334e-5 4.08345e-5 0.030382336 0.0 0.0
-2.13895e-5 4.08345e-5 0.0393842059 0.0 0.0
-1.9445e-5 4.08345e-5 0.036833455 0.0 0.0
-1.75005e-5 4.08345e-5 0.0310157847 0.0 0.0
-1.5556e-5 4.08345e-5 0.0321632173 0.0 0.0
-1.36115e-5 4.08345e-5 0.0366633943 0.0 0.0
-1.1667e-5 4.08345e-5 0.0371159336 0.0 0.0
-9.7225e-6 4.08345e-5 0.0325037025 0.0 0.0
-7.778e-6 4.08345e-5 0.0333630071 0.0 0.0
-5.8335e-6 4.08345e-5 0.0419416993 0.0 0.0
-3.889e-6 4.08345e-5 0.0571570228 0.0 0.0
-1.9445e-6 4.08345e-5 0.0545518889 0.0 0.0
0.0 4.08345e-5 0.0395333959 0.0 0.0
1.9445e-6 4.08345e-5 0.0512716157 0.0 0.0
3.889e-6 4.08345e-5 0.0509594852 0.0 0.0
5.8335e-6 4.08345e-5 0.0462502369 0.0 0.0
7.778e-6 4.08345e-5 0.0449901463 0.0 0.0
9.7225e-6 4.08345e-5 0.0262716572 0.0 0.0
1.1667e-5 4.08345e-5 0.0240440241 0.0 0.0
1.36115e-5 4.08345e-5 0.0163771667 0.0 0.0
1.5556e-5 4.08345e-5 0.0153165676 0.0 0.0
1.75005e-5 4.08345e-5 0.0183158564 0.0 0.0
1.9445e-5 4.08345e-5 0.0205780744 0.0 0.0
2.13895e-5 4.08345e-5 0.0264699971 0.0 0.0
2.3334e-5 4.08345e-5 0.0285006994 0.0 0.0
2.52785e-5 4.08345e-5 0.0277669037 0.0 0.0
2.7223e-5 4.08345e-5 0.0276274631 0.0 0.0
2.91675e-5 4.08345e-5 0.0267543731 0.0 0.0
3.1112e-5 4.08345e-5 0.0215271441 0.0 0.0
3.30565e-5 4.08345e-5 0.0227916114 0.0 0.0
3.5001e-5 4.08345e-5 0.0246703844 0.0 0.0
3.69455e-5 4.08345e-5 0.0223491898 0.0 0.0
3.889e-5 4.08345e-5 0.0131513733 0.0 0.0
4.08345e-5 4.08345e-5 0.0084593639 0.0 0.0
4.2779e-5 4.08345e-5 0.0057468295 0.0 0.0
4.47235e-5 4.08345e-5 0.0035256158 0.0 0.0
4.6668e-5 4.08345e-5 0.0017876688 0.0 0.0
4.86125e-5 4.08345e-5 0.0007077581 0.0 0.0
5.0557e-5 4.08345e-5 0.0002053465 0.0 0.0
5.25015e-5 4.08345e-5 4.68573e-5 0.0 0.0
5.4446e-5 4.08345e-5 0.0007333805 0.0 0.0
5.63905e-5 4.08345e-5 5.92156e-5 0.0 0.0
5.8335e-5 4.08345e-5 0.0002287491 0.0 0.0
6.02795e-5 4.08345e-5 9.77903e-5 0.0 0.0
6.2224e-5 4.08345e-5 3.75364e-5 0.0 0.0
6.41685e-5 4.08345e-5 1.06781e-5 0.0 0.0
6.6113e-5 4.08345e-5 8.48867e-5 0.0 0.0
6.80575e-5 4.08345e-5 0.0001648508 0.0 0.0
7.0002e-5 4.08345e-5 0.0001707823 0.0 0.0
7.19465e-5 4.08345e-5 9.68784e-5 0.0 0.0
7.3891e-5 4.08345e-5 7.45144e-5 0.0 0.0
7.58355e-5 4.08345e-5 9.32035e-5 0.0 0.0
7.778e-5 4.08345e-5 8.21588e-5 0.0 0.0
7.97245e-5 4.08345e-5 7.97667e-5 0.0 0.0
8.1669e-5 4.08345e-5 0.0001031997 0.0 0.0
8.36136e-5 4.08345e-5 0.0001144867 0.0 0.0
8.55581e-5 4.08345e-5 7.26608e-5 0.0 0.0
8.75026e-5 4.08345e-5 7.8808e-5 0.0 0.0
8.94471e-5 4.08345e-5 1.51636e-5 0.0 0.0
9.13916e-5 4.08345e-5 6.09233e-5 0.0 0.0
9.33361e-5 4.08345e-5 2.5768e-5 0.0 0.0
9.52806e-5 4.08345e-5 7.698e-6 0.0 0.0
-9.72251e-5 4.2779e-5 0.000355242 0.0 0.0
-9.52806e-5 4.2779e-5 0.0003719875 0.0 0.0
-9.33361e-5 4.2779e-5 0.000770851 0.0 0.0
-9.13916e-5 4.2779e-5 0.0004489895 0.0 0.0
-8.94471e-5 4.2779e-5 0.0002142273 0.0 0.0
-8.75026e-5 4.2779e-5 0.0006258515 0.0 0.0
-8.55581e-5 4.2779e-5 0.0002841395 0.0 0.0
-8.36136e-5 4.2779e-5 0.0007771032 0.0 0.0
-8.1669e-5 4.2779e-5 0.0006072414 0.0 0.0
-7.97245e-5 4.2779e-5 0.0015920369 0.0 0.0
-7.778e-5 4.2779e-5 0.0013680227 0.0 0.0
-7.58355e-5 4.2779e-5 0.0035739132 0.0 0.0
-7.3891e-5 4.2779e-5 0.0057892841 0.0 0.0
-7.19465e-5 4.2779e-5 0.0062234812 0.0 0.0
-7.0002e-5 4.2779e-5 0.0075895857 0.0 0.0
-6.80575e-5 4.2779e-5 0.0095150409 0.0 0.0
-6.6113e-5 4.2779e-5 0.012062774 0.0 0.0
-6.41685e-5 4.2779e-5 0.0126726816 0.0 0.0
-6.2224e-5 4.2779e-5 0.0080676978 0.0 0.0
-6.02795e-5 4.2779e-5 0.0093257391 0.0 0.0
-5.8335e-5 4.2779e-5 0.0112726546 0.0 0.0
-5.63905e-5 4.2779e-5 0.0142021863 0.0 0.0
-5.4446e-5 4.2779e-5 0.017225986 0.0 0.0
-5.25015e-5 4.2779e-5 0.0202611865 0.0 0.0
-5.0557e-5 4.2779e-5 0.013129972 0.0 0.0
-4.86125e-5 4.2779e-5 0.0086359535 0.0 0.0
-4.6668e-5 4.2779e-5 0.0086817223 0.0 0.0
-4.47235e-5 4.2779e-5 0.0108890147 0.0 0.0
-4.2779e-5 4.2779e-5 0.0082677146 0.0 0.0
-4.08345e-5 4.2779e-5 0.009136363 0.0 0.0
-3.889e-5 4.2779e-5 0.0128700657 0.0 0.0
-3.69455e-5 4.2779e-5 0.0146371361 0.0 0.0
-3.5001e-5 4.2779e-5 0.0117399508 0.0 0.0
-3.30565e-5 4.2779e-5 0.0251536965 0.0 0.0
-3.1112e-5 4.2779e-5 0.0241837736 0.0 0.0
-2.91675e-5 4.2779e-5 0.0243405982 0.0 0.0
-2.7223e-5 4.2779e-5 0.0194344852 0.0 0.0
-2.52785e-5 4.2779e-5 0.0193112738 0.0 0.0
-2.3334e-5 4.2779e-5 0.0253589275 0.0 0.0
-2.13895e-5 4.2779e-5 0.0290057811 0.0 0.0
-1.9445e-5 4.2779e-5 0.0349822083 0.0 0.0
-1.75005e-5 4.2779e-5 0.0345990371 0.0 0.0
-1.5556e-5 4.2779e-5 0.0254980466 0.0 0.0
-1.36115e-5 4.2779e-5 0.0262267966 0.0 0.0
-1.1667e-5 4.2779e-5 0.0246538763 0.0 0.0
-9.7225e-6 4.2779e-5 0.0316856822 0.0 0.0
-7.778e-6 4.2779e-5 0.0226404261 0.0 0.0
-5.8335e-6 4.2779e-5 0.0179228197 0.0 0.0
-3.889e-6 4.2779e-5 0.0184012962 0.0 0.0
-1.9445e-6 4.2779e-5 0.0277934412 0.0 0.0
0.0 4.2779e-5 0.0306328059 0.0 0.0
1.9445e-6 4.2779e-5 0.035265088 0.0 0.0
3.889e-6 4.2779e-5 0.0404844537 0.0 0.0
5.8335e-6 4.2779e-5 0.0322731291 0.0 0.0
7.778e-6 4.2779e-5 0.0286275504 0.0 0.0
9.7225e-6 4.2779e-5 0.0337595246 0.0 0.0
1.1667e-5 4.2779e-5 0.0352534575 0.0 0.0
1.36115e-5 4.2779e-5 0.0365816247 0.0 0.0
1.5556e-5 4.2779e-5 0.0343803691 0.0 0.0
1.75005e-5 4.2779e-5 0.0329779138 0.0 0.0
1.9445e-5 4.2779e-5 0.032893207 0.0 0.0
2.13895e-5 4.2779e-5 0.0343354894 0.0 0.0
2.3334e-5 4.2779e-5 0.0300596752 0.0 0.0
2.52785e-5 4.2779e-5 0.0263222809 0.0 0.0
2.7223e-5 4.2779e-5 0.0273050543 0.0 0.0
2.91675e-5 4.2779e-5 0.0313206643 0.0 0.0
3.1112e-5 4.2779e-5 0.0261792895 0.0 0.0
3.30565e-5 4.2779e-5 0.024180724 0.0 0.0
3.5001e-5 4.2779e-5 0.0173446542 0.0 0.0
3.69455e-5 4.2779e-5 0.0148235774 0.0 0.0
3.889e-5 4.2779e-5 0.0054331935 0.0 0.0
4.08345e-5 4.2779e-5 0.0051063992 0.0 0.0
4.2779e-5 4.2779e-5 0.0017474981 0.0 0.0
4.47235e-5 4.2779e-5 0.0008774748 0.0 0.0
4.6668e-5 4.2779e-5 0.0002415754 0.0 0.0
4.86125e-5 4.2779e-5 7.05691e-5 0.0 0.0
5.0557e-5 4.2779e-5 0.0006812835 0.0 0.0
5.25015e-5 4.2779e-5 0.0002042678 0.0 0.0
5.4446e-5 4.2779e-5 0.0007469692 0.0 0.0
5.63905e-5 4.2779e-5 9.82486e-5 0.0 0.0
5.8335e-5 4.2779e-5 0.0004502187 0.0 0.0
6.02795e-5 4.2779e-5 0.0002705445 0.0 0.0
6.2224e-5 4.2779e-5 0.000177601 0.0 0.0
6.41685e-5 4.2779e-5 0.0002442408 0.0 0.0
6.6113e-5 4.2779e-5 0.0001174276 0.0 0.0
6.80575e-5 4.2779e-5 0.0001744137 0.0 0.0
7.0002e-5 4.2779e-5 0.0002046006 0.0 0.0
7.19465e-5 4.2779e-5 0.0001448335 0.0 0.0
7.3891e-5 4.2779e-5 9.855e-5 0.0 0.0
7.58355e-5 4.2779e-5 0.0001025161 0.0 0.0
7.778e-5 4.2779e-5 0.0001044733 0.0 0.0
7.97245e-5 4.2779e-5 0.0001043685 0.0 0.0
8.1669e-5 4.2779e-5 6.75485e-5 0.0 0.0
8.36136e-5 4.2779e-5 7.97909e-5 0.0 0.0
8.55581e-5 4.2779e-5 8.45636e-5 0.0 0.0
8.75026e-5 4.2779e-5 7.52266e-5 0.0 0.0
8.94471e-5 4.2779e-5 5.28212e-5 0.0 0.0
9.13916e-5 4.2779e-5 3.5636e-5 0.0 0.0
9.33361e-5 4.2779e-5 6.4927e-6 0.0 0.0
9.52806e-5 4.2779e-5 5.3419e-5 0.0 0.0
-9.72251e-5 4.47235e-5 0.0007147977 0.0 0.0
-9.52806e-5 4.47235e-5 0.0008126552 0.0 0.0
-9.33361e-5 4.47235e-5 0.0006907805 0.0 0.0
-9.13916e-5 4.47235e-5 0.0002237574 0.0 0.0
-8.94471e-5 4.47235e-5 0.0005439594 0.0 0.0
-8.75026e-5 4.47235e-5 0.0002805308 0.0 0.0
-8.55581e-5 4.47235e-5 0.000681969 0.0 0.0
-8.36136e-5 4.47235e-5 0.0004656357 0.0 0.0
-8.1669e-5 4.47235e-5 0.0008902687 0.0 0.0
-7.97245e-5 4.47235e-5 0.0008933295 0.0 0.0
-7.778e-5 4.47235e-5 0.0018896731 0.0 0.0
-7.58355e-5 4.47235e-5 0.0017733564 0.0 0.0
-7.3891e-5 4.47235e-5 0.0046843391 0.0 0.0
-7.19465e-5 4.47235e-5 0.0056661216 0.0 0.0
-7.0002e-5 4.47235e-5 0.0071861182 0.0 0.0
-6.80575e-5 4.47235e-5 0.0086624568 0.0 0.0
-6.6113e-5 4.47235e-5 0.0094196219 0.0 0.0
-6.41685e-5 4.47235e-5 0.0123439923 0.0 0.0
-6.2224e-5 4.47235e-5 0.0085644625 0.0 0.0
-6.02795e-5 4.47235e-5 0.0080669722 0.0 0.0
-5.8335e-5 4.47235e-5 0.0098316197 0.0 0.0
-5.63905e-5 4.47235e-5 0.0123733067 0.0 0.0
-5.4446e-5 4.47235e-5 0.0153977307 0.0 0.0
-5.25015e-5 4.47235e-5 0.0170691304 0.0 0.0
-5.0557e-5 4.47235e-5 0.0208532126 0.0 0.0
-4.86125e-5 4.47235e-5 0.014277387 0.0 0.0
-4.6668e-5 4.47235e-5 0.0115550837 0.0 0.0
-4.47235e-5 4.47235e-5 0.0106287578 0.0 0.0
-4.2779e-5 4.47235e-5 0.0071650945 0.0 0.0
-4.08345e-5 4.47235e-5 0.0129274666 0.0 0.0
-3.889e-5 4.47235e-5 0.0165105923 0.0 0.0
-3.69455e-5 4.47235e-5 0.0135592042 0.0 0.0
-3.5001e-5 4.47235e-5 0.01009875 0.0 0.0
-3.30565e-5 4.47235e-5 0.0138612494 0.0 0.0
-3.1112e-5 4.47235e-5 0.0249127171 0.0 0.0
-2.91675e-5 4.47235e-5 0.0267817376 0.0 0.0
-2.7223e-5 4.47235e-5 0.0205758123 0.0 0.0
-2.52785e-5 4.47235e-5 0.0194717961 0.0 0.0
-2.3334e-5 4.47235e-5 0.0199234688 0.0 0.0
-2.13895e-5 4.47235e-5 0.0239563725 0.0 0.0
-1.9445e-5 4.47235e-5 0.0291729039 0.0 0.0
-1.75005e-5 4.47235e-5 0.0297301972 0.0 0.0
-1.5556e-5 4.47235e-5 0.0272929449 0.0 0.0
-1.36115e-5 4.47235e-5 0.0208421564 0.0 0.0
-1.1667e-5 4.47235e-5 0.0235731407 0.0 0.0
-9.7225e-6 4.47235e-5 0.0229813638 0.0 0.0
-7.778e-6 4.47235e-5 0.0183893208 0.0 0.0
-5.8335e-6 4.47235e-5 0.0265353128 0.0 0.0
-3.889e-6 4.47235e-5 0.0342784099 0.0 0.0
-1.9445e-6 4.47235e-5 0.0222776839 0.0 0.0
0.0 4.47235e-5 0.0250605783 0.0 0.0
1.9445e-6 4.47235e-5 0.0171914427 0.0 0.0
3.889e-6 4.47235e-5 0.0138640947 0.0 0.0
5.8335e-6 4.47235e-5 0.0155957061 0.0 0.0
7.778e-6 4.47235e-5 0.0168233454 0.0 0.0
9.7225e-6 4.47235e-5 0.0177296366 0.0 0.0
1.1667e-5 4.47235e-5 0.0162544247 0.0 0.0
1.36115e-5 4.47235e-5 0.0157603324 0.0 0.0
1.5556e-5 4.47235e-5 0.0190776683 0.0 0.0
1.75005e-5 4.47235e-5 0.0157984302 0.0 0.0
1.9445e-5 4.47235e-5 0.0167150098 0.0 0.0
2.13895e-5 4.47235e-5 0.0210090658 0.0 0.0
2.3334e-5 4.47235e-5 0.0322761853 0.0 0.0
2.52785e-5 4.47235e-5 0.0283529339 0.0 0.0
2.7223e-5 4.47235e-5 0.0256233256 0.0 0.0
2.91675e-5 4.47235e-5 0.0246656406 0.0 0.0
3.1112e-5 4.47235e-5 0.018438907 0.0 0.0
3.30565e-5 4.47235e-5 0.0136471623 0.0 0.0
3.5001e-5 4.47235e-5 0.012791432 0.0 0.0
3.69455e-5 4.47235e-5 0.0055470591 0.0 0.0
3.889e-5 4.47235e-5 0.0022338749 0.0 0.0
4.08345e-5 4.47235e-5 0.0008220592 0.0 0.0
4.2779e-5 4.47235e-5 0.0014919246 0.0 0.0
4.47235e-5 4.47235e-5 0.0001189294 0.0 0.0
4.6668e-5 4.47235e-5 0.0006641814 0.0 0.0
4.86125e-5 4.47235e-5 0.0002071062 0.0 0.0
5.0557e-5 4.47235e-5 3.16936e-5 0.0 0.0
5.25015e-5 4.47235e-5 0.0002003582 0.0 0.0
5.4446e-5 4.47235e-5 0.0004446485 0.0 0.0
5.63905e-5 4.47235e-5 0.0005747854 0.0 0.0
5.8335e-5 4.47235e-5 0.0001197666 0.0 0.0
6.02795e-5 4.47235e-5 9.40303e-5 0.0 0.0
6.2224e-5 4.47235e-5 0.0002163459 0.0 0.0
6.41685e-5 4.47235e-5 0.0003000523 0.0 0.0
6.6113e-5 4.47235e-5 0.000202192 0.0 0.0
6.80575e-5 4.47235e-5 0.000214611 0.0 0.0
7.0002e-5 4.47235e-5 0.0001728064 0.0 0.0
7.19465e-5 4.47235e-5 0.0001357059 0.0 0.0
7.3891e-5 4.47235e-5 0.0001136209 0.0 0.0
7.58355e-5 4.47235e-5 0.0001267889 0.0 0.0
7.778e-5 4.47235e-5 0.0001217054 0.0 0.0
7.97245e-5 4.47235e-5 0.0001232361 0.0 0.0
8.1669e-5 4.47235e-5 7.77813e-5 0.0 0.0
8.36136e-5 4.47235e-5 9.46923e-5 0.0 0.0
8.55581e-5 4.47235e-5 8.2331e-5 0.0 0.0
8.75026e-5 4.47235e-5 5.56235e-5 0.0 0.0
8.94471e-5 4.47235e-5 2.6509e-5 0.0 0.0
9.13916e-5 4.47235e-5 1.17197e-5 0.0 0.0
9.33361e-5 4.47235e-5 3.4571e-6 0.0 0.0
9.52806e-5 4.47235e-5 2.41777e-5 0.0 0.0
-9.72251e-5 4.6668e-5 0.000438952 0.0 0.0
-9.52806e-5 4.6668e-5 0.0003198513 0.0 0.0
-9.33361e-5 4.6668e-5 0.0003700341 0.0 0.0
-9.13916e-5 4.6668e-5 0.0007159799 0.0 0.0
-8.94471e-5 4.6668e-5 0.0003103822 0.0 0.0
-8.75026e-5 4.6668e-5 0.0007158315 0.0 0.0
-8.55581e-5 4.6668e-5 0.0004075749 0.0 0.0
-8.36136e-5 4.6668e-5 0.0001600851 0.0 0.0
-8.1669e-5 4.6668e-5 0.0005421348 0.0 0.0
-7.97245e-5 4.6668e-5 0.0011623285 0.0 0.0
-7.778e-5 4.6668e-5 0.0011276655 0.0 0.0
-7.58355e-5 4.6668e-5 0.0022403467 0.0 0.0
-7.3891e-5 4.6668e-5 0.0034036794 0.0 0.0
-7.19465e-5 4.6668e-5 0.0056273309 0.0 0.0
-7.0002e-5 4.6668e-5 0.0064066151 0.0 0.0
-6.80575e-5 4.6668e-5 0.0072220327 0.0 0.0
-6.6113e-5 4.6668e-5 0.0075874551 0.0 0.0
-6.41685e-5 4.6668e-5 0.0092370377 0.0 0.0
-6.2224e-5 4.6668e-5 0.0128378118 0.0 0.0
-6.02795e-5 4.6668e-5 0.0071060617 0.0 0.0
-5.8335e-5 4.6668e-5 0.0090092785 0.0 0.0
-5.63905e-5 4.6668e-5 0.0112573831 0.0 0.0
-5.4446e-5 4.6668e-5 0.0138005093 0.0 0.0
-5.25015e-5 4.6668e-5 0.0163960202 0.0 0.0
-5.0557e-5 4.6668e-5 0.0153738554 0.0 0.0
-4.86125e-5 4.6668e-5 0.0194196927 0.0 0.0
-4.6668e-5 4.6668e-5 0.0128513863 0.0 0.0
-4.47235e-5 4.6668e-5 0.011055193 0.0 0.0
-4.2779e-5 4.6668e-5 0.0093455441 0.0 0.0
-4.08345e-5 4.6668e-5 0.0069439948 0.0 0.0
-3.889e-5 4.6668e-5 0.0143254251 0.0 0.0
-3.69455e-5 4.6668e-5 0.0160164541 0.0 0.0
-3.5001e-5 4.6668e-5 0.0089415116 0.0 0.0
-3.30565e-5 4.6668e-5 0.0135820318 0.0 0.0
-3.1112e-5 4.6668e-5 0.0090690415 0.0 0.0
-2.91675e-5 4.6668e-5 0.0155057787 0.0 0.0
-2.7223e-5 4.6668e-5 0.0276267386 0.0 0.0
-2.52785e-5 4.6668e-5 0.0244687968 0.0 0.0
-2.3334e-5 4.6668e-5 0.0197120752 0.0 0.0
-2.13895e-5 4.6668e-5 0.0188264016 0.0 0.0
-1.9445e-5 4.6668e-5 0.0202622276 0.0 0.0
-1.75005e-5 4.6668e-5 0.0227636922 0.0 0.0
-1.5556e-5 4.6668e-5 0.0257029086 0.0 0.0
-1.36115e-5 4.6668e-5 0.0222037886 0.0 0.0
-1.1667e-5 4.6668e-5 0.0223228401 0.0 0.0
-9.7225e-6 4.6668e-5 0.0201357674 0.0 0.0
-7.778e-6 4.6668e-5 0.0155175569 0.0 0.0
-5.8335e-6 4.6668e-5 0.020492824 0.0 0.0
-3.889e-6 4.6668e-5 0.018454283 0.0 0.0
-1.9445e-6 4.6668e-5 0.018670738 0.0 0.0
0.0 4.6668e-5 0.0214783017 0.0 0.0
1.9445e-6 4.6668e-5 0.0254907404 0.0 0.0
3.889e-6 4.6668e-5 0.0405593618 0.0 0.0
5.8335e-6 4.6668e-5 0.0383779582 0.0 0.0
7.778e-6 4.6668e-5 0.035964629 0.0 0.0
9.7225e-6 4.6668e-5 0.0368722409 0.0 0.0
1.1667e-5 4.6668e-5 0.037058083 0.0 0.0
1.36115e-5 4.6668e-5 0.0373911597 0.0 0.0
1.5556e-5 4.6668e-5 0.0362237953 0.0 0.0
1.75005e-5 4.6668e-5 0.0317360765 0.0 0.0
1.9445e-5 4.6668e-5 0.0244085018 0.0 0.0
2.13895e-5 4.6668e-5 0.0225702082 0.0 0.0
2.3334e-5 4.6668e-5 0.0240577875 0.0 0.0
2.52785e-5 4.6668e-5 0.0194716371 0.0 0.0
2.7223e-5 4.6668e-5 0.0182755689 0.0 0.0
2.91675e-5 4.6668e-5 0.0130634123 0.0 0.0
3.1112e-5 4.6668e-5 0.0095879113 0.0 0.0
3.30565e-5 4.6668e-5 0.0106898738 0.0 0.0
3.5001e-5 4.6668e-5 0.0065474877 0.0 0.0
3.69455e-5 4.6668e-5 0.001726758 0.0 0.0
3.889e-5 4.6668e-5 0.0007680981 0.0 0.0
4.08345e-5 4.6668e-5 0.0003767292 0.0 0.0
4.2779e-5 4.6668e-5 0.0002148962 0.0 0.0
4.47235e-5 4.6668e-5 6.31085e-5 0.0 0.0
4.6668e-5 4.6668e-5 2.25678e-5 0.0 0.0
4.86125e-5 4.6668e-5 0.0006991704 0.0 0.0
5.0557e-5 4.6668e-5 4.51511e-5 0.0 0.0
5.25015e-5 4.6668e-5 0.0002712241 0.0 0.0
5.4446e-5 4.6668e-5 0.0002758565 0.0 0.0
5.63905e-5 4.6668e-5 0.0001005022 0.0 0.0
5.8335e-5 4.6668e-5 0.0002633843 0.0 0.0
6.02795e-5 4.6668e-5 0.0001165023 0.0 0.0
6.2224e-5 4.6668e-5 0.0002649539 0.0 0.0
6.41685e-5 4.6668e-5 0.00033618 0.0 0.0
6.6113e-5 4.6668e-5 0.0002503111 0.0 0.0
6.80575e-5 4.6668e-5 0.0001771697 0.0 0.0
7.0002e-5 4.6668e-5 0.0001521489 0.0 0.0
7.19465e-5 4.6668e-5 0.0001413261 0.0 0.0
7.3891e-5 4.6668e-5 0.0001385988 0.0 0.0
7.58355e-5 4.6668e-5 0.0001418826 0.0 0.0
7.778e-5 4.6668e-5 0.0001434217 0.0 0.0
7.97245e-5 4.6668e-5 0.0001426265 0.0 0.0
8.1669e-5 4.6668e-5 9.10209e-5 0.0 0.0
8.36136e-5 4.6668e-5 8.45327e-5 0.0 0.0
8.55581e-5 4.6668e-5 6.24604e-5 0.0 0.0
8.75026e-5 4.6668e-5 3.06043e-5 0.0 0.0
8.94471e-5 4.6668e-5 1.08078e-5 0.0 0.0
9.13916e-5 4.6668e-5 5.80592e-5 0.0 0.0
9.33361e-5 4.6668e-5 3.41573e-5 0.0 0.0
9.52806e-5 4.6668e-5 1.18183e-5 0.0 0.0
-9.72251e-5 4.86125e-5 0.0002561243 0.0 0.0
-9.52806e-5 4.86125e-5 0.0001528166 0.0 0.0
-9.33361e-5 4.86125e-5 0.0007770577 0.0 0.0
-9.13916e-5 4.86125e-5 0.0004657478 0.0 0.0
-8.94471e-5 4.86125e-5 0.0002328071 0.0 0.0
-8.75026e-5 4.86125e-5 0.0005618424 0.0 0.0
-8.55581e-5 4.86125e-5 0.0002178362 0.0 0.0
-8.36136e-5 4.86125e-5 0.0006067782 0.0 0.0
-8.1669e-5 4.86125e-5 0.0002384521 0.0 0.0
-7.97245e-5 4.86125e-5 0.0007097111 0.0 0.0
-7.778e-5 4.86125e-5 0.0015134716 0.0 0.0
-7.58355e-5 4.86125e-5 0.0016212104 0.0 0.0
-7.3891e-5 4.86125e-5 0.0017712386 0.0 0.0
-7.19465e-5 4.86125e-5 0.0036306384 0.0 0.0
-7.0002e-5 4.86125e-5 0.0065301661 0.0 0.0
-6.80575e-5 4.86125e-5 0.006433583 0.0 0.0
-6.6113e-5 4.86125e-5 0.0074935796 0.0 0.0
-6.41685e-5 4.86125e-5 0.0076038185 0.0 0.0
-6.2224e-5 4.86125e-5 0.0101848479 0.0 0.0
-6.02795e-5 4.86125e-5 0.0142898641 0.0 0.0
-5.8335e-5 4.86125e-5 0.0089238651 0.0 0.0
-5.63905e-5 4.86125e-5 0.0088017087 0.0 0.0
-5.4446e-5 4.86125e-5 0.0109080689 0.0 0.0
-5.25015e-5 4.86125e-5 0.013006988 0.0 0.0
-5.0557e-5 4.86125e-5 0.0156151323 0.0 0.0
-4.86125e-5 4.86125e-5 0.0176076829 0.0 0.0
-4.6668e-5 4.86125e-5 0.018081147 0.0 0.0
-4.47235e-5 4.86125e-5 0.0124738949 0.0 0.0
-4.2779e-5 4.86125e-5 0.0093408189 0.0 0.0
-4.08345e-5 4.86125e-5 0.0087631949 0.0 0.0
-3.889e-5 4.86125e-5 0.0127353625 0.0 0.0
-3.69455e-5 4.86125e-5 0.0144568115 0.0 0.0
-3.5001e-5 4.86125e-5 0.0096735054 0.0 0.0
-3.30565e-5 4.86125e-5 0.0075148629 0.0 0.0
-3.1112e-5 4.86125e-5 0.0097512185 0.0 0.0
-2.91675e-5 4.86125e-5 0.0059272749 0.0 0.0
-2.7223e-5 4.86125e-5 0.0110501983 0.0 0.0
-2.52785e-5 4.86125e-5 0.0318727071 0.0 0.0
-2.3334e-5 4.86125e-5 0.0273865857 0.0 0.0
-2.13895e-5 4.86125e-5 0.025614249 0.0 0.0
-1.9445e-5 4.86125e-5 0.0235768981 0.0 0.0
-1.75005e-5 4.86125e-5 0.0200164704 0.0 0.0
-1.5556e-5 4.86125e-5 0.0213557521 0.0 0.0
-1.36115e-5 4.86125e-5 0.0242253995 0.0 0.0
-1.1667e-5 4.86125e-5 0.0238550775 0.0 0.0
-9.7225e-6 4.86125e-5 0.0197811984 0.0 0.0
-7.778e-6 4.86125e-5 0.017454786 0.0 0.0
-5.8335e-6 4.86125e-5 0.0128287064 0.0 0.0
-3.889e-6 4.86125e-5 0.0125134992 0.0 0.0
-1.9445e-6 4.86125e-5 0.0127454867 0.0 0.0
0.0 4.86125e-5 0.0147351091 0.0 0.0
1.9445e-6 4.86125e-5 0.0180452811 0.0 0.0
3.889e-6 4.86125e-5 0.0165789288 0.0 0.0
5.8335e-6 4.86125e-5 0.0225326108 0.0 0.0
7.778e-6 4.86125e-5 0.0227796216 0.0 0.0
9.7225e-6 4.86125e-5 0.0241669347 0.0 0.0
1.1667e-5 4.86125e-5 0.0289353248 0.0 0.0
1.36115e-5 4.86125e-5 0.0244873109 0.0 0.0
1.5556e-5 4.86125e-5 0.0274144376 0.0 0.0
1.75005e-5 4.86125e-5 0.0268538222 0.0 0.0
1.9445e-5 4.86125e-5 0.0258525379 0.0 0.0
2.13895e-5 4.86125e-5 0.0231222615 0.0 0.0
2.3334e-5 4.86125e-5 0.0151354518 0.0 0.0
2.52785e-5 4.86125e-5 0.0134385076 0.0 0.0
2.7223e-5 4.86125e-5 0.0078129605 0.0 0.0
2.91675e-5 4.86125e-5 0.0059370568 0.0 0.0
3.1112e-5 4.86125e-5 0.0087245741 0.0 0.0
3.30565e-5 4.86125e-5 0.0064248593 0.0 0.0
3.5001e-5 4.86125e-5 0.0009110507 0.0 0.0
3.69455e-5 4.86125e-5 0.0002601552 0.0 0.0
3.889e-5 4.86125e-5 0.0001157469 0.0 0.0
4.08345e-5 4.86125e-5 5.1581e-5 0.0 0.0
4.2779e-5 4.86125e-5 0.0005038788 0.0 0.0
4.47235e-5 4.86125e-5 0.000209433 0.0 0.0
4.6668e-5 4.86125e-5 6.61702e-5 0.0 0.0
4.86125e-5 4.86125e-5 0.0002613502 0.0 0.0
5.0557e-5 4.86125e-5 0.0004986893 0.0 0.0
5.25015e-5 4.86125e-5 0.000455518 0.0 0.0
5.4446e-5 4.86125e-5 0.0003111599 0.0 0.0
5.63905e-5 4.86125e-5 0.0001756432 0.0 0.0
5.8335e-5 4.86125e-5 0.0003084424 0.0 0.0
6.02795e-5 4.86125e-5 0.0004267704 0.0 0.0
6.2224e-5 4.86125e-5 0.000302522 0.0 0.0
6.41685e-5 4.86125e-5 0.0002647533 0.0 0.0
6.6113e-5 4.86125e-5 0.0002171095 0.0 0.0
6.80575e-5 4.86125e-5 0.0001695555 0.0 0.0
7.0002e-5 4.86125e-5 0.0001622562 0.0 0.0
7.19465e-5 4.86125e-5 0.0001672745 0.0 0.0
7.3891e-5 4.86125e-5 0.0001580797 0.0 0.0
7.58355e-5 4.86125e-5 0.0001531122 0.0 0.0
7.778e-5 4.86125e-5 0.0001580743 0.0 0.0
7.97245e-5 4.86125e-5 8.46327e-5 0.0 0.0
8.1669e-5 4.86125e-5 8.25206e-5 0.0 0.0
8.36136e-5 4.86125e-5 6.15748e-5 0.0 0.0
8.55581e-5 4.86125e-5 3.21209e-5 0.0 0.0
8.75026e-5 4.86125e-5 8.2413e-6 0.0 0.0
8.94471e-5 4.86125e-5 5.50027e-5 0.0 0.0
9.13916e-5 4.86125e-5 3.44278e-5 0.0 0.0
9.33361e-5 4.86125e-5 1.48617e-5 0.0 0.0
9.52806e-5 4.86125e-5 3.34503e-5 0.0 0.0
-9.72251e-5 5.0557e-5 0.0003449413 0.0 0.0
-9.52806e-5 5.0557e-5 9.91725e-5 0.0 0.0
-9.33361e-5 5.0557e-5 0.0006100842 0.0 0.0
-9.13916e-5 5.0557e-5 0.0002933496 0.0 0.0
-8.94471e-5 5.0557e-5 0.0001850311 0.0 0.0
-8.75026e-5 5.0557e-5 0.0003382386 0.0 0.0
-8.55581e-5 5.0557e-5 0.0007608367 0.0 0.0
-8.36136e-5 5.0557e-5 0.0003637942 0.0 0.0
-8.1669e-5 5.0557e-5 0.0007963691 0.0 0.0
-7.97245e-5 5.0557e-5 0.0003931619 0.0 0.0
-7.778e-5 5.0557e-5 0.0010206163 0.0 0.0
-7.58355e-5 5.0557e-5 0.0009233458 0.0 0.0
-7.3891e-5 5.0557e-5 0.0024201482 0.0 0.0
-7.19465e-5 5.0557e-5 0.0034303723 0.0 0.0
-7.0002e-5 5.0557e-5 0.0062527219 0.0 0.0
-6.80575e-5 5.0557e-5 0.0065760504 0.0 0.0
-6.6113e-5 5.0557e-5 0.0068034123 0.0 0.0
-6.41685e-5 5.0557e-5 0.0065824907 0.0 0.0
-6.2224e-5 5.0557e-5 0.0081553366 0.0 0.0
-6.02795e-5 5.0557e-5 0.0111420379 0.0 0.0
-5.8335e-5 5.0557e-5 0.014599268 0.0 0.0
-5.63905e-5 5.0557e-5 0.0079833323 0.0 0.0
-5.4446e-5 5.0557e-5 0.0082429128 0.0 0.0
-5.25015e-5 5.0557e-5 0.0106274883 0.0 0.0
-5.0557e-5 5.0557e-5 0.0136503487 0.0 0.0
-4.86125e-5 5.0557e-5 0.0151074521 0.0 0.0
-4.6668e-5 5.0557e-5 0.017155642 0.0 0.0
-4.47235e-5 5.0557e-5 0.0161547137 0.0 0.0
-4.2779e-5 5.0557e-5 0.018982781 0.0 0.0
-4.08345e-5 5.0557e-5 0.0102995379 0.0 0.0
-3.889e-5 5.0557e-5 0.0094929396 0.0 0.0
-3.69455e-5 5.0557e-5 0.0085329696 0.0 0.0
-3.5001e-5 5.0557e-5 0.014735206 0.0 0.0
-3.30565e-5 5.0557e-5 0.0141941541 0.0 0.0
-3.1112e-5 5.0557e-5 0.0105940232 0.0 0.0
-2.91675e-5 5.0557e-5 0.0074592378 0.0 0.0
-2.7223e-5 5.0557e-5 0.008582582 0.0 0.0
-2.52785e-5 5.0557e-5 0.0169327142 0.0 0.0
-2.3334e-5 5.0557e-5 0.0237947112 0.0 0.0
-2.13895e-5 5.0557e-5 0.0318444008 0.0 0.0
-1.9445e-5 5.0557e-5 0.0301016527 0.0 0.0
-1.75005e-5 5.0557e-5 0.0264993825 0.0 0.0
-1.5556e-5 5.0557e-5 0.0241298683 0.0 0.0
-1.36115e-5 5.0557e-5 0.0232238187 0.0 0.0
-1.1667e-5 5.0557e-5 0.0207451376 0.0 0.0
-9.7225e-6 5.0557e-5 0.0203247773 0.0 0.0
-7.778e-6 5.0557e-5 0.019899286 0.0 0.0
-5.8335e-6 5.0557e-5 0.0169821232 0.0 0.0
-3.889e-6 5.0557e-5 0.0155387998 0.0 0.0
-1.9445e-6 5.0557e-5 0.0153783185 0.0 0.0
0.0 5.0557e-5 0.0157689068 0.0 0.0
1.9445e-6 5.0557e-5 0.0141726652 0.0 0.0
3.889e-6 5.0557e-5 0.0121828912 0.0 0.0
5.8335e-6 5.0557e-5 0.013138806 0.0 0.0
7.778e-6 5.0557e-5 0.0101616469 0.0 0.0
9.7225e-6 5.0557e-5 0.0117860408 0.0 0.0
1.1667e-5 5.0557e-5 0.0117737967 0.0 0.0
1.36115e-5 5.0557e-5 0.0162908469 0.0 0.0
1.5556e-5 5.0557e-5 0.019869984 0.0 0.0
1.75005e-5 5.0557e-5 0.0172635587 0.0 0.0
1.9445e-5 5.0557e-5 0.0158106743 0.0 0.0
2.13895e-5 5.0557e-5 0.0101372995 0.0 0.0
2.3334e-5 5.0557e-5 0.0058589247 0.0 0.0
2.52785e-5 5.0557e-5 0.0053133392 0.0 0.0
2.7223e-5 5.0557e-5 0.0045833618 0.0 0.0
2.91675e-5 5.0557e-5 0.0062537368 0.0 0.0
3.1112e-5 5.0557e-5 0.008938227 0.0 0.0
3.30565e-5 5.0557e-5 0.0013798428 0.0 0.0
3.5001e-5 5.0557e-5 0.0005337317 0.0 0.0
3.69455e-5 5.0557e-5 0.0001620019 0.0 0.0
3.889e-5 5.0557e-5 7.45647e-5 0.0 0.0
4.08345e-5 5.0557e-5 2.98461e-5 0.0 0.0
4.2779e-5 5.0557e-5 0.0007134341 0.0 0.0
4.47235e-5 5.0557e-5 0.000217918 0.0 0.0
4.6668e-5 5.0557e-5 6.60937e-5 0.0 0.0
4.86125e-5 5.0557e-5 0.0005865754 0.0 0.0
5.0557e-5 5.0557e-5 0.0005557223 0.0 0.0
5.25015e-5 5.0557e-5 0.0005077139 0.0 0.0
5.4446e-5 5.0557e-5 0.0004412104 0.0 0.0
5.63905e-5 5.0557e-5 0.0004935851 0.0 0.0
5.8335e-5 5.0557e-5 0.000403239 0.0 0.0
6.02795e-5 5.0557e-5 0.0003185965 0.0 0.0
6.2224e-5 5.0557e-5 0.0002638172 0.0 0.0
6.41685e-5 5.0557e-5 0.0002263518 0.0 0.0
6.6113e-5 5.0557e-5 0.0002089208 0.0 0.0
6.80575e-5 5.0557e-5 0.0001819849 0.0 0.0
7.0002e-5 5.0557e-5 0.0001937047 0.0 0.0
7.19465e-5 5.0557e-5 0.0001624625 0.0 0.0
7.3891e-5 5.0557e-5 0.0001645392 0.0 0.0
7.58355e-5 5.0557e-5 0.0001669241 0.0 0.0
7.778e-5 5.0557e-5 0.0001585658 0.0 0.0
7.97245e-5 5.0557e-5 7.14991e-5 0.0 0.0
8.1669e-5 5.0557e-5 5.21317e-5 0.0 0.0
8.36136e-5 5.0557e-5 2.67655e-5 0.0 0.0
8.55581e-5 5.0557e-5 1.29811e-5 0.0 0.0
8.75026e-5 5.0557e-5 4.89279e-5 0.0 0.0
8.94471e-5 5.0557e-5 2.65469e-5 0.0 0.0
9.13916e-5 5.0557e-5 1.21076e-5 0.0 0.0
9.33361e-5 5.0557e-5 3.55317e-5 0.0 0.0
9.52806e-5 5.0557e-5 1.55598e-5 0.0 0.0
-9.72251e-5 5.25015e-5 0.0004733476 0.0 0.0
-9.52806e-5 5.25015e-5 0.0001366717 0.0 0.0
-9.33361e-5 5.25015e-5 0.0006695883 0.0 0.0
-9.13916e-5 5.25015e-5 0.0004075292 0.0 0.0
-8.94471e-5 5.25015e-5 0.0007245912 0.0 0.0
-8.75026e-5 5.25015e-5 0.0002334507 0.0 0.0
-8.55581e-5 5.25015e-5 0.0005725839 0.0 0.0
-8.36136e-5 5.25015e-5 0.0003881739 0.0 0.0
-8.1669e-5 5.25015e-5 0.0008497604 0.0 0.0
-7.97245e-5 5.25015e-5 0.00028023 0.0 0.0
-7.778e-5 5.25015e-5 0.0009108579 0.0 0.0
-7.58355e-5 5.25015e-5 0.0007164673 0.0 0.0
-7.3891e-5 5.25015e-5 0.001848261 0.0 0.0
-7.19465e-5 5.25015e-5 0.0017909688 0.0 0.0
-7.0002e-5 5.25015e-5 0.0045435925 0.0 0.0
-6.80575e-5 5.25015e-5 0.0069186094 0.0 0.0
-6.6113e-5 5.25015e-5 0.0060574425 0.0 0.0
-6.41685e-5 5.25015e-5 0.0064157268 0.0 0.0
-6.2224e-5 5.25015e-5 0.0070585678 0.0 0.0
-6.02795e-5 5.25015e-5 0.0090845529 0.0 0.0
-5.8335e-5 5.25015e-5 0.0112514059 0.0 0.0
-5.63905e-5 5.25015e-5 0.0164056679 0.0 0.0
-5.4446e-5 5.25015e-5 0.0086645648 0.0 0.0
-5.25015e-5 5.25015e-5 0.0085506433 0.0 0.0
-5.0557e-5 5.25015e-5 0.0119902403 0.0 0.0
-4.86125e-5 5.25015e-5 0.0142451214 0.0 0.0
-4.6668e-5 5.25015e-5 0.0158105198 0.0 0.0
-4.47235e-5 5.25015e-5 0.0166196832 0.0 0.0
-4.2779e-5 5.25015e-5 0.0180761761 0.0 0.0
-4.08345e-5 5.25015e-5 0.0211668006 0.0 0.0
-3.889e-5 5.25015e-5 0.0148423231 0.0 0.0
-3.69455e-5 5.25015e-5 0.0105138936 0.0 0.0
-3.5001e-5 5.25015e-5 0.0098937535 0.0 0.0
-3.30565e-5 5.25015e-5 0.0143795446 0.0 0.0
-3.1112e-5 5.25015e-5 0.0148633479 0.0 0.0
-2.91675e-5 5.25015e-5 0.011390628 0.0 0.0
-2.7223e-5 5.25015e-5 0.0129134596 0.0 0.0
-2.52785e-5 5.25015e-5 0.01041667 0.0 0.0
-2.3334e-5 5.25015e-5 0.0185059544 0.0 0.0
-2.13895e-5 5.25015e-5 0.022174602 0.0 0.0
-1.9445e-5 5.25015e-5 0.0313685568 0.0 0.0
-1.75005e-5 5.25015e-5 0.0315313072 0.0 0.0
-1.5556e-5 5.25015e-5 0.0308135511 0.0 0.0
-1.36115e-5 5.25015e-5 0.0304079311 0.0 0.0
-1.1667e-5 5.25015e-5 0.0287713412 0.0 0.0
-9.7225e-6 5.25015e-5 0.0255186875 0.0 0.0
-7.778e-6 5.25015e-5 0.0259327176 0.0 0.0
-5.8335e-6 5.25015e-5 0.0243811879 0.0 0.0
-3.889e-6 5.25015e-5 0.0235952317 0.0 0.0
-1.9445e-6 5.25015e-5 0.0212879806 0.0 0.0
0.0 5.25015e-5 0.0205496583 0.0 0.0
1.9445e-6 5.25015e-5 0.0162602941 0.0 0.0
3.889e-6 5.25015e-5 0.0145146913 0.0 0.0
5.8335e-6 5.25015e-5 0.0143888145 0.0 0.0
7.778e-6 5.25015e-5 0.010889646 0.0 0.0
9.7225e-6 5.25015e-5 0.0076226313 0.0 0.0
1.1667e-5 5.25015e-5 0.0091950031 0.0 0.0
1.36115e-5 5.25015e-5 0.010984091 0.0 0.0
1.5556e-5 5.25015e-5 0.0083618408 0.0 0.0
1.75005e-5 5.25015e-5 0.0078392951 0.0 0.0
1.9445e-5 5.25015e-5 0.006706817 0.0 0.0
2.13895e-5 5.25015e-5 0.0053673243 0.0 0.0
2.3334e-5 5.25015e-5 0.0045721055 0.0 0.0
2.52785e-5 5.25015e-5 0.0046284992 0.0 0.0
2.7223e-5 5.25015e-5 0.0052850406 0.0 0.0
2.91675e-5 5.25015e-5 0.010534544 0.0 0.0
3.1112e-5 5.25015e-5 0.0012587788 0.0 0.0
3.30565e-5 5.25015e-5 0.000121472 0.0 0.0
3.5001e-5 5.25015e-5 0.0007333976 0.0 0.0
3.69455e-5 5.25015e-5 0.0003758322 0.0 0.0
3.889e-5 5.25015e-5 0.0002070094 0.0 0.0
4.08345e-5 5.25015e-5 8.45646e-5 0.0 0.0
4.2779e-5 5.25015e-5 0.0004273987 0.0 0.0
4.47235e-5 5.25015e-5 0.0005155393 0.0 0.0
4.6668e-5 5.25015e-5 0.000641987 0.0 0.0
4.86125e-5 5.25015e-5 0.0007104949 0.0 0.0
5.0557e-5 5.25015e-5 0.0006161698 0.0 0.0
5.25015e-5 5.25015e-5 0.00029244 0.0 0.0
5.4446e-5 5.25015e-5 0.0004621391 0.0 0.0
5.63905e-5 5.25015e-5 0.0003872034 0.0 0.0
5.8335e-5 5.25015e-5 0.0003311504 0.0 0.0
6.02795e-5 5.25015e-5 0.0002966962 0.0 0.0
6.2224e-5 5.25015e-5 0.0002605319 0.0 0.0
6.41685e-5 5.25015e-5 0.0002060007 0.0 0.0
6.6113e-5 5.25015e-5 0.0002069548 0.0 0.0
6.80575e-5 5.25015e-5 0.0001983761 0.0 0.0
7.0002e-5 5.25015e-5 0.0002032251 0.0 0.0
7.19465e-5 5.25015e-5 0.0001648782 0.0 0.0
7.3891e-5 5.25015e-5 0.0001463266 0.0 0.0
7.58355e-5 5.25015e-5 0.0001395278 0.0 0.0
7.778e-5 5.25015e-5 8.45757e-5 0.0 0.0
7.97245e-5 5.25015e-5 4.85014e-5 0.0 0.0
8.1669e-5 5.25015e-5 2.5175e-5 0.0 0.0
8.36136e-5 5.25015e-5 1.15256e-5 0.0 0.0
8.55581e-5 5.25015e-5 5.01068e-5 0.0 0.0
8.75026e-5 5.25015e-5 3.65461e-5 0.0 0.0
8.94471e-5 5.25015e-5 1.08164e-5 0.0 0.0
9.13916e-5 5.25015e-5 4.24432e-5 0.0 0.0
9.33361e-5 5.25015e-5 1.7906e-5 0.0 0.0
9.52806e-5 5.25015e-5 3.55179e-5 0.0 0.0
-9.72251e-5 5.4446e-5 0.0005667028 0.0 0.0
-9.52806e-5 5.4446e-5 0.0003160509 0.0 0.0
-9.33361e-5 5.4446e-5 0.0006814081 0.0 0.0
-9.13916e-5 5.4446e-5 0.0003796932 0.0 0.0
-8.94471e-5 5.4446e-5 0.0006155 0.0 0.0
-8.75026e-5 5.4446e-5 0.0001921935 0.0 0.0
-8.55581e-5 5.4446e-5 0.0006479966 0.0 0.0
-8.36136e-5 5.4446e-5 0.0003550023 0.0 0.0
-8.1669e-5 5.4446e-5 0.0008257174 0.0 0.0
-7.97245e-5 5.4446e-5 0.0011765199 0.0 0.0
-7.778e-5 5.4446e-5 0.000746183 0.0 0.0
-7.58355e-5 5.4446e-5 0.0011043647 0.0 0.0
-7.3891e-5 5.4446e-5 0.0009997136 0.0 0.0
-7.19465e-5 5.4446e-5 0.002390967 0.0 0.0
-7.0002e-5 5.4446e-5 0.0026447475 0.0 0.0
-6.80575e-5 5.4446e-5 0.0053247773 0.0 0.0
-6.6113e-5 5.4446e-5 0.0065315951 0.0 0.0
-6.41685e-5 5.4446e-5 0.006878607 0.0 0.0
-6.2224e-5 5.4446e-5 0.0070600145 0.0 0.0
-6.02795e-5 5.4446e-5 0.0068066748 0.0 0.0
-5.8335e-5 5.4446e-5 0.0091885697 0.0 0.0
-5.63905e-5 5.4446e-5 0.0115075399 0.0 0.0
-5.4446e-5 5.4446e-5 0.0168239308 0.0 0.0
-5.25015e-5 5.4446e-5 0.0092217801 0.0 0.0
-5.0557e-5 5.4446e-5 0.0094547564 0.0 0.0
-4.86125e-5 5.4446e-5 0.0137896861 0.0 0.0
-4.6668e-5 5.4446e-5 0.0156913539 0.0 0.0
-4.47235e-5 5.4446e-5 0.0156978141 0.0 0.0
-4.2779e-5 5.4446e-5 0.0165283059 0.0 0.0
-4.08345e-5 5.4446e-5 0.0168933074 0.0 0.0
-3.889e-5 5.4446e-5 0.0182707204 0.0 0.0
-3.69455e-5 5.4446e-5 0.0233413661 0.0 0.0
-3.5001e-5 5.4446e-5 0.0203818304 0.0 0.0
-3.30565e-5 5.4446e-5 0.0147578936 0.0 0.0
-3.1112e-5 5.4446e-5 0.0167227692 0.0 0.0
-2.91675e-5 5.4446e-5 0.0125296219 0.0 0.0
-2.7223e-5 5.4446e-5 0.0124891651 0.0 0.0
-2.52785e-5 5.4446e-5 0.0133315047 0.0 0.0
-2.3334e-5 5.4446e-5 0.0137623877 0.0 0.0
-2.13895e-5 5.4446e-5 0.0123446554 0.0 0.0
-1.9445e-5 5.4446e-5 0.0249992309 0.0 0.0
-1.75005e-5 5.4446e-5 0.026180453 0.0 0.0
-1.5556e-5 5.4446e-5 0.0277637609 0.0 0.0
-1.36115e-5 5.4446e-5 0.0263793087 0.0 0.0
-1.1667e-5 5.4446e-5 0.0274867769 0.0 0.0
-9.7225e-6 5.4446e-5 0.027741226 0.0 0.0
-7.778e-6 5.4446e-5 0.0250975453 0.0 0.0
-5.8335e-6 5.4446e-5 0.0234030542 0.0 0.0
-3.889e-6 5.4446e-5 0.0224100347 0.0 0.0
-1.9445e-6 5.4446e-5 0.0204377754 0.0 0.0
0.0 5.4446e-5 0.0184921182 0.0 0.0
1.9445e-6 5.4446e-5 0.0151066299 0.0 0.0
3.889e-6 5.4446e-5 0.0120518848 0.0 0.0
5.8335e-6 5.4446e-5 0.0099421405 0.0 0.0
7.778e-6 5.4446e-5 0.0110027177 0.0 0.0
9.7225e-6 5.4446e-5 0.0114788336 0.0 0.0
1.1667e-5 5.4446e-5 0.0108194686 0.0 0.0
1.36115e-5 5.4446e-5 0.0110189916 0.0 0.0
1.5556e-5 5.4446e-5 0.0094343788 0.0 0.0
1.75005e-5 5.4446e-5 0.0062597927 0.0 0.0
1.9445e-5 5.4446e-5 0.0049606774 0.0 0.0
2.13895e-5 5.4446e-5 0.0043232824 0.0 0.0
2.3334e-5 5.4446e-5 0.0043891485 0.0 0.0
2.52785e-5 5.4446e-5 0.0059451833 0.0 0.0
2.7223e-5 5.4446e-5 0.0109750501 0.0 0.0
2.91675e-5 5.4446e-5 0.0011003071 0.0 0.0
3.1112e-5 5.4446e-5 0.0001510177 0.0 0.0
3.30565e-5 5.4446e-5 0.0001610587 0.0 0.0
3.5001e-5 5.4446e-5 0.0009341197 0.0 0.0
3.69455e-5 5.4446e-5 0.0003993874 0.0 0.0
3.889e-5 5.4446e-5 0.0001934061 0.0 0.0
4.08345e-5 5.4446e-5 0.0003503139 0.0 0.0
4.2779e-5 5.4446e-5 0.0005331603 0.0 0.0
4.47235e-5 5.4446e-5 0.0007587762 0.0 0.0
4.6668e-5 5.4446e-5 0.0013462946 0.0 0.0
4.86125e-5 5.4446e-5 0.0008991214 0.0 0.0
5.0557e-5 5.4446e-5 0.000575135 0.0 0.0
5.25015e-5 5.4446e-5 0.0004467832 0.0 0.0
5.4446e-5 5.4446e-5 0.0004110815 0.0 0.0
5.63905e-5 5.4446e-5 0.0003570939 0.0 0.0
5.8335e-5 5.4446e-5 0.0002972685 0.0 0.0
6.02795e-5 5.4446e-5 0.0002816178 0.0 0.0
6.2224e-5 5.4446e-5 0.0002565486 0.0 0.0
6.41685e-5 5.4446e-5 0.000212277 0.0 0.0
6.6113e-5 5.4446e-5 0.0002258849 0.0 0.0
6.80575e-5 5.4446e-5 0.000218225 0.0 0.0
7.0002e-5 5.4446e-5 0.0001838847 0.0 0.0
7.19465e-5 5.4446e-5 0.0001540276 0.0 0.0
7.3891e-5 5.4446e-5 0.0001345603 0.0 0.0
7.58355e-5 5.4446e-5 5.2754e-5 0.0 0.0
7.778e-5 5.4446e-5 6.47069e-5 0.0 0.0
7.97245e-5 5.4446e-5 2.13458e-5 0.0 0.0
8.1669e-5 5.4446e-5 7.8404e-6 0.0 0.0
8.36136e-5 5.4446e-5 5.57407e-5 0.0 0.0
8.55581e-5 5.4446e-5 3.60508e-5 0.0 0.0
8.75026e-5 5.4446e-5 1.78131e-5 0.0 0.0
8.94471e-5 5.4446e-5 5.11761e-5 0.0 0.0
9.13916e-5 5.4446e-5 2.09272e-5 0.0 0.0
9.33361e-5 5.4446e-5 4.7284e-5 0.0 0.0
9.52806e-5 5.4446e-5 1.57019e-5 0.0 0.0
-9.72251e-5 5.63905e-5 0.000291731 0.0 0.0
-9.52806e-5 5.63905e-5 0.0005051343 0.0 0.0
-9.33361e-5 5.63905e-5 0.000201855 0.0 0.0
-9.13916e-5 5.63905e-5 0.0005090415 0.0 0.0
-8.94471e-5 5.63905e-5 0.0002496971 0.0 0.0
-8.75026e-5 5.63905e-5 0.0004405705 0.0 0.0
-8.55581e-5 5.63905e-5 7.94925e-5 0.0 0.0
-8.36136e-5 5.63905e-5 0.0002624856 0.0 0.0
-8.1669e-5 5.63905e-5 0.000758112 0.0 0.0
-7.97245e-5 5.63905e-5 0.0005092595 0.0 0.0
-7.778e-5 5.63905e-5 0.0007382117 0.0 0.0
-7.58355e-5 5.63905e-5 0.0005007376 0.0 0.0
-7.3891e-5 5.63905e-5 0.0009495374 0.0 0.0
-7.19465e-5 5.63905e-5 0.0008457288 0.0 0.0
-7.0002e-5 5.63905e-5 0.002139374 0.0 0.0
-6.80575e-5 5.63905e-5 0.0037628924 0.0 0.0
-6.6113e-5 5.63905e-5 0.0049748921 0.0 0.0
-6.41685e-5 5.63905e-5 0.0074649073 0.0 0.0
-6.2224e-5 5.63905e-5 0.007152572 0.0 0.0
-6.02795e-5 5.63905e-5 0.0068728769 0.0 0.0
-5.8335e-5 5.63905e-5 0.0067003783 0.0 0.0
-5.63905e-5 5.63905e-5 0.0087317076 0.0 0.0
-5.4446e-5 5.63905e-5 0.0117386689 0.0 0.0
-5.25015e-5 5.63905e-5 0.0169298702 0.0 0.0
-5.0557e-5 5.63905e-5 0.0100146585 0.0 0.0
-4.86125e-5 5.63905e-5 0.0105877455 0.0 0.0
-4.6668e-5 5.63905e-5 0.0112309089 0.0 0.0
-4.47235e-5 5.63905e-5 0.013536778 0.0 0.0
-4.2779e-5 5.63905e-5 0.0163260394 0.0 0.0
-4.08345e-5 5.63905e-5 0.0162392005 0.0 0.0
-3.889e-5 5.63905e-5 0.0137860062 0.0 0.0
-3.69455e-5 5.63905e-5 0.0158867799 0.0 0.0
-3.5001e-5 5.63905e-5 0.0203540399 0.0 0.0
-3.30565e-5 5.63905e-5 0.0243513797 0.0 0.0
-3.1112e-5 5.63905e-5 0.0267237101 0.0 0.0
-2.91675e-5 5.63905e-5 0.0205645289 0.0 0.0
-2.7223e-5 5.63905e-5 0.0163943904 0.0 0.0
-2.52785e-5 5.63905e-5 0.0161265945 0.0 0.0
-2.3334e-5 5.63905e-5 0.0161200068 0.0 0.0
-2.13895e-5 5.63905e-5 0.0177683761 0.0 0.0
-1.9445e-5 5.63905e-5 0.0185323396 0.0 0.0
-1.75005e-5 5.63905e-5 0.0172996227 0.0 0.0
-1.5556e-5 5.63905e-5 0.0186360842 0.0 0.0
-1.36115e-5 5.63905e-5 0.020036694 0.0 0.0
-1.1667e-5 5.63905e-5 0.0193550375 0.0 0.0
-9.7225e-6 5.63905e-5 0.0198038618 0.0 0.0
-7.778e-6 5.63905e-5 0.0198782845 0.0 0.0
-5.8335e-6 5.63905e-5 0.0182593468 0.0 0.0
-3.889e-6 5.63905e-5 0.0165702619 0.0 0.0
-1.9445e-6 5.63905e-5 0.014880173 0.0 0.0
0.0 5.63905e-5 0.0131117461 0.0 0.0
1.9445e-6 5.63905e-5 0.0125451501 0.0 0.0
3.889e-6 5.63905e-5 0.0121455153 0.0 0.0
5.8335e-6 5.63905e-5 0.0128453763 0.0 0.0
7.778e-6 5.63905e-5 0.0138174489 0.0 0.0
9.7225e-6 5.63905e-5 0.012358266 0.0 0.0
1.1667e-5 5.63905e-5 0.0099231604 0.0 0.0
1.36115e-5 5.63905e-5 0.0076581839 0.0 0.0
1.5556e-5 5.63905e-5 0.006798978 0.0 0.0
1.75005e-5 5.63905e-5 0.005914511 0.0 0.0
1.9445e-5 5.63905e-5 0.0058331553 0.0 0.0
2.13895e-5 5.63905e-5 0.0054933979 0.0 0.0
2.3334e-5 5.63905e-5 0.0131773863 0.0 0.0
2.52785e-5 5.63905e-5 0.0102374923 0.0 0.0
2.7223e-5 5.63905e-5 0.0013065562 0.0 0.0
2.91675e-5 5.63905e-5 0.0010364896 0.0 0.0
3.1112e-5 5.63905e-5 0.0006433533 0.0 0.0
3.30565e-5 5.63905e-5 0.0006144851 0.0 0.0
3.5001e-5 5.63905e-5 0.0003537534 0.0 0.0
3.69455e-5 5.63905e-5 0.0004889608 0.0 0.0
3.889e-5 5.63905e-5 0.0006967356 0.0 0.0
4.08345e-5 5.63905e-5 0.0010387933 0.0 0.0
4.2779e-5 5.63905e-5 0.0013664968 0.0 0.0
4.47235e-5 5.63905e-5 0.0011358378 0.0 0.0
4.6668e-5 5.63905e-5 0.0007196262 0.0 0.0
4.86125e-5 5.63905e-5 0.0004872349 0.0 0.0
5.0557e-5 5.63905e-5 0.0007111567 0.0 0.0
5.25015e-5 5.63905e-5 0.0003994218 0.0 0.0
5.4446e-5 5.63905e-5 0.0004142503 0.0 0.0
5.63905e-5 5.63905e-5 0.0003633063 0.0 0.0
5.8335e-5 5.63905e-5 0.0003048907 0.0 0.0
6.02795e-5 5.63905e-5 0.0002647264 0.0 0.0
6.2224e-5 5.63905e-5 0.0002674511 0.0 0.0
6.41685e-5 5.63905e-5 0.0002293224 0.0 0.0
6.6113e-5 5.63905e-5 0.0001923549 0.0 0.0
6.80575e-5 5.63905e-5 0.0001772967 0.0 0.0
7.0002e-5 5.63905e-5 0.000154211 0.0 0.0
7.19465e-5 5.63905e-5 0.0001445713 0.0 0.0
7.3891e-5 5.63905e-5 5.33113e-5 0.0 0.0
7.58355e-5 5.63905e-5 4.85788e-5 0.0 0.0
7.778e-5 5.63905e-5 1.60231e-5 0.0 0.0
7.97245e-5 5.63905e-5 6.75781e-5 0.0 0.0
8.1669e-5 5.63905e-5 5.56408e-5 0.0 0.0
8.36136e-5 5.63905e-5 2.1675e-5 0.0 0.0
8.55581e-5 5.63905e-5 1.13688e-5 0.0 0.0
8.75026e-5 5.63905e-5 4.98918e-5 0.0 0.0
8.94471e-5 5.63905e-5 2.865e-5 0.0 0.0
9.13916e-5 5.63905e-5 5.01126e-5 0.0 0.0
9.33361e-5 5.63905e-5 1.42989e-5 0.0 0.0
9.52806e-5 5.63905e-5 2.50154e-5 0.0 0.0
-9.72251e-5 5.8335e-5 0.0005826463 0.0 0.0
-9.52806e-5 5.8335e-5 0.0001896484 0.0 0.0
-9.33361e-5 5.8335e-5 0.0004417255 0.0 0.0
-9.13916e-5 5.8335e-5 0.0001564178 0.0 0.0
-8.94471e-5 5.8335e-5 0.0003824361 0.0 0.0
-8.75026e-5 5.8335e-5 5.04022e-5 0.0 0.0
-8.55581e-5 5.8335e-5 0.0002792449 0.0 0.0
-8.36136e-5 5.8335e-5 0.0006294202 0.0 0.0
-8.1669e-5 5.8335e-5 0.0002179672 0.0 0.0
-7.97245e-5 5.8335e-5 0.0005846634 0.0 0.0
-7.778e-5 5.8335e-5 0.0002376852 0.0 0.0
-7.58355e-5 5.8335e-5 0.0005941087 0.0 0.0
-7.3891e-5 5.8335e-5 0.0012112246 0.0 0.0
-7.19465e-5 5.8335e-5 0.0007913946 0.0 0.0
-7.0002e-5 5.8335e-5 0.0007789649 0.0 0.0
-6.80575e-5 5.8335e-5 0.0020279546 0.0 0.0
-6.6113e-5 5.8335e-5 0.003448652 0.0 0.0
-6.41685e-5 5.8335e-5 0.0048120145 0.0 0.0
-6.2224e-5 5.8335e-5 0.0076484833 0.0 0.0
-6.02795e-5 5.8335e-5 0.0073483142 0.0 0.0
-5.8335e-5 5.8335e-5 0.0071629601 0.0 0.0
-5.63905e-5 5.8335e-5 0.0068042566 0.0 0.0
-5.4446e-5 5.8335e-5 0.0083474002 0.0 0.0
-5.25015e-5 5.8335e-5 0.0109825362 0.0 0.0
-5.0557e-5 5.8335e-5 0.0160059235 0.0 0.0
-4.86125e-5 5.8335e-5 0.0122724533 0.0 0.0
-4.6668e-5 5.8335e-5 0.0083103328 0.0 0.0
-4.47235e-5 5.8335e-5 0.0118585784 0.0 0.0
-4.2779e-5 5.8335e-5 0.0144434364 0.0 0.0
-4.08345e-5 5.8335e-5 0.0146607278 0.0 0.0
-3.889e-5 5.8335e-5 0.0137719837 0.0 0.0
-3.69455e-5 5.8335e-5 0.0134154989 0.0 0.0
-3.5001e-5 5.8335e-5 0.0141582455 0.0 0.0
-3.30565e-5 5.8335e-5 0.0159107175 0.0 0.0
-3.1112e-5 5.8335e-5 0.0182478357 0.0 0.0
-2.91675e-5 5.8335e-5 0.0205187866 0.0 0.0
-2.7223e-5 5.8335e-5 0.0221995918 0.0 0.0
-2.52785e-5 5.8335e-5 0.0200649294 0.0 0.0
-2.3334e-5 5.8335e-5 0.0174355898 0.0 0.0
-2.13895e-5 5.8335e-5 0.0170849614 0.0 0.0
-1.9445e-5 5.8335e-5 0.0159040325 0.0 0.0
-1.75005e-5 5.8335e-5 0.0151707983 0.0 0.0
-1.5556e-5 5.8335e-5 0.01554884 0.0 0.0
-1.36115e-5 5.8335e-5 0.0150400591 0.0 0.0
-1.1667e-5 5.8335e-5 0.0140980297 0.0 0.0
-9.7225e-6 5.8335e-5 0.0142391064 0.0 0.0
-7.778e-6 5.8335e-5 0.0132008901 0.0 0.0
-5.8335e-6 5.8335e-5 0.0121546719 0.0 0.0
-3.889e-6 5.8335e-5 0.0122516524 0.0 0.0
-1.9445e-6 5.8335e-5 0.0113773346 0.0 0.0
0.0 5.8335e-5 0.0122459335 0.0 0.0
1.9445e-6 5.8335e-5 0.0120548054 0.0 0.0
3.889e-6 5.8335e-5 0.0127172145 0.0 0.0
5.8335e-6 5.8335e-5 0.0116929702 0.0 0.0
7.778e-6 5.8335e-5 0.0105432908 0.0 0.0
9.7225e-6 5.8335e-5 0.0109608542 0.0 0.0
1.1667e-5 5.8335e-5 0.0093940205 0.0 0.0
1.36115e-5 5.8335e-5 0.008244329 0.0 0.0
1.5556e-5 5.8335e-5 0.0093984753 0.0 0.0
1.75005e-5 5.8335e-5 0.0082194871 0.0 0.0
1.9445e-5 5.8335e-5 0.0109940352 0.0 0.0
2.13895e-5 5.8335e-5 0.0168902793 0.0 0.0
2.3334e-5 5.8335e-5 0.0049289882 0.0 0.0
2.52785e-5 5.8335e-5 0.0010276989 0.0 0.0
2.7223e-5 5.8335e-5 0.0008666208 0.0 0.0
2.91675e-5 5.8335e-5 0.0007554842 0.0 0.0
3.1112e-5 5.8335e-5 0.0004403614 0.0 0.0
3.30565e-5 5.8335e-5 0.000999171 0.0 0.0
3.5001e-5 5.8335e-5 0.0012843452 0.0 0.0
3.69455e-5 5.8335e-5 0.0016284538 0.0 0.0
3.889e-5 5.8335e-5 0.0016620083 0.0 0.0
4.08345e-5 5.8335e-5 0.0015326745 0.0 0.0
4.2779e-5 5.8335e-5 0.0012422017 0.0 0.0
4.47235e-5 5.8335e-5 0.0008093413 0.0 0.0
4.6668e-5 5.8335e-5 0.0007113733 0.0 0.0
4.86125e-5 5.8335e-5 0.0003600719 0.0 0.0
5.0557e-5 5.8335e-5 0.0004080436 0.0 0.0
5.25015e-5 5.8335e-5 0.000347745 0.0 0.0
5.4446e-5 5.8335e-5 0.0003223776 0.0 0.0
5.63905e-5 5.8335e-5 0.0003363163 0.0 0.0
5.8335e-5 5.8335e-5 0.0002805711 0.0 0.0
6.02795e-5 5.8335e-5 0.0002741519 0.0 0.0
6.2224e-5 5.8335e-5 0.0002444867 0.0 0.0
6.41685e-5 5.8335e-5 0.0002196919 0.0 0.0
6.6113e-5 5.8335e-5 0.0001720457 0.0 0.0
6.80575e-5 5.8335e-5 0.0001433844 0.0 0.0
7.0002e-5 5.8335e-5 0.00013901 0.0 0.0
7.19465e-5 5.8335e-5 4.3757e-5 0.0 0.0
7.3891e-5 5.8335e-5 2.7405e-5 0.0 0.0
7.58355e-5 5.8335e-5 1.62328e-5 0.0 0.0
7.778e-5 5.8335e-5 5.27128e-5 0.0 0.0
7.97245e-5 5.8335e-5 3.89533e-5 0.0 0.0
8.1669e-5 5.8335e-5 2.04679e-5 0.0 0.0
8.36136e-5 5.8335e-5 5.32195e-5 0.0 0.0
8.55581e-5 5.8335e-5 3.92987e-5 0.0 0.0
8.75026e-5 5.8335e-5 1.65971e-5 0.0 0.0
8.94471e-5 5.8335e-5 4.31922e-5 0.0 0.0
9.13916e-5 5.8335e-5 1.21508e-5 0.0 0.0
9.33361e-5 5.8335e-5 2.52776e-5 0.0 0.0
9.52806e-5 5.8335e-5 2.90772e-5 0.0 0.0
-9.72251e-5 6.02795e-5 0.0004359539 0.0 0.0
-9.52806e-5 6.02795e-5 0.0005177328 0.0 0.0
-9.33361e-5 6.02795e-5 0.0002155509 0.0 0.0
-9.13916e-5 6.02795e-5 0.0004779546 0.0 0.0
-8.94471e-5 6.02795e-5 0.0001409994 0.0 0.0
-8.75026e-5 6.02795e-5 0.0003969203 0.0 0.0
-8.55581e-5 6.02795e-5 0.000605075 0.0 0.0
-8.36136e-5 6.02795e-5 0.0002461681 0.0 0.0
-8.1669e-5 6.02795e-5 0.0004694591 0.0 0.0
-7.97245e-5 6.02795e-5 0.0002025083 0.0 0.0
-7.778e-5 6.02795e-5 0.0004925949 0.0 0.0
-7.58355e-5 6.02795e-5 0.0008824482 0.0 0.0
-7.3891e-5 6.02795e-5 0.0004025315 0.0 0.0
-7.19465e-5 6.02795e-5 0.0009884822 0.0 0.0
-7.0002e-5 6.02795e-5 0.0008652252 0.0 0.0
-6.80575e-5 6.02795e-5 0.0006802392 0.0 0.0
-6.6113e-5 6.02795e-5 0.0018289007 0.0 0.0
-6.41685e-5 6.02795e-5 0.0033483909 0.0 0.0
-6.2224e-5 6.02795e-5 0.0045279886 0.0 0.0
-6.02795e-5 6.02795e-5 0.0075977322 0.0 0.0
-5.8335e-5 6.02795e-5 0.0074647743 0.0 0.0
-5.63905e-5 6.02795e-5 0.007201673 0.0 0.0
-5.4446e-5 6.02795e-5 0.0067939092 0.0 0.0
-5.25015e-5 6.02795e-5 0.0082344511 0.0 0.0
-5.0557e-5 6.02795e-5 0.010535437 0.0 0.0
-4.86125e-5 6.02795e-5 0.0146907337 0.0 0.0
-4.6668e-5 6.02795e-5 0.0103875911 0.0 0.0
-4.47235e-5 6.02795e-5 0.0117848444 0.0 0.0
-4.2779e-5 6.02795e-5 0.0086790379 0.0 0.0
-4.08345e-5 6.02795e-5 0.0116686805 0.0 0.0
-3.889e-5 6.02795e-5 0.015137462 0.0 0.0
-3.69455e-5 6.02795e-5 0.0135725564 0.0 0.0
-3.5001e-5 6.02795e-5 0.013347271 0.0 0.0
-3.30565e-5 6.02795e-5 0.0125410353 0.0 0.0
-3.1112e-5 6.02795e-5 0.0123561677 0.0 0.0
-2.91675e-5 6.02795e-5 0.0127581808 0.0 0.0
-2.7223e-5 6.02795e-5 0.0127667584 0.0 0.0
-2.52785e-5 6.02795e-5 0.0126539579 0.0 0.0
-2.3334e-5 6.02795e-5 0.012309833 0.0 0.0
-2.13895e-5 6.02795e-5 0.012592207 0.0 0.0
-1.9445e-5 6.02795e-5 0.0110940283 0.0 0.0
-1.75005e-5 6.02795e-5 0.0107128523 0.0 0.0
-1.5556e-5 6.02795e-5 0.0110190191 0.0 0.0
-1.36115e-5 6.02795e-5 0.0106343907 0.0 0.0
-1.1667e-5 6.02795e-5 0.010577348 0.0 0.0
-9.7225e-6 6.02795e-5 0.01016801 0.0 0.0
-7.778e-6 6.02795e-5 0.0094093883 0.0 0.0
-5.8335e-6 6.02795e-5 0.0100298427 0.0 0.0
-3.889e-6 6.02795e-5 0.0105768283 0.0 0.0
-1.9445e-6 6.02795e-5 0.0114731829 0.0 0.0
0.0 6.02795e-5 0.0113496653 0.0 0.0
1.9445e-6 6.02795e-5 0.0109862276 0.0 0.0
3.889e-6 6.02795e-5 0.0101661536 0.0 0.0
5.8335e-6 6.02795e-5 0.0089017939 0.0 0.0
7.778e-6 6.02795e-5 0.0105285937 0.0 0.0
9.7225e-6 6.02795e-5 0.0095449551 0.0 0.0
1.1667e-5 6.02795e-5 0.0079119333 0.0 0.0
1.36115e-5 6.02795e-5 0.0095318968 0.0 0.0
1.5556e-5 6.02795e-5 0.0106851214 0.0 0.0
1.75005e-5 6.02795e-5 0.0219386235 0.0 0.0
1.9445e-5 6.02795e-5 0.0104451003 0.0 0.0
2.13895e-5 6.02795e-5 0.0017301923 0.0 0.0
2.3334e-5 6.02795e-5 0.0006931792 0.0 0.0
2.52785e-5 6.02795e-5 0.0006870242 0.0 0.0
2.7223e-5 6.02795e-5 0.0008843133 0.0 0.0
2.91675e-5 6.02795e-5 0.0011105553 0.0 0.0
3.1112e-5 6.02795e-5 0.0015698232 0.0 0.0
3.30565e-5 6.02795e-5 0.0014814156 0.0 0.0
3.5001e-5 6.02795e-5 0.0012512937 0.0 0.0
3.69455e-5 6.02795e-5 0.001209571 0.0 0.0
3.889e-5 6.02795e-5 0.0009221882 0.0 0.0
4.08345e-5 6.02795e-5 0.000644698 0.0 0.0
4.2779e-5 6.02795e-5 0.0005050691 0.0 0.0
4.47235e-5 6.02795e-5 0.0002346726 0.0 0.0
4.6668e-5 6.02795e-5 0.0002659073 0.0 0.0
4.86125e-5 6.02795e-5 0.0002704981 0.0 0.0
5.0557e-5 6.02795e-5 0.0002832243 0.0 0.0
5.25015e-5 6.02795e-5 0.0002668933 0.0 0.0
5.4446e-5 6.02795e-5 0.0002581515 0.0 0.0
5.63905e-5 6.02795e-5 0.0002717226 0.0 0.0
5.8335e-5 6.02795e-5 0.0002272755 0.0 0.0
6.02795e-5 6.02795e-5 0.0002124121 0.0 0.0
6.2224e-5 6.02795e-5 0.0002117292 0.0 0.0
6.41685e-5 6.02795e-5 0.0001792688 0.0 0.0
6.6113e-5 6.02795e-5 0.0001534465 0.0 0.0
6.80575e-5 6.02795e-5 0.0001352899 0.0 0.0
7.0002e-5 6.02795e-5 0.0001126902 0.0 0.0
7.19465e-5 6.02795e-5 1.47219e-5 0.0 0.0
7.3891e-5 6.02795e-5 7.66705e-5 0.0 0.0
7.58355e-5 6.02795e-5 5.35648e-5 0.0 0.0
7.778e-5 6.02795e-5 3.1661e-5 0.0 0.0
7.97245e-5 6.02795e-5 1.80614e-5 0.0 0.0
8.1669e-5 6.02795e-5 5.72579e-5 0.0 0.0
8.36136e-5 6.02795e-5 3.50426e-5 0.0 0.0
8.55581e-5 6.02795e-5 1.93792e-5 0.0 0.0
8.75026e-5 6.02795e-5 2.81811e-5 0.0 0.0
8.94471e-5 6.02795e-5 3.8612e-5 0.0 0.0
9.13916e-5 6.02795e-5 1.92216e-5 0.0 0.0
9.33361e-5 6.02795e-5 2.87341e-5 0.0 0.0
9.52806e-5 6.02795e-5 1.62874e-5 0.0 0.0
-9.72251e-5 6.2224e-5 0.0002876412 0.0 0.0
-9.52806e-5 6.2224e-5 0.0003597639 0.0 0.0
-9.33361e-5 6.2224e-5 0.0005798631 0.0 0.0
-9.13916e-5 6.2224e-5 0.0002607676 0.0 0.0
-8.94471e-5 6.2224e-5 0.000456778 0.0 0.0
-8.75026e-5 6.2224e-5 0.0001705381 0.0 0.0
-8.55581e-5 6.2224e-5 0.0003779438 0.0 0.0
-8.36136e-5 6.2224e-5 0.0001432378 0.0 0.0
-8.1669e-5 6.2224e-5 0.0003170314 0.0 0.0
-7.97245e-5 6.2224e-5 0.0005429417 0.0 0.0
-7.778e-5 6.2224e-5 0.0001694275 0.0 0.0
-7.58355e-5 6.2224e-5 0.0006427462 0.0 0.0
-7.3891e-5 6.2224e-5 0.0001595036 0.0 0.0
-7.19465e-5 6.2224e-5 0.0004242723 0.0 0.0
-7.0002e-5 6.2224e-5 0.0011426865 0.0 0.0
-6.80575e-5 6.2224e-5 0.0009607996 0.0 0.0
-6.6113e-5 6.2224e-5 0.000710527 0.0 0.0
-6.41685e-5 6.2224e-5 0.0018076485 0.0 0.0
-6.2224e-5 6.2224e-5 0.003109407 0.0 0.0
-6.02795e-5 6.2224e-5 0.0046857315 0.0 0.0
-5.8335e-5 6.2224e-5 0.0068912232 0.0 0.0
-5.63905e-5 6.2224e-5 0.0073676269 0.0 0.0
-5.4446e-5 6.2224e-5 0.0070791038 0.0 0.0
-5.25015e-5 6.2224e-5 0.007521742 0.0 0.0
-5.0557e-5 6.2224e-5 0.0082776089 0.0 0.0
-4.86125e-5 6.2224e-5 0.0104174969 0.0 0.0
-4.6668e-5 6.2224e-5 0.0136424212 0.0 0.0
-4.47235e-5 6.2224e-5 0.0142032547 0.0 0.0
-4.2779e-5 6.2224e-5 0.0124648141 0.0 0.0
-4.08345e-5 6.2224e-5 0.0094033297 0.0 0.0
-3.889e-5 6.2224e-5 0.0072570336 0.0 0.0
-3.69455e-5 6.2224e-5 0.0113289494 0.0 0.0
-3.5001e-5 6.2224e-5 0.0110057612 0.0 0.0
-3.30565e-5 6.2224e-5 0.0101736684 0.0 0.0
-3.1112e-5 6.2224e-5 0.0088540284 0.0 0.0
-2.91675e-5 6.2224e-5 0.01039623 0.0 0.0
-2.7223e-5 6.2224e-5 0.0096394072 0.0 0.0
-2.52785e-5 6.2224e-5 0.0086101575 0.0 0.0
-2.3334e-5 6.2224e-5 0.0081017971 0.0 0.0
-2.13895e-5 6.2224e-5 0.0084271324 0.0 0.0
-1.9445e-5 6.2224e-5 0.0078295708 0.0 0.0
-1.75005e-5 6.2224e-5 0.0072311587 0.0 0.0
-1.5556e-5 6.2224e-5 0.0079139094 0.0 0.0
-1.36115e-5 6.2224e-5 0.0076740692 0.0 0.0
-1.1667e-5 6.2224e-5 0.0085707019 0.0 0.0
-9.7225e-6 6.2224e-5 0.0088006179 0.0 0.0
-7.778e-6 6.2224e-5 0.009875452 0.0 0.0
-5.8335e-6 6.2224e-5 0.0095198763 0.0 0.0
-3.889e-6 6.2224e-5 0.0093475683 0.0 0.0
-1.9445e-6 6.2224e-5 0.0092688483 0.0 0.0
0.0 6.2224e-5 0.0090154248 0.0 0.0
1.9445e-6 6.2224e-5 0.0088986675 0.0 0.0
3.889e-6 6.2224e-5 0.0082050648 0.0 0.0
5.8335e-6 6.2224e-5 0.0108216469 0.0 0.0
7.778e-6 6.2224e-5 0.0091274294 0.0 0.0
9.7225e-6 6.2224e-5 0.0098245045 0.0 0.0
1.1667e-5 6.2224e-5 0.0109944485 0.0 0.0
1.36115e-5 6.2224e-5 0.0207712004 0.0 0.0
1.5556e-5 6.2224e-5 0.0119770792 0.0 0.0
1.75005e-5 6.2224e-5 0.002088324 0.0 0.0
1.9445e-5 6.2224e-5 0.00096334 0.0 0.0
2.13895e-5 6.2224e-5 0.0005635717 0.0 0.0
2.3334e-5 6.2224e-5 0.0006277337 0.0 0.0
2.52785e-5 6.2224e-5 0.0008067608 0.0 0.0
2.7223e-5 6.2224e-5 0.0011095707 0.0 0.0
2.91675e-5 6.2224e-5 0.0011890934 0.0 0.0
3.1112e-5 6.2224e-5 0.0011152326 0.0 0.0
3.30565e-5 6.2224e-5 0.0010586755 0.0 0.0
3.5001e-5 6.2224e-5 0.0006132312 0.0 0.0
3.69455e-5 6.2224e-5 0.0003067619 0.0 0.0
3.889e-5 6.2224e-5 0.0002828315 0.0 0.0
4.08345e-5 6.2224e-5 0.0003021682 0.0 0.0
4.2779e-5 6.2224e-5 0.0001001897 0.0 0.0
4.47235e-5 6.2224e-5 0.0001179986 0.0 0.0
4.6668e-5 6.2224e-5 0.0001457354 0.0 0.0
4.86125e-5 6.2224e-5 0.0001512994 0.0 0.0
5.0557e-5 6.2224e-5 0.0002135972 0.0 0.0
5.25015e-5 6.2224e-5 0.0002271501 0.0 0.0
5.4446e-5 6.2224e-5 0.0002266265 0.0 0.0
5.63905e-5 6.2224e-5 0.0002262728 0.0 0.0
5.8335e-5 6.2224e-5 0.0001822199 0.0 0.0
6.02795e-5 6.2224e-5 0.0001630716 0.0 0.0
6.2224e-5 6.2224e-5 0.0001680235 0.0 0.0
6.41685e-5 6.2224e-5 0.0001322749 0.0 0.0
6.6113e-5 6.2224e-5 0.000116094 0.0 0.0
6.80575e-5 6.2224e-5 0.0001000521 0.0 0.0
7.0002e-5 6.2224e-5 1.2623e-5 0.0 0.0
7.19465e-5 6.2224e-5 6.50553e-5 0.0 0.0
7.3891e-5 6.2224e-5 3.97228e-5 0.0 0.0
7.58355e-5 6.2224e-5 3.34365e-5 0.0 0.0
7.778e-5 6.2224e-5 1.33525e-5 0.0 0.0
7.97245e-5 6.2224e-5 4.27189e-5 0.0 0.0
8.1669e-5 6.2224e-5 2.04516e-5 0.0 0.0
8.36136e-5 6.2224e-5 1.52245e-5 0.0 0.0
8.55581e-5 6.2224e-5 2.12527e-5 0.0 0.0
8.75026e-5 6.2224e-5 3.13544e-5 0.0 0.0
8.94471e-5 6.2224e-5 1.19601e-5 0.0 0.0
9.13916e-5 6.2224e-5 2.59823e-5 0.0 0.0
9.33361e-5 6.2224e-5 1.35031e-5 0.0 0.0
9.52806e-5 6.2224e-5 6.9334e-6 0.0 0.0
-9.72251e-5 6.41685e-5 0.0003695811 0.0 0.0
-9.52806e-5 6.41685e-5 0.0003307052 0.0 0.0
-9.33361e-5 6.41685e-5 0.0004522631 0.0 0.0
-9.13916e-5 6.41685e-5 0.0006056878 0.0 0.0
-8.94471e-5 6.41685e-5 0.000300423 0.0 0.0
-8.75026e-5 6.41685e-5 0.0006064344 0.0 0.0
-8.55581e-5 6.41685e-5 0.0001197179 0.0 0.0
-8.36136e-5 6.41685e-5 0.000506303 0.0 0.0
-8.1669e-5 6.41685e-5 0.0001336433 0.0 0.0
-7.97245e-5 6.41685e-5 0.0004637555 0.0 0.0
-7.778e-5 6.41685e-5 0.0004796093 0.0 0.0
-7.58355e-5 6.41685e-5 0.0002502584 0.0 0.0
-7.3891e-5 6.41685e-5 0.0007515849 0.0 0.0
-7.19465e-5 6.41685e-5 0.0002849927 0.0 0.0
-7.0002e-5 6.41685e-5 0.0007272189 0.0 0.0
-6.80575e-5 6.41685e-5 0.0004232298 0.0 0.0
-6.6113e-5 6.41685e-5 0.0010514399 0.0 0.0
-6.41685e-5 6.41685e-5 0.0010434955 0.0 0.0
-6.2224e-5 6.41685e-5 0.0019592239 0.0 0.0
-6.02795e-5 6.41685e-5 0.0022077829 0.0 0.0
-5.8335e-5 6.41685e-5 0.0034334434 0.0 0.0
-5.63905e-5 6.41685e-5 0.0053779397 0.0 0.0
-5.4446e-5 6.41685e-5 0.006477105 0.0 0.0
-5.25015e-5 6.41685e-5 0.0068118378 0.0 0.0
-5.0557e-5 6.41685e-5 0.0071461925 0.0 0.0
-4.86125e-5 6.41685e-5 0.008009622 0.0 0.0
-4.6668e-5 6.41685e-5 0.0100758981 0.0 0.0
-4.47235e-5 6.41685e-5 0.0120588852 0.0 0.0
-4.2779e-5 6.41685e-5 0.0145745926 0.0 0.0
-4.08345e-5 6.41685e-5 0.0150965716 0.0 0.0
-3.889e-5 6.41685e-5 0.012193869 0.0 0.0
-3.69455e-5 6.41685e-5 0.0116220882 0.0 0.0
-3.5001e-5 6.41685e-5 0.011803279 0.0 0.0
-3.30565e-5 6.41685e-5 0.0082805189 0.0 0.0
-3.1112e-5 6.41685e-5 0.0080931774 0.0 0.0
-2.91675e-5 6.41685e-5 0.0070516635 0.0 0.0
-2.7223e-5 6.41685e-5 0.0079116533 0.0 0.0
-2.52785e-5 6.41685e-5 0.0069567211 0.0 0.0
-2.3334e-5 6.41685e-5 0.0058176182 0.0 0.0
-2.13895e-5 6.41685e-5 0.0065675912 0.0 0.0
-1.9445e-5 6.41685e-5 0.0058821468 0.0 0.0
-1.75005e-5 6.41685e-5 0.0066756153 0.0 0.0
-1.5556e-5 6.41685e-5 0.0064522599 0.0 0.0
-1.36115e-5 6.41685e-5 0.006222101 0.0 0.0
-1.1667e-5 6.41685e-5 0.0078315682 0.0 0.0
-9.7225e-6 6.41685e-5 0.007786068 0.0 0.0
-7.778e-6 6.41685e-5 0.0077674992 0.0 0.0
-5.8335e-6 6.41685e-5 0.0077323115 0.0 0.0
-3.889e-6 6.41685e-5 0.0077880886 0.0 0.0
-1.9445e-6 6.41685e-5 0.0077862549 0.0 0.0
0.0 6.41685e-5 0.0105217303 0.0 0.0
1.9445e-6 6.41685e-5 0.009824552 0.0 0.0
3.889e-6 6.41685e-5 0.0117722812 0.0 0.0
5.8335e-6 6.41685e-5 0.0149912525 0.0 0.0
7.778e-6 6.41685e-5 0.0221532224 0.0 0.0
9.7225e-6 6.41685e-5 0.0175709697 0.0 0.0
1.1667e-5 6.41685e-5 0.0103097473 0.0 0.0
1.36115e-5 6.41685e-5 0.0026002983 0.0 0.0
1.5556e-5 6.41685e-5 0.0003878309 0.0 0.0
1.75005e-5 6.41685e-5 0.0006721976 0.0 0.0
1.9445e-5 6.41685e-5 0.0002369318 0.0 0.0
2.13895e-5 6.41685e-5 0.0004466903 0.0 0.0
2.3334e-5 6.41685e-5 0.000368374 0.0 0.0
2.52785e-5 6.41685e-5 0.0007420246 0.0 0.0
2.7223e-5 6.41685e-5 0.0006325204 0.0 0.0
2.91675e-5 6.41685e-5 0.0006525047 0.0 0.0
3.1112e-5 6.41685e-5 0.0004550471 0.0 0.0
3.30565e-5 6.41685e-5 0.0004689738 0.0 0.0
3.5001e-5 6.41685e-5 0.0003016051 0.0 0.0
3.69455e-5 6.41685e-5 0.0001597008 0.0 0.0
3.889e-5 6.41685e-5 0.0001184213 0.0 0.0
4.08345e-5 6.41685e-5 0.000201397 0.0 0.0
4.2779e-5 6.41685e-5 3.92563e-5 0.0 0.0
4.47235e-5 6.41685e-5 7.03331e-5 0.0 0.0
4.6668e-5 6.41685e-5 7.91685e-5 0.0 0.0
4.86125e-5 6.41685e-5 0.0001257151 0.0 0.0
5.0557e-5 6.41685e-5 0.0001502277 0.0 0.0
5.25015e-5 6.41685e-5 0.0001597616 0.0 0.0
5.4446e-5 6.41685e-5 0.0001810737 0.0 0.0
5.63905e-5 6.41685e-5 0.0001411543 0.0 0.0
5.8335e-5 6.41685e-5 0.0001229685 0.0 0.0
6.02795e-5 6.41685e-5 0.0001225376 0.0 0.0
6.2224e-5 6.41685e-5 0.0001171315 0.0 0.0
6.41685e-5 6.41685e-5 0.0001017985 0.0 0.0
6.6113e-5 6.41685e-5 8.47633e-5 0.0 0.0
6.80575e-5 6.41685e-5 6.47484e-5 0.0 0.0
7.0002e-5 6.41685e-5 4.61833e-5 0.0 0.0
7.19465e-5 6.41685e-5 2.51824e-5 0.0 0.0
7.3891e-5 6.41685e-5 2.77773e-5 0.0 0.0
7.58355e-5 6.41685e-5 7.6811e-6 0.0 0.0
7.778e-5 6.41685e-5 4.22529e-5 0.0 0.0
7.97245e-5 6.41685e-5 1.40009e-5 0.0 0.0
8.1669e-5 6.41685e-5 3.82656e-5 0.0 0.0
8.36136e-5 6.41685e-5 1.81824e-5 0.0 0.0
8.55581e-5 6.41685e-5 2.85793e-5 0.0 0.0
8.75026e-5 6.41685e-5 1.14048e-5 0.0 0.0
8.94471e-5 6.41685e-5 2.21418e-5 0.0 0.0
9.13916e-5 6.41685e-5 1.05251e-5 0.0 0.0
9.33361e-5 6.41685e-5 5.3194e-6 0.0 0.0
9.52806e-5 6.41685e-5 1.47935e-5 0.0 0.0
-9.72251e-5 6.6113e-5 0.0003263797 0.0 0.0
-9.52806e-5 6.6113e-5 0.0002502737 0.0 0.0
-9.33361e-5 6.6113e-5 0.0003612718 0.0 0.0
-9.13916e-5 6.6113e-5 0.0004802409 0.0 0.0
-8.94471e-5 6.6113e-5 0.0002394381 0.0 0.0
-8.75026e-5 6.6113e-5 0.0004035412 0.0 0.0
-8.55581e-5 6.6113e-5 0.0005434509 0.0 0.0
-8.36136e-5 6.6113e-5 0.0002530541 0.0 0.0
-8.1669e-5 6.6113e-5 0.0007078567 0.0 0.0
-7.97245e-5 6.6113e-5 0.0003070138 0.0 0.0
-7.778e-5 6.6113e-5 0.0006215904 0.0 0.0
-7.58355e-5 6.6113e-5 0.0002030331 0.0 0.0
-7.3891e-5 6.6113e-5 0.0004484083 0.0 0.0
-7.19465e-5 6.6113e-5 0.0002292385 0.0 0.0
-7.0002e-5 6.6113e-5 0.0006532606 0.0 0.0
-6.80575e-5 6.6113e-5 0.0002324254 0.0 0.0
-6.6113e-5 6.6113e-5 0.0005961851 0.0 0.0
-6.41685e-5 6.6113e-5 0.0005210394 0.0 0.0
-6.2224e-5 6.6113e-5 0.0014258226 0.0 0.0
-6.02795e-5 6.6113e-5 0.0010651886 0.0 0.0
-5.8335e-5 6.6113e-5 0.0023360521 0.0 0.0
-5.63905e-5 6.6113e-5 0.003504969 0.0 0.0
-5.4446e-5 6.6113e-5 0.0055135575 0.0 0.0
-5.25015e-5 6.6113e-5 0.005752553 0.0 0.0
-5.0557e-5 6.6113e-5 0.0064020766 0.0 0.0
-4.86125e-5 6.6113e-5 0.0065686637 0.0 0.0
-4.6668e-5 6.6113e-5 0.0073490542 0.0 0.0
-4.47235e-5 6.6113e-5 0.0087758948 0.0 0.0
-4.2779e-5 6.6113e-5 0.0110433541 0.0 0.0
-4.08345e-5 6.6113e-5 0.0136030211 0.0 0.0
-3.889e-5 6.6113e-5 0.0165345959 0.0 0.0
-3.69455e-5 6.6113e-5 0.0184221485 0.0 0.0
-3.5001e-5 6.6113e-5 0.0148513577 0.0 0.0
-3.30565e-5 6.6113e-5 0.0136294984 0.0 0.0
-3.1112e-5 6.6113e-5 0.0126016004 0.0 0.0
-2.91675e-5 6.6113e-5 0.01186614 0.0 0.0
-2.7223e-5 6.6113e-5 0.0104778002 0.0 0.0
-2.52785e-5 6.6113e-5 0.0071651815 0.0 0.0
-2.3334e-5 6.6113e-5 0.0062419454 0.0 0.0
-2.13895e-5 6.6113e-5 0.0071321987 0.0 0.0
-1.9445e-5 6.6113e-5 0.005940504 0.0 0.0
-1.75005e-5 6.6113e-5 0.0068902351 0.0 0.0
-1.5556e-5 6.6113e-5 0.00661837 0.0 0.0
-1.36115e-5 6.6113e-5 0.0062863749 0.0 0.0
-1.1667e-5 6.6113e-5 0.0061823163 0.0 0.0
-9.7225e-6 6.6113e-5 0.0075226953 0.0 0.0
-7.778e-6 6.6113e-5 0.0061293545 0.0 0.0
-5.8335e-6 6.6113e-5 0.0067353054 0.0 0.0
-3.889e-6 6.6113e-5 0.0094195584 0.0 0.0
-1.9445e-6 6.6113e-5 0.0115517006 0.0 0.0
0.0 6.6113e-5 0.0118751236 0.0 0.0
1.9445e-6 6.6113e-5 0.0206581332 0.0 0.0
3.889e-6 6.6113e-5 0.0182055323 0.0 0.0
5.8335e-6 6.6113e-5 0.01387732 0.0 0.0
7.778e-6 6.6113e-5 0.0075303127 0.0 0.0
9.7225e-6 6.6113e-5 0.0021446044 0.0 0.0
1.1667e-5 6.6113e-5 0.0008679842 0.0 0.0
1.36115e-5 6.6113e-5 0.0004686575 0.0 0.0
1.5556e-5 6.6113e-5 0.0002698812 0.0 0.0
1.75005e-5 6.6113e-5 0.0003901027 0.0 0.0
1.9445e-5 6.6113e-5 0.0001681884 0.0 0.0
2.13895e-5 6.6113e-5 0.0003277308 0.0 0.0
2.3334e-5 6.6113e-5 0.0002865168 0.0 0.0
2.52785e-5 6.6113e-5 0.000392768 0.0 0.0
2.7223e-5 6.6113e-5 0.0002317846 0.0 0.0
2.91675e-5 6.6113e-5 0.0005410712 0.0 0.0
3.1112e-5 6.6113e-5 0.0005438525 0.0 0.0
3.30565e-5 6.6113e-5 0.0001718706 0.0 0.0
3.5001e-5 6.6113e-5 0.0002627557 0.0 0.0
3.69455e-5 6.6113e-5 0.0002398456 0.0 0.0
3.889e-5 6.6113e-5 0.000103227 0.0 0.0
4.08345e-5 6.6113e-5 8.10657e-5 0.0 0.0
4.2779e-5 6.6113e-5 0.0001407034 0.0 0.0
4.47235e-5 6.6113e-5 0.000165201 0.0 0.0
4.6668e-5 6.6113e-5 0.0002110989 0.0 0.0
4.86125e-5 6.6113e-5 7.55179e-5 0.0 0.0
5.0557e-5 6.6113e-5 9.70372e-5 0.0 0.0
5.25015e-5 6.6113e-5 0.0001053456 0.0 0.0
5.4446e-5 6.6113e-5 0.0001083042 0.0 0.0
5.63905e-5 6.6113e-5 9.72811e-5 0.0 0.0
5.8335e-5 6.6113e-5 8.98427e-5 0.0 0.0
6.02795e-5 6.6113e-5 7.44983e-5 0.0 0.0
6.2224e-5 6.6113e-5 8.70066e-5 0.0 0.0
6.41685e-5 6.6113e-5 6.04784e-5 0.0 0.0
6.6113e-5 6.6113e-5 6.43231e-5 0.0 0.0
6.80575e-5 6.6113e-5 3.23079e-5 0.0 0.0
7.0002e-5 6.6113e-5 1.52706e-5 0.0 0.0
7.19465e-5 6.6113e-5 1.47267e-5 0.0 0.0
7.3891e-5 6.6113e-5 4.88205e-5 0.0 0.0
7.58355e-5 6.6113e-5 3.75469e-5 0.0 0.0
7.778e-5 6.6113e-5 9.3685e-6 0.0 0.0
7.97245e-5 6.6113e-5 3.18237e-5 0.0 0.0
8.1669e-5 6.6113e-5 1.33556e-5 0.0 0.0
8.36136e-5 6.6113e-5 2.59756e-5 0.0 0.0
8.55581e-5 6.6113e-5 8.1062e-6 0.0 0.0
8.75026e-5 6.6113e-5 2.00531e-5 0.0 0.0
8.94471e-5 6.6113e-5 9.5386e-6 0.0 0.0
9.13916e-5 6.6113e-5 4.5374e-6 0.0 0.0
9.33361e-5 6.6113e-5 1.18174e-5 0.0 0.0
9.52806e-5 6.6113e-5 4.4917e-6 0.0 0.0
-9.72251e-5 6.80575e-5 0.0003557647 0.0 0.0
-9.52806e-5 6.80575e-5 0.0002715512 0.0 0.0
-9.33361e-5 6.80575e-5 0.0003575608 0.0 0.0
-9.13916e-5 6.80575e-5 0.0004945882 0.0 0.0
-8.94471e-5 6.80575e-5 0.0001562205 0.0 0.0
-8.75026e-5 6.80575e-5 0.0002525417 0.0 0.0
-8.55581e-5 6.80575e-5 0.0005255876 0.0 0.0
-8.36136e-5 6.80575e-5 0.0001476978 0.0 0.0
-8.1669e-5 6.80575e-5 0.0004852344 0.0 0.0
-7.97245e-5 6.80575e-5 0.0002680924 0.0 0.0
-7.778e-5 6.80575e-5 0.00057469 0.0 0.0
-7.58355e-5 6.80575e-5 0.0001303516 0.0 0.0
-7.3891e-5 6.80575e-5 0.0005683951 0.0 0.0
-7.19465e-5 6.80575e-5 0.0002145233 0.0 0.0
-7.0002e-5 6.80575e-5 0.0005739497 0.0 0.0
-6.80575e-5 6.80575e-5 0.0002555532 0.0 0.0
-6.6113e-5 6.80575e-5 0.0005651878 0.0 0.0
-6.41685e-5 6.80575e-5 0.0003015705 0.0 0.0
-6.2224e-5 6.80575e-5 0.0007859979 0.0 0.0
-6.02795e-5 6.80575e-5 0.0005815749 0.0 0.0
-5.8335e-5 6.80575e-5 0.0014081475 0.0 0.0
-5.63905e-5 6.80575e-5 0.002318574 0.0 0.0
-5.4446e-5 6.80575e-5 0.002135979 0.0 0.0
-5.25015e-5 6.80575e-5 0.0039447876 0.0 0.0
-5.0557e-5 6.80575e-5 0.0043037994 0.0 0.0
-4.86125e-5 6.80575e-5 0.0054890987 0.0 0.0
-4.6668e-5 6.80575e-5 0.0061091798 0.0 0.0
-4.47235e-5 6.80575e-5 0.0071175175 0.0 0.0
-4.2779e-5 6.80575e-5 0.0073965359 0.0 0.0
-4.08345e-5 6.80575e-5 0.0090401326 0.0 0.0
-3.889e-5 6.80575e-5 0.0109713435 0.0 0.0
-3.69455e-5 6.80575e-5 0.013472052 0.0 0.0
-3.5001e-5 6.80575e-5 0.0158276654 0.0 0.0
-3.30565e-5 6.80575e-5 0.0175459264 0.0 0.0
-3.1112e-5 6.80575e-5 0.018024735 0.0 0.0
-2.91675e-5 6.80575e-5 0.0161375996 0.0 0.0
-2.7223e-5 6.80575e-5 0.0145363131 0.0 0.0
-2.52785e-5 6.80575e-5 0.0140710598 0.0 0.0
-2.3334e-5 6.80575e-5 0.0121080674 0.0 0.0
-2.13895e-5 6.80575e-5 0.0122430674 0.0 0.0
-1.9445e-5 6.80575e-5 0.0121947378 0.0 0.0
-1.75005e-5 6.80575e-5 0.0101156902 0.0 0.0
-1.5556e-5 6.80575e-5 0.0093654116 0.0 0.0
-1.36115e-5 6.80575e-5 0.0104428641 0.0 0.0
-1.1667e-5 6.80575e-5 0.0101040567 0.0 0.0
-9.7225e-6 6.80575e-5 0.0099412709 0.0 0.0
-7.778e-6 6.80575e-5 0.0116165892 0.0 0.0
-5.8335e-6 6.80575e-5 0.014960657 0.0 0.0
-3.889e-6 6.80575e-5 0.0151976352 0.0 0.0
-1.9445e-6 6.80575e-5 0.0143697679 0.0 0.0
0.0 6.80575e-5 0.0128946748 0.0 0.0
1.9445e-6 6.80575e-5 0.009315131 0.0 0.0
3.889e-6 6.80575e-5 0.0055381363 0.0 0.0
5.8335e-6 6.80575e-5 0.0020075373 0.0 0.0
7.778e-6 6.80575e-5 0.0007442383 0.0 0.0
9.7225e-6 6.80575e-5 0.0003844421 0.0 0.0
1.1667e-5 6.80575e-5 0.0003044136 0.0 0.0
1.36115e-5 6.80575e-5 0.0001939936 0.0 0.0
1.5556e-5 6.80575e-5 0.000284046 0.0 0.0
1.75005e-5 6.80575e-5 0.0001397211 0.0 0.0
1.9445e-5 6.80575e-5 0.0002929847 0.0 0.0
2.13895e-5 6.80575e-5 0.0001580852 0.0 0.0
2.3334e-5 6.80575e-5 0.0004930664 0.0 0.0
2.52785e-5 6.80575e-5 0.0003456895 0.0 0.0
2.7223e-5 6.80575e-5 0.000629932 0.0 0.0
2.91675e-5 6.80575e-5 0.0004724147 0.0 0.0
3.1112e-5 6.80575e-5 0.0002278785 0.0 0.0
3.30565e-5 6.80575e-5 0.0003418893 0.0 0.0
3.5001e-5 6.80575e-5 0.0001094968 0.0 0.0
3.69455e-5 6.80575e-5 0.0001674653 0.0 0.0
3.889e-5 6.80575e-5 0.0001265912 0.0 0.0
4.08345e-5 6.80575e-5 4.67989e-5 0.0 0.0
4.2779e-5 6.80575e-5 6.73506e-5 0.0 0.0
4.47235e-5 6.80575e-5 9.28265e-5 0.0 0.0
4.6668e-5 6.80575e-5 0.0001414828 0.0 0.0
4.86125e-5 6.80575e-5 0.0001520991 0.0 0.0
5.0557e-5 6.80575e-5 0.0001446261 0.0 0.0
5.25015e-5 6.80575e-5 4.06372e-5 0.0 0.0
5.4446e-5 6.80575e-5 5.40927e-5 0.0 0.0
5.63905e-5 6.80575e-5 4.32719e-5 0.0 0.0
5.8335e-5 6.80575e-5 4.63065e-5 0.0 0.0
6.02795e-5 6.80575e-5 3.48255e-5 0.0 0.0
6.2224e-5 6.80575e-5 4.3223e-5 0.0 0.0
6.41685e-5 6.80575e-5 4.03492e-5 0.0 0.0
6.6113e-5 6.80575e-5 2.06376e-5 0.0 0.0
6.80575e-5 6.80575e-5 1.49297e-5 0.0 0.0
7.0002e-5 6.80575e-5 4.974e-5 0.0 0.0
7.19465e-5 6.80575e-5 2.70456e-5 0.0 0.0
7.3891e-5 6.80575e-5 2.85941e-5 0.0 0.0
7.58355e-5 6.80575e-5 3.55202e-5 0.0 0.0
7.778e-5 6.80575e-5 1.72529e-5 0.0 0.0
7.97245e-5 6.80575e-5 9.1482e-6 0.0 0.0
8.1669e-5 6.80575e-5 1.86072e-5 0.0 0.0
8.36136e-5 6.80575e-5 5.5218e-6 0.0 0.0
8.55581e-5 6.80575e-5 1.76189e-5 0.0 0.0
8.75026e-5 6.80575e-5 7.8149e-6 0.0 0.0
8.94471e-5 6.80575e-5 3.8103e-6 0.0 0.0
9.13916e-5 6.80575e-5 1.07719e-5 0.0 0.0
9.33361e-5 6.80575e-5 4.1139e-6 0.0 0.0
9.52806e-5 6.80575e-5 1.1943e-6 0.0 0.0
-9.72251e-5 7.0002e-5 0.0003251156 0.0 0.0
-9.52806e-5 7.0002e-5 0.0003459521 0.0 0.0
-9.33361e-5 7.0002e-5 0.0004549096 0.0 0.0
-9.13916e-5 7.0002e-5 0.0004960475 0.0 0.0
-8.94471e-5 7.0002e-5 0.0001876816 0.0 0.0
-8.75026e-5 7.0002e-5 0.0002321455 0.0 0.0
-8.55581e-5 7.0002e-5 0.0004548652 0.0 0.0
-8.36136e-5 7.0002e-5 0.0002649409 0.0 0.0
-8.1669e-5 7.0002e-5 0.0005017717 0.0 0.0
-7.97245e-5 7.0002e-5 0.00020301 0.0 0.0
-7.778e-5 7.0002e-5 0.00054491 0.0 0.0
-7.58355e-5 7.0002e-5 0.000313383 0.0 0.0
-7.3891e-5 7.0002e-5 0.0005875784 0.0 0.0
-7.19465e-5 7.0002e-5 0.0002546878 0.0 0.0
-7.0002e-5 7.0002e-5 7.25359e-5 0.0 0.0
-6.80575e-5 7.0002e-5 0.0002557651 0.0 0.0
-6.6113e-5 7.0002e-5 7.92792e-5 0.0 0.0
-6.41685e-5 7.0002e-5 0.0002553682 0.0 0.0
-6.2224e-5 7.0002e-5 0.0007326894 0.0 0.0
-6.02795e-5 7.0002e-5 0.0004947587 0.0 0.0
-5.8335e-5 7.0002e-5 0.0009749988 0.0 0.0
-5.63905e-5 7.0002e-5 0.0016004464 0.0 0.0
-5.4446e-5 7.0002e-5 0.0014803403 0.0 0.0
-5.25015e-5 7.0002e-5 0.0023749092 0.0 0.0
-5.0557e-5 7.0002e-5 0.0028893206 0.0 0.0
-4.86125e-5 7.0002e-5 0.0031832896 0.0 0.0
-4.6668e-5 7.0002e-5 0.0042397029 0.0 0.0
-4.47235e-5 7.0002e-5 0.0042617098 0.0 0.0
-4.2779e-5 7.0002e-5 0.0051929464 0.0 0.0
-4.08345e-5 7.0002e-5 0.0058870982 0.0 0.0
-3.889e-5 7.0002e-5 0.0069271118 0.0 0.0
-3.69455e-5 7.0002e-5 0.007883574 0.0 0.0
-3.5001e-5 7.0002e-5 0.0099340135 0.0 0.0
-3.30565e-5 7.0002e-5 0.011822801 0.0 0.0
-3.1112e-5 7.0002e-5 0.0139644716 0.0 0.0
-2.91675e-5 7.0002e-5 0.0155071785 0.0 0.0
-2.7223e-5 7.0002e-5 0.0164369675 0.0 0.0
-2.52785e-5 7.0002e-5 0.0171940725 0.0 0.0
-2.3334e-5 7.0002e-5 0.017106835 0.0 0.0
-2.13895e-5 7.0002e-5 0.0168074972 0.0 0.0
-1.9445e-5 7.0002e-5 0.0163057821 0.0 0.0
-1.75005e-5 7.0002e-5 0.0152075285 0.0 0.0
-1.5556e-5 7.0002e-5 0.0138493275 0.0 0.0
-1.36115e-5 7.0002e-5 0.0125712311 0.0 0.0
-1.1667e-5 7.0002e-5 0.0115700037 0.0 0.0
-9.7225e-6 7.0002e-5 0.0104379507 0.0 0.0
-7.778e-6 7.0002e-5 0.009801874 0.0 0.0
-5.8335e-6 7.0002e-5 0.009085778 0.0 0.0
-3.889e-6 7.0002e-5 0.0077565761 0.0 0.0
-1.9445e-6 7.0002e-5 0.005846545 0.0 0.0
0.0 7.0002e-5 0.0035573089 0.0 0.0
1.9445e-6 7.0002e-5 0.0016178798 0.0 0.0
3.889e-6 7.0002e-5 0.0008553524 0.0 0.0
5.8335e-6 7.0002e-5 0.0003704516 0.0 0.0
7.778e-6 7.0002e-5 0.000302043 0.0 0.0
9.7225e-6 7.0002e-5 0.0001255551 0.0 0.0
1.1667e-5 7.0002e-5 3.61094e-5 0.0 0.0
1.36115e-5 7.0002e-5 0.0001295079 0.0 0.0
1.5556e-5 7.0002e-5 3.87145e-5 0.0 0.0
1.75005e-5 7.0002e-5 0.0002428607 0.0 0.0
1.9445e-5 7.0002e-5 0.0001341617 0.0 0.0
2.13895e-5 7.0002e-5 8.76766e-5 0.0 0.0
2.3334e-5 7.0002e-5 0.0004579424 0.0 0.0
2.52785e-5 7.0002e-5 0.0003253548 0.0 0.0
2.7223e-5 7.0002e-5 0.0006096679 0.0 0.0
2.91675e-5 7.0002e-5 0.0002343835 0.0 0.0
3.1112e-5 7.0002e-5 0.0002393921 0.0 0.0
3.30565e-5 7.0002e-5 0.0001590768 0.0 0.0
3.5001e-5 7.0002e-5 0.0002409693 0.0 0.0
3.69455e-5 7.0002e-5 6.1312e-5 0.0 0.0
3.889e-5 7.0002e-5 9.16733e-5 0.0 0.0
4.08345e-5 7.0002e-5 0.0001046792 0.0 0.0
4.2779e-5 7.0002e-5 4.09414e-5 0.0 0.0
4.47235e-5 7.0002e-5 6.49878e-5 0.0 0.0
4.6668e-5 7.0002e-5 7.75572e-5 0.0 0.0
4.86125e-5 7.0002e-5 8.89668e-5 0.0 0.0
5.0557e-5 7.0002e-5 0.0001010845 0.0 0.0
5.25015e-5 7.0002e-5 2.11091e-5 0.0 0.0
5.4446e-5 7.0002e-5 1.97888e-5 0.0 0.0
5.63905e-5 7.0002e-5 1.57877e-5 0.0 0.0
5.8335e-5 7.0002e-5 1.7594e-5 0.0 0.0
6.02795e-5 7.0002e-5 1.74265e-5 0.0 0.0
6.2224e-5 7.0002e-5 2.52917e-5 0.0 0.0
6.41685e-5 7.0002e-5 1.19318e-5 0.0 0.0
6.6113e-5 7.0002e-5 6.67499e-5 0.0 0.0
6.80575e-5 7.0002e-5 2.72414e-5 0.0 0.0
7.0002e-5 7.0002e-5 1.19907e-5 0.0 0.0
7.19465e-5 7.0002e-5 3.87372e-5 0.0 0.0
7.3891e-5 7.0002e-5 2.09649e-5 0.0 0.0
7.58355e-5 7.0002e-5 1.5815e-5 0.0 0.0
7.778e-5 7.0002e-5 2.11906e-5 0.0 0.0
7.97245e-5 7.0002e-5 1.22192e-5 0.0 0.0
8.1669e-5 7.0002e-5 2.6668e-6 0.0 0.0
8.36136e-5 7.0002e-5 1.45087e-5 0.0 0.0
8.55581e-5 7.0002e-5 6.6646e-6 0.0 0.0
8.75026e-5 7.0002e-5 1.8357e-6 0.0 0.0
8.94471e-5 7.0002e-5 1.3428e-5 0.0 0.0
9.13916e-5 7.0002e-5 2.2874e-6 0.0 0.0
9.33361e-5 7.0002e-5 1.4717e-6 0.0 0.0
9.52806e-5 7.0002e-5 9.6345e-6 0.0 0.0
-9.72251e-5 7.19465e-5 0.0003673293 0.0 0.0
-9.52806e-5 7.19465e-5 0.0003542519 0.0 0.0
-9.33361e-5 7.19465e-5 0.0004954034 0.0 0.0
-9.13916e-5 7.19465e-5 0.0002072017 0.0 0.0
-8.94471e-5 7.19465e-5 0.0002614266 0.0 0.0
-8.75026e-5 7.19465e-5 0.0003904844 0.0 0.0
-8.55581e-5 7.19465e-5 0.0004862961 0.0 0.0
-8.36136e-5 7.19465e-5 0.0002213696 0.0 0.0
-8.1669e-5 7.19465e-5 0.0004253497 0.0 0.0
-7.97245e-5 7.19465e-5 0.0001993475 0.0 0.0
-7.778e-5 7.19465e-5 0.0004268781 0.0 0.0
-7.58355e-5 7.19465e-5 0.0002571263 0.0 0.0
-7.3891e-5 7.19465e-5 0.000613027 0.0 0.0
-7.19465e-5 7.19465e-5 0.0003538264 0.0 0.0
-7.0002e-5 7.19465e-5 0.0001059745 0.0 0.0
-6.80575e-5 7.19465e-5 0.0003745665 0.0 0.0
-6.6113e-5 7.19465e-5 0.0001415228 0.0 0.0
-6.41685e-5 7.19465e-5 0.0004671656 0.0 0.0
-6.2224e-5 7.19465e-5 0.0001364481 0.0 0.0
-6.02795e-5 7.19465e-5 0.0003942925 0.0 0.0
-5.8335e-5 7.19465e-5 0.0008939951 0.0 0.0
-5.63905e-5 7.19465e-5 0.0005868685 0.0 0.0
-5.4446e-5 7.19465e-5 0.0011222197 0.0 0.0
-5.25015e-5 7.19465e-5 0.0007469638 0.0 0.0
-5.0557e-5 7.19465e-5 0.0012711612 0.0 0.0
-4.86125e-5 7.19465e-5 0.0015165097 0.0 0.0
-4.6668e-5 7.19465e-5 0.0019781529 0.0 0.0
-4.47235e-5 7.19465e-5 0.0029733357 0.0 0.0
-4.2779e-5 7.19465e-5 0.0028274645 0.0 0.0
-4.08345e-5 7.19465e-5 0.0030547182 0.0 0.0
-3.889e-5 7.19465e-5 0.0036926331 0.0 0.0
-3.69455e-5 7.19465e-5 0.0039016807 0.0 0.0
-3.5001e-5 7.19465e-5 0.0043485739 0.0 0.0
-3.30565e-5 7.19465e-5 0.0050302738 0.0 0.0
-3.1112e-5 7.19465e-5 0.0063032052 0.0 0.0
-2.91675e-5 7.19465e-5 0.0066949718 0.0 0.0
-2.7223e-5 7.19465e-5 0.0081276585 0.0 0.0
-2.52785e-5 7.19465e-5 0.0099662615 0.0 0.0
-2.3334e-5 7.19465e-5 0.0107969677 0.0 0.0
-2.13895e-5 7.19465e-5 0.0115510455 0.0 0.0
-1.9445e-5 7.19465e-5 0.0112470615 0.0 0.0
-1.75005e-5 7.19465e-5 0.0104060396 0.0 0.0
-1.5556e-5 7.19465e-5 0.0092667805 0.0 0.0
-1.36115e-5 7.19465e-5 0.0078776787 0.0 0.0
-1.1667e-5 7.19465e-5 0.0066742468 0.0 0.0
-9.7225e-6 7.19465e-5 0.0057502457 0.0 0.0
-7.778e-6 7.19465e-5 0.0049179448 0.0 0.0
-5.8335e-6 7.19465e-5 0.0036785757 0.0 0.0
-3.889e-6 7.19465e-5 0.0024022423 0.0 0.0
-1.9445e-6 7.19465e-5 0.0013381682 0.0 0.0
0.0 7.19465e-5 0.0010068067 0.0 0.0
1.9445e-6 7.19465e-5 0.0005244795 0.0 0.0
3.889e-6 7.19465e-5 0.0004779432 0.0 0.0
5.8335e-6 7.19465e-5 0.0001604167 0.0 0.0
7.778e-6 7.19465e-5 3.25906e-5 0.0 0.0
9.7225e-6 7.19465e-5 8.49693e-5 0.0 0.0
1.1667e-5 7.19465e-5 3.97912e-5 0.0 0.0
1.36115e-5 7.19465e-5 2.68423e-5 0.0 0.0
1.5556e-5 7.19465e-5 0.0002065156 0.0 0.0
1.75005e-5 7.19465e-5 0.0001414386 0.0 0.0
1.9445e-5 7.19465e-5 0.0001115247 0.0 0.0
2.13895e-5 7.19465e-5 0.0005608993 0.0 0.0
2.3334e-5 7.19465e-5 0.0003132488 0.0 0.0
2.52785e-5 7.19465e-5 0.0006793431 0.0 0.0
2.7223e-5 7.19465e-5 0.0002656829 0.0 0.0
2.91675e-5 7.19465e-5 0.0003170709 0.0 0.0
3.1112e-5 7.19465e-5 0.0001447112 0.0 0.0
3.30565e-5 7.19465e-5 0.0002120184 0.0 0.0
3.5001e-5 7.19465e-5 0.0001057448 0.0 0.0
3.69455e-5 7.19465e-5 4.08701e-5 0.0 0.0
3.889e-5 7.19465e-5 4.32089e-5 0.0 0.0
4.08345e-5 7.19465e-5 6.40602e-5 0.0 0.0
4.2779e-5 7.19465e-5 2.57376e-5 0.0 0.0
4.47235e-5 7.19465e-5 3.0809e-5 0.0 0.0
4.6668e-5 7.19465e-5 3.9589e-5 0.0 0.0
4.86125e-5 7.19465e-5 5.10783e-5 0.0 0.0
5.0557e-5 7.19465e-5 7.60843e-5 0.0 0.0
5.25015e-5 7.19465e-5 7.74012e-5 0.0 0.0
5.4446e-5 7.19465e-5 8.1986e-6 0.0 0.0
5.63905e-5 7.19465e-5 8.6283e-6 0.0 0.0
5.8335e-5 7.19465e-5 1.08901e-5 0.0 0.0
6.02795e-5 7.19465e-5 9.1344e-6 0.0 0.0
6.2224e-5 7.19465e-5 5.67737e-5 0.0 0.0
6.41685e-5 7.19465e-5 2.9504e-5 0.0 0.0
6.6113e-5 7.19465e-5 1.27055e-5 0.0 0.0
6.80575e-5 7.19465e-5 3.31921e-5 0.0 0.0
7.0002e-5 7.19465e-5 1.67377e-5 0.0 0.0
7.19465e-5 7.19465e-5 1.11328e-5 0.0 0.0
7.3891e-5 7.19465e-5 2.11667e-5 0.0 0.0
7.58355e-5 7.19465e-5 1.75799e-5 0.0 0.0
7.778e-5 7.19465e-5 6.2978e-6 0.0 0.0
7.97245e-5 7.19465e-5 1.38386e-5 0.0 0.0
8.1669e-5 7.19465e-5 9.5744e-6 0.0 0.0
8.36136e-5 7.19465e-5 5.5376e-6 0.0 0.0
8.55581e-5 7.19465e-5 1.14611e-5 0.0 0.0
8.75026e-5 7.19465e-5 8.0176e-6 0.0 0.0
8.94471e-5 7.19465e-5 2.5413e-6 0.0 0.0
9.13916e-5 7.19465e-5 1.3073e-6 0.0 0.0
9.33361e-5 7.19465e-5 8.9086e-6 0.0 0.0
9.52806e-5 7.19465e-5 4.7058e-6 0.0 0.0
-9.72251e-5 7.3891e-5 0.000426903 0.0 0.0
-9.52806e-5 7.3891e-5 0.0004853074 0.0 0.0
-9.33361e-5 7.3891e-5 0.0002008113 0.0 0.0
-9.13916e-5 7.3891e-5 0.0002834461 0.0 0.0
-8.94471e-5 7.3891e-5 0.000440768 0.0 0.0
-8.75026e-5 7.3891e-5 0.0005725662 0.0 0.0
-8.55581e-5 7.3891e-5 0.0002084328 0.0 0.0
-8.36136e-5 7.3891e-5 0.0003216366 0.0 0.0
-8.1669e-5 7.3891e-5 0.0004795126 0.0 0.0
-7.97245e-5 7.3891e-5 0.0002279098 0.0 0.0
-7.778e-5 7.3891e-5 4.7735e-5 0.0 0.0
-7.58355e-5 7.3891e-5 0.0001731121 0.0 0.0
-7.3891e-5 7.3891e-5 0.0005439315 0.0 0.0
-7.19465e-5 7.3891e-5 0.000343769 0.0 0.0
-7.0002e-5 7.3891e-5 0.0001349148 0.0 0.0
-6.80575e-5 7.3891e-5 0.0004718197 0.0 0.0
-6.6113e-5 7.3891e-5 0.0001575822 0.0 0.0
-6.41685e-5 7.3891e-5 0.0004922893 0.0 0.0
-6.2224e-5 7.3891e-5 0.0002513554 0.0 0.0
-6.02795e-5 7.3891e-5 0.0006480728 0.0 0.0
-5.8335e-5 7.3891e-5 0.0002427799 0.0 0.0
-5.63905e-5 7.3891e-5 0.0005691993 0.0 0.0
-5.4446e-5 7.3891e-5 0.0003242048 0.0 0.0
-5.25015e-5 7.3891e-5 0.0005961833 0.0 0.0
-5.0557e-5 7.3891e-5 0.0012763511 0.0 0.0
-4.86125e-5 7.3891e-5 0.0008107308 0.0 0.0
-4.6668e-5 7.3891e-5 0.0009206191 0.0 0.0
-4.47235e-5 7.3891e-5 0.0010680418 0.0 0.0
-4.2779e-5 7.3891e-5 0.0021786452 0.0 0.0
-4.08345e-5 7.3891e-5 0.0021743308 0.0 0.0
-3.889e-5 7.3891e-5 0.0021224836 0.0 0.0
-3.69455e-5 7.3891e-5 0.0020900088 0.0 0.0
-3.5001e-5 7.3891e-5 0.0022087321 0.0 0.0
-3.30565e-5 7.3891e-5 0.0029673205 0.0 0.0
-3.1112e-5 7.3891e-5 0.0028554304 0.0 0.0
-2.91675e-5 7.3891e-5 0.0029275053 0.0 0.0
-2.7223e-5 7.3891e-5 0.0030730816 0.0 0.0
-2.52785e-5 7.3891e-5 0.0030871576 0.0 0.0
-2.3334e-5 7.3891e-5 0.0032334771 0.0 0.0
-2.13895e-5 7.3891e-5 0.0038483448 0.0 0.0
-1.9445e-5 7.3891e-5 0.0040890881 0.0 0.0
-1.75005e-5 7.3891e-5 0.0042173673 0.0 0.0
-1.5556e-5 7.3891e-5 0.0042096701 0.0 0.0
-1.36115e-5 7.3891e-5 0.0033245088 0.0 0.0
-1.1667e-5 7.3891e-5 0.0027687419 0.0 0.0
-9.7225e-6 7.3891e-5 0.0021155626 0.0 0.0
-7.778e-6 7.3891e-5 0.0015768667 0.0 0.0
-5.8335e-6 7.3891e-5 0.0010314571 0.0 0.0
-3.889e-6 7.3891e-5 0.000969821 0.0 0.0
-1.9445e-6 7.3891e-5 0.0005918213 0.0 0.0
0.0 7.3891e-5 0.0005573903 0.0 0.0
1.9445e-6 7.3891e-5 0.0002365124 0.0 0.0
3.889e-6 7.3891e-5 0.000203555 0.0 0.0
5.8335e-6 7.3891e-5 9.99444e-5 0.0 0.0
7.778e-6 7.3891e-5 3.80275e-5 0.0 0.0
9.7225e-6 7.3891e-5 0.0002219755 0.0 0.0
1.1667e-5 7.3891e-5 0.000124794 0.0 0.0
1.36115e-5 7.3891e-5 6.44153e-5 0.0 0.0
1.5556e-5 7.3891e-5 6.12041e-5 0.0 0.0
1.75005e-5 7.3891e-5 0.0006442653 0.0 0.0
1.9445e-5 7.3891e-5 0.0006325931 0.0 0.0
2.13895e-5 7.3891e-5 0.0003696101 0.0 0.0
2.3334e-5 7.3891e-5 0.0006954015 0.0 0.0
2.52785e-5 7.3891e-5 0.000277412 0.0 0.0
2.7223e-5 7.3891e-5 0.000366225 0.0 0.0
2.91675e-5 7.3891e-5 0.0001944873 0.0 0.0
3.1112e-5 7.3891e-5 0.0001803962 0.0 0.0
3.30565e-5 7.3891e-5 8.17202e-5 0.0 0.0
3.5001e-5 7.3891e-5 1.66048e-5 0.0 0.0
3.69455e-5 7.3891e-5 1.14966e-5 0.0 0.0
3.889e-5 7.3891e-5 2.27921e-5 0.0 0.0
4.08345e-5 7.3891e-5 5.10101e-5 0.0 0.0
4.2779e-5 7.3891e-5 1.02605e-5 0.0 0.0
4.47235e-5 7.3891e-5 1.47531e-5 0.0 0.0
4.6668e-5 7.3891e-5 2.40537e-5 0.0 0.0
4.86125e-5 7.3891e-5 3.74352e-5 0.0 0.0
5.0557e-5 7.3891e-5 5.03174e-5 0.0 0.0
5.25015e-5 7.3891e-5 4.47992e-5 0.0 0.0
5.4446e-5 7.3891e-5 4.80947e-5 0.0 0.0
5.63905e-5 7.3891e-5 3.90828e-5 0.0 0.0
5.8335e-5 7.3891e-5 3.7342e-5 0.0 0.0
6.02795e-5 7.3891e-5 2.62898e-5 0.0 0.0
6.2224e-5 7.3891e-5 3.88211e-5 0.0 0.0
6.41685e-5 7.3891e-5 2.35843e-5 0.0 0.0
6.6113e-5 7.3891e-5 1.35169e-5 0.0 0.0
6.80575e-5 7.3891e-5 2.90431e-5 0.0 0.0
7.0002e-5 7.3891e-5 1.56791e-5 0.0 0.0
7.19465e-5 7.3891e-5 7.3145e-6 0.0 0.0
7.3891e-5 7.3891e-5 8.4082e-6 0.0 0.0
7.58355e-5 7.3891e-5 1.4976e-5 0.0 0.0
7.778e-5 7.3891e-5 1.13979e-5 0.0 0.0
7.97245e-5 7.3891e-5 5.835e-6 0.0 0.0
8.1669e-5 7.3891e-5 2.9665e-6 0.0 0.0
8.36136e-5 7.3891e-5 8.256e-7 0.0 0.0
8.55581e-5 7.3891e-5 8.6892e-6 0.0 0.0
8.75026e-5 7.3891e-5 2.06e-6 0.0 0.0
8.94471e-5 7.3891e-5 1.1061e-6 0.0 0.0
9.13916e-5 7.3891e-5 8.13e-6 0.0 0.0
9.33361e-5 7.3891e-5 9.8717e-6 0.0 0.0
9.52806e-5 7.3891e-5 4.4312e-6 0.0 0.0
-9.72251e-5 7.58355e-5 0.0004289673 0.0 0.0
-9.52806e-5 7.58355e-5 0.0005782204 0.0 0.0
-9.33361e-5 7.58355e-5 0.0002723672 0.0 0.0
-9.13916e-5 7.58355e-5 0.0004054413 0.0 0.0
-8.94471e-5 7.58355e-5 0.0005864062 0.0 0.0
-8.75026e-5 7.58355e-5 0.0003003177 0.0 0.0
-8.55581e-5 7.58355e-5 0.0003936034 0.0 0.0
-8.36136e-5 7.58355e-5 0.000571536 0.0 0.0
-8.1669e-5 7.58355e-5 0.0001788972 0.0 0.0
-7.97245e-5 7.58355e-5 0.000374839 0.0 0.0
-7.778e-5 7.58355e-5 0.0001496319 0.0 0.0
-7.58355e-5 7.58355e-5 0.0003866364 0.0 0.0
-7.3891e-5 7.58355e-5 6.99884e-5 0.0 0.0
-7.19465e-5 7.58355e-5 0.000260029 0.0 0.0
-7.0002e-5 7.58355e-5 0.0001959192 0.0 0.0
-6.80575e-5 7.58355e-5 0.0004537459 0.0 0.0
-6.6113e-5 7.58355e-5 0.0002475314 0.0 0.0
-6.41685e-5 7.58355e-5 8.31199e-5 0.0 0.0
-6.2224e-5 7.58355e-5 0.0002981794 0.0 0.0
-6.02795e-5 7.58355e-5 0.0001092171 0.0 0.0
-5.8335e-5 7.58355e-5 0.0003247704 0.0 0.0
-5.63905e-5 7.58355e-5 0.0006409094 0.0 0.0
-5.4446e-5 7.58355e-5 0.0002571589 0.0 0.0
-5.25015e-5 7.58355e-5 0.0005855415 0.0 0.0
-5.0557e-5 7.58355e-5 0.0010175172 0.0 0.0
-4.86125e-5 7.58355e-5 0.0005512637 0.0 0.0
-4.6668e-5 7.58355e-5 0.0010099463 0.0 0.0
-4.47235e-5 7.58355e-5 0.0011140898 0.0 0.0
-4.2779e-5 7.58355e-5 0.0015881061 0.0 0.0
-4.08345e-5 7.58355e-5 0.0017303732 0.0 0.0
-3.889e-5 7.58355e-5 0.0018693795 0.0 0.0
-3.69455e-5 7.58355e-5 0.0019552124 0.0 0.0
-3.5001e-5 7.58355e-5 0.0019330068 0.0 0.0
-3.30565e-5 7.58355e-5 0.0018873196 0.0 0.0
-3.1112e-5 7.58355e-5 0.0019866998 0.0 0.0
-2.91675e-5 7.58355e-5 0.0018905746 0.0 0.0
-2.7223e-5 7.58355e-5 0.0017883306 0.0 0.0
-2.52785e-5 7.58355e-5 0.0017200838 0.0 0.0
-2.3334e-5 7.58355e-5 0.0016028555 0.0 0.0
-2.13895e-5 7.58355e-5 0.0021118187 0.0 0.0
-1.9445e-5 7.58355e-5 0.001635068 0.0 0.0
-1.75005e-5 7.58355e-5 0.001573094 0.0 0.0
-1.5556e-5 7.58355e-5 0.0013901643 0.0 0.0
-1.36115e-5 7.58355e-5 0.0011147049 0.0 0.0
-1.1667e-5 7.58355e-5 0.0009030195 0.0 0.0
-9.7225e-6 7.58355e-5 0.0006712398 0.0 0.0
-7.778e-6 7.58355e-5 0.0008874831 0.0 0.0
-5.8335e-6 7.58355e-5 0.0006649841 0.0 0.0
-3.889e-6 7.58355e-5 0.0006393386 0.0 0.0
-1.9445e-6 7.58355e-5 0.0003088192 0.0 0.0
0.0 7.58355e-5 0.0001402507 0.0 0.0
1.9445e-6 7.58355e-5 0.0001093621 0.0 0.0
3.889e-6 7.58355e-5 4.85302e-5 0.0 0.0
5.8335e-6 7.58355e-5 0.0001458035 0.0 0.0
7.778e-6 7.58355e-5 0.0001400331 0.0 0.0
9.7225e-6 7.58355e-5 2.71583e-5 0.0 0.0
1.1667e-5 7.58355e-5 6.53823e-5 0.0 0.0
1.36115e-5 7.58355e-5 4.1128e-5 0.0 0.0
1.5556e-5 7.58355e-5 0.0005617569 0.0 0.0
1.75005e-5 7.58355e-5 0.0004635123 0.0 0.0
1.9445e-5 7.58355e-5 0.0004238429 0.0 0.0
2.13895e-5 7.58355e-5 0.0007004816 0.0 0.0
2.3334e-5 7.58355e-5 0.0007345654 0.0 0.0
2.52785e-5 7.58355e-5 0.000422861 0.0 0.0
2.7223e-5 7.58355e-5 0.0002008675 0.0 0.0
2.91675e-5 7.58355e-5 0.0002189388 0.0 0.0
3.1112e-5 7.58355e-5 5.64625e-5 0.0 0.0
3.30565e-5 7.58355e-5 3.91211e-5 0.0 0.0
3.5001e-5 7.58355e-5 4.8638e-6 0.0 0.0
3.69455e-5 7.58355e-5 8.6471e-6 0.0 0.0
3.889e-5 7.58355e-5 2.11875e-5 0.0 0.0
4.08345e-5 7.58355e-5 3.30015e-5 0.0 0.0
4.2779e-5 7.58355e-5 4.561e-6 0.0 0.0
4.47235e-5 7.58355e-5 5.9963e-6 0.0 0.0
4.6668e-5 7.58355e-5 1.49017e-5 0.0 0.0
4.86125e-5 7.58355e-5 2.05507e-5 0.0 0.0
5.0557e-5 7.58355e-5 1.85853e-5 0.0 0.0
5.25015e-5 7.58355e-5 1.53803e-5 0.0 0.0
5.4446e-5 7.58355e-5 1.67876e-5 0.0 0.0
5.63905e-5 7.58355e-5 4.03812e-5 0.0 0.0
5.8335e-5 7.58355e-5 2.11463e-5 0.0 0.0
6.02795e-5 7.58355e-5 1.3232e-5 0.0 0.0
6.2224e-5 7.58355e-5 2.8671e-5 0.0 0.0
6.41685e-5 7.58355e-5 2.01205e-5 0.0 0.0
6.6113e-5 7.58355e-5 1.28094e-5 0.0 0.0
6.80575e-5 7.58355e-5 6.3947e-6 0.0 0.0
7.0002e-5 7.58355e-5 2.8775e-6 0.0 0.0
7.19465e-5 7.58355e-5 4.0673e-6 0.0 0.0
7.3891e-5 7.58355e-5 9.7194e-6 0.0 0.0
7.58355e-5 7.58355e-5 6.2688e-6 0.0 0.0
7.778e-5 7.58355e-5 2.8542e-6 0.0 0.0
7.97245e-5 7.58355e-5 1.0745e-6 0.0 0.0
8.1669e-5 7.58355e-5 3.961e-7 0.0 0.0
8.36136e-5 7.58355e-5 4.021e-7 0.0 0.0
8.55581e-5 7.58355e-5 1.7324e-6 0.0 0.0
8.75026e-5 7.58355e-5 1.5432e-6 0.0 0.0
8.94471e-5 7.58355e-5 8.17e-7 0.0 0.0
9.13916e-5 7.58355e-5 1.38917e-5 0.0 0.0
9.33361e-5 7.58355e-5 6.4289e-6 0.0 0.0
9.52806e-5 7.58355e-5 8.8057e-6 0.0 0.0
-9.72251e-5 7.778e-5 0.0004739589 0.0 0.0
-9.52806e-5 7.778e-5 0.0003002106 0.0 0.0
-9.33361e-5 7.778e-5 0.0004082881 0.0 0.0
-9.13916e-5 7.778e-5 0.0004876408 0.0 0.0
-8.94471e-5 7.778e-5 0.0003456214 0.0 0.0
-8.75026e-5 7.778e-5 0.0004662051 0.0 0.0
-8.55581e-5 7.778e-5 0.0006735071 0.0 0.0
-8.36136e-5 7.778e-5 0.000328928 0.0 0.0
-8.1669e-5 7.778e-5 0.0004522509 0.0 0.0
-7.97245e-5 7.778e-5 0.0005516503 0.0 0.0
-7.778e-5 7.778e-5 0.0002680318 0.0 0.0
-7.58355e-5 7.778e-5 0.0001127579 0.0 0.0
-7.3891e-5 7.778e-5 0.0001831414 0.0 0.0
-7.19465e-5 7.778e-5 0.0004308008 0.0 0.0
-7.0002e-5 7.778e-5 0.0002044672 0.0 0.0
-6.80575e-5 7.778e-5 9.17501e-5 0.0 0.0
-6.6113e-5 7.778e-5 0.0002879936 0.0 0.0
-6.41685e-5 7.778e-5 0.0001275713 0.0 0.0
-6.2224e-5 7.778e-5 0.0003312256 0.0 0.0
-6.02795e-5 7.778e-5 0.0001721063 0.0 0.0
-5.8335e-5 7.778e-5 0.0003755097 0.0 0.0
-5.63905e-5 7.778e-5 0.0005393564 0.0 0.0
-5.4446e-5 7.778e-5 0.000275777 0.0 0.0
-5.25015e-5 7.778e-5 0.0006465849 0.0 0.0
-5.0557e-5 7.778e-5 0.0003159401 0.0 0.0
-4.86125e-5 7.778e-5 0.0005378021 0.0 0.0
-4.6668e-5 7.778e-5 0.0009388424 0.0 0.0
-4.47235e-5 7.778e-5 0.0012352006 0.0 0.0
-4.2779e-5 7.778e-5 0.000610211 0.0 0.0
-4.08345e-5 7.778e-5 0.0007548889 0.0 0.0
-3.889e-5 7.778e-5 0.0010743811 0.0 0.0
-3.69455e-5 7.778e-5 0.0011316515 0.0 0.0
-3.5001e-5 7.778e-5 0.0012739568 0.0 0.0
-3.30565e-5 7.778e-5 0.0014456451 0.0 0.0
-3.1112e-5 7.778e-5 0.0013975286 0.0 0.0
-2.91675e-5 7.778e-5 0.0014426148 0.0 0.0
-2.7223e-5 7.778e-5 0.0015506528 0.0 0.0
-2.52785e-5 7.778e-5 0.0014804165 0.0 0.0
-2.3334e-5 7.778e-5 0.0014510153 0.0 0.0
-2.13895e-5 7.778e-5 0.0007382357 0.0 0.0
-1.9445e-5 7.778e-5 0.0007529558 0.0 0.0
-1.75005e-5 7.778e-5 0.0006277561 0.0 0.0
-1.5556e-5 7.778e-5 0.0011260459 0.0 0.0
-1.36115e-5 7.778e-5 0.0008592328 0.0 0.0
-1.1667e-5 7.778e-5 0.0005888178 0.0 0.0
-9.7225e-6 7.778e-5 0.0006325557 0.0 0.0
-7.778e-6 7.778e-5 0.0004431682 0.0 0.0
-5.8335e-6 7.778e-5 0.0003460988 0.0 0.0
-3.889e-6 7.778e-5 0.0003686224 0.0 0.0
-1.9445e-6 7.778e-5 0.0002121625 0.0 0.0
0.0 7.778e-5 0.0003034137 0.0 0.0
1.9445e-6 7.778e-5 0.0001776517 0.0 0.0
3.889e-6 7.778e-5 8.28379e-5 0.0 0.0
5.8335e-6 7.778e-5 5.988e-5 0.0 0.0
7.778e-6 7.778e-5 0.0003339371 0.0 0.0
9.7225e-6 7.778e-5 0.0004434889 0.0 0.0
1.1667e-5 7.778e-5 0.0003800088 0.0 0.0
1.36115e-5 7.778e-5 0.000434389 0.0 0.0
1.5556e-5 7.778e-5 0.0004328978 0.0 0.0
1.75005e-5 7.778e-5 0.0004118433 0.0 0.0
1.9445e-5 7.778e-5 0.0003112913 0.0 0.0
2.13895e-5 7.778e-5 0.000789577 0.0 0.0
2.3334e-5 7.778e-5 0.0003999341 0.0 0.0
2.52785e-5 7.778e-5 0.0005274102 0.0 0.0
2.7223e-5 7.778e-5 0.0002071716 0.0 0.0
2.91675e-5 7.778e-5 0.0001320302 0.0 0.0
3.1112e-5 7.778e-5 2.52939e-5 0.0 0.0
3.30565e-5 7.778e-5 2.5161e-6 0.0 0.0
3.5001e-5 7.778e-5 9.17e-6 0.0 0.0
3.69455e-5 7.778e-5 1.50848e-5 0.0 0.0
3.889e-5 7.778e-5 2.208e-5 0.0 0.0
4.08345e-5 7.778e-5 4.26237e-5 0.0 0.0
4.2779e-5 7.778e-5 4.28874e-5 0.0 0.0
4.47235e-5 7.778e-5 5.10041e-5 0.0 0.0
4.6668e-5 7.778e-5 4.67787e-5 0.0 0.0
4.86125e-5 7.778e-5 3.54892e-5 0.0 0.0
5.0557e-5 7.778e-5 1.99717e-5 0.0 0.0
5.25015e-5 7.778e-5 1.23956e-5 0.0 0.0
5.4446e-5 7.778e-5 3.16456e-5 0.0 0.0
5.63905e-5 7.778e-5 2.21931e-5 0.0 0.0
5.8335e-5 7.778e-5 2.06233e-5 0.0 0.0
6.02795e-5 7.778e-5 1.14414e-5 0.0 0.0
6.2224e-5 7.778e-5 6.4892e-6 0.0 0.0
6.41685e-5 7.778e-5 4.5257e-6 0.0 0.0
6.6113e-5 7.778e-5 1.60517e-5 0.0 0.0
6.80575e-5 7.778e-5 1.12002e-5 0.0 0.0
7.0002e-5 7.778e-5 6.5501e-6 0.0 0.0
7.19465e-5 7.778e-5 6.2937e-6 0.0 0.0
7.3891e-5 7.778e-5 3.6366e-6 0.0 0.0
7.58355e-5 7.778e-5 3.5434e-6 0.0 0.0
7.778e-5 7.778e-5 9.42e-7 0.0 0.0
7.97245e-5 7.778e-5 8.11e-7 0.0 0.0
8.1669e-5 7.778e-5 7.8471e-6 0.0 0.0
8.36136e-5 7.778e-5 3.9586e-6 0.0 0.0
8.55581e-5 7.778e-5 2.0981e-6 0.0 0.0
8.75026e-5 7.778e-5 9.603e-7 0.0 0.0
8.94471e-5 7.778e-5 1.2191e-6 0.0 0.0
9.13916e-5 7.778e-5 1.4599e-5 0.0 0.0
9.33361e-5 7.778e-5 1.22511e-5 0.0 0.0
9.52806e-5 7.778e-5 1.88165e-5 0.0 0.0
-9.72251e-5 7.97245e-5 0.0005666152 0.0 0.0
-9.52806e-5 7.97245e-5 0.0003086357 0.0 0.0
-9.33361e-5 7.97245e-5 0.0004860485 0.0 0.0
-9.13916e-5 7.97245e-5 0.0003560414 0.0 0.0
-8.94471e-5 7.97245e-5 0.0004992425 0.0 0.0
-8.75026e-5 7.97245e-5 0.0003584902 0.0 0.0
-8.55581e-5 7.97245e-5 0.0004789094 0.0 0.0
-8.36136e-5 7.97245e-5 0.0006491903 0.0 0.0
-8.1669e-5 7.97245e-5 0.0004071557 0.0 0.0
-7.97245e-5 7.97245e-5 0.0005174717 0.0 0.0
-7.778e-5 7.97245e-5 0.0002047877 0.0 0.0
-7.58355e-5 7.97245e-5 0.0002993563 0.0 0.0
-7.3891e-5 7.97245e-5 8.27764e-5 0.0 0.0
-7.19465e-5 7.97245e-5 0.000246008 0.0 0.0
-7.0002e-5 7.97245e-5 0.000357886 0.0 0.0
-6.80575e-5 7.97245e-5 0.0001234291 0.0 0.0
-6.6113e-5 7.97245e-5 0.0002904275 0.0 0.0
-6.41685e-5 7.97245e-5 8.43088e-5 0.0 0.0
-6.2224e-5 7.97245e-5 0.0002825943 0.0 0.0
-6.02795e-5 7.97245e-5 0.0001080158 0.0 0.0
-5.8335e-5 7.97245e-5 0.0002270392 0.0 0.0
-5.63905e-5 7.97245e-5 0.0001443598 0.0 0.0
-5.4446e-5 7.97245e-5 0.0002565571 0.0 0.0
-5.25015e-5 7.97245e-5 0.0004116002 0.0 0.0
-5.0557e-5 7.97245e-5 0.0002081988 0.0 0.0
-4.86125e-5 7.97245e-5 0.0004162577 0.0 0.0
-4.6668e-5 7.97245e-5 0.0007416493 0.0 0.0
-4.47235e-5 7.97245e-5 0.0004935582 0.0 0.0
-4.2779e-5 7.97245e-5 0.0007516401 0.0 0.0
-4.08345e-5 7.97245e-5 0.0008356672 0.0 0.0
-3.889e-5 7.97245e-5 0.0009731615 0.0 0.0
-3.69455e-5 7.97245e-5 0.0005182845 0.0 0.0
-3.5001e-5 7.97245e-5 0.0007059243 0.0 0.0
-3.30565e-5 7.97245e-5 0.0007953915 0.0 0.0
-3.1112e-5 7.97245e-5 0.000881501 0.0 0.0
-2.91675e-5 7.97245e-5 0.0009699567 0.0 0.0
-2.7223e-5 7.97245e-5 0.0010364 0.0 0.0
-2.52785e-5 7.97245e-5 0.0010216724 0.0 0.0
-2.3334e-5 7.97245e-5 0.0010039396 0.0 0.0
-2.13895e-5 7.97245e-5 0.0004059782 0.0 0.0
-1.9445e-5 7.97245e-5 0.0009076611 0.0 0.0
-1.75005e-5 7.97245e-5 0.0007625066 0.0 0.0
-1.5556e-5 7.97245e-5 0.0005913454 0.0 0.0
-1.36115e-5 7.97245e-5 0.0007363434 0.0 0.0
-1.1667e-5 7.97245e-5 0.0004853159 0.0 0.0
-9.7225e-6 7.97245e-5 0.000315219 0.0 0.0
-7.778e-6 7.97245e-5 0.0002031929 0.0 0.0
-5.8335e-6 7.97245e-5 0.0002670916 0.0 0.0
-3.889e-6 7.97245e-5 0.0001781019 0.0 0.0
-1.9445e-6 7.97245e-5 0.0001311525 0.0 0.0
0.0 7.97245e-5 0.0003435231 0.0 0.0
1.9445e-6 7.97245e-5 0.0002439561 0.0 0.0
3.889e-6 7.97245e-5 0.0002961549 0.0 0.0
5.8335e-6 7.97245e-5 0.0003249349 0.0 0.0
7.778e-6 7.97245e-5 0.0002541922 0.0 0.0
9.7225e-6 7.97245e-5 0.0002656114 0.0 0.0
1.1667e-5 7.97245e-5 0.000395795 0.0 0.0
1.36115e-5 7.97245e-5 0.0003335507 0.0 0.0
1.5556e-5 7.97245e-5 0.0002960202 0.0 0.0
1.75005e-5 7.97245e-5 0.000318922 0.0 0.0
1.9445e-5 7.97245e-5 0.0008163331 0.0 0.0
2.13895e-5 7.97245e-5 0.0004464748 0.0 0.0
2.3334e-5 7.97245e-5 0.0005332199 0.0 0.0
2.52785e-5 7.97245e-5 0.0001915227 0.0 0.0
2.7223e-5 7.97245e-5 9.46045e-5 0.0 0.0
2.91675e-5 7.97245e-5 1.14444e-5 0.0 0.0
3.1112e-5 7.97245e-5 2.56891e-5 0.0 0.0
3.30565e-5 7.97245e-5 3.93195e-5 0.0 0.0
3.5001e-5 7.97245e-5 5.64635e-5 0.0 0.0
3.69455e-5 7.97245e-5 1.81979e-5 0.0 0.0
3.889e-5 7.97245e-5 6.54172e-5 0.0 0.0
4.08345e-5 7.97245e-5 2.36634e-5 0.0 0.0
4.2779e-5 7.97245e-5 6.05851e-5 0.0 0.0
4.47235e-5 7.97245e-5 4.45931e-5 0.0 0.0
4.6668e-5 7.97245e-5 3.09098e-5 0.0 0.0
4.86125e-5 7.97245e-5 2.48112e-5 0.0 0.0
5.0557e-5 7.97245e-5 1.76357e-5 0.0 0.0
5.25015e-5 7.97245e-5 1.01126e-5 0.0 0.0
5.4446e-5 7.97245e-5 8.1714e-6 0.0 0.0
5.63905e-5 7.97245e-5 6.4627e-6 0.0 0.0
5.8335e-5 7.97245e-5 1.91582e-5 0.0 0.0
6.02795e-5 7.97245e-5 1.4995e-5 0.0 0.0
6.2224e-5 7.97245e-5 1.12046e-5 0.0 0.0
6.41685e-5 7.97245e-5 7.9126e-6 0.0 0.0
6.6113e-5 7.97245e-5 5.9846e-6 0.0 0.0
6.80575e-5 7.97245e-5 5.886e-6 0.0 0.0
7.0002e-5 7.97245e-5 3.1187e-6 0.0 0.0
7.19465e-5 7.97245e-5 3.2903e-6 0.0 0.0
7.3891e-5 7.97245e-5 1.1859e-6 0.0 0.0
7.58355e-5 7.97245e-5 1.0432e-6 0.0 0.0
7.778e-5 7.97245e-5 4.526e-7 0.0 0.0
7.97245e-5 7.97245e-5 8.2978e-6 0.0 0.0
8.1669e-5 7.97245e-5 3.2543e-6 0.0 0.0
8.36136e-5 7.97245e-5 2.4145e-6 0.0 0.0
8.55581e-5 7.97245e-5 1.0836e-6 0.0 0.0
8.75026e-5 7.97245e-5 1.3291e-6 0.0 0.0
8.94471e-5 7.97245e-5 1.84278e-5 0.0 0.0
9.13916e-5 7.97245e-5 2.06515e-5 0.0 0.0
9.33361e-5 7.97245e-5 3.9132e-6 0.0 0.0
9.52806e-5 7.97245e-5 2.99296e-5 0.0 0.0
-9.72251e-5 8.1669e-5 0.0002240159 0.0 0.0
-9.52806e-5 8.1669e-5 0.0003788411 0.0 0.0
-9.33361e-5 8.1669e-5 0.0005372383 0.0 0.0
-9.13916e-5 8.1669e-5 0.0004281262 0.0 0.0
-8.94471e-5 8.1669e-5 0.0006719412 0.0 0.0
-8.75026e-5 8.1669e-5 0.0005204238 0.0 0.0
-8.55581e-5 8.1669e-5 0.0006878165 0.0 0.0
-8.36136e-5 8.1669e-5 0.0005058894 0.0 0.0
-8.1669e-5 8.1669e-5 0.0006419174 0.0 0.0
-7.97245e-5 8.1669e-5 0.0004349923 0.0 0.0
-7.778e-5 8.1669e-5 0.0006245142 0.0 0.0
-7.58355e-5 8.1669e-5 0.0001759658 0.0 0.0
-7.3891e-5 8.1669e-5 0.000405302 0.0 0.0
-7.19465e-5 8.1669e-5 0.0001128873 0.0 0.0
-7.0002e-5 8.1669e-5 0.0002065178 0.0 0.0
-6.80575e-5 8.1669e-5 0.0002973905 0.0 0.0
-6.6113e-5 8.1669e-5 5.61844e-5 0.0 0.0
-6.41685e-5 8.1669e-5 0.0001388051 0.0 0.0
-6.2224e-5 8.1669e-5 3.09382e-5 0.0 0.0
-6.02795e-5 8.1669e-5 0.0001461737 0.0 0.0
-5.8335e-5 8.1669e-5 0.0002288743 0.0 0.0
-5.63905e-5 8.1669e-5 5.40489e-5 0.0 0.0
-5.4446e-5 8.1669e-5 0.0002445541 0.0 0.0
-5.25015e-5 8.1669e-5 4.38684e-5 0.0 0.0
-5.0557e-5 8.1669e-5 0.0001366005 0.0 0.0
-4.86125e-5 8.1669e-5 0.0002877465 0.0 0.0
-4.6668e-5 8.1669e-5 0.0001342051 0.0 0.0
-4.47235e-5 8.1669e-5 0.0002637765 0.0 0.0
-4.2779e-5 8.1669e-5 0.0005024428 0.0 0.0
-4.08345e-5 8.1669e-5 0.000841924 0.0 0.0
-3.889e-5 8.1669e-5 0.0003855355 0.0 0.0
-3.69455e-5 8.1669e-5 0.000516672 0.0 0.0
-3.5001e-5 8.1669e-5 0.0006073426 0.0 0.0
-3.30565e-5 8.1669e-5 0.0007283463 0.0 0.0
-3.1112e-5 8.1669e-5 0.0007988242 0.0 0.0
-2.91675e-5 8.1669e-5 0.0008338748 0.0 0.0
-2.7223e-5 8.1669e-5 0.0003779976 0.0 0.0
-2.52785e-5 8.1669e-5 0.0004020111 0.0 0.0
-2.3334e-5 8.1669e-5 0.000751004 0.0 0.0
-2.13895e-5 8.1669e-5 0.0006942777 0.0 0.0
-1.9445e-5 8.1669e-5 0.0006177872 0.0 0.0
-1.75005e-5 8.1669e-5 0.0005262445 0.0 0.0
-1.5556e-5 8.1669e-5 0.0002933694 0.0 0.0
-1.36115e-5 8.1669e-5 0.0002945134 0.0 0.0
-1.1667e-5 8.1669e-5 0.0002123291 0.0 0.0
-9.7225e-6 8.1669e-5 0.0001303973 0.0 0.0
-7.778e-6 8.1669e-5 0.0002480491 0.0 0.0
-5.8335e-6 8.1669e-5 0.0001894389 0.0 0.0
-3.889e-6 8.1669e-5 0.0001201358 0.0 0.0
-1.9445e-6 8.1669e-5 9.14939e-5 0.0 0.0
0.0 8.1669e-5 0.0001137405 0.0 0.0
1.9445e-6 8.1669e-5 0.0001103034 0.0 0.0
3.889e-6 8.1669e-5 0.0001567206 0.0 0.0
5.8335e-6 8.1669e-5 0.0001988325 0.0 0.0
7.778e-6 8.1669e-5 0.0001684495 0.0 0.0
9.7225e-6 8.1669e-5 0.0003211419 0.0 0.0
1.1667e-5 8.1669e-5 0.0008065054 0.0 0.0
1.36115e-5 8.1669e-5 0.0006083016 0.0 0.0
1.5556e-5 8.1669e-5 0.0007003898 0.0 0.0
1.75005e-5 8.1669e-5 0.0007816443 0.0 0.0
1.9445e-5 8.1669e-5 0.0009577381 0.0 0.0
2.13895e-5 8.1669e-5 0.0004897539 0.0 0.0
2.3334e-5 8.1669e-5 0.0001315243 0.0 0.0
2.52785e-5 8.1669e-5 7.54158e-5 0.0 0.0
2.7223e-5 8.1669e-5 2.59197e-5 0.0 0.0
2.91675e-5 8.1669e-5 3.62489e-5 0.0 0.0
3.1112e-5 8.1669e-5 4.80671e-5 0.0 0.0
3.30565e-5 8.1669e-5 4.83842e-5 0.0 0.0
3.5001e-5 8.1669e-5 2.50739e-5 0.0 0.0
3.69455e-5 8.1669e-5 2.63919e-5 0.0 0.0
3.889e-5 8.1669e-5 2.75683e-5 0.0 0.0
4.08345e-5 8.1669e-5 2.82419e-5 0.0 0.0
4.2779e-5 8.1669e-5 2.50123e-5 0.0 0.0
4.47235e-5 8.1669e-5 2.11746e-5 0.0 0.0
4.6668e-5 8.1669e-5 2.23277e-5 0.0 0.0
4.86125e-5 8.1669e-5 1.82087e-5 0.0 0.0
5.0557e-5 8.1669e-5 1.53844e-5 0.0 0.0
5.25015e-5 8.1669e-5 1.23462e-5 0.0 0.0
5.4446e-5 8.1669e-5 1.14663e-5 0.0 0.0
5.63905e-5 8.1669e-5 8.7268e-6 0.0 0.0
5.8335e-5 8.1669e-5 7.9163e-6 0.0 0.0
6.02795e-5 8.1669e-5 5.6143e-6 0.0 0.0
6.2224e-5 8.1669e-5 4.02e-6 0.0 0.0
6.41685e-5 8.1669e-5 3.7705e-6 0.0 0.0
6.6113e-5 8.1669e-5 2.769e-6 0.0 0.0
6.80575e-5 8.1669e-5 2.1572e-6 0.0 0.0
7.0002e-5 8.1669e-5 1.2579e-6 0.0 0.0
7.19465e-5 8.1669e-5 1.3489e-6 0.0 0.0
7.3891e-5 8.1669e-5 6.515e-7 0.0 0.0
7.58355e-5 8.1669e-5 1.18145e-5 0.0 0.0
7.778e-5 8.1669e-5 6.1613e-6 0.0 0.0
7.97245e-5 8.1669e-5 8.6892e-6 0.0 0.0
8.1669e-5 8.1669e-5 4.8515e-6 0.0 0.0
8.36136e-5 8.1669e-5 4.4307e-6 0.0 0.0
8.55581e-5 8.1669e-5 4.2682e-6 0.0 0.0
8.75026e-5 8.1669e-5 3.3267e-6 0.0 0.0
8.94471e-5 8.1669e-5 4.5191e-6 0.0 0.0
9.13916e-5 8.1669e-5 7.8602e-6 0.0 0.0
9.33361e-5 8.1669e-5 1.07083e-5 0.0 0.0
9.52806e-5 8.1669e-5 1.65735e-5 0.0 0.0
-9.72251e-5 8.36136e-5 4.90652e-5 0.0 0.0
-9.52806e-5 8.36136e-5 9.94159e-5 0.0 0.0
-9.33361e-5 8.36136e-5 0.0002385561 0.0 0.0
-9.13916e-5 8.36136e-5 0.000468807 0.0 0.0
-8.94471e-5 8.36136e-5 0.0004093283 0.0 0.0
-8.75026e-5 8.36136e-5 0.0006980039 0.0 0.0
-8.55581e-5 8.36136e-5 0.0006077531 0.0 0.0
-8.36136e-5 8.36136e-5 0.0004322385 0.0 0.0
-8.1669e-5 8.36136e-5 0.0005734617 0.0 0.0
-7.97245e-5 8.36136e-5 0.0003901491 0.0 0.0
-7.778e-5 8.36136e-5 0.0005517955 0.0 0.0
-7.58355e-5 8.36136e-5 0.0002422589 0.0 0.0
-7.3891e-5 8.36136e-5 0.0002941221 0.0 0.0
-7.19465e-5 8.36136e-5 0.0005165585 0.0 0.0
-7.0002e-5 8.36136e-5 0.0001140582 0.0 0.0
-6.80575e-5 8.36136e-5 0.0002661574 0.0 0.0
-6.6113e-5 8.36136e-5 3.00894e-5 0.0 0.0
-6.41685e-5 8.36136e-5 6.63373e-5 0.0 0.0
-6.2224e-5 8.36136e-5 0.000216067 0.0 0.0
-6.02795e-5 8.36136e-5 2.37245e-5 0.0 0.0
-5.8335e-5 8.36136e-5 7.80431e-5 0.0 0.0
-5.63905e-5 8.36136e-5 0.0001700845 0.0 0.0
-5.4446e-5 8.36136e-5 1.27111e-5 0.0 0.0
-5.25015e-5 8.36136e-5 5.96188e-5 0.0 0.0
-5.0557e-5 8.36136e-5 0.0001935878 0.0 0.0
-4.86125e-5 8.36136e-5 4.40016e-5 0.0 0.0
-4.6668e-5 8.36136e-5 0.0001053774 0.0 0.0
-4.47235e-5 8.36136e-5 0.000214886 0.0 0.0
-4.2779e-5 8.36136e-5 0.0003550503 0.0 0.0
-4.08345e-5 8.36136e-5 0.0002168724 0.0 0.0
-3.889e-5 8.36136e-5 0.0003768177 0.0 0.0
-3.69455e-5 8.36136e-5 0.0004292438 0.0 0.0
-3.5001e-5 8.36136e-5 0.0004660477 0.0 0.0
-3.30565e-5 8.36136e-5 0.0001799094 0.0 0.0
-3.1112e-5 8.36136e-5 0.0001949416 0.0 0.0
-2.91675e-5 8.36136e-5 0.0002582429 0.0 0.0
-2.7223e-5 8.36136e-5 0.0002950181 0.0 0.0
-2.52785e-5 8.36136e-5 0.0002609955 0.0 0.0
-2.3334e-5 8.36136e-5 0.0003475956 0.0 0.0
-2.13895e-5 8.36136e-5 0.0002617698 0.0 0.0
-1.9445e-5 8.36136e-5 0.0002212619 0.0 0.0
-1.75005e-5 8.36136e-5 0.0001642838 0.0 0.0
-1.5556e-5 8.36136e-5 0.0003760784 0.0 0.0
-1.36115e-5 8.36136e-5 0.000369007 0.0 0.0
-1.1667e-5 8.36136e-5 0.0003819196 0.0 0.0
-9.7225e-6 8.36136e-5 0.0003278938 0.0 0.0
-7.778e-6 8.36136e-5 0.0002435157 0.0 0.0
-5.8335e-6 8.36136e-5 0.0002487949 0.0 0.0
-3.889e-6 8.36136e-5 0.0002880513 0.0 0.0
-1.9445e-6 8.36136e-5 0.0002939939 0.0 0.0
0.0 8.36136e-5 0.0003451098 0.0 0.0
1.9445e-6 8.36136e-5 0.0003968968 0.0 0.0
3.889e-6 8.36136e-5 0.0005740005 0.0 0.0
5.8335e-6 8.36136e-5 0.0005056751 0.0 0.0
7.778e-6 8.36136e-5 0.0007224014 0.0 0.0
9.7225e-6 8.36136e-5 0.000600956 0.0 0.0
1.1667e-5 8.36136e-5 0.0006111718 0.0 0.0
1.36115e-5 8.36136e-5 0.0006211575 0.0 0.0
1.5556e-5 8.36136e-5 0.0007535994 0.0 0.0
1.75005e-5 8.36136e-5 0.0008782188 0.0 0.0
1.9445e-5 8.36136e-5 0.0003663711 0.0 0.0
2.13895e-5 8.36136e-5 0.0003254626 0.0 0.0
2.3334e-5 8.36136e-5 4.38433e-5 0.0 0.0
2.52785e-5 8.36136e-5 3.03591e-5 0.0 0.0
2.7223e-5 8.36136e-5 2.80463e-5 0.0 0.0
2.91675e-5 8.36136e-5 1.03167e-5 0.0 0.0
3.1112e-5 8.36136e-5 9.9593e-6 0.0 0.0
3.30565e-5 8.36136e-5 1.16339e-5 0.0 0.0
3.5001e-5 8.36136e-5 1.71874e-5 0.0 0.0
3.69455e-5 8.36136e-5 1.95931e-5 0.0 0.0
3.889e-5 8.36136e-5 2.04304e-5 0.0 0.0
4.08345e-5 8.36136e-5 7.2325e-6 0.0 0.0
4.2779e-5 8.36136e-5 6.8786e-6 0.0 0.0
4.47235e-5 8.36136e-5 6.982e-6 0.0 0.0
4.6668e-5 8.36136e-5 5.0728e-6 0.0 0.0
4.86125e-5 8.36136e-5 5.7731e-6 0.0 0.0
5.0557e-5 8.36136e-5 4.6847e-6 0.0 0.0
5.25015e-5 8.36136e-5 4.7483e-6 0.0 0.0
5.4446e-5 8.36136e-5 4.8957e-6 0.0 0.0
5.63905e-5 8.36136e-5 3.7158e-6 0.0 0.0
5.8335e-5 8.36136e-5 3.5145e-6 0.0 0.0
6.02795e-5 8.36136e-5 3.3494e-6 0.0 0.0
6.2224e-5 8.36136e-5 2.9586e-6 0.0 0.0
6.41685e-5 8.36136e-5 2.7168e-6 0.0 0.0
6.6113e-5 8.36136e-5 1.182e-6 0.0 0.0
6.80575e-5 8.36136e-5 1.257e-6 0.0 0.0
7.0002e-5 8.36136e-5 1.0019e-6 0.0 0.0
7.19465e-5 8.36136e-5 5.018e-7 0.0 0.0
7.3891e-5 8.36136e-5 3.811e-7 0.0 0.0
7.58355e-5 8.36136e-5 1.40455e-5 0.0 0.0
7.778e-5 8.36136e-5 9.8601e-6 0.0 0.0
7.97245e-5 8.36136e-5 8.3857e-6 0.0 0.0
8.1669e-5 8.36136e-5 4.7517e-6 0.0 0.0
8.36136e-5 8.36136e-5 7.7317e-6 0.0 0.0
8.55581e-5 8.36136e-5 6.4278e-6 0.0 0.0
8.75026e-5 8.36136e-5 9.6637e-6 0.0 0.0
8.94471e-5 8.36136e-5 1.59327e-5 0.0 0.0
9.13916e-5 8.36136e-5 2.43116e-5 0.0 0.0
9.33361e-5 8.36136e-5 3.44034e-5 0.0 0.0
9.52806e-5 8.36136e-5 1.00826e-5 0.0 0.0
-9.72251e-5 8.55581e-5 7.8436e-6 0.0 0.0
-9.52806e-5 8.55581e-5 4.328e-7 0.0 0.0
-9.33361e-5 8.55581e-5 1.09261e-5 0.0 0.0
-9.13916e-5 8.55581e-5 0.0001684242 0.0 0.0
-8.94471e-5 8.55581e-5 0.0004120641 0.0 0.0
-8.75026e-5 8.55581e-5 0.0007850923 0.0 0.0
-8.55581e-5 8.55581e-5 0.000769751 0.0 0.0
-8.36136e-5 8.55581e-5 0.0006800128 0.0 0.0
-8.1669e-5 8.55581e-5 0.0005290351 0.0 0.0
-7.97245e-5 8.55581e-5 0.0007277218 0.0 0.0
-7.778e-5 8.55581e-5 0.0004676292 0.0 0.0
-7.58355e-5 8.55581e-5 0.0006685897 0.0 0.0
-7.3891e-5 8.55581e-5 0.0002958658 0.0 0.0
-7.19465e-5 8.55581e-5 0.000453518 0.0 0.0
-7.0002e-5 8.55581e-5 0.0005422123 0.0 0.0
-6.80575e-5 8.55581e-5 0.0002274724 0.0 0.0
-6.6113e-5 8.55581e-5 0.0003658138 0.0 0.0
-6.41685e-5 8.55581e-5 6.87479e-5 0.0 0.0
-6.2224e-5 8.55581e-5 0.0001057766 0.0 0.0
-6.02795e-5 8.55581e-5 0.0002841424 0.0 0.0
-5.8335e-5 8.55581e-5 1.91003e-5 0.0 0.0
-5.63905e-5 8.55581e-5 9.00814e-5 0.0 0.0
-5.4446e-5 8.55581e-5 0.0002054817 0.0 0.0
-5.25015e-5 8.55581e-5 1.6154e-5 0.0 0.0
-5.0557e-5 8.55581e-5 5.20986e-5 0.0 0.0
-4.86125e-5 8.55581e-5 0.000123971 0.0 0.0
-4.6668e-5 8.55581e-5 0.0003132685 0.0 0.0
-4.47235e-5 8.55581e-5 6.46396e-5 0.0 0.0
-4.2779e-5 8.55581e-5 0.0001200578 0.0 0.0
-4.08345e-5 8.55581e-5 0.0002252791 0.0 0.0
-3.889e-5 8.55581e-5 0.0003382931 0.0 0.0
-3.69455e-5 8.55581e-5 0.0002152284 0.0 0.0
-3.5001e-5 8.55581e-5 0.0002182284 0.0 0.0
-3.30565e-5 8.55581e-5 0.000195444 0.0 0.0
-3.1112e-5 8.55581e-5 0.0002259864 0.0 0.0
-2.91675e-5 8.55581e-5 0.0003125652 0.0 0.0
-2.7223e-5 8.55581e-5 0.0003229028 0.0 0.0
-2.52785e-5 8.55581e-5 0.0003414262 0.0 0.0
-2.3334e-5 8.55581e-5 0.000307158 0.0 0.0
-2.13895e-5 8.55581e-5 0.0003281998 0.0 0.0
-1.9445e-5 8.55581e-5 0.0003441524 0.0 0.0
-1.75005e-5 8.55581e-5 0.0004514253 0.0 0.0
-1.5556e-5 8.55581e-5 0.0004265061 0.0 0.0
-1.36115e-5 8.55581e-5 0.0004605173 0.0 0.0
-1.1667e-5 8.55581e-5 9.85755e-5 0.0 0.0
-9.7225e-6 8.55581e-5 0.0001026176 0.0 0.0
-7.778e-6 8.55581e-5 0.0005218075 0.0 0.0
-5.8335e-6 8.55581e-5 0.0001087268 0.0 0.0
-3.889e-6 8.55581e-5 0.0001487076 0.0 0.0
-1.9445e-6 8.55581e-5 0.0001707105 0.0 0.0
0.0 8.55581e-5 0.0001866974 0.0 0.0
1.9445e-6 8.55581e-5 0.0003146678 0.0 0.0
3.889e-6 8.55581e-5 0.0004934024 0.0 0.0
5.8335e-6 8.55581e-5 0.0004899563 0.0 0.0
7.778e-6 8.55581e-5 0.0005607154 0.0 0.0
9.7225e-6 8.55581e-5 0.0005838546 0.0 0.0
1.1667e-5 8.55581e-5 0.0006397637 0.0 0.0
1.36115e-5 8.55581e-5 0.0006886202 0.0 0.0
1.5556e-5 8.55581e-5 0.0007710868 0.0 0.0
1.75005e-5 8.55581e-5 0.0002631471 0.0 0.0
1.9445e-5 8.55581e-5 0.0001611635 0.0 0.0
2.13895e-5 8.55581e-5 2.90103e-5 0.0 0.0
2.3334e-5 8.55581e-5 2.51126e-5 0.0 0.0
2.52785e-5 8.55581e-5 5.5783e-6 0.0 0.0
2.7223e-5 8.55581e-5 4.3117e-6 0.0 0.0
2.91675e-5 8.55581e-5 5.5057e-6 0.0 0.0
3.1112e-5 8.55581e-5 4.7525e-6 0.0 0.0
3.30565e-5 8.55581e-5 6.444e-6 0.0 0.0
3.5001e-5 8.55581e-5 8.2731e-6 0.0 0.0
3.69455e-5 8.55581e-5 9.1015e-6 0.0 0.0
3.889e-5 8.55581e-5 9.7498e-6 0.0 0.0
4.08345e-5 8.55581e-5 1.19017e-5 0.0 0.0
4.2779e-5 8.55581e-5 1.28761e-5 0.0 0.0
4.47235e-5 8.55581e-5 2.3576e-6 0.0 0.0
4.6668e-5 8.55581e-5 2.8552e-6 0.0 0.0
4.86125e-5 8.55581e-5 2.6005e-6 0.0 0.0
5.0557e-5 8.55581e-5 2.95e-6 0.0 0.0
5.25015e-5 8.55581e-5 2.9168e-6 0.0 0.0
5.4446e-5 8.55581e-5 2.097e-6 0.0 0.0
5.63905e-5 8.55581e-5 1.9719e-6 0.0 0.0
5.8335e-5 8.55581e-5 2.598e-6 0.0 0.0
6.02795e-5 8.55581e-5 2.4007e-6 0.0 0.0
6.2224e-5 8.55581e-5 2.5578e-6 0.0 0.0
6.41685e-5 8.55581e-5 1.3012e-6 0.0 0.0
6.6113e-5 8.55581e-5 1.0262e-6 0.0 0.0
6.80575e-5 8.55581e-5 7.588e-7 0.0 0.0
7.0002e-5 8.55581e-5 1.0559e-6 0.0 0.0
7.19465e-5 8.55581e-5 6.564e-7 0.0 0.0
7.3891e-5 8.55581e-5 7.782e-7 0.0 0.0
7.58355e-5 8.55581e-5 1.51242e-5 0.0 0.0
7.778e-5 8.55581e-5 1.34894e-5 0.0 0.0
7.97245e-5 8.55581e-5 1.17925e-5 0.0 0.0
8.1669e-5 8.55581e-5 1.42621e-5 0.0 0.0
8.36136e-5 8.55581e-5 2.39441e-5 0.0 0.0
8.55581e-5 8.55581e-5 2.16735e-5 0.0 0.0
8.75026e-5 8.55581e-5 9.2669e-6 0.0 0.0
8.94471e-5 8.55581e-5 1.33225e-5 0.0 0.0
9.13916e-5 8.55581e-5 1.25643e-5 0.0 0.0
9.33361e-5 8.55581e-5 1.85387e-5 0.0 0.0
9.52806e-5 8.55581e-5 1.80564e-5 0.0 0.0
-9.72251e-5 8.75026e-5 1.5e-9 0.0 0.0
-9.52806e-5 8.75026e-5 5.59e-8 0.0 0.0
-9.33361e-5 8.75026e-5 3.164e-7 0.0 0.0
-9.13916e-5 8.75026e-5 1.13311e-5 0.0 0.0
-8.94471e-5 8.75026e-5 7.40326e-5 0.0 0.0
-8.75026e-5 8.75026e-5 0.0001979907 0.0 0.0
-8.55581e-5 8.75026e-5 0.0004743046 0.0 0.0
-8.36136e-5 8.75026e-5 0.0008360357 0.0 0.0
-8.1669e-5 8.75026e-5 0.0008210231 0.0 0.0
-7.97245e-5 8.75026e-5 0.0006350518 0.0 0.0
-7.778e-5 8.75026e-5 0.0008460517 0.0 0.0
-7.58355e-5 8.75026e-5 0.0006442486 0.0 0.0
-7.3891e-5 8.75026e-5 0.0007153138 0.0 0.0
-7.19465e-5 8.75026e-5 0.0003704749 0.0 0.0
-7.0002e-5 8.75026e-5 0.0004535676 0.0 0.0
-6.80575e-5 8.75026e-5 0.0001512348 0.0 0.0
-6.6113e-5 8.75026e-5 0.000322858 0.0 0.0
-6.41685e-5 8.75026e-5 0.0004769856 0.0 0.0
-6.2224e-5 8.75026e-5 9.23641e-5 0.0 0.0
-6.02795e-5 8.75026e-5 0.0002041912 0.0 0.0
-5.8335e-5 8.75026e-5 0.0003115167 0.0 0.0
-5.63905e-5 8.75026e-5 7.93328e-5 0.0 0.0
-5.4446e-5 8.75026e-5 0.000150644 0.0 0.0
-5.25015e-5 8.75026e-5 0.0002913869 0.0 0.0
-5.0557e-5 8.75026e-5 2.82171e-5 0.0 0.0
-4.86125e-5 8.75026e-5 8.95268e-5 0.0 0.0
-4.6668e-5 8.75026e-5 0.0001789651 0.0 0.0
-4.47235e-5 8.75026e-5 0.000255787 0.0 0.0
-4.2779e-5 8.75026e-5 4.49907e-5 0.0 0.0
-4.08345e-5 8.75026e-5 9.21757e-5 0.0 0.0
-3.889e-5 8.75026e-5 0.0001407829 0.0 0.0
-3.69455e-5 8.75026e-5 0.0002846707 0.0 0.0
-3.5001e-5 8.75026e-5 0.0004990276 0.0 0.0
-3.30565e-5 8.75026e-5 0.0002177071 0.0 0.0
-3.1112e-5 8.75026e-5 0.0001250815 0.0 0.0
-2.91675e-5 8.75026e-5 0.0001290326 0.0 0.0
-2.7223e-5 8.75026e-5 0.0002111953 0.0 0.0
-2.52785e-5 8.75026e-5 0.0002388379 0.0 0.0
-2.3334e-5 8.75026e-5 0.0003326638 0.0 0.0
-2.13895e-5 8.75026e-5 0.0003346874 0.0 0.0
-1.9445e-5 8.75026e-5 0.0004670992 0.0 0.0
-1.75005e-5 8.75026e-5 0.0004556176 0.0 0.0
-1.5556e-5 8.75026e-5 0.0001269085 0.0 0.0
-1.36115e-5 8.75026e-5 0.0001789691 0.0 0.0
-1.1667e-5 8.75026e-5 0.0001946437 0.0 0.0
-9.7225e-6 8.75026e-5 0.0002318436 0.0 0.0
-7.778e-6 8.75026e-5 0.0002812119 0.0 0.0
-5.8335e-6 8.75026e-5 0.0004469372 0.0 0.0
-3.889e-6 8.75026e-5 0.0004938154 0.0 0.0
-1.9445e-6 8.75026e-5 0.0006481715 0.0 0.0
0.0 8.75026e-5 0.0007141687 0.0 0.0
1.9445e-6 8.75026e-5 0.0003555448 0.0 0.0
3.889e-6 8.75026e-5 0.0003941333 0.0 0.0
5.8335e-6 8.75026e-5 0.0004844542 0.0 0.0
7.778e-6 8.75026e-5 0.0004885895 0.0 0.0
9.7225e-6 8.75026e-5 0.0005720355 0.0 0.0
1.1667e-5 8.75026e-5 0.0005311329 0.0 0.0
1.36115e-5 8.75026e-5 0.000501117 0.0 0.0
1.5556e-5 8.75026e-5 0.0004581787 0.0 0.0
1.75005e-5 8.75026e-5 6.3436e-5 0.0 0.0
1.9445e-5 8.75026e-5 3.94267e-5 0.0 0.0
2.13895e-5 8.75026e-5 3.0062e-5 0.0 0.0
2.3334e-5 8.75026e-5 9.1845e-6 0.0 0.0
2.52785e-5 8.75026e-5 6.738e-6 0.0 0.0
2.7223e-5 8.75026e-5 6.7156e-6 0.0 0.0
2.91675e-5 8.75026e-5 7.3178e-6 0.0 0.0
3.1112e-5 8.75026e-5 5.5411e-6 0.0 0.0
3.30565e-5 8.75026e-5 4.6042e-6 0.0 0.0
3.5001e-5 8.75026e-5 7.776e-6 0.0 0.0
3.69455e-5 8.75026e-5 8.7801e-6 0.0 0.0
3.889e-5 8.75026e-5 7.5449e-6 0.0 0.0
4.08345e-5 8.75026e-5 1.06193e-5 0.0 0.0
4.2779e-5 8.75026e-5 1.36721e-5 0.0 0.0
4.47235e-5 8.75026e-5 1.4051e-6 0.0 0.0
4.6668e-5 8.75026e-5 1.253e-6 0.0 0.0
4.86125e-5 8.75026e-5 1.6435e-6 0.0 0.0
5.0557e-5 8.75026e-5 1.6041e-6 0.0 0.0
5.25015e-5 8.75026e-5 2.4244e-6 0.0 0.0
5.4446e-5 8.75026e-5 2.0879e-6 0.0 0.0
5.63905e-5 8.75026e-5 1.9023e-6 0.0 0.0
5.8335e-5 8.75026e-5 3.2747e-6 0.0 0.0
6.02795e-5 8.75026e-5 3.765e-6 0.0 0.0
6.2224e-5 8.75026e-5 2.1792e-6 0.0 0.0
6.41685e-5 8.75026e-5 1.3652e-6 0.0 0.0
6.6113e-5 8.75026e-5 1.7373e-6 0.0 0.0
6.80575e-5 8.75026e-5 1.7075e-6 0.0 0.0
7.0002e-5 8.75026e-5 2.3928e-6 0.0 0.0
7.19465e-5 8.75026e-5 2.0528e-6 0.0 0.0
7.3891e-5 8.75026e-5 2.24834e-5 0.0 0.0
7.58355e-5 8.75026e-5 3.3929e-6 0.0 0.0
7.778e-5 8.75026e-5 4.3694e-6 0.0 0.0
7.97245e-5 8.75026e-5 7.0504e-6 0.0 0.0
8.1669e-5 8.75026e-5 9.0913e-6 0.0 0.0
8.36136e-5 8.75026e-5 1.31746e-5 0.0 0.0
8.55581e-5 8.75026e-5 2.10999e-5 0.0 0.0
8.75026e-5 8.75026e-5 2.41448e-5 0.0 0.0
8.94471e-5 8.75026e-5 2.52143e-5 0.0 0.0
9.13916e-5 8.75026e-5 3.30237e-5 0.0 0.0
9.33361e-5 8.75026e-5 2.19297e-5 0.0 0.0
9.52806e-5 8.75026e-5 1.45133e-5 0.0 0.0
-9.72251e-5 8.94471e-5 3.0e-10 0.0 0.0
-9.52806e-5 8.94471e-5 2.3e-9 0.0 0.0
-9.33361e-5 8.94471e-5 7.2e-8 0.0 0.0
-9.13916e-5 8.94471e-5 2.4753e-6 0.0 0.0
-8.94471e-5 8.94471e-5 2.12114e-5 0.0 0.0
-8.75026e-5 8.94471e-5 6.78585e-5 0.0 0.0
-8.55581e-5 8.94471e-5 0.0002027948 0.0 0.0
-8.36136e-5 8.94471e-5 0.0002344649 0.0 0.0
-8.1669e-5 8.94471e-5 0.0005072602 0.0 0.0
-7.97245e-5 8.94471e-5 0.000817312 0.0 0.0
-7.778e-5 8.94471e-5 0.0011401726 0.0 0.0
-7.58355e-5 8.94471e-5 0.0009252211 0.0 0.0
-7.3891e-5 8.94471e-5 0.0006834655 0.0 0.0
-7.19465e-5 8.94471e-5 0.0008047408 0.0 0.0
-7.0002e-5 8.94471e-5 0.0005303168 0.0 0.0
-6.80575e-5 8.94471e-5 0.0006392194 0.0 0.0
-6.6113e-5 8.94471e-5 0.000293254 0.0 0.0
-6.41685e-5 8.94471e-5 0.0004298531 0.0 0.0
-6.2224e-5 8.94471e-5 0.0001679435 0.0 0.0
-6.02795e-5 8.94471e-5 0.0002055307 0.0 0.0
-5.8335e-5 8.94471e-5 0.0003006164 0.0 0.0
-5.63905e-5 8.94471e-5 0.000415175 0.0 0.0
-5.4446e-5 8.94471e-5 0.0001161964 0.0 0.0
-5.25015e-5 8.94471e-5 0.0002470047 0.0 0.0
-5.0557e-5 8.94471e-5 0.0003449948 0.0 0.0
-4.86125e-5 8.94471e-5 7.28846e-5 0.0 0.0
-4.6668e-5 8.94471e-5 0.0001260411 0.0 0.0
-4.47235e-5 8.94471e-5 0.000236878 0.0 0.0
-4.2779e-5 8.94471e-5 0.0003473383 0.0 0.0
-4.08345e-5 8.94471e-5 0.0004006153 0.0 0.0
-3.889e-5 8.94471e-5 0.00016665 0.0 0.0
-3.69455e-5 8.94471e-5 0.0002399363 0.0 0.0
-3.5001e-5 8.94471e-5 0.0004323619 0.0 0.0
-3.30565e-5 8.94471e-5 0.0005539949 0.0 0.0
-3.1112e-5 8.94471e-5 0.0002426577 0.0 0.0
-2.91675e-5 8.94471e-5 0.0001507455 0.0 0.0
-2.7223e-5 8.94471e-5 0.0002334854 0.0 0.0
-2.52785e-5 8.94471e-5 0.0002901716 0.0 0.0
-2.3334e-5 8.94471e-5 0.0003593621 0.0 0.0
-2.13895e-5 8.94471e-5 0.0005012784 0.0 0.0
-1.9445e-5 8.94471e-5 0.0005195938 0.0 0.0
-1.75005e-5 8.94471e-5 0.0001428908 0.0 0.0
-1.5556e-5 8.94471e-5 0.0002062696 0.0 0.0
-1.36115e-5 8.94471e-5 0.0003195613 0.0 0.0
-1.1667e-5 8.94471e-5 0.0004512191 0.0 0.0
-9.7225e-6 8.94471e-5 0.0005724898 0.0 0.0
-7.778e-6 8.94471e-5 0.0007051776 0.0 0.0
-5.8335e-6 8.94471e-5 0.0002681032 0.0 0.0
-3.889e-6 8.94471e-5 0.0003531468 0.0 0.0
-1.9445e-6 8.94471e-5 0.000478357 0.0 0.0
0.0 8.94471e-5 0.0005838009 0.0 0.0
1.9445e-6 8.94471e-5 0.0007122881 0.0 0.0
3.889e-6 8.94471e-5 0.0008143216 0.0 0.0
5.8335e-6 8.94471e-5 0.0008838603 0.0 0.0
7.778e-6 8.94471e-5 0.0008822798 0.0 0.0
9.7225e-6 8.94471e-5 0.0008425995 0.0 0.0
1.1667e-5 8.94471e-5 0.0003446641 0.0 0.0
1.36115e-5 8.94471e-5 0.000286521 0.0 0.0
1.5556e-5 8.94471e-5 5.22328e-5 0.0 0.0
1.75005e-5 8.94471e-5 9.9933e-6 0.0 0.0
1.9445e-5 8.94471e-5 1.28125e-5 0.0 0.0
2.13895e-5 8.94471e-5 1.3032e-5 0.0 0.0
2.3334e-5 8.94471e-5 1.5478e-5 0.0 0.0
2.52785e-5 8.94471e-5 1.60263e-5 0.0 0.0
2.7223e-5 8.94471e-5 1.30725e-5 0.0 0.0
2.91675e-5 8.94471e-5 1.61932e-5 0.0 0.0
3.1112e-5 8.94471e-5 1.47019e-5 0.0 0.0
3.30565e-5 8.94471e-5 1.86972e-5 0.0 0.0
3.5001e-5 8.94471e-5 1.47595e-5 0.0 0.0
3.69455e-5 8.94471e-5 1.81616e-5 0.0 0.0
3.889e-5 8.94471e-5 1.3413e-6 0.0 0.0
4.08345e-5 8.94471e-5 1.0073e-6 0.0 0.0
4.2779e-5 8.94471e-5 1.3701e-6 0.0 0.0
4.47235e-5 8.94471e-5 2.2843e-6 0.0 0.0
4.6668e-5 8.94471e-5 2.0417e-6 0.0 0.0
4.86125e-5 8.94471e-5 1.9355e-6 0.0 0.0
5.0557e-5 8.94471e-5 2.3896e-6 0.0 0.0
5.25015e-5 8.94471e-5 3.4093e-6 0.0 0.0
5.4446e-5 8.94471e-5 4.0103e-6 0.0 0.0
5.63905e-5 8.94471e-5 4.4676e-6 0.0 0.0
5.8335e-5 8.94471e-5 3.714e-6 0.0 0.0
6.02795e-5 8.94471e-5 4.6052e-6 0.0 0.0
6.2224e-5 8.94471e-5 3.8223e-6 0.0 0.0
6.41685e-5 8.94471e-5 7.1343e-6 0.0 0.0
6.6113e-5 8.94471e-5 4.9017e-6 0.0 0.0
6.80575e-5 8.94471e-5 5.294e-6 0.0 0.0
7.0002e-5 8.94471e-5 7.5097e-6 0.0 0.0
7.19465e-5 8.94471e-5 8.6851e-6 0.0 0.0
7.3891e-5 8.94471e-5 1.60328e-5 0.0 0.0
7.58355e-5 8.94471e-5 1.38265e-5 0.0 0.0
7.778e-5 8.94471e-5 2.00106e-5 0.0 0.0
7.97245e-5 8.94471e-5 2.99265e-5 0.0 0.0
8.1669e-5 8.94471e-5 1.03618e-5 0.0 0.0
8.36136e-5 8.94471e-5 1.55474e-5 0.0 0.0
8.55581e-5 8.94471e-5 9.7984e-6 0.0 0.0
8.75026e-5 8.94471e-5 6.2161e-6 0.0 0.0
8.94471e-5 8.94471e-5 4.1551e-6 0.0 0.0
9.13916e-5 8.94471e-5 2.51498e-5 0.0 0.0
9.33361e-5 8.94471e-5 1.56181e-5 0.0 0.0
9.52806e-5 8.94471e-5 9.2326e-6 0.0 0.0
-9.72251e-5 9.13916e-5 0.0 0.0 0.0
-9.52806e-5 9.13916e-5 0.0 0.0 0.0
-9.33361e-5 9.13916e-5 0.0 0.0 0.0
-9.13916e-5 9.13916e-5 2.0e-10 0.0 0.0
-8.94471e-5 9.13916e-5 1.18e-8 0.0 0.0
-8.75026e-5 9.13916e-5 7.149e-7 0.0 0.0
-8.55581e-5 9.13916e-5 1.67446e-5 0.0 0.0
-8.36136e-5 9.13916e-5 6.5357e-5 0.0 0.0
-8.1669e-5 9.13916e-5 0.0002425919 0.0 0.0
-7.97245e-5 9.13916e-5 0.0004913859 0.0 0.0
-7.778e-5 9.13916e-5 0.0008318206 0.0 0.0
-7.58355e-5 9.13916e-5 0.0008215992 0.0 0.0
-7.3891e-5 9.13916e-5 0.0010173713 0.0 0.0
-7.19465e-5 9.13916e-5 0.0008202951 0.0 0.0
-7.0002e-5 9.13916e-5 0.0009284484 0.0 0.0
-6.80575e-5 9.13916e-5 0.0006663038 0.0 0.0
-6.6113e-5 9.13916e-5 0.000344216 0.0 0.0
-6.41685e-5 9.13916e-5 0.0003975692 0.0 0.0
-6.2224e-5 9.13916e-5 0.0005487641 0.0 0.0
-6.02795e-5 9.13916e-5 0.0002886241 0.0 0.0
-5.8335e-5 9.13916e-5 0.0003148846 0.0 0.0
-5.63905e-5 9.13916e-5 0.0004438173 0.0 0.0
-5.4446e-5 9.13916e-5 0.0001459842 0.0 0.0
-5.25015e-5 9.13916e-5 0.0002485308 0.0 0.0
-5.0557e-5 9.13916e-5 0.0002797475 0.0 0.0
-4.86125e-5 9.13916e-5 0.0004119939 0.0 0.0
-4.6668e-5 9.13916e-5 0.0001940806 0.0 0.0
-4.47235e-5 9.13916e-5 0.000297761 0.0 0.0
-4.2779e-5 9.13916e-5 0.0003669384 0.0 0.0
-4.08345e-5 9.13916e-5 0.0001007975 0.0 0.0
-3.889e-5 9.13916e-5 0.0001708794 0.0 0.0
-3.69455e-5 9.13916e-5 0.00025806 0.0 0.0
-3.5001e-5 9.13916e-5 0.0003881215 0.0 0.0
-3.30565e-5 9.13916e-5 0.0005150648 0.0 0.0
-3.1112e-5 9.13916e-5 0.0002470765 0.0 0.0
-2.91675e-5 9.13916e-5 0.0003819583 0.0 0.0
-2.7223e-5 9.13916e-5 0.0004021868 0.0 0.0
-2.52785e-5 9.13916e-5 0.0004025321 0.0 0.0
-2.3334e-5 9.13916e-5 0.0004848021 0.0 0.0
-2.13895e-5 9.13916e-5 0.0006169217 0.0 0.0
-1.9445e-5 9.13916e-5 0.0006545783 0.0 0.0
-1.75005e-5 9.13916e-5 0.00029089 0.0 0.0
-1.5556e-5 9.13916e-5 0.0004624364 0.0 0.0
-1.36115e-5 9.13916e-5 0.0005401237 0.0 0.0
-1.1667e-5 9.13916e-5 0.0007443114 0.0 0.0
-9.7225e-6 9.13916e-5 0.0004218182 0.0 0.0
-7.778e-6 9.13916e-5 0.0005216765 0.0 0.0
-5.8335e-6 9.13916e-5 0.0007309397 0.0 0.0
-3.889e-6 9.13916e-5 0.0003144859 0.0 0.0
-1.9445e-6 9.13916e-5 0.0004119563 0.0 0.0
0.0 9.13916e-5 0.0005260781 0.0 0.0
1.9445e-6 9.13916e-5 0.0005312825 0.0 0.0
3.889e-6 9.13916e-5 0.0010590848 0.0 0.0
5.8335e-6 9.13916e-5 0.0010754289 0.0 0.0
7.778e-6 9.13916e-5 0.0004803716 0.0 0.0
9.7225e-6 9.13916e-5 0.0003982071 0.0 0.0
1.1667e-5 9.13916e-5 4.82419e-5 0.0 0.0
1.36115e-5 9.13916e-5 2.89623e-5 0.0 0.0
1.5556e-5 9.13916e-5 2.24041e-5 0.0 0.0
1.75005e-5 9.13916e-5 1.73213e-5 0.0 0.0
1.9445e-5 9.13916e-5 2.55557e-5 0.0 0.0
2.13895e-5 9.13916e-5 2.62107e-5 0.0 0.0
2.3334e-5 9.13916e-5 2.98134e-5 0.0 0.0
2.52785e-5 9.13916e-5 2.98037e-5 0.0 0.0
2.7223e-5 9.13916e-5 3.14955e-5 0.0 0.0
2.91675e-5 9.13916e-5 5.0407e-6 0.0 0.0
3.1112e-5 9.13916e-5 4.3019e-6 0.0 0.0
3.30565e-5 9.13916e-5 5.5663e-6 0.0 0.0
3.5001e-5 9.13916e-5 6.0261e-6 0.0 0.0
3.69455e-5 9.13916e-5 3.9706e-6 0.0 0.0
3.889e-5 9.13916e-5 5.871e-6 0.0 0.0
4.08345e-5 9.13916e-5 6.6296e-6 0.0 0.0
4.2779e-5 9.13916e-5 5.3623e-6 0.0 0.0
4.47235e-5 9.13916e-5 4.9994e-6 0.0 0.0
4.6668e-5 9.13916e-5 7.7397e-6 0.0 0.0
4.86125e-5 9.13916e-5 8.4499e-6 0.0 0.0
5.0557e-5 9.13916e-5 6.7453e-6 0.0 0.0
5.25015e-5 9.13916e-5 9.526e-6 0.0 0.0
5.4446e-5 9.13916e-5 9.4195e-6 0.0 0.0
5.63905e-5 9.13916e-5 7.8796e-6 0.0 0.0
5.8335e-5 9.13916e-5 7.093e-6 0.0 0.0
6.02795e-5 9.13916e-5 1.07081e-5 0.0 0.0
6.2224e-5 9.13916e-5 1.15137e-5 0.0 0.0
6.41685e-5 9.13916e-5 1.55051e-5 0.0 0.0
6.6113e-5 9.13916e-5 1.98793e-5 0.0 0.0
6.80575e-5 9.13916e-5 2.90697e-5 0.0 0.0
7.0002e-5 9.13916e-5 2.78007e-5 0.0 0.0
7.19465e-5 9.13916e-5 3.74942e-5 0.0 0.0
7.3891e-5 9.13916e-5 3.77069e-5 0.0 0.0
7.58355e-5 9.13916e-5 1.49125e-5 0.0 0.0
7.778e-5 9.13916e-5 1.65024e-5 0.0 0.0
7.97245e-5 9.13916e-5 2.12252e-5 0.0 0.0
8.1669e-5 9.13916e-5 1.74318e-5 0.0 0.0
8.36136e-5 9.13916e-5 1.14908e-5 0.0 0.0
8.55581e-5 9.13916e-5 1.23311e-5 0.0 0.0
8.75026e-5 9.13916e-5 5.5371e-6 0.0 0.0
8.94471e-5 9.13916e-5 3.3866e-6 0.0 0.0
9.13916e-5 9.13916e-5 1.85259e-5 0.0 0.0
9.33361e-5 9.13916e-5 1.33799e-5 0.0 0.0
9.52806e-5 9.13916e-5 5.6157e-6 0.0 0.0
-9.72251e-5 9.33361e-5 0.0 0.0 0.0
-9.52806e-5 9.33361e-5 0.0 0.0 0.0
-9.33361e-5 9.33361e-5 0.0 0.0 0.0
-9.13916e-5 9.33361e-5 0.0 0.0 0.0
-8.94471e-5 9.33361e-5 6.0e-10 0.0 0.0
-8.75026e-5 9.33361e-5 1.0e-10 0.0 0.0
-8.55581e-5 9.33361e-5 5.6e-9 0.0 0.0
-8.36136e-5 9.33361e-5 4.405e-7 0.0 0.0
-8.1669e-5 9.33361e-5 8.1825e-6 0.0 0.0
-7.97245e-5 9.33361e-5 7.05341e-5 0.0 0.0
-7.778e-5 9.33361e-5 0.0002292671 0.0 0.0
-7.58355e-5 9.33361e-5 0.0005309216 0.0 0.0
-7.3891e-5 9.33361e-5 0.000823867 0.0 0.0
-7.19465e-5 9.33361e-5 0.0007301116 0.0 0.0
-7.0002e-5 9.33361e-5 0.0009390199 0.0 0.0
-6.80575e-5 9.33361e-5 0.0006232317 0.0 0.0
-6.6113e-5 9.33361e-5 0.0008525603 0.0 0.0
-6.41685e-5 9.33361e-5 0.0005122286 0.0 0.0
-6.2224e-5 9.33361e-5 0.0005769646 0.0 0.0
-6.02795e-5 9.33361e-5 0.000296604 0.0 0.0
-5.8335e-5 9.33361e-5 0.0004262842 0.0 0.0
-5.63905e-5 9.33361e-5 0.0004816603 0.0 0.0
-5.4446e-5 9.33361e-5 0.0005509338 0.0 0.0
-5.25015e-5 9.33361e-5 0.0002838872 0.0 0.0
-5.0557e-5 9.33361e-5 0.0003387537 0.0 0.0
-4.86125e-5 9.33361e-5 0.0005013225 0.0 0.0
-4.6668e-5 9.33361e-5 0.0001912009 0.0 0.0
-4.47235e-5 9.33361e-5 0.0003284598 0.0 0.0
-4.2779e-5 9.33361e-5 0.0004261976 0.0 0.0
-4.08345e-5 9.33361e-5 0.000562277 0.0 0.0
-3.889e-5 9.33361e-5 0.0002174311 0.0 0.0
-3.69455e-5 9.33361e-5 0.0003279283 0.0 0.0
-3.5001e-5 9.33361e-5 0.0004083273 0.0 0.0
-3.30565e-5 9.33361e-5 0.0004894813 0.0 0.0
-3.1112e-5 9.33361e-5 0.000268766 0.0 0.0
-2.91675e-5 9.33361e-5 0.0003951964 0.0 0.0
-2.7223e-5 9.33361e-5 0.0005702078 0.0 0.0
-2.52785e-5 9.33361e-5 0.0006759663 0.0 0.0
-2.3334e-5 9.33361e-5 0.0006899121 0.0 0.0
-2.13895e-5 9.33361e-5 0.000323262 0.0 0.0
-1.9445e-5 9.33361e-5 0.0005077675 0.0 0.0
-1.75005e-5 9.33361e-5 0.000613195 0.0 0.0
-1.5556e-5 9.33361e-5 0.0007444606 0.0 0.0
-1.36115e-5 9.33361e-5 0.0004498422 0.0 0.0
-1.1667e-5 9.33361e-5 0.0006076135 0.0 0.0
-9.7225e-6 9.33361e-5 0.0008096054 0.0 0.0
-7.778e-6 9.33361e-5 0.0004609768 0.0 0.0
-5.8335e-6 9.33361e-5 0.0005441193 0.0 0.0
-3.889e-6 9.33361e-5 0.0006523591 0.0 0.0
-1.9445e-6 9.33361e-5 0.0007130316 0.0 0.0
0.0 9.33361e-5 0.0006737735 0.0 0.0
1.9445e-6 9.33361e-5 0.0006742707 0.0 0.0
3.889e-6 9.33361e-5 0.0006508937 0.0 0.0
5.8335e-6 9.33361e-5 0.0001893794 0.0 0.0
7.778e-6 9.33361e-5 0.0001744045 0.0 0.0
9.7225e-6 9.33361e-5 4.48496e-5 0.0 0.0
1.1667e-5 9.33361e-5 4.33616e-5 0.0 0.0
1.36115e-5 9.33361e-5 3.25984e-5 0.0 0.0
1.5556e-5 9.33361e-5 1.89759e-5 0.0 0.0
1.75005e-5 9.33361e-5 1.54717e-5 0.0 0.0
1.9445e-5 9.33361e-5 1.25614e-5 0.0 0.0
2.13895e-5 9.33361e-5 9.1506e-6 0.0 0.0
2.3334e-5 9.33361e-5 7.9182e-6 0.0 0.0
2.52785e-5 9.33361e-5 9.0931e-6 0.0 0.0
2.7223e-5 9.33361e-5 8.6599e-6 0.0 0.0
2.91675e-5 9.33361e-5 1.06435e-5 0.0 0.0
3.1112e-5 9.33361e-5 1.04804e-5 0.0 0.0
3.30565e-5 9.33361e-5 1.13423e-5 0.0 0.0
3.5001e-5 9.33361e-5 1.69073e-5 0.0 0.0
3.69455e-5 9.33361e-5 1.38765e-5 0.0 0.0
3.889e-5 9.33361e-5 1.67799e-5 0.0 0.0
4.08345e-5 9.33361e-5 1.33826e-5 0.0 0.0
4.2779e-5 9.33361e-5 1.20827e-5 0.0 0.0
4.47235e-5 9.33361e-5 1.39563e-5 0.0 0.0
4.6668e-5 9.33361e-5 1.41747e-5 0.0 0.0
4.86125e-5 9.33361e-5 2.18943e-5 0.0 0.0
5.0557e-5 9.33361e-5 2.12162e-5 0.0 0.0
5.25015e-5 9.33361e-5 1.87351e-5 0.0 0.0
5.4446e-5 9.33361e-5 1.86419e-5 0.0 0.0
5.63905e-5 9.33361e-5 2.08267e-5 0.0 0.0
5.8335e-5 9.33361e-5 3.8011e-6 0.0 0.0
6.02795e-5 9.33361e-5 4.4102e-6 0.0 0.0
6.2224e-5 9.33361e-5 8.5027e-6 0.0 0.0
6.41685e-5 9.33361e-5 1.01237e-5 0.0 0.0
6.6113e-5 9.33361e-5 1.68484e-5 0.0 0.0
6.80575e-5 9.33361e-5 1.94973e-5 0.0 0.0
7.0002e-5 9.33361e-5 2.69198e-5 0.0 0.0
7.19465e-5 9.33361e-5 2.63349e-5 0.0 0.0
7.3891e-5 9.33361e-5 2.77501e-5 0.0 0.0
7.58355e-5 9.33361e-5 2.75678e-5 0.0 0.0
7.778e-5 9.33361e-5 2.5421e-5 0.0 0.0
7.97245e-5 9.33361e-5 1.9936e-5 0.0 0.0
8.1669e-5 9.33361e-5 1.26427e-5 0.0 0.0
8.36136e-5 9.33361e-5 7.0591e-6 0.0 0.0
8.55581e-5 9.33361e-5 3.9904e-6 0.0 0.0
8.75026e-5 9.33361e-5 2.92526e-5 0.0 0.0
8.94471e-5 9.33361e-5 2.0086e-5 0.0 0.0
9.13916e-5 9.33361e-5 8.7422e-6 0.0 0.0
9.33361e-5 9.33361e-5 7.2224e-6 0.0 0.0
9.52806e-5 9.33361e-5 2.04543e-5 0.0 0.0
-9.72251e-5 9.52806e-5 0.0 0.0 0.0
-9.52806e-5 9.52806e-5 0.0 0.0 0.0
-9.33361e-5 9.52806e-5 0.0 0.0 0.0
-9.13916e-5 9.52806e-5 0.0 0.0 0.0
-8.94471e-5 9.52806e-5 0.0 0.0 0.0
-8.75026e-5 9.52806e-5 0.0 0.0 0.0
-8.55581e-5 9.52806e-5 9.0e-10 0.0 0.0
-8.36136e-5 9.52806e-5 1.55e-8 0.0 0.0
-8.1669e-5 9.52806e-5 8.027e-7 0.0 0.0
-7.97245e-5 9.52806e-5 2.635e-7 0.0 0.0
-7.778e-5 9.52806e-5 9.1343e-6 0.0 0.0
-7.58355e-5 9.52806e-5 5.5584e-5 0.0 0.0
-7.3891e-5 9.52806e-5 0.0002345953 0.0 0.0
-7.19465e-5 9.52806e-5 0.00042953 0.0 0.0
-7.0002e-5 9.52806e-5 0.0007694464 0.0 0.0
-6.80575e-5 9.52806e-5 0.0010109672 0.0 0.0
-6.6113e-5 9.52806e-5 0.0007747533 0.0 0.0
-6.41685e-5 9.52806e-5 0.0009560697 0.0 0.0
-6.2224e-5 9.52806e-5 0.0006978241 0.0 0.0
-6.02795e-5 9.52806e-5 0.0008331618 0.0 0.0
-5.8335e-5 9.52806e-5 0.0005062809 0.0 0.0
-5.63905e-5 9.52806e-5 0.000578465 0.0 0.0
-5.4446e-5 9.52806e-5 0.0003223424 0.0 0.0
-5.25015e-5 9.52806e-5 0.0003752955 0.0 0.0
-5.0557e-5 9.52806e-5 0.0004902271 0.0 0.0
-4.86125e-5 9.52806e-5 0.0005595866 0.0 0.0
-4.6668e-5 9.52806e-5 0.0002935178 0.0 0.0
-4.47235e-5 9.52806e-5 0.0004324624 0.0 0.0
-4.2779e-5 9.52806e-5 0.0004777928 0.0 0.0
-4.08345e-5 9.52806e-5 0.0005646396 0.0 0.0
-3.889e-5 9.52806e-5 0.0003144588 0.0 0.0
-3.69455e-5 9.52806e-5 0.0003804578 0.0 0.0
-3.5001e-5 9.52806e-5 0.0005154668 0.0 0.0
-3.30565e-5 9.52806e-5 0.0002828483 0.0 0.0
-3.1112e-5 9.52806e-5 0.0004035306 0.0 0.0
-2.91675e-5 9.52806e-5 0.0005412704 0.0 0.0
-2.7223e-5 9.52806e-5 0.000700236 0.0 0.0
-2.52785e-5 9.52806e-5 0.0005216262 0.0 0.0
-2.3334e-5 9.52806e-5 0.0007153402 0.0 0.0
-2.13895e-5 9.52806e-5 0.0003763155 0.0 0.0
-1.9445e-5 9.52806e-5 0.0004699839 0.0 0.0
-1.75005e-5 9.52806e-5 0.0006050635 0.0 0.0
-1.5556e-5 9.52806e-5 0.0007162186 0.0 0.0
-1.36115e-5 9.52806e-5 0.0009123945 0.0 0.0
-1.1667e-5 9.52806e-5 0.0005004031 0.0 0.0
-9.7225e-6 9.52806e-5 0.0006412053 0.0 0.0
-7.778e-6 9.52806e-5 0.0006214115 0.0 0.0
-5.8335e-6 9.52806e-5 0.0006933215 0.0 0.0
-3.889e-6 9.52806e-5 0.0008414946 0.0 0.0
-1.9445e-6 9.52806e-5 0.0008023979 0.0 0.0
0.0 9.52806e-5 0.0008915575 0.0 0.0
1.9445e-6 9.52806e-5 0.0002612231 0.0 0.0
3.889e-6 9.52806e-5 0.000158304 0.0 0.0
5.8335e-6 9.52806e-5 3.05846e-5 0.0 0.0
7.778e-6 9.52806e-5 2.93236e-5 0.0 0.0
9.7225e-6 9.52806e-5 2.88766e-5 0.0 0.0
1.1667e-5 9.52806e-5 3.12689e-5 0.0 0.0
1.36115e-5 9.52806e-5 3.16972e-5 0.0 0.0
1.5556e-5 9.52806e-5 2.93948e-5 0.0 0.0
1.75005e-5 9.52806e-5 2.70075e-5 0.0 0.0
1.9445e-5 9.52806e-5 2.00526e-5 0.0 0.0
2.13895e-5 9.52806e-5 1.43541e-5 0.0 0.0
2.3334e-5 9.52806e-5 8.7361e-6 0.0 0.0
2.52785e-5 9.52806e-5 7.5864e-6 0.0 0.0
2.7223e-5 9.52806e-5 6.0395e-6 0.0 0.0
2.91675e-5 9.52806e-5 6.6062e-6 0.0 0.0
3.1112e-5 9.52806e-5 7.4752e-6 0.0 0.0
3.30565e-5 9.52806e-5 8.2639e-6 0.0 0.0
3.5001e-5 9.52806e-5 7.4951e-6 0.0 0.0
3.69455e-5 9.52806e-5 5.9817e-6 0.0 0.0
3.889e-5 9.52806e-5 5.566e-6 0.0 0.0
4.08345e-5 9.52806e-5 5.5059e-6 0.0 0.0
4.2779e-5 9.52806e-5 6.3345e-6 0.0 0.0
4.47235e-5 9.52806e-5 7.6326e-6 0.0 0.0
4.6668e-5 9.52806e-5 9.4628e-6 0.0 0.0
4.86125e-5 9.52806e-5 1.21146e-5 0.0 0.0
5.0557e-5 9.52806e-5 9.2273e-6 0.0 0.0
5.25015e-5 9.52806e-5 9.9053e-6 0.0 0.0
5.4446e-5 9.52806e-5 2.00315e-5 0.0 0.0
5.63905e-5 9.52806e-5 2.0098e-5 0.0 0.0
5.8335e-5 9.52806e-5 3.37804e-5 0.0 0.0
6.02795e-5 9.52806e-5 3.46334e-5 0.0 0.0
6.2224e-5 9.52806e-5 4.16557e-5 0.0 0.0
6.41685e-5 9.52806e-5 3.47735e-5 0.0 0.0
6.6113e-5 9.52806e-5 1.31574e-5 0.0 0.0
6.80575e-5 9.52806e-5 8.95e-6 0.0 0.0
7.0002e-5 9.52806e-5 8.6985e-6 0.0 0.0
7.19465e-5 9.52806e-5 7.3309e-6 0.0 0.0
7.3891e-5 9.52806e-5 5.9002e-6 0.0 0.0
7.58355e-5 9.52806e-5 2.90939e-5 0.0 0.0
7.778e-5 9.52806e-5 2.38107e-5 0.0 0.0
7.97245e-5 9.52806e-5 1.84709e-5 0.0 0.0
8.1669e-5 9.52806e-5 1.08314e-5 0.0 0.0
8.36136e-5 9.52806e-5 4.5359e-6 0.0 0.0
8.55581e-5 9.52806e-5 2.37382e-5 0.0 0.0
8.75026e-5 9.52806e-5 1.71324e-5 0.0 0.0
8.94471e-5 9.52806e-5 8.302e-6 0.0 0.0
9.13916e-5 9.52806e-5 2.8162e-5 0.0 0.0
9.33361e-5 9.52806e-5 1.96367e-5 0.0 0.0
9.52806e-5 9.52806e-5 9.6183e-6 0.0 0.0
