# SRC: M87
# RA: 12 h 30 m 49.42338180542052 s
# DEC: 0 h 49 m 33.86957740783686 s
# MJD: 57854.02228009328
# RF: 230 GHz
# FOVX: 50 pix 0.00019445011655428801 as
# FOVY: 50 pix 0.00019445011655428801 as
# ------------------------------------
# x (as)       y (as)       I (jy/pixel) Q (jy/pixel) U (jy/pixel)
-9.72251e-5 -9.72251e-5 7.0e-10 0.0 0.0
-9.33361e-5 -9.72251e-5 2.9e-9 0.0 0.0
-8.94471e-5 -9.72251e-5 9.0e-9 0.0 0.0
-8.55581e-5 -9.72251e-5 2.08e-8 0.0 0.0
-8.1669e-5 -9.72251e-5 4.22e-8 0.0 0.0
-7.778e-5 -9.72251e-5 4.28e-8 0.0 0.0
-7.3891e-5 -9.72251e-5 8.8e-7 0.0 0.0
-7.0002e-5 -9.72251e-5 1.83276e-5 0.0 0.0
-6.6113e-5 -9.72251e-5 1.06794e-5 0.0 0.0
-6.2224e-5 -9.72251e-5 4.22697e-5 0.0 0.0
-5.8335e-5 -9.72251e-5 0.0001049368 0.0 0.0
-5.4446e-5 -9.72251e-5 0.0001909529 0.0 0.0
-5.0557e-5 -9.72251e-5 0.0001549096 0.0 0.0
-4.6668e-5 -9.72251e-5 0.0002343685 0.0 0.0
-4.2779e-5 -9.72251e-5 0.0001811423 0.0 0.0
-3.889e-5 -9.72251e-5 0.0002686219 0.0 0.0
-3.5001e-5 -9.72251e-5 0.0002170333 0.0 0.0
-3.1112e-5 -9.72251e-5 0.0003741685 0.0 0.0
-2.7223e-5 -9.72251e-5 0.0003113456 0.0 0.0
-2.3334e-5 -9.72251e-5 0.000232105 0.0 0.0
-1.9445e-5 -9.72251e-5 0.0001320032 0.0 0.0
-1.5556e-5 -9.72251e-5 0.0001982585 0.0 0.0
-1.1667e-5 -9.72251e-5 9.67362e-5 0.0 0.0
-7.778e-6 -9.72251e-5 2.47156e-5 0.0 0.0
-3.889e-6 -9.72251e-5 1.8513e-6 0.0 0.0
0.0 -9.72251e-5 5.658e-7 0.0 0.0
3.889e-6 -9.72251e-5 1.2e-9 0.0 0.0
7.778e-6 -9.72251e-5 0.0 0.0 0.0
1.1667e-5 -9.72251e-5 0.0 0.0 0.0
1.5556e-5 -9.72251e-5 0.0 0.0 0.0
1.9445e-5 -9.72251e-5 0.0 0.0 0.0
2.3334e-5 -9.72251e-5 0.0 0.0 0.0
2.7223e-5 -9.72251e-5 0.0 0.0 0.0
3.1112e-5 -9.72251e-5 6.0e-10 0.0 0.0
3.5001e-5 -9.72251e-5 8.0e-10 0.0 0.0
3.889e-5 -9.72251e-5 0.0 0.0 0.0
4.2779e-5 -9.72251e-5 0.0 0.0 0.0
4.6668e-5 -9.72251e-5 0.0 0.0 0.0
5.0557e-5 -9.72251e-5 0.0 0.0 0.0
5.4446e-5 -9.72251e-5 0.0 0.0 0.0
5.8335e-5 -9.72251e-5 0.0 0.0 0.0
6.2224e-5 -9.72251e-5 0.0 0.0 0.0
6.6113e-5 -9.72251e-5 0.0 0.0 0.0
7.0002e-5 -9.72251e-5 0.0 0.0 0.0
7.3891e-5 -9.72251e-5 0.0 0.0 0.0
7.778e-5 -9.72251e-5 0.0 0.0 0.0
8.1669e-5 -9.72251e-5 0.0 0.0 0.0
8.55581e-5 -9.72251e-5 0.0 0.0 0.0
8.94471e-5 -9.72251e-5 0.0 0.0 0.0
9.33361e-5 -9.72251e-5 0.0 0.0 0.0
-9.72251e-5 -9.33361e-5 7.6e-9 0.0 0.0
-9.33361e-5 -9.33361e-5 1.94e-8 0.0 0.0
-8.94471e-5 -9.33361e-5 1.307e-7 0.0 0.0
-8.55581e-5 -9.33361e-5 2.6458e-6 0.0 0.0
-8.1669e-5 -9.33361e-5 2.23621e-5 0.0 0.0
-7.778e-5 -9.33361e-5 2.9905e-5 0.0 0.0
-7.3891e-5 -9.33361e-5 6.05678e-5 0.0 0.0
-7.0002e-5 -9.33361e-5 0.0001303274 0.0 0.0
-6.6113e-5 -9.33361e-5 0.0002297295 0.0 0.0
-6.2224e-5 -9.33361e-5 0.0003612095 0.0 0.0
-5.8335e-5 -9.33361e-5 0.0003982385 0.0 0.0
-5.4446e-5 -9.33361e-5 0.0005523235 0.0 0.0
-5.0557e-5 -9.33361e-5 0.0007620927 0.0 0.0
-4.6668e-5 -9.33361e-5 0.0009523816 0.0 0.0
-4.2779e-5 -9.33361e-5 0.0008020436 0.0 0.0
-3.889e-5 -9.33361e-5 0.0009808999 0.0 0.0
-3.5001e-5 -9.33361e-5 0.0008107958 0.0 0.0
-3.1112e-5 -9.33361e-5 0.0006844497 0.0 0.0
-2.7223e-5 -9.33361e-5 0.0005248749 0.0 0.0
-2.3334e-5 -9.33361e-5 0.0004785245 0.0 0.0
-1.9445e-5 -9.33361e-5 0.0003999845 0.0 0.0
-1.5556e-5 -9.33361e-5 0.0005599988 0.0 0.0
-1.1667e-5 -9.33361e-5 0.0004335988 0.0 0.0
-7.778e-6 -9.33361e-5 0.0002558222 0.0 0.0
-3.889e-6 -9.33361e-5 0.0003391943 0.0 0.0
0.0 -9.33361e-5 0.0001365938 0.0 0.0
3.889e-6 -9.33361e-5 1.90032e-5 0.0 0.0
7.778e-6 -9.33361e-5 3.408e-7 0.0 0.0
1.1667e-5 -9.33361e-5 1.0e-10 0.0 0.0
1.5556e-5 -9.33361e-5 0.0 0.0 0.0
1.9445e-5 -9.33361e-5 0.0 0.0 0.0
2.3334e-5 -9.33361e-5 0.0 0.0 0.0
2.7223e-5 -9.33361e-5 0.0 0.0 0.0
3.1112e-5 -9.33361e-5 0.0 0.0 0.0
3.5001e-5 -9.33361e-5 4.0e-10 0.0 0.0
3.889e-5 -9.33361e-5 4.0e-10 0.0 0.0
4.2779e-5 -9.33361e-5 0.0 0.0 0.0
4.6668e-5 -9.33361e-5 0.0 0.0 0.0
5.0557e-5 -9.33361e-5 0.0 0.0 0.0
5.4446e-5 -9.33361e-5 0.0 0.0 0.0
5.8335e-5 -9.33361e-5 0.0 0.0 0.0
6.2224e-5 -9.33361e-5 0.0 0.0 0.0
6.6113e-5 -9.33361e-5 0.0 0.0 0.0
7.0002e-5 -9.33361e-5 0.0 0.0 0.0
7.3891e-5 -9.33361e-5 0.0 0.0 0.0
7.778e-5 -9.33361e-5 0.0 0.0 0.0
8.1669e-5 -9.33361e-5 0.0 0.0 0.0
8.55581e-5 -9.33361e-5 0.0 0.0 0.0
8.94471e-5 -9.33361e-5 0.0 0.0 0.0
9.33361e-5 -9.33361e-5 0.0 0.0 0.0
-9.72251e-5 -8.94471e-5 8.092e-7 0.0 0.0
-9.33361e-5 -8.94471e-5 6.6963e-6 0.0 0.0
-8.94471e-5 -8.94471e-5 3.22925e-5 0.0 0.0
-8.55581e-5 -8.94471e-5 8.00796e-5 0.0 0.0
-8.1669e-5 -8.94471e-5 0.0001592037 0.0 0.0
-7.778e-5 -8.94471e-5 0.0002422892 0.0 0.0
-7.3891e-5 -8.94471e-5 0.0002419161 0.0 0.0
-7.0002e-5 -8.94471e-5 0.0004105323 0.0 0.0
-6.6113e-5 -8.94471e-5 0.0006551162 0.0 0.0
-6.2224e-5 -8.94471e-5 0.001121889 0.0 0.0
-5.8335e-5 -8.94471e-5 0.0016277791 0.0 0.0
-5.4446e-5 -8.94471e-5 0.0019945645 0.0 0.0
-5.0557e-5 -8.94471e-5 0.0016215343 0.0 0.0
-4.6668e-5 -8.94471e-5 0.0020744849 0.0 0.0
-4.2779e-5 -8.94471e-5 0.002499709 0.0 0.0
-3.889e-5 -8.94471e-5 0.001787789 0.0 0.0
-3.5001e-5 -8.94471e-5 0.001928607 0.0 0.0
-3.1112e-5 -8.94471e-5 0.0015590157 0.0 0.0
-2.7223e-5 -8.94471e-5 0.0013287772 0.0 0.0
-2.3334e-5 -8.94471e-5 0.0010957836 0.0 0.0
-1.9445e-5 -8.94471e-5 0.0009569729 0.0 0.0
-1.5556e-5 -8.94471e-5 0.0008365134 0.0 0.0
-1.1667e-5 -8.94471e-5 0.0007524995 0.0 0.0
-7.778e-6 -8.94471e-5 0.0009338183 0.0 0.0
-3.889e-6 -8.94471e-5 0.0004973349 0.0 0.0
0.0 -8.94471e-5 0.0002396025 0.0 0.0
3.889e-6 -8.94471e-5 0.0002453529 0.0 0.0
7.778e-6 -8.94471e-5 0.0002284413 0.0 0.0
1.1667e-5 -8.94471e-5 1.00517e-5 0.0 0.0
1.5556e-5 -8.94471e-5 1.28e-8 0.0 0.0
1.9445e-5 -8.94471e-5 0.0 0.0 0.0
2.3334e-5 -8.94471e-5 0.0 0.0 0.0
2.7223e-5 -8.94471e-5 0.0 0.0 0.0
3.1112e-5 -8.94471e-5 0.0 0.0 0.0
3.5001e-5 -8.94471e-5 0.0 0.0 0.0
3.889e-5 -8.94471e-5 0.0 0.0 0.0
4.2779e-5 -8.94471e-5 1.0e-10 0.0 0.0
4.6668e-5 -8.94471e-5 0.0 0.0 0.0
5.0557e-5 -8.94471e-5 0.0 0.0 0.0
5.4446e-5 -8.94471e-5 0.0 0.0 0.0
5.8335e-5 -8.94471e-5 0.0 0.0 0.0
6.2224e-5 -8.94471e-5 0.0 0.0 0.0
6.6113e-5 -8.94471e-5 0.0 0.0 0.0
7.0002e-5 -8.94471e-5 0.0 0.0 0.0
7.3891e-5 -8.94471e-5 0.0 0.0 0.0
7.778e-5 -8.94471e-5 0.0 0.0 0.0
8.1669e-5 -8.94471e-5 0.0 0.0 0.0
8.55581e-5 -8.94471e-5 0.0 0.0 0.0
8.94471e-5 -8.94471e-5 0.0 0.0 0.0
9.33361e-5 -8.94471e-5 0.0 0.0 0.0
-9.72251e-5 -8.55581e-5 2.26375e-5 0.0 0.0
-9.33361e-5 -8.55581e-5 0.0001065233 0.0 0.0
-8.94471e-5 -8.55581e-5 0.0003171959 0.0 0.0
-8.55581e-5 -8.55581e-5 0.0006458875 0.0 0.0
-8.1669e-5 -8.55581e-5 0.0009512615 0.0 0.0
-7.778e-5 -8.55581e-5 0.0018429349 0.0 0.0
-7.3891e-5 -8.55581e-5 0.0030789269 0.0 0.0
-7.0002e-5 -8.55581e-5 0.0036190829 0.0 0.0
-6.6113e-5 -8.55581e-5 0.0034323101 0.0 0.0
-6.2224e-5 -8.55581e-5 0.005012342 0.0 0.0
-5.8335e-5 -8.55581e-5 0.0044263337 0.0 0.0
-5.4446e-5 -8.55581e-5 0.004975869 0.0 0.0
-5.0557e-5 -8.55581e-5 0.0055391871 0.0 0.0
-4.6668e-5 -8.55581e-5 0.0056516577 0.0 0.0
-4.2779e-5 -8.55581e-5 0.0054953845 0.0 0.0
-3.889e-5 -8.55581e-5 0.0051919117 0.0 0.0
-3.5001e-5 -8.55581e-5 0.0033937044 0.0 0.0
-3.1112e-5 -8.55581e-5 0.0030290265 0.0 0.0
-2.7223e-5 -8.55581e-5 0.0028422913 0.0 0.0
-2.3334e-5 -8.55581e-5 0.0021965957 0.0 0.0
-1.9445e-5 -8.55581e-5 0.0017452437 0.0 0.0
-1.5556e-5 -8.55581e-5 0.0020122681 0.0 0.0
-1.1667e-5 -8.55581e-5 0.0017802417 0.0 0.0
-7.778e-6 -8.55581e-5 0.0015964506 0.0 0.0
-3.889e-6 -8.55581e-5 0.001141076 0.0 0.0
0.0 -8.55581e-5 0.0010299596 0.0 0.0
3.889e-6 -8.55581e-5 0.0008704438 0.0 0.0
7.778e-6 -8.55581e-5 0.000468128 0.0 0.0
1.1667e-5 -8.55581e-5 0.000276695 0.0 0.0
1.5556e-5 -8.55581e-5 0.0001425761 0.0 0.0
1.9445e-5 -8.55581e-5 8.6792e-6 0.0 0.0
2.3334e-5 -8.55581e-5 1.92797e-5 0.0 0.0
2.7223e-5 -8.55581e-5 3.22737e-5 0.0 0.0
3.1112e-5 -8.55581e-5 7.3413e-6 0.0 0.0
3.5001e-5 -8.55581e-5 8.0e-7 0.0 0.0
3.889e-5 -8.55581e-5 1.78e-8 0.0 0.0
4.2779e-5 -8.55581e-5 0.0 0.0 0.0
4.6668e-5 -8.55581e-5 0.0 0.0 0.0
5.0557e-5 -8.55581e-5 0.0 0.0 0.0
5.4446e-5 -8.55581e-5 0.0 0.0 0.0
5.8335e-5 -8.55581e-5 0.0 0.0 0.0
6.2224e-5 -8.55581e-5 0.0 0.0 0.0
6.6113e-5 -8.55581e-5 0.0 0.0 0.0
7.0002e-5 -8.55581e-5 0.0 0.0 0.0
7.3891e-5 -8.55581e-5 0.0 0.0 0.0
7.778e-5 -8.55581e-5 0.0 0.0 0.0
8.1669e-5 -8.55581e-5 0.0 0.0 0.0
8.55581e-5 -8.55581e-5 0.0 0.0 0.0
8.94471e-5 -8.55581e-5 0.0 0.0 0.0
9.33361e-5 -8.55581e-5 0.0 0.0 0.0
-9.72251e-5 -8.1669e-5 0.0004495582 0.0 0.0
-9.33361e-5 -8.1669e-5 0.0013546976 0.0 0.0
-8.94471e-5 -8.1669e-5 0.0027064139 0.0 0.0
-8.55581e-5 -8.1669e-5 0.0032621523 0.0 0.0
-8.1669e-5 -8.1669e-5 0.003772866 0.0 0.0
-7.778e-5 -8.1669e-5 0.0050833666 0.0 0.0
-7.3891e-5 -8.1669e-5 0.0068971967 0.0 0.0
-7.0002e-5 -8.1669e-5 0.0095624457 0.0 0.0
-6.6113e-5 -8.1669e-5 0.0155447667 0.0 0.0
-6.2224e-5 -8.1669e-5 0.0176627323 0.0 0.0
-5.8335e-5 -8.1669e-5 0.0183150449 0.0 0.0
-5.4446e-5 -8.1669e-5 0.0206237278 0.0 0.0
-5.0557e-5 -8.1669e-5 0.0164557433 0.0 0.0
-4.6668e-5 -8.1669e-5 0.0110021125 0.0 0.0
-4.2779e-5 -8.1669e-5 0.0074602247 0.0 0.0
-3.889e-5 -8.1669e-5 0.0079748358 0.0 0.0
-3.5001e-5 -8.1669e-5 0.0090615719 0.0 0.0
-3.1112e-5 -8.1669e-5 0.0093790534 0.0 0.0
-2.7223e-5 -8.1669e-5 0.0072495898 0.0 0.0
-2.3334e-5 -8.1669e-5 0.0053896168 0.0 0.0
-1.9445e-5 -8.1669e-5 0.0030231911 0.0 0.0
-1.5556e-5 -8.1669e-5 0.0029736371 0.0 0.0
-1.1667e-5 -8.1669e-5 0.0023564078 0.0 0.0
-7.778e-6 -8.1669e-5 0.0026632624 0.0 0.0
-3.889e-6 -8.1669e-5 0.0020338402 0.0 0.0
0.0 -8.1669e-5 0.0017093657 0.0 0.0
3.889e-6 -8.1669e-5 0.0018566504 0.0 0.0
7.778e-6 -8.1669e-5 0.001746621 0.0 0.0
1.1667e-5 -8.1669e-5 0.0015644353 0.0 0.0
1.5556e-5 -8.1669e-5 0.0007233421 0.0 0.0
1.9445e-5 -8.1669e-5 0.0007080267 0.0 0.0
2.3334e-5 -8.1669e-5 0.0003591943 0.0 0.0
2.7223e-5 -8.1669e-5 0.0002286686 0.0 0.0
3.1112e-5 -8.1669e-5 8.09463e-5 0.0 0.0
3.5001e-5 -8.1669e-5 1.67115e-5 0.0 0.0
3.889e-5 -8.1669e-5 4.97298e-5 0.0 0.0
4.2779e-5 -8.1669e-5 5.30547e-5 0.0 0.0
4.6668e-5 -8.1669e-5 0.0001615756 0.0 0.0
5.0557e-5 -8.1669e-5 5.1918e-6 0.0 0.0
5.4446e-5 -8.1669e-5 7.0e-10 0.0 0.0
5.8335e-5 -8.1669e-5 0.0 0.0 0.0
6.2224e-5 -8.1669e-5 0.0 0.0 0.0
6.6113e-5 -8.1669e-5 0.0 0.0 0.0
7.0002e-5 -8.1669e-5 0.0 0.0 0.0
7.3891e-5 -8.1669e-5 0.0 0.0 0.0
7.778e-5 -8.1669e-5 0.0 0.0 0.0
8.1669e-5 -8.1669e-5 0.0 0.0 0.0
8.55581e-5 -8.1669e-5 0.0 0.0 0.0
8.94471e-5 -8.1669e-5 0.0 0.0 0.0
9.33361e-5 -8.1669e-5 0.0 0.0 0.0
-9.72251e-5 -7.778e-5 0.0023954758 0.0 0.0
-9.33361e-5 -7.778e-5 0.0050256653 0.0 0.0
-8.94471e-5 -7.778e-5 0.0089973792 0.0 0.0
-8.55581e-5 -7.778e-5 0.0100940894 0.0 0.0
-8.1669e-5 -7.778e-5 0.0212437583 0.0 0.0
-7.778e-5 -7.778e-5 0.0222935901 0.0 0.0
-7.3891e-5 -7.778e-5 0.0058039706 0.0 0.0
-7.0002e-5 -7.778e-5 0.0053198488 0.0 0.0
-6.6113e-5 -7.778e-5 0.0046365957 0.0 0.0
-6.2224e-5 -7.778e-5 0.0046455612 0.0 0.0
-5.8335e-5 -7.778e-5 0.0068403681 0.0 0.0
-5.4446e-5 -7.778e-5 0.0103231089 0.0 0.0
-5.0557e-5 -7.778e-5 0.0158314923 0.0 0.0
-4.6668e-5 -7.778e-5 0.0190479826 0.0 0.0
-4.2779e-5 -7.778e-5 0.0200158728 0.0 0.0
-3.889e-5 -7.778e-5 0.0276482151 0.0 0.0
-3.5001e-5 -7.778e-5 0.0266193978 0.0 0.0
-3.1112e-5 -7.778e-5 0.0136199763 0.0 0.0
-2.7223e-5 -7.778e-5 0.0132002978 0.0 0.0
-2.3334e-5 -7.778e-5 0.0149825709 0.0 0.0
-1.9445e-5 -7.778e-5 0.0118547684 0.0 0.0
-1.5556e-5 -7.778e-5 0.007042994 0.0 0.0
-1.1667e-5 -7.778e-5 0.0039848132 0.0 0.0
-7.778e-6 -7.778e-5 0.0039558485 0.0 0.0
-3.889e-6 -7.778e-5 0.0034659408 0.0 0.0
0.0 -7.778e-5 0.0025505077 0.0 0.0
3.889e-6 -7.778e-5 0.0025415535 0.0 0.0
7.778e-6 -7.778e-5 0.0022489628 0.0 0.0
1.1667e-5 -7.778e-5 0.0016282559 0.0 0.0
1.5556e-5 -7.778e-5 0.0019536402 0.0 0.0
1.9445e-5 -7.778e-5 0.0009222717 0.0 0.0
2.3334e-5 -7.778e-5 0.0007806004 0.0 0.0
2.7223e-5 -7.778e-5 0.0004610548 0.0 0.0
3.1112e-5 -7.778e-5 0.0005377628 0.0 0.0
3.5001e-5 -7.778e-5 0.0009257631 0.0 0.0
3.889e-5 -7.778e-5 0.0012069553 0.0 0.0
4.2779e-5 -7.778e-5 0.0006913327 0.0 0.0
4.6668e-5 -7.778e-5 9.97615e-5 0.0 0.0
5.0557e-5 -7.778e-5 5.36962e-5 0.0 0.0
5.4446e-5 -7.778e-5 2.72699e-5 0.0 0.0
5.8335e-5 -7.778e-5 9.64241e-5 0.0 0.0
6.2224e-5 -7.778e-5 4.19e-8 0.0 0.0
6.6113e-5 -7.778e-5 0.0 0.0 0.0
7.0002e-5 -7.778e-5 0.0 0.0 0.0
7.3891e-5 -7.778e-5 0.0 0.0 0.0
7.778e-5 -7.778e-5 0.0 0.0 0.0
8.1669e-5 -7.778e-5 0.0 0.0 0.0
8.55581e-5 -7.778e-5 0.0 0.0 0.0
8.94471e-5 -7.778e-5 0.0 0.0 0.0
9.33361e-5 -7.778e-5 0.0 0.0 0.0
-9.72251e-5 -7.3891e-5 0.0106601214 0.0 0.0
-9.33361e-5 -7.3891e-5 0.0146929738 0.0 0.0
-8.94471e-5 -7.3891e-5 0.0042844902 0.0 0.0
-8.55581e-5 -7.3891e-5 0.0020194509 0.0 0.0
-8.1669e-5 -7.3891e-5 0.0018467138 0.0 0.0
-7.778e-5 -7.3891e-5 0.001975642 0.0 0.0
-7.3891e-5 -7.3891e-5 0.0020432323 0.0 0.0
-7.0002e-5 -7.3891e-5 0.0036827434 0.0 0.0
-6.6113e-5 -7.3891e-5 0.0017640838 0.0 0.0
-6.2224e-5 -7.3891e-5 0.0020375294 0.0 0.0
-5.8335e-5 -7.3891e-5 0.0016253307 0.0 0.0
-5.4446e-5 -7.3891e-5 0.001063998 0.0 0.0
-5.0557e-5 -7.3891e-5 0.0009368406 0.0 0.0
-4.6668e-5 -7.3891e-5 0.0030974738 0.0 0.0
-4.2779e-5 -7.3891e-5 0.0023757208 0.0 0.0
-3.889e-5 -7.3891e-5 0.0033240031 0.0 0.0
-3.5001e-5 -7.3891e-5 0.0038889268 0.0 0.0
-3.1112e-5 -7.3891e-5 0.0228785566 0.0 0.0
-2.7223e-5 -7.3891e-5 0.0543392947 0.0 0.0
-2.3334e-5 -7.3891e-5 0.019478248 0.0 0.0
-1.9445e-5 -7.3891e-5 0.0137365643 0.0 0.0
-1.5556e-5 -7.3891e-5 0.0179784649 0.0 0.0
-1.1667e-5 -7.3891e-5 0.0123888071 0.0 0.0
-7.778e-6 -7.3891e-5 0.0060204392 0.0 0.0
-3.889e-6 -7.3891e-5 0.0035681201 0.0 0.0
0.0 -7.3891e-5 0.0025711574 0.0 0.0
3.889e-6 -7.3891e-5 0.0019102899 0.0 0.0
7.778e-6 -7.3891e-5 0.0016227395 0.0 0.0
1.1667e-5 -7.3891e-5 0.0018999476 0.0 0.0
1.5556e-5 -7.3891e-5 0.0023925911 0.0 0.0
1.9445e-5 -7.3891e-5 0.0022682251 0.0 0.0
2.3334e-5 -7.3891e-5 0.0012032587 0.0 0.0
2.7223e-5 -7.3891e-5 0.0003010297 0.0 0.0
3.1112e-5 -7.3891e-5 0.000111952 0.0 0.0
3.5001e-5 -7.3891e-5 0.0001929418 0.0 0.0
3.889e-5 -7.3891e-5 0.0004978773 0.0 0.0
4.2779e-5 -7.3891e-5 0.0009753162 0.0 0.0
4.6668e-5 -7.3891e-5 0.0012234864 0.0 0.0
5.0557e-5 -7.3891e-5 0.0010358944 0.0 0.0
5.4446e-5 -7.3891e-5 0.000319209 0.0 0.0
5.8335e-5 -7.3891e-5 0.0001375536 0.0 0.0
6.2224e-5 -7.3891e-5 9.98189e-5 0.0 0.0
6.6113e-5 -7.3891e-5 8.87602e-5 0.0 0.0
7.0002e-5 -7.3891e-5 1.769e-7 0.0 0.0
7.3891e-5 -7.3891e-5 0.0 0.0 0.0
7.778e-5 -7.3891e-5 0.0 0.0 0.0
8.1669e-5 -7.3891e-5 0.0 0.0 0.0
8.55581e-5 -7.3891e-5 0.0 0.0 0.0
8.94471e-5 -7.3891e-5 0.0 0.0 0.0
9.33361e-5 -7.3891e-5 0.0 0.0 0.0
-9.72251e-5 -7.0002e-5 0.0017394817 0.0 0.0
-9.33361e-5 -7.0002e-5 0.0015870979 0.0 0.0
-8.94471e-5 -7.0002e-5 0.0016471848 0.0 0.0
-8.55581e-5 -7.0002e-5 0.0013839894 0.0 0.0
-8.1669e-5 -7.0002e-5 0.0006952322 0.0 0.0
-7.778e-5 -7.0002e-5 0.001095418 0.0 0.0
-7.3891e-5 -7.0002e-5 0.0011623713 0.0 0.0
-7.0002e-5 -7.0002e-5 0.00077894 0.0 0.0
-6.6113e-5 -7.0002e-5 0.0005108912 0.0 0.0
-6.2224e-5 -7.0002e-5 0.0004422801 0.0 0.0
-5.8335e-5 -7.0002e-5 0.0017794557 0.0 0.0
-5.4446e-5 -7.0002e-5 0.0012999167 0.0 0.0
-5.0557e-5 -7.0002e-5 0.0007154459 0.0 0.0
-4.6668e-5 -7.0002e-5 0.0006215088 0.0 0.0
-4.2779e-5 -7.0002e-5 0.0003084045 0.0 0.0
-3.889e-5 -7.0002e-5 0.0003147776 0.0 0.0
-3.5001e-5 -7.0002e-5 0.0004226952 0.0 0.0
-3.1112e-5 -7.0002e-5 0.0006810685 0.0 0.0
-2.7223e-5 -7.0002e-5 0.0006701281 0.0 0.0
-2.3334e-5 -7.0002e-5 0.0139641825 0.0 0.0
-1.9445e-5 -7.0002e-5 0.0428281457 0.0 0.0
-1.5556e-5 -7.0002e-5 0.0378465071 0.0 0.0
-1.1667e-5 -7.0002e-5 0.0162724307 0.0 0.0
-7.778e-6 -7.0002e-5 0.0238660581 0.0 0.0
-3.889e-6 -7.0002e-5 0.0106715276 0.0 0.0
0.0 -7.0002e-5 0.0046116499 0.0 0.0
3.889e-6 -7.0002e-5 0.0025115394 0.0 0.0
7.778e-6 -7.0002e-5 0.0015041163 0.0 0.0
1.1667e-5 -7.0002e-5 0.00186297 0.0 0.0
1.5556e-5 -7.0002e-5 0.0018153967 0.0 0.0
1.9445e-5 -7.0002e-5 0.002562027 0.0 0.0
2.3334e-5 -7.0002e-5 0.0020911567 0.0 0.0
2.7223e-5 -7.0002e-5 0.0009495159 0.0 0.0
3.1112e-5 -7.0002e-5 0.000146249 0.0 0.0
3.5001e-5 -7.0002e-5 0.0001033008 0.0 0.0
3.889e-5 -7.0002e-5 0.0001536001 0.0 0.0
4.2779e-5 -7.0002e-5 0.0003668094 0.0 0.0
4.6668e-5 -7.0002e-5 0.0006955771 0.0 0.0
5.0557e-5 -7.0002e-5 0.0010997302 0.0 0.0
5.4446e-5 -7.0002e-5 0.0009711639 0.0 0.0
5.8335e-5 -7.0002e-5 0.0007206013 0.0 0.0
6.2224e-5 -7.0002e-5 0.0002921883 0.0 0.0
6.6113e-5 -7.0002e-5 0.0001451811 0.0 0.0
7.0002e-5 -7.0002e-5 0.0001905099 0.0 0.0
7.3891e-5 -7.0002e-5 2.30559e-5 0.0 0.0
7.778e-5 -7.0002e-5 2.161e-7 0.0 0.0
8.1669e-5 -7.0002e-5 2.2e-9 0.0 0.0
8.55581e-5 -7.0002e-5 4.0e-10 0.0 0.0
8.94471e-5 -7.0002e-5 0.0 0.0 0.0
9.33361e-5 -7.0002e-5 0.0 0.0 0.0
-9.72251e-5 -6.6113e-5 0.0016088643 0.0 0.0
-9.33361e-5 -6.6113e-5 0.0014409598 0.0 0.0
-8.94471e-5 -6.6113e-5 0.0004854067 0.0 0.0
-8.55581e-5 -6.6113e-5 0.0007269496 0.0 0.0
-8.1669e-5 -6.6113e-5 0.0001674348 0.0 0.0
-7.778e-5 -6.6113e-5 0.0009826748 0.0 0.0
-7.3891e-5 -6.6113e-5 0.0022543992 0.0 0.0
-7.0002e-5 -6.6113e-5 0.0038913313 0.0 0.0
-6.6113e-5 -6.6113e-5 0.0020474274 0.0 0.0
-6.2224e-5 -6.6113e-5 0.0016360727 0.0 0.0
-5.8335e-5 -6.6113e-5 0.0007964782 0.0 0.0
-5.4446e-5 -6.6113e-5 0.0009190805 0.0 0.0
-5.0557e-5 -6.6113e-5 0.0004059824 0.0 0.0
-4.6668e-5 -6.6113e-5 0.0004954488 0.0 0.0
-4.2779e-5 -6.6113e-5 0.0004691093 0.0 0.0
-3.889e-5 -6.6113e-5 0.0006582803 0.0 0.0
-3.5001e-5 -6.6113e-5 0.0008643877 0.0 0.0
-3.1112e-5 -6.6113e-5 0.0005713925 0.0 0.0
-2.7223e-5 -6.6113e-5 0.0001874561 0.0 0.0
-2.3334e-5 -6.6113e-5 0.0003204186 0.0 0.0
-1.9445e-5 -6.6113e-5 0.0003154963 0.0 0.0
-1.5556e-5 -6.6113e-5 0.0342740184 0.0 0.0
-1.1667e-5 -6.6113e-5 0.0339411904 0.0 0.0
-7.778e-6 -6.6113e-5 0.0518301343 0.0 0.0
-3.889e-6 -6.6113e-5 0.0170228121 0.0 0.0
0.0 -6.6113e-5 0.020751283 0.0 0.0
3.889e-6 -6.6113e-5 0.0082310629 0.0 0.0
7.778e-6 -6.6113e-5 0.0024238646 0.0 0.0
1.1667e-5 -6.6113e-5 0.0018591045 0.0 0.0
1.5556e-5 -6.6113e-5 0.0016137856 0.0 0.0
1.9445e-5 -6.6113e-5 0.0016053503 0.0 0.0
2.3334e-5 -6.6113e-5 0.0021654084 0.0 0.0
2.7223e-5 -6.6113e-5 0.0026683339 0.0 0.0
3.1112e-5 -6.6113e-5 0.0016964517 0.0 0.0
3.5001e-5 -6.6113e-5 0.0002279757 0.0 0.0
3.889e-5 -6.6113e-5 0.0002527155 0.0 0.0
4.2779e-5 -6.6113e-5 0.0002299943 0.0 0.0
4.6668e-5 -6.6113e-5 0.0002989125 0.0 0.0
5.0557e-5 -6.6113e-5 0.000461028 0.0 0.0
5.4446e-5 -6.6113e-5 0.0005926461 0.0 0.0
5.8335e-5 -6.6113e-5 0.0008563156 0.0 0.0
6.2224e-5 -6.6113e-5 0.0006658179 0.0 0.0
6.6113e-5 -6.6113e-5 0.0004214225 0.0 0.0
7.0002e-5 -6.6113e-5 0.0002047396 0.0 0.0
7.3891e-5 -6.6113e-5 0.0001136751 0.0 0.0
7.778e-5 -6.6113e-5 6.4495e-5 0.0 0.0
8.1669e-5 -6.6113e-5 3.3084e-6 0.0 0.0
8.55581e-5 -6.6113e-5 2.138e-7 0.0 0.0
8.94471e-5 -6.6113e-5 3.0e-10 0.0 0.0
9.33361e-5 -6.6113e-5 4.0e-10 0.0 0.0
-9.72251e-5 -6.2224e-5 0.0004105413 0.0 0.0
-9.33361e-5 -6.2224e-5 0.0008449108 0.0 0.0
-8.94471e-5 -6.2224e-5 0.0003815582 0.0 0.0
-8.55581e-5 -6.2224e-5 0.0006548696 0.0 0.0
-8.1669e-5 -6.2224e-5 0.0028675604 0.0 0.0
-7.778e-5 -6.2224e-5 0.0029240361 0.0 0.0
-7.3891e-5 -6.2224e-5 0.0012076777 0.0 0.0
-7.0002e-5 -6.2224e-5 0.0005966138 0.0 0.0
-6.6113e-5 -6.2224e-5 0.0001900591 0.0 0.0
-6.2224e-5 -6.2224e-5 0.0002192418 0.0 0.0
-5.8335e-5 -6.2224e-5 0.0002640533 0.0 0.0
-5.4446e-5 -6.2224e-5 0.0003682784 0.0 0.0
-5.0557e-5 -6.2224e-5 0.0012984451 0.0 0.0
-4.6668e-5 -6.2224e-5 0.0014439844 0.0 0.0
-4.2779e-5 -6.2224e-5 0.0019884893 0.0 0.0
-3.889e-5 -6.2224e-5 0.0034903049 0.0 0.0
-3.5001e-5 -6.2224e-5 0.0034140435 0.0 0.0
-3.1112e-5 -6.2224e-5 0.0045085012 0.0 0.0
-2.7223e-5 -6.2224e-5 0.0021136344 0.0 0.0
-2.3334e-5 -6.2224e-5 0.0024036543 0.0 0.0
-1.9445e-5 -6.2224e-5 0.0013855093 0.0 0.0
-1.5556e-5 -6.2224e-5 0.0018940568 0.0 0.0
-1.1667e-5 -6.2224e-5 0.0013676801 0.0 0.0
-7.778e-6 -6.2224e-5 0.0540583638 0.0 0.0
-3.889e-6 -6.2224e-5 0.0322773516 0.0 0.0
0.0 -6.2224e-5 0.0370249052 0.0 0.0
3.889e-6 -6.2224e-5 0.0274449252 0.0 0.0
7.778e-6 -6.2224e-5 0.0128198009 0.0 0.0
1.1667e-5 -6.2224e-5 0.0044817322 0.0 0.0
1.5556e-5 -6.2224e-5 0.0024339334 0.0 0.0
1.9445e-5 -6.2224e-5 0.0016403987 0.0 0.0
2.3334e-5 -6.2224e-5 0.0024068644 0.0 0.0
2.7223e-5 -6.2224e-5 0.0032129903 0.0 0.0
3.1112e-5 -6.2224e-5 0.0015488858 0.0 0.0
3.5001e-5 -6.2224e-5 0.0001863092 0.0 0.0
3.889e-5 -6.2224e-5 0.0001924413 0.0 0.0
4.2779e-5 -6.2224e-5 0.0002368518 0.0 0.0
4.6668e-5 -6.2224e-5 0.0002463928 0.0 0.0
5.0557e-5 -6.2224e-5 0.0002291299 0.0 0.0
5.4446e-5 -6.2224e-5 0.0003553247 0.0 0.0
5.8335e-5 -6.2224e-5 0.0005106201 0.0 0.0
6.2224e-5 -6.2224e-5 0.0005061134 0.0 0.0
6.6113e-5 -6.2224e-5 0.0006141251 0.0 0.0
7.0002e-5 -6.2224e-5 0.000437425 0.0 0.0
7.3891e-5 -6.2224e-5 0.0002077472 0.0 0.0
7.778e-5 -6.2224e-5 6.24983e-5 0.0 0.0
8.1669e-5 -6.2224e-5 0.0001062895 0.0 0.0
8.55581e-5 -6.2224e-5 4.5751e-6 0.0 0.0
8.94471e-5 -6.2224e-5 2.8388e-6 0.0 0.0
9.33361e-5 -6.2224e-5 4.77e-8 0.0 0.0
-9.72251e-5 -5.8335e-5 0.0005114195 0.0 0.0
-9.33361e-5 -5.8335e-5 0.0001966608 0.0 0.0
-8.94471e-5 -5.8335e-5 0.0003569773 0.0 0.0
-8.55581e-5 -5.8335e-5 0.004301052 0.0 0.0
-8.1669e-5 -5.8335e-5 0.001132386 0.0 0.0
-7.778e-5 -5.8335e-5 0.0001495605 0.0 0.0
-7.3891e-5 -5.8335e-5 0.0001505673 0.0 0.0
-7.0002e-5 -5.8335e-5 0.0002927226 0.0 0.0
-6.6113e-5 -5.8335e-5 0.0005117263 0.0 0.0
-6.2224e-5 -5.8335e-5 0.001012247 0.0 0.0
-5.8335e-5 -5.8335e-5 0.0007805947 0.0 0.0
-5.4446e-5 -5.8335e-5 0.0009822423 0.0 0.0
-5.0557e-5 -5.8335e-5 0.0007519247 0.0 0.0
-4.6668e-5 -5.8335e-5 0.0009191947 0.0 0.0
-4.2779e-5 -5.8335e-5 0.0006979084 0.0 0.0
-3.889e-5 -5.8335e-5 0.0003213545 0.0 0.0
-3.5001e-5 -5.8335e-5 0.001553739 0.0 0.0
-3.1112e-5 -5.8335e-5 0.0043275894 0.0 0.0
-2.7223e-5 -5.8335e-5 0.0109332582 0.0 0.0
-2.3334e-5 -5.8335e-5 0.0159978615 0.0 0.0
-1.9445e-5 -5.8335e-5 0.0132806212 0.0 0.0
-1.5556e-5 -5.8335e-5 0.0124908294 0.0 0.0
-1.1667e-5 -5.8335e-5 0.0072470093 0.0 0.0
-7.778e-6 -5.8335e-5 0.0021383358 0.0 0.0
-3.889e-6 -5.8335e-5 0.0469286945 0.0 0.0
0.0 -5.8335e-5 0.0335915982 0.0 0.0
3.889e-6 -5.8335e-5 0.1157154571 0.0 0.0
7.778e-6 -5.8335e-5 0.0151398111 0.0 0.0
1.1667e-5 -5.8335e-5 0.0149730166 0.0 0.0
1.5556e-5 -5.8335e-5 0.004572656 0.0 0.0
1.9445e-5 -5.8335e-5 0.0028418607 0.0 0.0
2.3334e-5 -5.8335e-5 0.0024490043 0.0 0.0
2.7223e-5 -5.8335e-5 0.0024858289 0.0 0.0
3.1112e-5 -5.8335e-5 0.0023125132 0.0 0.0
3.5001e-5 -5.8335e-5 0.0034086986 0.0 0.0
3.889e-5 -5.8335e-5 6.92884e-5 0.0 0.0
4.2779e-5 -5.8335e-5 0.0002040944 0.0 0.0
4.6668e-5 -5.8335e-5 0.0002127731 0.0 0.0
5.0557e-5 -5.8335e-5 0.0001851213 0.0 0.0
5.4446e-5 -5.8335e-5 0.0001882053 0.0 0.0
5.8335e-5 -5.8335e-5 0.0003137207 0.0 0.0
6.2224e-5 -5.8335e-5 0.0003848047 0.0 0.0
6.6113e-5 -5.8335e-5 0.0004854102 0.0 0.0
7.0002e-5 -5.8335e-5 0.0005048904 0.0 0.0
7.3891e-5 -5.8335e-5 0.0003638308 0.0 0.0
7.778e-5 -5.8335e-5 0.0001994955 0.0 0.0
8.1669e-5 -5.8335e-5 0.0001155373 0.0 0.0
8.55581e-5 -5.8335e-5 0.0001196103 0.0 0.0
8.94471e-5 -5.8335e-5 2.6701e-6 0.0 0.0
9.33361e-5 -5.8335e-5 1.8057e-6 0.0 0.0
-9.72251e-5 -5.4446e-5 5.81659e-5 0.0 0.0
-9.33361e-5 -5.4446e-5 0.0001270392 0.0 0.0
-8.94471e-5 -5.4446e-5 0.0021565736 0.0 0.0
-8.55581e-5 -5.4446e-5 0.0010479405 0.0 0.0
-8.1669e-5 -5.4446e-5 0.0006170995 0.0 0.0
-7.778e-5 -5.4446e-5 7.75596e-5 0.0 0.0
-7.3891e-5 -5.4446e-5 0.000276597 0.0 0.0
-7.0002e-5 -5.4446e-5 0.0001254451 0.0 0.0
-6.6113e-5 -5.4446e-5 3.60641e-5 0.0 0.0
-6.2224e-5 -5.4446e-5 5.52889e-5 0.0 0.0
-5.8335e-5 -5.4446e-5 0.0006422844 0.0 0.0
-5.4446e-5 -5.4446e-5 1.51507e-5 0.0 0.0
-5.0557e-5 -5.4446e-5 0.0008833388 0.0 0.0
-4.6668e-5 -5.4446e-5 0.0004898055 0.0 0.0
-4.2779e-5 -5.4446e-5 0.0010031396 0.0 0.0
-3.889e-5 -5.4446e-5 0.0008739604 0.0 0.0
-3.5001e-5 -5.4446e-5 0.0018918882 0.0 0.0
-3.1112e-5 -5.4446e-5 0.0021878109 0.0 0.0
-2.7223e-5 -5.4446e-5 0.0062814758 0.0 0.0
-2.3334e-5 -5.4446e-5 0.0053572467 0.0 0.0
-1.9445e-5 -5.4446e-5 0.0055909986 0.0 0.0
-1.5556e-5 -5.4446e-5 0.0358458396 0.0 0.0
-1.1667e-5 -5.4446e-5 0.0325626771 0.0 0.0
-7.778e-6 -5.4446e-5 0.0220518766 0.0 0.0
-3.889e-6 -5.4446e-5 0.0187554121 0.0 0.0
0.0 -5.4446e-5 0.059179031 0.0 0.0
3.889e-6 -5.4446e-5 0.0519595424 0.0 0.0
7.778e-6 -5.4446e-5 0.0623908652 0.0 0.0
1.1667e-5 -5.4446e-5 0.0229769757 0.0 0.0
1.5556e-5 -5.4446e-5 0.0159461635 0.0 0.0
1.9445e-5 -5.4446e-5 0.0035552917 0.0 0.0
2.3334e-5 -5.4446e-5 0.002766896 0.0 0.0
2.7223e-5 -5.4446e-5 0.0025554916 0.0 0.0
3.1112e-5 -5.4446e-5 0.0031698683 0.0 0.0
3.5001e-5 -5.4446e-5 0.0030046967 0.0 0.0
3.889e-5 -5.4446e-5 0.0002870045 0.0 0.0
4.2779e-5 -5.4446e-5 0.0002867262 0.0 0.0
4.6668e-5 -5.4446e-5 0.0001775081 0.0 0.0
5.0557e-5 -5.4446e-5 0.0001697523 0.0 0.0
5.4446e-5 -5.4446e-5 0.0001554831 0.0 0.0
5.8335e-5 -5.4446e-5 0.000195162 0.0 0.0
6.2224e-5 -5.4446e-5 0.0003509765 0.0 0.0
6.6113e-5 -5.4446e-5 0.0004339493 0.0 0.0
7.0002e-5 -5.4446e-5 0.0004518522 0.0 0.0
7.3891e-5 -5.4446e-5 0.0005280506 0.0 0.0
7.778e-5 -5.4446e-5 0.000266538 0.0 0.0
8.1669e-5 -5.4446e-5 0.0001728665 0.0 0.0
8.55581e-5 -5.4446e-5 9.36975e-5 0.0 0.0
8.94471e-5 -5.4446e-5 0.0001198302 0.0 0.0
9.33361e-5 -5.4446e-5 3.1304e-6 0.0 0.0
-9.72251e-5 -5.0557e-5 0.0026121446 0.0 0.0
-9.33361e-5 -5.0557e-5 0.0018008323 0.0 0.0
-8.94471e-5 -5.0557e-5 0.0004611028 0.0 0.0
-8.55581e-5 -5.0557e-5 0.0003307617 0.0 0.0
-8.1669e-5 -5.0557e-5 6.41322e-5 0.0 0.0
-7.778e-5 -5.0557e-5 0.0002262239 0.0 0.0
-7.3891e-5 -5.0557e-5 0.000220196 0.0 0.0
-7.0002e-5 -5.0557e-5 8.4331e-6 0.0 0.0
-6.6113e-5 -5.0557e-5 2.6297e-6 0.0 0.0
-6.2224e-5 -5.0557e-5 2.2882e-6 0.0 0.0
-5.8335e-5 -5.0557e-5 1.99905e-5 0.0 0.0
-5.4446e-5 -5.0557e-5 0.0006348702 0.0 0.0
-5.0557e-5 -5.0557e-5 0.000407944 0.0 0.0
-4.6668e-5 -5.0557e-5 0.0002938246 0.0 0.0
-4.2779e-5 -5.0557e-5 0.0017248967 0.0 0.0
-3.889e-5 -5.0557e-5 0.0018013263 0.0 0.0
-3.5001e-5 -5.0557e-5 0.0032869876 0.0 0.0
-3.1112e-5 -5.0557e-5 0.0017048786 0.0 0.0
-2.7223e-5 -5.0557e-5 0.0137771994 0.0 0.0
-2.3334e-5 -5.0557e-5 0.0073528301 0.0 0.0
-1.9445e-5 -5.0557e-5 0.0086467986 0.0 0.0
-1.5556e-5 -5.0557e-5 0.0165377335 0.0 0.0
-1.1667e-5 -5.0557e-5 0.040897415 0.0 0.0
-7.778e-6 -5.0557e-5 0.0367892928 0.0 0.0
-3.889e-6 -5.0557e-5 0.04516893 0.0 0.0
0.0 -5.0557e-5 0.024976973 0.0 0.0
3.889e-6 -5.0557e-5 0.0161381682 0.0 0.0
7.778e-6 -5.0557e-5 0.0543727063 0.0 0.0
1.1667e-5 -5.0557e-5 0.0777881653 0.0 0.0
1.5556e-5 -5.0557e-5 0.0299437163 0.0 0.0
1.9445e-5 -5.0557e-5 0.0180905441 0.0 0.0
2.3334e-5 -5.0557e-5 0.0045295084 0.0 0.0
2.7223e-5 -5.0557e-5 0.0028409445 0.0 0.0
3.1112e-5 -5.0557e-5 0.0032949593 0.0 0.0
3.5001e-5 -5.0557e-5 0.0037399761 0.0 0.0
3.889e-5 -5.0557e-5 0.0032877545 0.0 0.0
4.2779e-5 -5.0557e-5 0.0002928539 0.0 0.0
4.6668e-5 -5.0557e-5 0.0003157318 0.0 0.0
5.0557e-5 -5.0557e-5 0.0001615027 0.0 0.0
5.4446e-5 -5.0557e-5 0.0001710736 0.0 0.0
5.8335e-5 -5.0557e-5 0.0001090659 0.0 0.0
6.2224e-5 -5.0557e-5 0.0002427843 0.0 0.0
6.6113e-5 -5.0557e-5 0.0003777109 0.0 0.0
7.0002e-5 -5.0557e-5 0.0002863921 0.0 0.0
7.3891e-5 -5.0557e-5 0.0004073685 0.0 0.0
7.778e-5 -5.0557e-5 0.0003691643 0.0 0.0
8.1669e-5 -5.0557e-5 0.0001892256 0.0 0.0
8.55581e-5 -5.0557e-5 0.000139195 0.0 0.0
8.94471e-5 -5.0557e-5 0.0001122166 0.0 0.0
9.33361e-5 -5.0557e-5 8.99987e-5 0.0 0.0
-9.72251e-5 -4.6668e-5 0.0024149175 0.0 0.0
-9.33361e-5 -4.6668e-5 0.0005040043 0.0 0.0
-8.94471e-5 -4.6668e-5 0.000155461 0.0 0.0
-8.55581e-5 -4.6668e-5 5.99883e-5 0.0 0.0
-8.1669e-5 -4.6668e-5 0.0002375605 0.0 0.0
-7.778e-5 -4.6668e-5 1.19167e-5 0.0 0.0
-7.3891e-5 -4.6668e-5 0.0001778181 0.0 0.0
-7.0002e-5 -4.6668e-5 0.0001702369 0.0 0.0
-6.6113e-5 -4.6668e-5 4.4e-9 0.0 0.0
-6.2224e-5 -4.6668e-5 0.0007367571 0.0 0.0
-5.8335e-5 -4.6668e-5 0.000299726 0.0 0.0
-5.4446e-5 -4.6668e-5 0.0004744608 0.0 0.0
-5.0557e-5 -4.6668e-5 0.0011548118 0.0 0.0
-4.6668e-5 -4.6668e-5 0.000974301 0.0 0.0
-4.2779e-5 -4.6668e-5 0.0043829573 0.0 0.0
-3.889e-5 -4.6668e-5 0.0049922322 0.0 0.0
-3.5001e-5 -4.6668e-5 0.0177696921 0.0 0.0
-3.1112e-5 -4.6668e-5 0.0126910016 0.0 0.0
-2.7223e-5 -4.6668e-5 0.012527201 0.0 0.0
-2.3334e-5 -4.6668e-5 0.0159014404 0.0 0.0
-1.9445e-5 -4.6668e-5 0.016714273 0.0 0.0
-1.5556e-5 -4.6668e-5 0.0177026024 0.0 0.0
-1.1667e-5 -4.6668e-5 0.0172072818 0.0 0.0
-7.778e-6 -4.6668e-5 0.0452561223 0.0 0.0
-3.889e-6 -4.6668e-5 0.0408466991 0.0 0.0
0.0 -4.6668e-5 0.0630843572 0.0 0.0
3.889e-6 -4.6668e-5 0.0401777364 0.0 0.0
7.778e-6 -4.6668e-5 0.0312074865 0.0 0.0
1.1667e-5 -4.6668e-5 0.0684833672 0.0 0.0
1.5556e-5 -4.6668e-5 0.1452680963 0.0 0.0
1.9445e-5 -4.6668e-5 0.0260998246 0.0 0.0
2.3334e-5 -4.6668e-5 0.0201578911 0.0 0.0
2.7223e-5 -4.6668e-5 0.0064258956 0.0 0.0
3.1112e-5 -4.6668e-5 0.0034948298 0.0 0.0
3.5001e-5 -4.6668e-5 0.0037413078 0.0 0.0
3.889e-5 -4.6668e-5 0.0038250384 0.0 0.0
4.2779e-5 -4.6668e-5 0.0003100644 0.0 0.0
4.6668e-5 -4.6668e-5 0.0002426046 0.0 0.0
5.0557e-5 -4.6668e-5 0.0003194106 0.0 0.0
5.4446e-5 -4.6668e-5 0.0002777704 0.0 0.0
5.8335e-5 -4.6668e-5 0.0001645082 0.0 0.0
6.2224e-5 -4.6668e-5 0.0002014802 0.0 0.0
6.6113e-5 -4.6668e-5 0.0004119858 0.0 0.0
7.0002e-5 -4.6668e-5 0.0004029616 0.0 0.0
7.3891e-5 -4.6668e-5 0.0003539992 0.0 0.0
7.778e-5 -4.6668e-5 0.0002891981 0.0 0.0
8.1669e-5 -4.6668e-5 0.0002776593 0.0 0.0
8.55581e-5 -4.6668e-5 0.0001865269 0.0 0.0
8.94471e-5 -4.6668e-5 0.0001339998 0.0 0.0
9.33361e-5 -4.6668e-5 8.47527e-5 0.0 0.0
-9.72251e-5 -4.2779e-5 0.0004996073 0.0 0.0
-9.33361e-5 -4.2779e-5 3.1462e-6 0.0 0.0
-8.94471e-5 -4.2779e-5 2.59093e-5 0.0 0.0
-8.55581e-5 -4.2779e-5 2.98952e-5 0.0 0.0
-8.1669e-5 -4.2779e-5 1.4491e-6 0.0 0.0
-7.778e-5 -4.2779e-5 8.29593e-5 0.0 0.0
-7.3891e-5 -4.2779e-5 2.243e-7 0.0 0.0
-7.0002e-5 -4.2779e-5 7.16691e-5 0.0 0.0
-6.6113e-5 -4.2779e-5 2.857e-7 0.0 0.0
-6.2224e-5 -4.2779e-5 0.0003685672 0.0 0.0
-5.8335e-5 -4.2779e-5 0.0005123701 0.0 0.0
-5.4446e-5 -4.2779e-5 0.0025500629 0.0 0.0
-5.0557e-5 -4.2779e-5 0.0032037294 0.0 0.0
-4.6668e-5 -4.2779e-5 0.0051636475 0.0 0.0
-4.2779e-5 -4.2779e-5 0.0103726534 0.0 0.0
-3.889e-5 -4.2779e-5 0.0125267734 0.0 0.0
-3.5001e-5 -4.2779e-5 0.0103969787 0.0 0.0
-3.1112e-5 -4.2779e-5 0.0144610605 0.0 0.0
-2.7223e-5 -4.2779e-5 0.012525042 0.0 0.0
-2.3334e-5 -4.2779e-5 0.0142026092 0.0 0.0
-1.9445e-5 -4.2779e-5 0.0146891772 0.0 0.0
-1.5556e-5 -4.2779e-5 0.0185828818 0.0 0.0
-1.1667e-5 -4.2779e-5 0.0177962861 0.0 0.0
-7.778e-6 -4.2779e-5 0.0155508864 0.0 0.0
-3.889e-6 -4.2779e-5 0.0889683093 0.0 0.0
0.0 -4.2779e-5 0.0293710133 0.0 0.0
3.889e-6 -4.2779e-5 0.0701862147 0.0 0.0
7.778e-6 -4.2779e-5 0.0662575245 0.0 0.0
1.1667e-5 -4.2779e-5 0.0433968439 0.0 0.0
1.5556e-5 -4.2779e-5 0.0796877347 0.0 0.0
1.9445e-5 -4.2779e-5 0.1184648945 0.0 0.0
2.3334e-5 -4.2779e-5 0.0261779079 0.0 0.0
2.7223e-5 -4.2779e-5 0.0182520216 0.0 0.0
3.1112e-5 -4.2779e-5 0.0038312183 0.0 0.0
3.5001e-5 -4.2779e-5 0.0032728964 0.0 0.0
3.889e-5 -4.2779e-5 0.0035083002 0.0 0.0
4.2779e-5 -4.2779e-5 0.0008283537 0.0 0.0
4.6668e-5 -4.2779e-5 0.0002228388 0.0 0.0
5.0557e-5 -4.2779e-5 0.0007104436 0.0 0.0
5.4446e-5 -4.2779e-5 0.0004749137 0.0 0.0
5.8335e-5 -4.2779e-5 0.0002909991 0.0 0.0
6.2224e-5 -4.2779e-5 0.0002032463 0.0 0.0
6.6113e-5 -4.2779e-5 0.0004174539 0.0 0.0
7.0002e-5 -4.2779e-5 0.0003294437 0.0 0.0
7.3891e-5 -4.2779e-5 0.0002659746 0.0 0.0
7.778e-5 -4.2779e-5 0.0002607666 0.0 0.0
8.1669e-5 -4.2779e-5 0.0002806928 0.0 0.0
8.55581e-5 -4.2779e-5 0.0001885598 0.0 0.0
8.94471e-5 -4.2779e-5 0.0001515315 0.0 0.0
9.33361e-5 -4.2779e-5 8.75259e-5 0.0 0.0
-9.72251e-5 -3.889e-5 1.87387e-5 0.0 0.0
-9.33361e-5 -3.889e-5 1.88643e-5 0.0 0.0
-8.94471e-5 -3.889e-5 1.24069e-5 0.0 0.0
-8.55581e-5 -3.889e-5 9.1784e-6 0.0 0.0
-8.1669e-5 -3.889e-5 1.694e-7 0.0 0.0
-7.778e-5 -3.889e-5 5.258e-7 0.0 0.0
-7.3891e-5 -3.889e-5 0.0004812082 0.0 0.0
-7.0002e-5 -3.889e-5 0.00034231 0.0 0.0
-6.6113e-5 -3.889e-5 0.0007642655 0.0 0.0
-6.2224e-5 -3.889e-5 0.0020935331 0.0 0.0
-5.8335e-5 -3.889e-5 0.0032113433 0.0 0.0
-5.4446e-5 -3.889e-5 0.0046213472 0.0 0.0
-5.0557e-5 -3.889e-5 0.0057567505 0.0 0.0
-4.6668e-5 -3.889e-5 0.0083738172 0.0 0.0
-4.2779e-5 -3.889e-5 0.0093829916 0.0 0.0
-3.889e-5 -3.889e-5 0.0079918121 0.0 0.0
-3.5001e-5 -3.889e-5 0.0077748571 0.0 0.0
-3.1112e-5 -3.889e-5 0.0090339461 0.0 0.0
-2.7223e-5 -3.889e-5 0.0119355962 0.0 0.0
-2.3334e-5 -3.889e-5 0.0113859152 0.0 0.0
-1.9445e-5 -3.889e-5 0.0168190542 0.0 0.0
-1.5556e-5 -3.889e-5 0.0232861113 0.0 0.0
-1.1667e-5 -3.889e-5 0.0234650258 0.0 0.0
-7.778e-6 -3.889e-5 0.017721756 0.0 0.0
-3.889e-6 -3.889e-5 0.0180436101 0.0 0.0
0.0 -3.889e-5 0.0800472002 0.0 0.0
3.889e-6 -3.889e-5 0.0496886556 0.0 0.0
7.778e-6 -3.889e-5 0.0734601714 0.0 0.0
1.1667e-5 -3.889e-5 0.0784103912 0.0 0.0
1.5556e-5 -3.889e-5 0.0948722052 0.0 0.0
1.9445e-5 -3.889e-5 0.0829998573 0.0 0.0
2.3334e-5 -3.889e-5 0.0508112873 0.0 0.0
2.7223e-5 -3.889e-5 0.023303355 0.0 0.0
3.1112e-5 -3.889e-5 0.0128081898 0.0 0.0
3.5001e-5 -3.889e-5 0.0028122653 0.0 0.0
3.889e-5 -3.889e-5 0.0045149904 0.0 0.0
4.2779e-5 -3.889e-5 0.002832394 0.0 0.0
4.6668e-5 -3.889e-5 0.0001816947 0.0 0.0
5.0557e-5 -3.889e-5 0.0009084351 0.0 0.0
5.4446e-5 -3.889e-5 0.0005293077 0.0 0.0
5.8335e-5 -3.889e-5 0.0003063208 0.0 0.0
6.2224e-5 -3.889e-5 0.0002775707 0.0 0.0
6.6113e-5 -3.889e-5 0.0004123706 0.0 0.0
7.0002e-5 -3.889e-5 0.0006347369 0.0 0.0
7.3891e-5 -3.889e-5 0.0001398461 0.0 0.0
7.778e-5 -3.889e-5 0.0002506364 0.0 0.0
8.1669e-5 -3.889e-5 0.0002945025 0.0 0.0
8.55581e-5 -3.889e-5 0.0001961814 0.0 0.0
8.94471e-5 -3.889e-5 0.0001461098 0.0 0.0
9.33361e-5 -3.889e-5 9.41551e-5 0.0 0.0
-9.72251e-5 -3.5001e-5 5.92829e-5 0.0 0.0
-9.33361e-5 -3.5001e-5 5.1875e-6 0.0 0.0
-8.94471e-5 -3.5001e-5 6.712e-7 0.0 0.0
-8.55581e-5 -3.5001e-5 2.496e-7 0.0 0.0
-8.1669e-5 -3.5001e-5 1.03873e-5 0.0 0.0
-7.778e-5 -3.5001e-5 2.99831e-5 0.0 0.0
-7.3891e-5 -3.5001e-5 0.0001936994 0.0 0.0
-7.0002e-5 -3.5001e-5 0.0006364741 0.0 0.0
-6.6113e-5 -3.5001e-5 0.0022822477 0.0 0.0
-6.2224e-5 -3.5001e-5 0.0018144521 0.0 0.0
-5.8335e-5 -3.5001e-5 0.0023001895 0.0 0.0
-5.4446e-5 -3.5001e-5 0.0046766967 0.0 0.0
-5.0557e-5 -3.5001e-5 0.0057237117 0.0 0.0
-4.6668e-5 -3.5001e-5 0.0126112054 0.0 0.0
-4.2779e-5 -3.5001e-5 0.0123079752 0.0 0.0
-3.889e-5 -3.5001e-5 0.0115708348 0.0 0.0
-3.5001e-5 -3.5001e-5 0.0143832499 0.0 0.0
-3.1112e-5 -3.5001e-5 0.0134949693 0.0 0.0
-2.7223e-5 -3.5001e-5 0.0098284957 0.0 0.0
-2.3334e-5 -3.5001e-5 0.0191513325 0.0 0.0
-1.9445e-5 -3.5001e-5 0.0113208839 0.0 0.0
-1.5556e-5 -3.5001e-5 0.0126150689 0.0 0.0
-1.1667e-5 -3.5001e-5 0.0102670172 0.0 0.0
-7.778e-6 -3.5001e-5 0.0200306437 0.0 0.0
-3.889e-6 -3.5001e-5 0.0169034175 0.0 0.0
0.0 -3.5001e-5 0.0423734 0.0 0.0
3.889e-6 -3.5001e-5 0.0605836105 0.0 0.0
7.778e-6 -3.5001e-5 0.0825047371 0.0 0.0
1.1667e-5 -3.5001e-5 0.0653314148 0.0 0.0
1.5556e-5 -3.5001e-5 0.0889282216 0.0 0.0
1.9445e-5 -3.5001e-5 0.1444158084 0.0 0.0
2.3334e-5 -3.5001e-5 0.1408618688 0.0 0.0
2.7223e-5 -3.5001e-5 0.0321377489 0.0 0.0
3.1112e-5 -3.5001e-5 0.0225245767 0.0 0.0
3.5001e-5 -3.5001e-5 0.0083759216 0.0 0.0
3.889e-5 -3.5001e-5 0.0049086864 0.0 0.0
4.2779e-5 -3.5001e-5 0.0076866491 0.0 0.0
4.6668e-5 -3.5001e-5 0.001027632 0.0 0.0
5.0557e-5 -3.5001e-5 0.0001157409 0.0 0.0
5.4446e-5 -3.5001e-5 0.0005880868 0.0 0.0
5.8335e-5 -3.5001e-5 0.000405145 0.0 0.0
6.2224e-5 -3.5001e-5 0.0004008025 0.0 0.0
6.6113e-5 -3.5001e-5 0.0004372584 0.0 0.0
7.0002e-5 -3.5001e-5 0.0007139145 0.0 0.0
7.3891e-5 -3.5001e-5 0.0003703658 0.0 0.0
7.778e-5 -3.5001e-5 0.0001953472 0.0 0.0
8.1669e-5 -3.5001e-5 0.000327421 0.0 0.0
8.55581e-5 -3.5001e-5 0.0002197379 0.0 0.0
8.94471e-5 -3.5001e-5 0.0001473062 0.0 0.0
9.33361e-5 -3.5001e-5 9.9028e-5 0.0 0.0
-9.72251e-5 -3.1112e-5 6.29e-8 0.0 0.0
-9.33361e-5 -3.1112e-5 0.000141634 0.0 0.0
-8.94471e-5 -3.1112e-5 0.0001135276 0.0 0.0
-8.55581e-5 -3.1112e-5 0.0002493247 0.0 0.0
-8.1669e-5 -3.1112e-5 0.000499537 0.0 0.0
-7.778e-5 -3.1112e-5 0.0002139267 0.0 0.0
-7.3891e-5 -3.1112e-5 0.001357234 0.0 0.0
-7.0002e-5 -3.1112e-5 0.001372136 0.0 0.0
-6.6113e-5 -3.1112e-5 0.0038055929 0.0 0.0
-6.2224e-5 -3.1112e-5 0.0025956368 0.0 0.0
-5.8335e-5 -3.1112e-5 0.0036706059 0.0 0.0
-5.4446e-5 -3.1112e-5 0.0035116884 0.0 0.0
-5.0557e-5 -3.1112e-5 0.0097799749 0.0 0.0
-4.6668e-5 -3.1112e-5 0.0182538676 0.0 0.0
-4.2779e-5 -3.1112e-5 0.0439202109 0.0 0.0
-3.889e-5 -3.1112e-5 0.0731240628 0.0 0.0
-3.5001e-5 -3.1112e-5 0.0376803873 0.0 0.0
-3.1112e-5 -3.1112e-5 0.0212422052 0.0 0.0
-2.7223e-5 -3.1112e-5 0.0334945183 0.0 0.0
-2.3334e-5 -3.1112e-5 0.0374635537 0.0 0.0
-1.9445e-5 -3.1112e-5 0.0611823109 0.0 0.0
-1.5556e-5 -3.1112e-5 0.0327019463 0.0 0.0
-1.1667e-5 -3.1112e-5 0.0197881342 0.0 0.0
-7.778e-6 -3.1112e-5 0.0055422484 0.0 0.0
-3.889e-6 -3.1112e-5 0.0288933396 0.0 0.0
0.0 -3.1112e-5 0.0147742249 0.0 0.0
3.889e-6 -3.1112e-5 0.1915739353 0.0 0.0
7.778e-6 -3.1112e-5 0.0513039078 0.0 0.0
1.1667e-5 -3.1112e-5 0.1876371954 0.0 0.0
1.5556e-5 -3.1112e-5 0.1016183179 0.0 0.0
1.9445e-5 -3.1112e-5 0.1211834226 0.0 0.0
2.3334e-5 -3.1112e-5 0.1801623892 0.0 0.0
2.7223e-5 -3.1112e-5 0.06439811 0.0 0.0
3.1112e-5 -3.1112e-5 0.0182184666 0.0 0.0
3.5001e-5 -3.1112e-5 0.0055215543 0.0 0.0
3.889e-5 -3.1112e-5 0.0061352112 0.0 0.0
4.2779e-5 -3.1112e-5 0.0075106414 0.0 0.0
4.6668e-5 -3.1112e-5 0.0003017265 0.0 0.0
5.0557e-5 -3.1112e-5 0.0007356118 0.0 0.0
5.4446e-5 -3.1112e-5 0.0006287671 0.0 0.0
5.8335e-5 -3.1112e-5 0.000680552 0.0 0.0
6.2224e-5 -3.1112e-5 0.000590449 0.0 0.0
6.6113e-5 -3.1112e-5 0.000430698 0.0 0.0
7.0002e-5 -3.1112e-5 0.0009297166 0.0 0.0
7.3891e-5 -3.1112e-5 0.0002545029 0.0 0.0
7.778e-5 -3.1112e-5 0.0003455783 0.0 0.0
8.1669e-5 -3.1112e-5 9.37091e-5 0.0 0.0
8.55581e-5 -3.1112e-5 0.0002180723 0.0 0.0
8.94471e-5 -3.1112e-5 0.0001415181 0.0 0.0
9.33361e-5 -3.1112e-5 9.51363e-5 0.0 0.0
-9.72251e-5 -2.7223e-5 0.0001900052 0.0 0.0
-9.33361e-5 -2.7223e-5 6.75255e-5 0.0 0.0
-8.94471e-5 -2.7223e-5 9.503e-5 0.0 0.0
-8.55581e-5 -2.7223e-5 4.45078e-5 0.0 0.0
-8.1669e-5 -2.7223e-5 0.0003357803 0.0 0.0
-7.778e-5 -2.7223e-5 0.0015613305 0.0 0.0
-7.3891e-5 -2.7223e-5 0.0027042685 0.0 0.0
-7.0002e-5 -2.7223e-5 0.0035322501 0.0 0.0
-6.6113e-5 -2.7223e-5 0.0040449474 0.0 0.0
-6.2224e-5 -2.7223e-5 0.0051029027 0.0 0.0
-5.8335e-5 -2.7223e-5 0.0109386061 0.0 0.0
-5.4446e-5 -2.7223e-5 0.0093221863 0.0 0.0
-5.0557e-5 -2.7223e-5 0.0178156873 0.0 0.0
-4.6668e-5 -2.7223e-5 0.0494314558 0.0 0.0
-4.2779e-5 -2.7223e-5 0.0481276351 0.0 0.0
-3.889e-5 -2.7223e-5 0.0131470651 0.0 0.0
-3.5001e-5 -2.7223e-5 0.0150738981 0.0 0.0
-3.1112e-5 -2.7223e-5 0.0341336854 0.0 0.0
-2.7223e-5 -2.7223e-5 0.088100294 0.0 0.0
-2.3334e-5 -2.7223e-5 0.170482359 0.0 0.0
-1.9445e-5 -2.7223e-5 0.1461185197 0.0 0.0
-1.5556e-5 -2.7223e-5 0.1919880709 0.0 0.0
-1.1667e-5 -2.7223e-5 0.1530370086 0.0 0.0
-7.778e-6 -2.7223e-5 0.1001198915 0.0 0.0
-3.889e-6 -2.7223e-5 0.0342061312 0.0 0.0
0.0 -2.7223e-5 0.0819968654 0.0 0.0
3.889e-6 -2.7223e-5 0.0895441324 0.0 0.0
7.778e-6 -2.7223e-5 0.1002571105 0.0 0.0
1.1667e-5 -2.7223e-5 0.0807184924 0.0 0.0
1.5556e-5 -2.7223e-5 0.1672385937 0.0 0.0
1.9445e-5 -2.7223e-5 0.1387001021 0.0 0.0
2.3334e-5 -2.7223e-5 0.1465812978 0.0 0.0
2.7223e-5 -2.7223e-5 0.1296458714 0.0 0.0
3.1112e-5 -2.7223e-5 0.0118495514 0.0 0.0
3.5001e-5 -2.7223e-5 0.0092219847 0.0 0.0
3.889e-5 -2.7223e-5 0.0056615439 0.0 0.0
4.2779e-5 -2.7223e-5 0.0047532838 0.0 0.0
4.6668e-5 -2.7223e-5 0.0011665406 0.0 0.0
5.0557e-5 -2.7223e-5 0.0001079987 0.0 0.0
5.4446e-5 -2.7223e-5 0.0002536689 0.0 0.0
5.8335e-5 -2.7223e-5 0.0007179219 0.0 0.0
6.2224e-5 -2.7223e-5 0.0007013008 0.0 0.0
6.6113e-5 -2.7223e-5 0.0004292043 0.0 0.0
7.0002e-5 -2.7223e-5 0.0009268885 0.0 0.0
7.3891e-5 -2.7223e-5 0.0003874313 0.0 0.0
7.778e-5 -2.7223e-5 0.0002969043 0.0 0.0
8.1669e-5 -2.7223e-5 0.0002904357 0.0 0.0
8.55581e-5 -2.7223e-5 0.0001948577 0.0 0.0
8.94471e-5 -2.7223e-5 0.000124558 0.0 0.0
9.33361e-5 -2.7223e-5 0.000109191 0.0 0.0
-9.72251e-5 -2.3334e-5 6.9893e-6 0.0 0.0
-9.33361e-5 -2.3334e-5 9.026e-7 0.0 0.0
-8.94471e-5 -2.3334e-5 3.1976e-6 0.0 0.0
-8.55581e-5 -2.3334e-5 3.82178e-5 0.0 0.0
-8.1669e-5 -2.3334e-5 0.0001618197 0.0 0.0
-7.778e-5 -2.3334e-5 0.00070088 0.0 0.0
-7.3891e-5 -2.3334e-5 0.001205142 0.0 0.0
-7.0002e-5 -2.3334e-5 0.0042995115 0.0 0.0
-6.6113e-5 -2.3334e-5 0.0015471623 0.0 0.0
-6.2224e-5 -2.3334e-5 0.0013697627 0.0 0.0
-5.8335e-5 -2.3334e-5 0.0035503358 0.0 0.0
-5.4446e-5 -2.3334e-5 0.0056092842 0.0 0.0
-5.0557e-5 -2.3334e-5 0.0093106564 0.0 0.0
-4.6668e-5 -2.3334e-5 0.0277618249 0.0 0.0
-4.2779e-5 -2.3334e-5 0.011913137 0.0 0.0
-3.889e-5 -2.3334e-5 0.0210552664 0.0 0.0
-3.5001e-5 -2.3334e-5 0.0270921684 0.0 0.0
-3.1112e-5 -2.3334e-5 0.0697920181 0.0 0.0
-2.7223e-5 -2.3334e-5 0.1753103687 0.0 0.0
-2.3334e-5 -2.3334e-5 0.2826699902 0.0 0.0
-1.9445e-5 -2.3334e-5 0.3196561839 0.0 0.0
-1.5556e-5 -2.3334e-5 0.2409837495 0.0 0.0
-1.1667e-5 -2.3334e-5 0.1889609001 0.0 0.0
-7.778e-6 -2.3334e-5 0.1165203451 0.0 0.0
-3.889e-6 -2.3334e-5 0.3033762509 0.0 0.0
0.0 -2.3334e-5 0.0232855192 0.0 0.0
3.889e-6 -2.3334e-5 0.1439672267 0.0 0.0
7.778e-6 -2.3334e-5 0.3463191573 0.0 0.0
1.1667e-5 -2.3334e-5 0.079320634 0.0 0.0
1.5556e-5 -2.3334e-5 0.3591879268 0.0 0.0
1.9445e-5 -2.3334e-5 0.2126196814 0.0 0.0
2.3334e-5 -2.3334e-5 0.112053112 0.0 0.0
2.7223e-5 -2.3334e-5 0.1294990311 0.0 0.0
3.1112e-5 -2.3334e-5 0.0250611507 0.0 0.0
3.5001e-5 -2.3334e-5 0.0087334746 0.0 0.0
3.889e-5 -2.3334e-5 0.0077686712 0.0 0.0
4.2779e-5 -2.3334e-5 0.0049173742 0.0 0.0
4.6668e-5 -2.3334e-5 0.0008893247 0.0 0.0
5.0557e-5 -2.3334e-5 0.0013412056 0.0 0.0
5.4446e-5 -2.3334e-5 0.0009914692 0.0 0.0
5.8335e-5 -2.3334e-5 0.0006288007 0.0 0.0
6.2224e-5 -2.3334e-5 0.0006853035 0.0 0.0
6.6113e-5 -2.3334e-5 0.0003465805 0.0 0.0
7.0002e-5 -2.3334e-5 0.001014576 0.0 0.0
7.3891e-5 -2.3334e-5 0.0002483874 0.0 0.0
7.778e-5 -2.3334e-5 5.55482e-5 0.0 0.0
8.1669e-5 -2.3334e-5 0.0001376021 0.0 0.0
8.55581e-5 -2.3334e-5 0.0001436836 0.0 0.0
8.94471e-5 -2.3334e-5 8.59201e-5 0.0 0.0
9.33361e-5 -2.3334e-5 0.0001108348 0.0 0.0
-9.72251e-5 -1.9445e-5 4.3401e-6 0.0 0.0
-9.33361e-5 -1.9445e-5 0.0001316458 0.0 0.0
-8.94471e-5 -1.9445e-5 3.54803e-5 0.0 0.0
-8.55581e-5 -1.9445e-5 2.24813e-5 0.0 0.0
-8.1669e-5 -1.9445e-5 0.0001874659 0.0 0.0
-7.778e-5 -1.9445e-5 0.0026834229 0.0 0.0
-7.3891e-5 -1.9445e-5 0.0058352693 0.0 0.0
-7.0002e-5 -1.9445e-5 0.003831093 0.0 0.0
-6.6113e-5 -1.9445e-5 0.0049567463 0.0 0.0
-6.2224e-5 -1.9445e-5 0.0038931262 0.0 0.0
-5.8335e-5 -1.9445e-5 0.0033207623 0.0 0.0
-5.4446e-5 -1.9445e-5 0.0066281579 0.0 0.0
-5.0557e-5 -1.9445e-5 0.0134960429 0.0 0.0
-4.6668e-5 -1.9445e-5 0.0333365573 0.0 0.0
-4.2779e-5 -1.9445e-5 0.0252553042 0.0 0.0
-3.889e-5 -1.9445e-5 0.0209746818 0.0 0.0
-3.5001e-5 -1.9445e-5 0.0167994738 0.0 0.0
-3.1112e-5 -1.9445e-5 0.1076836498 0.0 0.0
-2.7223e-5 -1.9445e-5 0.247140136 0.0 0.0
-2.3334e-5 -1.9445e-5 0.3904889021 0.0 0.0
-1.9445e-5 -1.9445e-5 0.5260094575 0.0 0.0
-1.5556e-5 -1.9445e-5 0.7830334926 0.0 0.0
-1.1667e-5 -1.9445e-5 0.6808851008 0.0 0.0
-7.778e-6 -1.9445e-5 0.7177166704 0.0 0.0
-3.889e-6 -1.9445e-5 1.0 0.0 0.0
0.0 -1.9445e-5 0.7400908701 0.0 0.0
3.889e-6 -1.9445e-5 0.2726626118 0.0 0.0
7.778e-6 -1.9445e-5 0.0363088488 0.0 0.0
1.1667e-5 -1.9445e-5 0.1133846767 0.0 0.0
1.5556e-5 -1.9445e-5 0.1845417802 0.0 0.0
1.9445e-5 -1.9445e-5 0.2183812245 0.0 0.0
2.3334e-5 -1.9445e-5 0.1134609233 0.0 0.0
2.7223e-5 -1.9445e-5 0.1525124496 0.0 0.0
3.1112e-5 -1.9445e-5 0.0366606557 0.0 0.0
3.5001e-5 -1.9445e-5 0.0068581745 0.0 0.0
3.889e-5 -1.9445e-5 0.009626672 0.0 0.0
4.2779e-5 -1.9445e-5 0.0086285644 0.0 0.0
4.6668e-5 -1.9445e-5 0.0054376348 0.0 0.0
5.0557e-5 -1.9445e-5 0.0002095483 0.0 0.0
5.4446e-5 -1.9445e-5 0.0008311576 0.0 0.0
5.8335e-5 -1.9445e-5 0.0009533459 0.0 0.0
6.2224e-5 -1.9445e-5 0.000494705 0.0 0.0
6.6113e-5 -1.9445e-5 0.0004629747 0.0 0.0
7.0002e-5 -1.9445e-5 0.0012568049 0.0 0.0
7.3891e-5 -1.9445e-5 0.0005362748 0.0 0.0
7.778e-5 -1.9445e-5 0.0002559322 0.0 0.0
8.1669e-5 -1.9445e-5 3.58665e-5 0.0 0.0
8.55581e-5 -1.9445e-5 0.0002408021 0.0 0.0
8.94471e-5 -1.9445e-5 0.0001169195 0.0 0.0
9.33361e-5 -1.9445e-5 7.05213e-5 0.0 0.0
-9.72251e-5 -1.5556e-5 3.74051e-5 0.0 0.0
-9.33361e-5 -1.5556e-5 2.99621e-5 0.0 0.0
-8.94471e-5 -1.5556e-5 0.0005433568 0.0 0.0
-8.55581e-5 -1.5556e-5 0.0003832153 0.0 0.0
-8.1669e-5 -1.5556e-5 0.0032346286 0.0 0.0
-7.778e-5 -1.5556e-5 0.0065002386 0.0 0.0
-7.3891e-5 -1.5556e-5 0.0060393092 0.0 0.0
-7.0002e-5 -1.5556e-5 0.0054340752 0.0 0.0
-6.6113e-5 -1.5556e-5 0.004081559 0.0 0.0
-6.2224e-5 -1.5556e-5 0.0029943773 0.0 0.0
-5.8335e-5 -1.5556e-5 0.0111270583 0.0 0.0
-5.4446e-5 -1.5556e-5 0.0096732566 0.0 0.0
-5.0557e-5 -1.5556e-5 0.0104396301 0.0 0.0
-4.6668e-5 -1.5556e-5 0.0313336174 0.0 0.0
-4.2779e-5 -1.5556e-5 0.0113134612 0.0 0.0
-3.889e-5 -1.5556e-5 0.010256802 0.0 0.0
-3.5001e-5 -1.5556e-5 0.0450574651 0.0 0.0
-3.1112e-5 -1.5556e-5 0.1438565052 0.0 0.0
-2.7223e-5 -1.5556e-5 0.430561685 0.0 0.0
-2.3334e-5 -1.5556e-5 0.5675760958 0.0 0.0
-1.9445e-5 -1.5556e-5 0.5493702913 0.0 0.0
-1.5556e-5 -1.5556e-5 0.51799259 0.0 0.0
-1.1667e-5 -1.5556e-5 0.2302355359 0.0 0.0
-7.778e-6 -1.5556e-5 0.2921328293 0.0 0.0
-3.889e-6 -1.5556e-5 0.133138519 0.0 0.0
0.0 -1.5556e-5 0.3655844418 0.0 0.0
3.889e-6 -1.5556e-5 0.5518546791 0.0 0.0
7.778e-6 -1.5556e-5 0.2271383857 0.0 0.0
1.1667e-5 -1.5556e-5 0.6013359377 0.0 0.0
1.5556e-5 -1.5556e-5 0.195341399 0.0 0.0
1.9445e-5 -1.5556e-5 0.1797942202 0.0 0.0
2.3334e-5 -1.5556e-5 0.1020832866 0.0 0.0
2.7223e-5 -1.5556e-5 0.2521495245 0.0 0.0
3.1112e-5 -1.5556e-5 0.0452971175 0.0 0.0
3.5001e-5 -1.5556e-5 0.0073500541 0.0 0.0
3.889e-5 -1.5556e-5 0.0131924858 0.0 0.0
4.2779e-5 -1.5556e-5 0.0094189434 0.0 0.0
4.6668e-5 -1.5556e-5 0.0075089804 0.0 0.0
5.0557e-5 -1.5556e-5 0.0016156951 0.0 0.0
5.4446e-5 -1.5556e-5 0.0020169733 0.0 0.0
5.8335e-5 -1.5556e-5 0.0008896429 0.0 0.0
6.2224e-5 -1.5556e-5 0.0006106874 0.0 0.0
6.6113e-5 -1.5556e-5 0.0006557707 0.0 0.0
7.0002e-5 -1.5556e-5 0.0016117799 0.0 0.0
7.3891e-5 -1.5556e-5 0.0002702754 0.0 0.0
7.778e-5 -1.5556e-5 1.52417e-5 0.0 0.0
8.1669e-5 -1.5556e-5 4.80778e-5 0.0 0.0
8.55581e-5 -1.5556e-5 0.0001047934 0.0 0.0
8.94471e-5 -1.5556e-5 0.0001349985 0.0 0.0
9.33361e-5 -1.5556e-5 7.31531e-5 0.0 0.0
-9.72251e-5 -1.1667e-5 1.8634e-6 0.0 0.0
-9.33361e-5 -1.1667e-5 7.6068e-6 0.0 0.0
-8.94471e-5 -1.1667e-5 0.0010265238 0.0 0.0
-8.55581e-5 -1.1667e-5 0.0021624071 0.0 0.0
-8.1669e-5 -1.1667e-5 0.0069258392 0.0 0.0
-7.778e-5 -1.1667e-5 0.0060712248 0.0 0.0
-7.3891e-5 -1.1667e-5 0.0037303362 0.0 0.0
-7.0002e-5 -1.1667e-5 0.0027838896 0.0 0.0
-6.6113e-5 -1.1667e-5 0.0033273943 0.0 0.0
-6.2224e-5 -1.1667e-5 0.0054377748 0.0 0.0
-5.8335e-5 -1.1667e-5 0.0177718675 0.0 0.0
-5.4446e-5 -1.1667e-5 0.0132113911 0.0 0.0
-5.0557e-5 -1.1667e-5 0.0177883607 0.0 0.0
-4.6668e-5 -1.1667e-5 0.0160525741 0.0 0.0
-4.2779e-5 -1.1667e-5 0.0084492396 0.0 0.0
-3.889e-5 -1.1667e-5 0.0268174848 0.0 0.0
-3.5001e-5 -1.1667e-5 0.0794044529 0.0 0.0
-3.1112e-5 -1.1667e-5 0.2549559162 0.0 0.0
-2.7223e-5 -1.1667e-5 0.447966891 0.0 0.0
-2.3334e-5 -1.1667e-5 0.6040506049 0.0 0.0
-1.9445e-5 -1.1667e-5 0.5837154728 0.0 0.0
-1.5556e-5 -1.1667e-5 0.3107239998 0.0 0.0
-1.1667e-5 -1.1667e-5 0.177321411 0.0 0.0
-7.778e-6 -1.1667e-5 0.0082936157 0.0 0.0
-3.889e-6 -1.1667e-5 0.0070005782 0.0 0.0
0.0 -1.1667e-5 0.0081458243 0.0 0.0
3.889e-6 -1.1667e-5 0.1971733823 0.0 0.0
7.778e-6 -1.1667e-5 0.2535679388 0.0 0.0
1.1667e-5 -1.1667e-5 0.143937033 0.0 0.0
1.5556e-5 -1.1667e-5 0.4547252447 0.0 0.0
1.9445e-5 -1.1667e-5 0.1787089264 0.0 0.0
2.3334e-5 -1.1667e-5 0.0947591822 0.0 0.0
2.7223e-5 -1.1667e-5 0.1546962034 0.0 0.0
3.1112e-5 -1.1667e-5 0.0557788563 0.0 0.0
3.5001e-5 -1.1667e-5 0.0148904918 0.0 0.0
3.889e-5 -1.1667e-5 0.0126237149 0.0 0.0
4.2779e-5 -1.1667e-5 0.008119483 0.0 0.0
4.6668e-5 -1.1667e-5 0.0138592614 0.0 0.0
5.0557e-5 -1.1667e-5 0.0050976384 0.0 0.0
5.4446e-5 -1.1667e-5 0.0019040201 0.0 0.0
5.8335e-5 -1.1667e-5 0.0007833431 0.0 0.0
6.2224e-5 -1.1667e-5 0.0008728812 0.0 0.0
6.6113e-5 -1.1667e-5 0.0007066616 0.0 0.0
7.0002e-5 -1.1667e-5 0.0022148091 0.0 0.0
7.3891e-5 -1.1667e-5 0.0003752018 0.0 0.0
7.778e-5 -1.1667e-5 4.65609e-5 0.0 0.0
8.1669e-5 -1.1667e-5 0.00014724 0.0 0.0
8.55581e-5 -1.1667e-5 0.000115391 0.0 0.0
8.94471e-5 -1.1667e-5 0.0001209379 0.0 0.0
9.33361e-5 -1.1667e-5 9.5497e-5 0.0 0.0
-9.72251e-5 -7.778e-6 1.57627e-5 0.0 0.0
-9.33361e-5 -7.778e-6 0.000645854 0.0 0.0
-8.94471e-5 -7.778e-6 0.0018213809 0.0 0.0
-8.55581e-5 -7.778e-6 0.0062781139 0.0 0.0
-8.1669e-5 -7.778e-6 0.005113314 0.0 0.0
-7.778e-5 -7.778e-6 0.0031660328 0.0 0.0
-7.3891e-5 -7.778e-6 0.0015209457 0.0 0.0
-7.0002e-5 -7.778e-6 0.0011899337 0.0 0.0
-6.6113e-5 -7.778e-6 0.0028676509 0.0 0.0
-6.2224e-5 -7.778e-6 0.0110795762 0.0 0.0
-5.8335e-5 -7.778e-6 0.009643641 0.0 0.0
-5.4446e-5 -7.778e-6 0.0141963571 0.0 0.0
-5.0557e-5 -7.778e-6 0.0157666003 0.0 0.0
-4.6668e-5 -7.778e-6 0.0149007906 0.0 0.0
-4.2779e-5 -7.778e-6 0.0177064922 0.0 0.0
-3.889e-5 -7.778e-6 0.035393464 0.0 0.0
-3.5001e-5 -7.778e-6 0.1284976944 0.0 0.0
-3.1112e-5 -7.778e-6 0.3052545437 0.0 0.0
-2.7223e-5 -7.778e-6 0.5981525282 0.0 0.0
-2.3334e-5 -7.778e-6 0.5727622835 0.0 0.0
-1.9445e-5 -7.778e-6 0.3639198315 0.0 0.0
-1.5556e-5 -7.778e-6 0.1515591856 0.0 0.0
-1.1667e-5 -7.778e-6 0.0055647453 0.0 0.0
-7.778e-6 -7.778e-6 0.0 0.0 0.0
-3.889e-6 -7.778e-6 0.0 0.0 0.0
0.0 -7.778e-6 0.0 0.0 0.0
3.889e-6 -7.778e-6 0.0020972709 0.0 0.0
7.778e-6 -7.778e-6 0.0831420208 0.0 0.0
1.1667e-5 -7.778e-6 0.1049537838 0.0 0.0
1.5556e-5 -7.778e-6 0.4115707105 0.0 0.0
1.9445e-5 -7.778e-6 0.2971501611 0.0 0.0
2.3334e-5 -7.778e-6 0.1727961421 0.0 0.0
2.7223e-5 -7.778e-6 0.0577970511 0.0 0.0
3.1112e-5 -7.778e-6 0.0683753557 0.0 0.0
3.5001e-5 -7.778e-6 0.015017772 0.0 0.0
3.889e-5 -7.778e-6 0.0092453454 0.0 0.0
4.2779e-5 -7.778e-6 0.0130245788 0.0 0.0
4.6668e-5 -7.778e-6 0.0181360896 0.0 0.0
5.0557e-5 -7.778e-6 0.00611901 0.0 0.0
5.4446e-5 -7.778e-6 0.0001100663 0.0 0.0
5.8335e-5 -7.778e-6 0.0007709378 0.0 0.0
6.2224e-5 -7.778e-6 0.0011586402 0.0 0.0
6.6113e-5 -7.778e-6 0.0009828326 0.0 0.0
7.0002e-5 -7.778e-6 0.0031773276 0.0 0.0
7.3891e-5 -7.778e-6 0.0004608124 0.0 0.0
7.778e-5 -7.778e-6 6.42468e-5 0.0 0.0
8.1669e-5 -7.778e-6 6.4138e-5 0.0 0.0
8.55581e-5 -7.778e-6 5.71174e-5 0.0 0.0
8.94471e-5 -7.778e-6 0.0001369173 0.0 0.0
9.33361e-5 -7.778e-6 5.58991e-5 0.0 0.0
-9.72251e-5 -3.889e-6 1.5631e-6 0.0 0.0
-9.33361e-5 -3.889e-6 0.0013848908 0.0 0.0
-8.94471e-5 -3.889e-6 0.0042206754 0.0 0.0
-8.55581e-5 -3.889e-6 0.0040288817 0.0 0.0
-8.1669e-5 -3.889e-6 0.0036405108 0.0 0.0
-7.778e-5 -3.889e-6 0.0018548125 0.0 0.0
-7.3891e-5 -3.889e-6 0.0025354749 0.0 0.0
-7.0002e-5 -3.889e-6 0.0016828231 0.0 0.0
-6.6113e-5 -3.889e-6 0.0098775786 0.0 0.0
-6.2224e-5 -3.889e-6 0.0147078828 0.0 0.0
-5.8335e-5 -3.889e-6 0.0138492721 0.0 0.0
-5.4446e-5 -3.889e-6 0.0166550965 0.0 0.0
-5.0557e-5 -3.889e-6 0.0220523096 0.0 0.0
-4.6668e-5 -3.889e-6 0.0253174276 0.0 0.0
-4.2779e-5 -3.889e-6 0.0253832004 0.0 0.0
-3.889e-5 -3.889e-6 0.0785028105 0.0 0.0
-3.5001e-5 -3.889e-6 0.1464772309 0.0 0.0
-3.1112e-5 -3.889e-6 0.2971705393 0.0 0.0
-2.7223e-5 -3.889e-6 0.5119734559 0.0 0.0
-2.3334e-5 -3.889e-6 0.4699720331 0.0 0.0
-1.9445e-5 -3.889e-6 0.1274958279 0.0 0.0
-1.5556e-5 -3.889e-6 0.055595767 0.0 0.0
-1.1667e-5 -3.889e-6 0.0005632268 0.0 0.0
-7.778e-6 -3.889e-6 0.0 0.0 0.0
-3.889e-6 -3.889e-6 0.0 0.0 0.0
0.0 -3.889e-6 0.0 0.0 0.0
3.889e-6 -3.889e-6 0.0 0.0 0.0
7.778e-6 -3.889e-6 0.1057932324 0.0 0.0
1.1667e-5 -3.889e-6 0.0486946827 0.0 0.0
1.5556e-5 -3.889e-6 0.2354179858 0.0 0.0
1.9445e-5 -3.889e-6 0.3568108756 0.0 0.0
2.3334e-5 -3.889e-6 0.1363487313 0.0 0.0
2.7223e-5 -3.889e-6 0.0644624215 0.0 0.0
3.1112e-5 -3.889e-6 0.0771182887 0.0 0.0
3.5001e-5 -3.889e-6 0.0155834911 0.0 0.0
3.889e-5 -3.889e-6 0.0098177805 0.0 0.0
4.2779e-5 -3.889e-6 0.0135453444 0.0 0.0
4.6668e-5 -3.889e-6 0.0184254842 0.0 0.0
5.0557e-5 -3.889e-6 0.0003412067 0.0 0.0
5.4446e-5 -3.889e-6 0.0001700052 0.0 0.0
5.8335e-5 -3.889e-6 0.0005828091 0.0 0.0
6.2224e-5 -3.889e-6 0.0012594281 0.0 0.0
6.6113e-5 -3.889e-6 0.0017781633 0.0 0.0
7.0002e-5 -3.889e-6 0.0022678377 0.0 0.0
7.3891e-5 -3.889e-6 0.0005813668 0.0 0.0
7.778e-5 -3.889e-6 3.0524e-6 0.0 0.0
8.1669e-5 -3.889e-6 9.1879e-6 0.0 0.0
8.55581e-5 -3.889e-6 0.0001307429 0.0 0.0
8.94471e-5 -3.889e-6 4.47726e-5 0.0 0.0
9.33361e-5 -3.889e-6 5.64873e-5 0.0 0.0
-9.72251e-5 0.0 0.0019607362 0.0 0.0
-9.33361e-5 0.0 0.0025203027 0.0 0.0
-8.94471e-5 0.0 0.0023540105 0.0 0.0
-8.55581e-5 0.0 0.0014588139 0.0 0.0
-8.1669e-5 0.0 0.0026721246 0.0 0.0
-7.778e-5 0.0 0.0017282999 0.0 0.0
-7.3891e-5 0.0 0.0027934037 0.0 0.0
-7.0002e-5 0.0 0.0050162477 0.0 0.0
-6.6113e-5 0.0 0.0086272948 0.0 0.0
-6.2224e-5 0.0 0.0083274264 0.0 0.0
-5.8335e-5 0.0 0.0065217657 0.0 0.0
-5.4446e-5 0.0 0.0163760745 0.0 0.0
-5.0557e-5 0.0 0.0175667332 0.0 0.0
-4.6668e-5 0.0 0.0270544578 0.0 0.0
-4.2779e-5 0.0 0.0409270894 0.0 0.0
-3.889e-5 0.0 0.0825870861 0.0 0.0
-3.5001e-5 0.0 0.0901190824 0.0 0.0
-3.1112e-5 0.0 0.3366315691 0.0 0.0
-2.7223e-5 0.0 0.4158786747 0.0 0.0
-2.3334e-5 0.0 0.4843310785 0.0 0.0
-1.9445e-5 0.0 0.1415037631 0.0 0.0
-1.5556e-5 0.0 0.0341775238 0.0 0.0
-1.1667e-5 0.0 2.0e-9 0.0 0.0
-7.778e-6 0.0 0.0 0.0 0.0
-3.889e-6 0.0 0.0 0.0 0.0
0.0 0.0 0.0 0.0 0.0
3.889e-6 0.0 0.0 0.0 0.0
7.778e-6 0.0 0.0325088533 0.0 0.0
1.1667e-5 0.0 0.0039354046 0.0 0.0
1.5556e-5 0.0 0.3229466938 0.0 0.0
1.9445e-5 0.0 0.5323891207 0.0 0.0
2.3334e-5 0.0 0.1012876471 0.0 0.0
2.7223e-5 0.0 0.1302453482 0.0 0.0
3.1112e-5 0.0 0.050113814 0.0 0.0
3.5001e-5 0.0 0.0169075063 0.0 0.0
3.889e-5 0.0 0.0224417548 0.0 0.0
4.2779e-5 0.0 0.0256278604 0.0 0.0
4.6668e-5 0.0 0.0094000326 0.0 0.0
5.0557e-5 0.0 1.57241e-5 0.0 0.0
5.4446e-5 0.0 0.0007113525 0.0 0.0
5.8335e-5 0.0 0.0009071183 0.0 0.0
6.2224e-5 0.0 0.001732034 0.0 0.0
6.6113e-5 0.0 0.0028157866 0.0 0.0
7.0002e-5 0.0 0.0020518466 0.0 0.0
7.3891e-5 0.0 0.000513576 0.0 0.0
7.778e-5 0.0 5.87692e-5 0.0 0.0
8.1669e-5 0.0 8.0715e-6 0.0 0.0
8.55581e-5 0.0 0.0001780762 0.0 0.0
8.94471e-5 0.0 3.68581e-5 0.0 0.0
9.33361e-5 0.0 4.46645e-5 0.0 0.0
-9.72251e-5 3.889e-6 0.0022489377 0.0 0.0
-9.33361e-5 3.889e-6 0.0006184776 0.0 0.0
-8.94471e-5 3.889e-6 0.0008294057 0.0 0.0
-8.55581e-5 3.889e-6 0.0004975974 0.0 0.0
-8.1669e-5 3.889e-6 0.0060058887 0.0 0.0
-7.778e-5 3.889e-6 0.0103931493 0.0 0.0
-7.3891e-5 3.889e-6 0.00502496 0.0 0.0
-7.0002e-5 3.889e-6 0.0070948138 0.0 0.0
-6.6113e-5 3.889e-6 0.0068404334 0.0 0.0
-6.2224e-5 3.889e-6 0.0062109141 0.0 0.0
-5.8335e-5 3.889e-6 0.0077231329 0.0 0.0
-5.4446e-5 3.889e-6 0.0178358632 0.0 0.0
-5.0557e-5 3.889e-6 0.0201912994 0.0 0.0
-4.6668e-5 3.889e-6 0.0178091204 0.0 0.0
-4.2779e-5 3.889e-6 0.0307101731 0.0 0.0
-3.889e-5 3.889e-6 0.0297769547 0.0 0.0
-3.5001e-5 3.889e-6 0.1012388789 0.0 0.0
-3.1112e-5 3.889e-6 0.3565471961 0.0 0.0
-2.7223e-5 3.889e-6 0.5569027348 0.0 0.0
-2.3334e-5 3.889e-6 0.21083565 0.0 0.0
-1.9445e-5 3.889e-6 0.2005721981 0.0 0.0
-1.5556e-5 3.889e-6 0.0618654641 0.0 0.0
-1.1667e-5 3.889e-6 0.0058386255 0.0 0.0
-7.778e-6 3.889e-6 0.0 0.0 0.0
-3.889e-6 3.889e-6 0.0 0.0 0.0
0.0 3.889e-6 0.0 0.0 0.0
3.889e-6 3.889e-6 6.67e-8 0.0 0.0
7.778e-6 3.889e-6 0.0281676295 0.0 0.0
1.1667e-5 3.889e-6 0.3435558145 0.0 0.0
1.5556e-5 3.889e-6 0.0942320482 0.0 0.0
1.9445e-5 3.889e-6 0.4458134787 0.0 0.0
2.3334e-5 3.889e-6 0.0513399141 0.0 0.0
2.7223e-5 3.889e-6 0.0547860166 0.0 0.0
3.1112e-5 3.889e-6 0.0543151334 0.0 0.0
3.5001e-5 3.889e-6 0.0267208391 0.0 0.0
3.889e-5 3.889e-6 0.0271640139 0.0 0.0
4.2779e-5 3.889e-6 0.0230669524 0.0 0.0
4.6668e-5 3.889e-6 0.0070396461 0.0 0.0
5.0557e-5 3.889e-6 1.47e-7 0.0 0.0
5.4446e-5 3.889e-6 1.76578e-5 0.0 0.0
5.8335e-5 3.889e-6 0.0014995156 0.0 0.0
6.2224e-5 3.889e-6 0.001756581 0.0 0.0
6.6113e-5 3.889e-6 0.004962609 0.0 0.0
7.0002e-5 3.889e-6 0.0003346578 0.0 0.0
7.3891e-5 3.889e-6 2.86108e-5 0.0 0.0
7.778e-5 3.889e-6 0.000317378 0.0 0.0
8.1669e-5 3.889e-6 0.0002080624 0.0 0.0
8.55581e-5 3.889e-6 0.0001207556 0.0 0.0
8.94471e-5 3.889e-6 5.24055e-5 0.0 0.0
9.33361e-5 3.889e-6 2.87327e-5 0.0 0.0
-9.72251e-5 7.778e-6 0.0003814507 0.0 0.0
-9.33361e-5 7.778e-6 9.65437e-5 0.0 0.0
-8.94471e-5 7.778e-6 0.0006571898 0.0 0.0
-8.55581e-5 7.778e-6 0.0015748121 0.0 0.0
-8.1669e-5 7.778e-6 0.0074850216 0.0 0.0
-7.778e-5 7.778e-6 0.0105476997 0.0 0.0
-7.3891e-5 7.778e-6 0.0036718933 0.0 0.0
-7.0002e-5 7.778e-6 0.0124162113 0.0 0.0
-6.6113e-5 7.778e-6 0.0100114377 0.0 0.0
-6.2224e-5 7.778e-6 0.0079172272 0.0 0.0
-5.8335e-5 7.778e-6 0.0038099387 0.0 0.0
-5.4446e-5 7.778e-6 0.0143165189 0.0 0.0
-5.0557e-5 7.778e-6 0.017729579 0.0 0.0
-4.6668e-5 7.778e-6 0.0179159196 0.0 0.0
-4.2779e-5 7.778e-6 0.0212074987 0.0 0.0
-3.889e-5 7.778e-6 0.0235972638 0.0 0.0
-3.5001e-5 7.778e-6 0.1282311432 0.0 0.0
-3.1112e-5 7.778e-6 0.3694005745 0.0 0.0
-2.7223e-5 7.778e-6 0.3773651808 0.0 0.0
-2.3334e-5 7.778e-6 0.1760042521 0.0 0.0
-1.9445e-5 7.778e-6 0.2677800537 0.0 0.0
-1.5556e-5 7.778e-6 0.0892256292 0.0 0.0
-1.1667e-5 7.778e-6 0.0580208823 0.0 0.0
-7.778e-6 7.778e-6 0.0017245917 0.0 0.0
-3.889e-6 7.778e-6 0.0013154368 0.0 0.0
0.0 7.778e-6 0.002072226 0.0 0.0
3.889e-6 7.778e-6 0.0228277512 0.0 0.0
7.778e-6 7.778e-6 0.3668136401 0.0 0.0
1.1667e-5 7.778e-6 0.1622315107 0.0 0.0
1.5556e-5 7.778e-6 0.3246999541 0.0 0.0
1.9445e-5 7.778e-6 0.1114154037 0.0 0.0
2.3334e-5 7.778e-6 0.074530885 0.0 0.0
2.7223e-5 7.778e-6 0.0677416246 0.0 0.0
3.1112e-5 7.778e-6 0.0342372106 0.0 0.0
3.5001e-5 7.778e-6 0.0308168157 0.0 0.0
3.889e-5 7.778e-6 0.0376111057 0.0 0.0
4.2779e-5 7.778e-6 0.0116502031 0.0 0.0
4.6668e-5 7.778e-6 0.0035340889 0.0 0.0
5.0557e-5 7.778e-6 1.54873e-5 0.0 0.0
5.4446e-5 7.778e-6 0.0005745596 0.0 0.0
5.8335e-5 7.778e-6 0.0012236706 0.0 0.0
6.2224e-5 7.778e-6 0.0027647324 0.0 0.0
6.6113e-5 7.778e-6 0.0024528558 0.0 0.0
7.0002e-5 7.778e-6 0.0006563502 0.0 0.0
7.3891e-5 7.778e-6 0.0009545518 0.0 0.0
7.778e-5 7.778e-6 7.2619e-6 0.0 0.0
8.1669e-5 7.778e-6 6.62796e-5 0.0 0.0
8.55581e-5 7.778e-6 0.0001996004 0.0 0.0
8.94471e-5 7.778e-6 2.158e-5 0.0 0.0
9.33361e-5 7.778e-6 2.27032e-5 0.0 0.0
-9.72251e-5 1.1667e-5 0.0002032768 0.0 0.0
-9.33361e-5 1.1667e-5 0.000427924 0.0 0.0
-8.94471e-5 1.1667e-5 0.0008420555 0.0 0.0
-8.55581e-5 1.1667e-5 0.0017067019 0.0 0.0
-8.1669e-5 1.1667e-5 0.010167695 0.0 0.0
-7.778e-5 1.1667e-5 0.0166390446 0.0 0.0
-7.3891e-5 1.1667e-5 0.0052663493 0.0 0.0
-7.0002e-5 1.1667e-5 0.01388617 0.0 0.0
-6.6113e-5 1.1667e-5 0.0149698991 0.0 0.0
-6.2224e-5 1.1667e-5 0.0041136613 0.0 0.0
-5.8335e-5 1.1667e-5 0.0118899419 0.0 0.0
-5.4446e-5 1.1667e-5 0.0098709947 0.0 0.0
-5.0557e-5 1.1667e-5 0.0155983596 0.0 0.0
-4.6668e-5 1.1667e-5 0.0243482662 0.0 0.0
-4.2779e-5 1.1667e-5 0.0182066185 0.0 0.0
-3.889e-5 1.1667e-5 0.0227390199 0.0 0.0
-3.5001e-5 1.1667e-5 0.1404955112 0.0 0.0
-3.1112e-5 1.1667e-5 0.2332739494 0.0 0.0
-2.7223e-5 1.1667e-5 0.2680217756 0.0 0.0
-2.3334e-5 1.1667e-5 0.2237818997 0.0 0.0
-1.9445e-5 1.1667e-5 0.1675110665 0.0 0.0
-1.5556e-5 1.1667e-5 0.1714263944 0.0 0.0
-1.1667e-5 1.1667e-5 0.0769653194 0.0 0.0
-7.778e-6 1.1667e-5 0.0765305092 0.0 0.0
-3.889e-6 1.1667e-5 0.0408449006 0.0 0.0
0.0 1.1667e-5 0.0776722795 0.0 0.0
3.889e-6 1.1667e-5 0.067784277 0.0 0.0
7.778e-6 1.1667e-5 0.1743055652 0.0 0.0
1.1667e-5 1.1667e-5 0.1266168634 0.0 0.0
1.5556e-5 1.1667e-5 0.4652726365 0.0 0.0
1.9445e-5 1.1667e-5 0.0670206741 0.0 0.0
2.3334e-5 1.1667e-5 0.0503341282 0.0 0.0
2.7223e-5 1.1667e-5 0.0691295582 0.0 0.0
3.1112e-5 1.1667e-5 0.0455922829 0.0 0.0
3.5001e-5 1.1667e-5 0.0464334771 0.0 0.0
3.889e-5 1.1667e-5 0.0201866307 0.0 0.0
4.2779e-5 1.1667e-5 0.0087286922 0.0 0.0
4.6668e-5 1.1667e-5 0.0016788258 0.0 0.0
5.0557e-5 1.1667e-5 0.0005937368 0.0 0.0
5.4446e-5 1.1667e-5 0.0012509908 0.0 0.0
5.8335e-5 1.1667e-5 0.0022305174 0.0 0.0
6.2224e-5 1.1667e-5 0.0077664502 0.0 0.0
6.6113e-5 1.1667e-5 0.0022161572 0.0 0.0
7.0002e-5 1.1667e-5 0.0006523194 0.0 0.0
7.3891e-5 1.1667e-5 5.5863e-6 0.0 0.0
7.778e-5 1.1667e-5 1.87421e-5 0.0 0.0
8.1669e-5 1.1667e-5 0.0001165706 0.0 0.0
8.55581e-5 1.1667e-5 6.22573e-5 0.0 0.0
8.94471e-5 1.1667e-5 2.35328e-5 0.0 0.0
9.33361e-5 1.1667e-5 1.92416e-5 0.0 0.0
-9.72251e-5 1.5556e-5 0.0010842846 0.0 0.0
-9.33361e-5 1.5556e-5 1.33495e-5 0.0 0.0
-8.94471e-5 1.5556e-5 4.33191e-5 0.0 0.0
-8.55581e-5 1.5556e-5 0.0004099421 0.0 0.0
-8.1669e-5 1.5556e-5 0.0086611095 0.0 0.0
-7.778e-5 1.5556e-5 0.0153381395 0.0 0.0
-7.3891e-5 1.5556e-5 0.0068927153 0.0 0.0
-7.0002e-5 1.5556e-5 0.0126736374 0.0 0.0
-6.6113e-5 1.5556e-5 0.021812553 0.0 0.0
-6.2224e-5 1.5556e-5 0.0100548176 0.0 0.0
-5.8335e-5 1.5556e-5 0.0082675739 0.0 0.0
-5.4446e-5 1.5556e-5 0.0201236486 0.0 0.0
-5.0557e-5 1.5556e-5 0.0115371563 0.0 0.0
-4.6668e-5 1.5556e-5 0.0217160304 0.0 0.0
-4.2779e-5 1.5556e-5 0.0217250158 0.0 0.0
-3.889e-5 1.5556e-5 0.0277751935 0.0 0.0
-3.5001e-5 1.5556e-5 0.1067047735 0.0 0.0
-3.1112e-5 1.5556e-5 0.1495737478 0.0 0.0
-2.7223e-5 1.5556e-5 0.2765300687 0.0 0.0
-2.3334e-5 1.5556e-5 0.2594086302 0.0 0.0
-1.9445e-5 1.5556e-5 0.1643121853 0.0 0.0
-1.5556e-5 1.5556e-5 0.2368677567 0.0 0.0
-1.1667e-5 1.5556e-5 0.0583137006 0.0 0.0
-7.778e-6 1.5556e-5 0.074591607 0.0 0.0
-3.889e-6 1.5556e-5 0.0746995693 0.0 0.0
0.0 1.5556e-5 0.1341116226 0.0 0.0
3.889e-6 1.5556e-5 0.0936200383 0.0 0.0
7.778e-6 1.5556e-5 0.0673112104 0.0 0.0
1.1667e-5 1.5556e-5 0.4791901629 0.0 0.0
1.5556e-5 1.5556e-5 0.0636465437 0.0 0.0
1.9445e-5 1.5556e-5 0.0380995451 0.0 0.0
2.3334e-5 1.5556e-5 0.0454405939 0.0 0.0
2.7223e-5 1.5556e-5 0.0326438399 0.0 0.0
3.1112e-5 1.5556e-5 0.0431575706 0.0 0.0
3.5001e-5 1.5556e-5 0.0334190528 0.0 0.0
3.889e-5 1.5556e-5 0.0152606216 0.0 0.0
4.2779e-5 1.5556e-5 0.004262485 0.0 0.0
4.6668e-5 1.5556e-5 0.0003717633 0.0 0.0
5.0557e-5 1.5556e-5 0.001722518 0.0 0.0
5.4446e-5 1.5556e-5 0.0021224936 0.0 0.0
5.8335e-5 1.5556e-5 0.0048539546 0.0 0.0
6.2224e-5 1.5556e-5 0.0036502945 0.0 0.0
6.6113e-5 1.5556e-5 0.0013495031 0.0 0.0
7.0002e-5 1.5556e-5 0.0011456154 0.0 0.0
7.3891e-5 1.5556e-5 0.0003239476 0.0 0.0
7.778e-5 1.5556e-5 2.98702e-5 0.0 0.0
8.1669e-5 1.5556e-5 0.0002695765 0.0 0.0
8.55581e-5 1.5556e-5 2.75824e-5 0.0 0.0
8.94471e-5 1.5556e-5 2.33738e-5 0.0 0.0
9.33361e-5 1.5556e-5 3.5659e-5 0.0 0.0
-9.72251e-5 1.9445e-5 0.0010054489 0.0 0.0
-9.33361e-5 1.9445e-5 4.1206e-6 0.0 0.0
-8.94471e-5 1.9445e-5 0.0009984894 0.0 0.0
-8.55581e-5 1.9445e-5 0.0004135768 0.0 0.0
-8.1669e-5 1.9445e-5 0.0073423911 0.0 0.0
-7.778e-5 1.9445e-5 0.0131409433 0.0 0.0
-7.3891e-5 1.9445e-5 0.0060751201 0.0 0.0
-7.0002e-5 1.9445e-5 0.0093285139 0.0 0.0
-6.6113e-5 1.9445e-5 0.0173260498 0.0 0.0
-6.2224e-5 1.9445e-5 0.0086156254 0.0 0.0
-5.8335e-5 1.9445e-5 0.0080985233 0.0 0.0
-5.4446e-5 1.9445e-5 0.0242869706 0.0 0.0
-5.0557e-5 1.9445e-5 0.0094949351 0.0 0.0
-4.6668e-5 1.9445e-5 0.0119739841 0.0 0.0
-4.2779e-5 1.9445e-5 0.0174874262 0.0 0.0
-3.889e-5 1.9445e-5 0.0250766687 0.0 0.0
-3.5001e-5 1.9445e-5 0.0771586607 0.0 0.0
-3.1112e-5 1.9445e-5 0.0985829382 0.0 0.0
-2.7223e-5 1.9445e-5 0.223902914 0.0 0.0
-2.3334e-5 1.9445e-5 0.1973844192 0.0 0.0
-1.9445e-5 1.9445e-5 0.1107662283 0.0 0.0
-1.5556e-5 1.9445e-5 0.1555499501 0.0 0.0
-1.1667e-5 1.9445e-5 0.1456883782 0.0 0.0
-7.778e-6 1.9445e-5 0.1282592828 0.0 0.0
-3.889e-6 1.9445e-5 0.6073256297 0.0 0.0
0.0 1.9445e-5 0.2842272356 0.0 0.0
3.889e-6 1.9445e-5 0.3812083745 0.0 0.0
7.778e-6 1.9445e-5 0.1279286322 0.0 0.0
1.1667e-5 1.9445e-5 0.0744538988 0.0 0.0
1.5556e-5 1.9445e-5 0.0439810758 0.0 0.0
1.9445e-5 1.9445e-5 0.0214050194 0.0 0.0
2.3334e-5 1.9445e-5 0.0278927451 0.0 0.0
2.7223e-5 1.9445e-5 0.0330455217 0.0 0.0
3.1112e-5 1.9445e-5 0.0387450545 0.0 0.0
3.5001e-5 1.9445e-5 0.0175530771 0.0 0.0
3.889e-5 1.9445e-5 0.0138924498 0.0 0.0
4.2779e-5 1.9445e-5 0.0111659548 0.0 0.0
4.6668e-5 1.9445e-5 0.0003268465 0.0 0.0
5.0557e-5 1.9445e-5 0.0027500395 0.0 0.0
5.4446e-5 1.9445e-5 0.0038553655 0.0 0.0
5.8335e-5 1.9445e-5 0.0061475483 0.0 0.0
6.2224e-5 1.9445e-5 0.0011066373 0.0 0.0
6.6113e-5 1.9445e-5 0.0016725874 0.0 0.0
7.0002e-5 1.9445e-5 7.33617e-5 0.0 0.0
7.3891e-5 1.9445e-5 0.0001105993 0.0 0.0
7.778e-5 1.9445e-5 0.0002231248 0.0 0.0
8.1669e-5 1.9445e-5 0.0001085864 0.0 0.0
8.55581e-5 1.9445e-5 2.10186e-5 0.0 0.0
8.94471e-5 1.9445e-5 1.82819e-5 0.0 0.0
9.33361e-5 1.9445e-5 4.81206e-5 0.0 0.0
-9.72251e-5 2.3334e-5 0.0008903336 0.0 0.0
-9.33361e-5 2.3334e-5 0.0007516501 0.0 0.0
-8.94471e-5 2.3334e-5 0.0001097962 0.0 0.0
-8.55581e-5 2.3334e-5 0.0004933801 0.0 0.0
-8.1669e-5 2.3334e-5 0.006882693 0.0 0.0
-7.778e-5 2.3334e-5 0.0115778947 0.0 0.0
-7.3891e-5 2.3334e-5 0.0100766527 0.0 0.0
-7.0002e-5 2.3334e-5 0.0059247311 0.0 0.0
-6.6113e-5 2.3334e-5 0.0164666892 0.0 0.0
-6.2224e-5 2.3334e-5 0.0060631295 0.0 0.0
-5.8335e-5 2.3334e-5 0.0038618574 0.0 0.0
-5.4446e-5 2.3334e-5 0.0136055799 0.0 0.0
-5.0557e-5 2.3334e-5 0.0052500949 0.0 0.0
-4.6668e-5 2.3334e-5 0.0091524172 0.0 0.0
-4.2779e-5 2.3334e-5 0.0265950381 0.0 0.0
-3.889e-5 2.3334e-5 0.0203773887 0.0 0.0
-3.5001e-5 2.3334e-5 0.0466941351 0.0 0.0
-3.1112e-5 2.3334e-5 0.0838131568 0.0 0.0
-2.7223e-5 2.3334e-5 0.1469300252 0.0 0.0
-2.3334e-5 2.3334e-5 0.2537841998 0.0 0.0
-1.9445e-5 2.3334e-5 0.1469022163 0.0 0.0
-1.5556e-5 2.3334e-5 0.1051251092 0.0 0.0
-1.1667e-5 2.3334e-5 0.1411382555 0.0 0.0
-7.778e-6 2.3334e-5 0.1061464381 0.0 0.0
-3.889e-6 2.3334e-5 0.0638876485 0.0 0.0
0.0 2.3334e-5 0.0529353679 0.0 0.0
3.889e-6 2.3334e-5 0.0639008972 0.0 0.0
7.778e-6 2.3334e-5 0.0427653867 0.0 0.0
1.1667e-5 2.3334e-5 0.0294683559 0.0 0.0
1.5556e-5 2.3334e-5 0.0184183001 0.0 0.0
1.9445e-5 2.3334e-5 0.0177278335 0.0 0.0
2.3334e-5 2.3334e-5 0.020612434 0.0 0.0
2.7223e-5 2.3334e-5 0.0343016149 0.0 0.0
3.1112e-5 2.3334e-5 0.0171552842 0.0 0.0
3.5001e-5 2.3334e-5 0.0143870147 0.0 0.0
3.889e-5 2.3334e-5 0.0089308213 0.0 0.0
4.2779e-5 2.3334e-5 0.0082923278 0.0 0.0
4.6668e-5 2.3334e-5 0.0021313264 0.0 0.0
5.0557e-5 2.3334e-5 0.0037163148 0.0 0.0
5.4446e-5 2.3334e-5 0.0065171744 0.0 0.0
5.8335e-5 2.3334e-5 0.0054864166 0.0 0.0
6.2224e-5 2.3334e-5 0.0010094729 0.0 0.0
6.6113e-5 2.3334e-5 0.0005700107 0.0 0.0
7.0002e-5 2.3334e-5 0.0001890304 0.0 0.0
7.3891e-5 2.3334e-5 2.97874e-5 0.0 0.0
7.778e-5 2.3334e-5 0.0001278708 0.0 0.0
8.1669e-5 2.3334e-5 5.14869e-5 0.0 0.0
8.55581e-5 2.3334e-5 2.12627e-5 0.0 0.0
8.94471e-5 2.3334e-5 2.85292e-5 0.0 0.0
9.33361e-5 2.3334e-5 7.08527e-5 0.0 0.0
-9.72251e-5 2.7223e-5 0.0001883523 0.0 0.0
-9.33361e-5 2.7223e-5 8.0865e-5 0.0 0.0
-8.94471e-5 2.7223e-5 0.0003864087 0.0 0.0
-8.55581e-5 2.7223e-5 0.0008922895 0.0 0.0
-8.1669e-5 2.7223e-5 0.0062313499 0.0 0.0
-7.778e-5 2.7223e-5 0.0086340783 0.0 0.0
-7.3891e-5 2.7223e-5 0.0150919596 0.0 0.0
-7.0002e-5 2.7223e-5 0.0065150356 0.0 0.0
-6.6113e-5 2.7223e-5 0.0129225944 0.0 0.0
-6.2224e-5 2.7223e-5 0.0165798561 0.0 0.0
-5.8335e-5 2.7223e-5 0.0018953884 0.0 0.0
-5.4446e-5 2.7223e-5 0.0095207137 0.0 0.0
-5.0557e-5 2.7223e-5 0.0050841956 0.0 0.0
-4.6668e-5 2.7223e-5 0.0089925862 0.0 0.0
-4.2779e-5 2.7223e-5 0.0310443637 0.0 0.0
-3.889e-5 2.7223e-5 0.0277157353 0.0 0.0
-3.5001e-5 2.7223e-5 0.0414686074 0.0 0.0
-3.1112e-5 2.7223e-5 0.0683121328 0.0 0.0
-2.7223e-5 2.7223e-5 0.1083802309 0.0 0.0
-2.3334e-5 2.7223e-5 0.2103672569 0.0 0.0
-1.9445e-5 2.7223e-5 0.2078729441 0.0 0.0
-1.5556e-5 2.7223e-5 0.1258035968 0.0 0.0
-1.1667e-5 2.7223e-5 0.1129548467 0.0 0.0
-7.778e-6 2.7223e-5 0.0512316361 0.0 0.0
-3.889e-6 2.7223e-5 0.0571659892 0.0 0.0
0.0 2.7223e-5 0.0433013433 0.0 0.0
3.889e-6 2.7223e-5 0.0242101293 0.0 0.0
7.778e-6 2.7223e-5 0.0187076075 0.0 0.0
1.1667e-5 2.7223e-5 0.0178516077 0.0 0.0
1.5556e-5 2.7223e-5 0.0117731177 0.0 0.0
1.9445e-5 2.7223e-5 0.0273847193 0.0 0.0
2.3334e-5 2.7223e-5 0.0243836118 0.0 0.0
2.7223e-5 2.7223e-5 0.0166738741 0.0 0.0
3.1112e-5 2.7223e-5 0.0113112636 0.0 0.0
3.5001e-5 2.7223e-5 0.0238457972 0.0 0.0
3.889e-5 2.7223e-5 0.0084393652 0.0 0.0
4.2779e-5 2.7223e-5 0.0026947866 0.0 0.0
4.6668e-5 2.7223e-5 0.0040437711 0.0 0.0
5.0557e-5 2.7223e-5 0.010987391 0.0 0.0
5.4446e-5 2.7223e-5 0.0042942124 0.0 0.0
5.8335e-5 2.7223e-5 0.0021061241 0.0 0.0
6.2224e-5 2.7223e-5 0.000103938 0.0 0.0
6.6113e-5 2.7223e-5 0.000134066 0.0 0.0
7.0002e-5 2.7223e-5 0.0004027529 0.0 0.0
7.3891e-5 2.7223e-5 0.0001695403 0.0 0.0
7.778e-5 2.7223e-5 0.0001002102 0.0 0.0
8.1669e-5 2.7223e-5 4.65438e-5 0.0 0.0
8.55581e-5 2.7223e-5 3.63197e-5 0.0 0.0
8.94471e-5 2.7223e-5 5.23984e-5 0.0 0.0
9.33361e-5 2.7223e-5 6.32138e-5 0.0 0.0
-9.72251e-5 3.1112e-5 0.0002360282 0.0 0.0
-9.33361e-5 3.1112e-5 0.0003592932 0.0 0.0
-8.94471e-5 3.1112e-5 0.0003768461 0.0 0.0
-8.55581e-5 3.1112e-5 0.0012020051 0.0 0.0
-8.1669e-5 3.1112e-5 0.0038941748 0.0 0.0
-7.778e-5 3.1112e-5 0.0071466155 0.0 0.0
-7.3891e-5 3.1112e-5 0.0128672902 0.0 0.0
-7.0002e-5 3.1112e-5 0.0070258171 0.0 0.0
-6.6113e-5 3.1112e-5 0.0114011305 0.0 0.0
-6.2224e-5 3.1112e-5 0.0150096415 0.0 0.0
-5.8335e-5 3.1112e-5 0.0038013898 0.0 0.0
-5.4446e-5 3.1112e-5 0.0032041713 0.0 0.0
-5.0557e-5 3.1112e-5 0.0083676836 0.0 0.0
-4.6668e-5 3.1112e-5 0.0080780917 0.0 0.0
-4.2779e-5 3.1112e-5 0.02512729 0.0 0.0
-3.889e-5 3.1112e-5 0.0315560776 0.0 0.0
-3.5001e-5 3.1112e-5 0.0286760432 0.0 0.0
-3.1112e-5 3.1112e-5 0.0384236051 0.0 0.0
-2.7223e-5 3.1112e-5 0.0591635893 0.0 0.0
-2.3334e-5 3.1112e-5 0.110651192 0.0 0.0
-1.9445e-5 3.1112e-5 0.1799730636 0.0 0.0
-1.5556e-5 3.1112e-5 0.1460183985 0.0 0.0
-1.1667e-5 3.1112e-5 0.0455686346 0.0 0.0
-7.778e-6 3.1112e-5 0.0465313229 0.0 0.0
-3.889e-6 3.1112e-5 0.0515981762 0.0 0.0
0.0 3.1112e-5 0.0284038982 0.0 0.0
3.889e-6 3.1112e-5 0.020838449 0.0 0.0
7.778e-6 3.1112e-5 0.0147284546 0.0 0.0
1.1667e-5 3.1112e-5 0.0187034425 0.0 0.0
1.5556e-5 3.1112e-5 0.0229305464 0.0 0.0
1.9445e-5 3.1112e-5 0.022050353 0.0 0.0
2.3334e-5 3.1112e-5 0.0143123436 0.0 0.0
2.7223e-5 3.1112e-5 0.0169354468 0.0 0.0
3.1112e-5 3.1112e-5 0.0132945143 0.0 0.0
3.5001e-5 3.1112e-5 0.0086463732 0.0 0.0
3.889e-5 3.1112e-5 0.0126102251 0.0 0.0
4.2779e-5 3.1112e-5 0.004216308 0.0 0.0
4.6668e-5 3.1112e-5 0.0067322338 0.0 0.0
5.0557e-5 3.1112e-5 0.0068874674 0.0 0.0
5.4446e-5 3.1112e-5 0.0033725827 0.0 0.0
5.8335e-5 3.1112e-5 0.0003037498 0.0 0.0
6.2224e-5 3.1112e-5 0.0002800277 0.0 0.0
6.6113e-5 3.1112e-5 0.0001154718 0.0 0.0
7.0002e-5 3.1112e-5 0.0001483445 0.0 0.0
7.3891e-5 3.1112e-5 0.0001614752 0.0 0.0
7.778e-5 3.1112e-5 7.50245e-5 0.0 0.0
8.1669e-5 3.1112e-5 4.67393e-5 0.0 0.0
8.55581e-5 3.1112e-5 4.50174e-5 0.0 0.0
8.94471e-5 3.1112e-5 8.33207e-5 0.0 0.0
9.33361e-5 3.1112e-5 5.82029e-5 0.0 0.0
-9.72251e-5 3.5001e-5 0.0006254337 0.0 0.0
-9.33361e-5 3.5001e-5 0.0007344091 0.0 0.0
-8.94471e-5 3.5001e-5 0.0001719846 0.0 0.0
-8.55581e-5 3.5001e-5 0.0005565964 0.0 0.0
-8.1669e-5 3.5001e-5 0.0015342543 0.0 0.0
-7.778e-5 3.5001e-5 0.006562321 0.0 0.0
-7.3891e-5 3.5001e-5 0.0105595824 0.0 0.0
-7.0002e-5 3.5001e-5 0.0159848643 0.0 0.0
-6.6113e-5 3.5001e-5 0.0090132506 0.0 0.0
-6.2224e-5 3.5001e-5 0.0139472369 0.0 0.0
-5.8335e-5 3.5001e-5 0.0215234572 0.0 0.0
-5.4446e-5 3.5001e-5 0.0064270856 0.0 0.0
-5.0557e-5 3.5001e-5 0.0096467576 0.0 0.0
-4.6668e-5 3.5001e-5 0.0040345324 0.0 0.0
-4.2779e-5 3.5001e-5 0.0191194512 0.0 0.0
-3.889e-5 3.5001e-5 0.0373640672 0.0 0.0
-3.5001e-5 3.5001e-5 0.0253879876 0.0 0.0
-3.1112e-5 3.5001e-5 0.0307319115 0.0 0.0
-2.7223e-5 3.5001e-5 0.0458512975 0.0 0.0
-2.3334e-5 3.5001e-5 0.047194164 0.0 0.0
-1.9445e-5 3.5001e-5 0.069944047 0.0 0.0
-1.5556e-5 3.5001e-5 0.1085485282 0.0 0.0
-1.1667e-5 3.5001e-5 0.0859015414 0.0 0.0
-7.778e-6 3.5001e-5 0.0387535639 0.0 0.0
-3.889e-6 3.5001e-5 0.0172663033 0.0 0.0
0.0 3.5001e-5 0.0107775599 0.0 0.0
3.889e-6 3.5001e-5 0.0141671443 0.0 0.0
7.778e-6 3.5001e-5 0.0162493293 0.0 0.0
1.1667e-5 3.5001e-5 0.0163813163 0.0 0.0
1.5556e-5 3.5001e-5 0.0183411366 0.0 0.0
1.9445e-5 3.5001e-5 0.0195489887 0.0 0.0
2.3334e-5 3.5001e-5 0.0135355514 0.0 0.0
2.7223e-5 3.5001e-5 0.0133864017 0.0 0.0
3.1112e-5 3.5001e-5 0.0145621894 0.0 0.0
3.5001e-5 3.5001e-5 0.0102076775 0.0 0.0
3.889e-5 3.5001e-5 0.014977309 0.0 0.0
4.2779e-5 3.5001e-5 0.0075502283 0.0 0.0
4.6668e-5 3.5001e-5 0.0087198303 0.0 0.0
5.0557e-5 3.5001e-5 0.0015820999 0.0 0.0
5.4446e-5 3.5001e-5 0.000966968 0.0 0.0
5.8335e-5 3.5001e-5 2.80964e-5 0.0 0.0
6.2224e-5 3.5001e-5 8.3114e-5 0.0 0.0
6.6113e-5 3.5001e-5 2.83488e-5 0.0 0.0
7.0002e-5 3.5001e-5 0.0001077023 0.0 0.0
7.3891e-5 3.5001e-5 9.48403e-5 0.0 0.0
7.778e-5 3.5001e-5 5.57014e-5 0.0 0.0
8.1669e-5 3.5001e-5 5.81853e-5 0.0 0.0
8.55581e-5 3.5001e-5 6.58864e-5 0.0 0.0
8.94471e-5 3.5001e-5 6.42541e-5 0.0 0.0
9.33361e-5 3.5001e-5 4.99967e-5 0.0 0.0
-9.72251e-5 3.889e-5 0.0008582974 0.0 0.0
-9.33361e-5 3.889e-5 0.0002926811 0.0 0.0
-8.94471e-5 3.889e-5 0.0004624129 0.0 0.0
-8.55581e-5 3.889e-5 0.0005258238 0.0 0.0
-8.1669e-5 3.889e-5 0.001343738 0.0 0.0
-7.778e-5 3.889e-5 0.0049617229 0.0 0.0
-7.3891e-5 3.889e-5 0.0084087902 0.0 0.0
-7.0002e-5 3.889e-5 0.0119934519 0.0 0.0
-6.6113e-5 3.889e-5 0.0077152964 0.0 0.0
-6.2224e-5 3.889e-5 0.0104313338 0.0 0.0
-5.8335e-5 3.889e-5 0.0159519205 0.0 0.0
-5.4446e-5 3.889e-5 0.025906873 0.0 0.0
-5.0557e-5 3.889e-5 0.0095430798 0.0 0.0
-4.6668e-5 3.889e-5 0.0071133567 0.0 0.0
-4.2779e-5 3.889e-5 0.0130569262 0.0 0.0
-3.889e-5 3.889e-5 0.0161473947 0.0 0.0
-3.5001e-5 3.889e-5 0.0307004163 0.0 0.0
-3.1112e-5 3.889e-5 0.0252498902 0.0 0.0
-2.7223e-5 3.889e-5 0.0290489922 0.0 0.0
-2.3334e-5 3.889e-5 0.0404263649 0.0 0.0
-1.9445e-5 3.889e-5 0.0375907206 0.0 0.0
-1.5556e-5 3.889e-5 0.0438290747 0.0 0.0
-1.1667e-5 3.889e-5 0.0450057869 0.0 0.0
-7.778e-6 3.889e-5 0.0704777156 0.0 0.0
-3.889e-6 3.889e-5 0.0574197015 0.0 0.0
0.0 3.889e-5 0.0587945416 0.0 0.0
3.889e-6 3.889e-5 0.0290971777 0.0 0.0
7.778e-6 3.889e-5 0.0226312427 0.0 0.0
1.1667e-5 3.889e-5 0.015157821 0.0 0.0
1.5556e-5 3.889e-5 0.0110073028 0.0 0.0
1.9445e-5 3.889e-5 0.0154901734 0.0 0.0
2.3334e-5 3.889e-5 0.0233444764 0.0 0.0
2.7223e-5 3.889e-5 0.0287437948 0.0 0.0
3.1112e-5 3.889e-5 0.0239445511 0.0 0.0
3.5001e-5 3.889e-5 0.0263967939 0.0 0.0
3.889e-5 3.889e-5 0.011018654 0.0 0.0
4.2779e-5 3.889e-5 0.0068838423 0.0 0.0
4.6668e-5 3.889e-5 0.0017963415 0.0 0.0
5.0557e-5 3.889e-5 8.43122e-5 0.0 0.0
5.4446e-5 3.889e-5 0.0001883594 0.0 0.0
5.8335e-5 3.889e-5 7.45422e-5 0.0 0.0
6.2224e-5 3.889e-5 0.0001494734 0.0 0.0
6.6113e-5 3.889e-5 4.77719e-5 0.0 0.0
7.0002e-5 3.889e-5 0.0001377029 0.0 0.0
7.3891e-5 3.889e-5 8.35045e-5 0.0 0.0
7.778e-5 3.889e-5 6.54715e-5 0.0 0.0
8.1669e-5 3.889e-5 8.61123e-5 0.0 0.0
8.55581e-5 3.889e-5 0.0001192444 0.0 0.0
8.94471e-5 3.889e-5 4.13415e-5 0.0 0.0
9.33361e-5 3.889e-5 5.4473e-6 0.0 0.0
-9.72251e-5 4.2779e-5 0.0007031733 0.0 0.0
-9.33361e-5 4.2779e-5 0.0009944203 0.0 0.0
-8.94471e-5 4.2779e-5 0.0002944741 0.0 0.0
-8.55581e-5 4.2779e-5 0.0004388137 0.0 0.0
-8.1669e-5 4.2779e-5 0.0008084558 0.0 0.0
-7.778e-5 4.2779e-5 0.0016895837 0.0 0.0
-7.3891e-5 4.2779e-5 0.0065893757 0.0 0.0
-7.0002e-5 4.2779e-5 0.0085092327 0.0 0.0
-6.6113e-5 4.2779e-5 0.0139873043 0.0 0.0
-6.2224e-5 4.2779e-5 0.0093462695 0.0 0.0
-5.8335e-5 4.2779e-5 0.0133565722 0.0 0.0
-5.4446e-5 4.2779e-5 0.0198821154 0.0 0.0
-5.0557e-5 4.2779e-5 0.015241582 0.0 0.0
-4.6668e-5 4.2779e-5 0.0102317898 0.0 0.0
-4.2779e-5 4.2779e-5 0.0128203164 0.0 0.0
-3.889e-5 4.2779e-5 0.0101377365 0.0 0.0
-3.5001e-5 4.2779e-5 0.0150662569 0.0 0.0
-3.1112e-5 4.2779e-5 0.0262327748 0.0 0.0
-2.7223e-5 4.2779e-5 0.0246468125 0.0 0.0
-2.3334e-5 4.2779e-5 0.0260105584 0.0 0.0
-1.9445e-5 4.2779e-5 0.0364535654 0.0 0.0
-1.5556e-5 4.2779e-5 0.0293000111 0.0 0.0
-1.1667e-5 4.2779e-5 0.0275351389 0.0 0.0
-7.778e-6 4.2779e-5 0.0420298264 0.0 0.0
-3.889e-6 4.2779e-5 0.0158057699 0.0 0.0
0.0 4.2779e-5 0.0297017173 0.0 0.0
3.889e-6 4.2779e-5 0.0264956328 0.0 0.0
7.778e-6 4.2779e-5 0.0229808726 0.0 0.0
1.1667e-5 4.2779e-5 0.0252016285 0.0 0.0
1.5556e-5 4.2779e-5 0.023390901 0.0 0.0
1.9445e-5 4.2779e-5 0.0251496599 0.0 0.0
2.3334e-5 4.2779e-5 0.0295097771 0.0 0.0
2.7223e-5 4.2779e-5 0.0322457962 0.0 0.0
3.1112e-5 4.2779e-5 0.0258428968 0.0 0.0
3.5001e-5 4.2779e-5 0.0134299105 0.0 0.0
3.889e-5 4.2779e-5 0.0052175128 0.0 0.0
4.2779e-5 4.2779e-5 0.0012311473 0.0 0.0
4.6668e-5 4.2779e-5 0.0001701029 0.0 0.0
5.0557e-5 4.2779e-5 0.0005481927 0.0 0.0
5.4446e-5 4.2779e-5 0.0003562 0.0 0.0
5.8335e-5 4.2779e-5 4.63787e-5 0.0 0.0
6.2224e-5 4.2779e-5 0.0001193363 0.0 0.0
6.6113e-5 4.2779e-5 0.0002989787 0.0 0.0
7.0002e-5 4.2779e-5 0.0002035539 0.0 0.0
7.3891e-5 4.2779e-5 9.63124e-5 0.0 0.0
7.778e-5 4.2779e-5 9.37315e-5 0.0 0.0
8.1669e-5 4.2779e-5 0.0001224889 0.0 0.0
8.55581e-5 4.2779e-5 5.67395e-5 0.0 0.0
8.94471e-5 4.2779e-5 6.2959e-6 0.0 0.0
9.33361e-5 4.2779e-5 1.85899e-5 0.0 0.0
-9.72251e-5 4.6668e-5 0.000849354 0.0 0.0
-9.33361e-5 4.6668e-5 0.000511054 0.0 0.0
-8.94471e-5 4.6668e-5 0.0004074654 0.0 0.0
-8.55581e-5 4.6668e-5 0.0005629078 0.0 0.0
-8.1669e-5 4.6668e-5 0.0006481514 0.0 0.0
-7.778e-5 4.6668e-5 0.0016400693 0.0 0.0
-7.3891e-5 4.6668e-5 0.0039457324 0.0 0.0
-7.0002e-5 4.6668e-5 0.0074820236 0.0 0.0
-6.6113e-5 4.6668e-5 0.0098795291 0.0 0.0
-6.2224e-5 4.6668e-5 0.0152697299 0.0 0.0
-5.8335e-5 4.6668e-5 0.0115782483 0.0 0.0
-5.4446e-5 4.6668e-5 0.01338554 0.0 0.0
-5.0557e-5 4.6668e-5 0.0190086532 0.0 0.0
-4.6668e-5 4.6668e-5 0.0118544564 0.0 0.0
-4.2779e-5 4.6668e-5 0.0136973033 0.0 0.0
-3.889e-5 4.6668e-5 0.0116738457 0.0 0.0
-3.5001e-5 4.6668e-5 0.0135551402 0.0 0.0
-3.1112e-5 4.6668e-5 0.0117789864 0.0 0.0
-2.7223e-5 4.6668e-5 0.0301876064 0.0 0.0
-2.3334e-5 4.6668e-5 0.0244477333 0.0 0.0
-1.9445e-5 4.6668e-5 0.0226606886 0.0 0.0
-1.5556e-5 4.6668e-5 0.0281095718 0.0 0.0
-1.1667e-5 4.6668e-5 0.0224076143 0.0 0.0
-7.778e-6 4.6668e-5 0.0171238596 0.0 0.0
-3.889e-6 4.6668e-5 0.01426864 0.0 0.0
0.0 4.6668e-5 0.0190750842 0.0 0.0
3.889e-6 4.6668e-5 0.0285510607 0.0 0.0
7.778e-6 4.6668e-5 0.0328878497 0.0 0.0
1.1667e-5 4.6668e-5 0.0293694691 0.0 0.0
1.5556e-5 4.6668e-5 0.0209005216 0.0 0.0
1.9445e-5 4.6668e-5 0.0228935507 0.0 0.0
2.3334e-5 4.6668e-5 0.0256473884 0.0 0.0
2.7223e-5 4.6668e-5 0.0122330663 0.0 0.0
3.1112e-5 4.6668e-5 0.0078964281 0.0 0.0
3.5001e-5 4.6668e-5 0.002580846 0.0 0.0
3.889e-5 4.6668e-5 0.0012853888 0.0 0.0
4.2779e-5 4.6668e-5 0.0001162641 0.0 0.0
4.6668e-5 4.6668e-5 0.0008357258 0.0 0.0
5.0557e-5 4.6668e-5 0.0004007455 0.0 0.0
5.4446e-5 4.6668e-5 0.0001621602 0.0 0.0
5.8335e-5 4.6668e-5 0.0002818 0.0 0.0
6.2224e-5 4.6668e-5 0.0002940734 0.0 0.0
6.6113e-5 4.6668e-5 0.0002649576 0.0 0.0
7.0002e-5 4.6668e-5 0.0001328832 0.0 0.0
7.3891e-5 4.6668e-5 0.0001218889 0.0 0.0
7.778e-5 4.6668e-5 0.0001420824 0.0 0.0
8.1669e-5 4.6668e-5 5.64765e-5 0.0 0.0
8.55581e-5 4.6668e-5 1.0436e-5 0.0 0.0
8.94471e-5 4.6668e-5 1.47569e-5 0.0 0.0
9.33361e-5 4.6668e-5 3.46744e-5 0.0 0.0
-9.72251e-5 5.0557e-5 0.0006217863 0.0 0.0
-9.33361e-5 5.0557e-5 0.0008303356 0.0 0.0
-8.94471e-5 5.0557e-5 0.0002447105 0.0 0.0
-8.55581e-5 5.0557e-5 0.0010170378 0.0 0.0
-8.1669e-5 5.0557e-5 0.0012206624 0.0 0.0
-7.778e-5 5.0557e-5 0.0015212012 0.0 0.0
-7.3891e-5 5.0557e-5 0.0029707556 0.0 0.0
-7.0002e-5 5.0557e-5 0.0074298795 0.0 0.0
-6.6113e-5 5.0557e-5 0.0080712992 0.0 0.0
-6.2224e-5 5.0557e-5 0.0098150537 0.0 0.0
-5.8335e-5 5.0557e-5 0.0174106055 0.0 0.0
-5.4446e-5 5.0557e-5 0.0109924471 0.0 0.0
-5.0557e-5 5.0557e-5 0.0186901226 0.0 0.0
-4.6668e-5 5.0557e-5 0.0172263041 0.0 0.0
-4.2779e-5 5.0557e-5 0.0242722054 0.0 0.0
-3.889e-5 5.0557e-5 0.0146264299 0.0 0.0
-3.5001e-5 5.0557e-5 0.0118562505 0.0 0.0
-3.1112e-5 5.0557e-5 0.0134430207 0.0 0.0
-2.7223e-5 5.0557e-5 0.0101007273 0.0 0.0
-2.3334e-5 5.0557e-5 0.0279944204 0.0 0.0
-1.9445e-5 5.0557e-5 0.0337882982 0.0 0.0
-1.5556e-5 5.0557e-5 0.0306913268 0.0 0.0
-1.1667e-5 5.0557e-5 0.0280503292 0.0 0.0
-7.778e-6 5.0557e-5 0.0259058892 0.0 0.0
-3.889e-6 5.0557e-5 0.021978149 0.0 0.0
0.0 5.0557e-5 0.0214151072 0.0 0.0
3.889e-6 5.0557e-5 0.0173510175 0.0 0.0
7.778e-6 5.0557e-5 0.0138335411 0.0 0.0
1.1667e-5 5.0557e-5 0.011324655 0.0 0.0
1.5556e-5 5.0557e-5 0.0109999234 0.0 0.0
1.9445e-5 5.0557e-5 0.0086480711 0.0 0.0
2.3334e-5 5.0557e-5 0.0056410758 0.0 0.0
2.7223e-5 5.0557e-5 0.0070153531 0.0 0.0
3.1112e-5 5.0557e-5 0.0020507106 0.0 0.0
3.5001e-5 5.0557e-5 0.0006950503 0.0 0.0
3.889e-5 5.0557e-5 8.20476e-5 0.0 0.0
4.2779e-5 5.0557e-5 0.0003516682 0.0 0.0
4.6668e-5 5.0557e-5 0.0008079017 0.0 0.0
5.0557e-5 5.0557e-5 0.000621748 0.0 0.0
5.4446e-5 5.0557e-5 0.0004046597 0.0 0.0
5.8335e-5 5.0557e-5 0.0004596805 0.0 0.0
6.2224e-5 5.0557e-5 0.0003475313 0.0 0.0
6.6113e-5 5.0557e-5 0.0001552321 0.0 0.0
7.0002e-5 5.0557e-5 0.0001553213 0.0 0.0
7.3891e-5 5.0557e-5 0.0001199985 0.0 0.0
7.778e-5 5.0557e-5 0.0001266238 0.0 0.0
8.1669e-5 5.0557e-5 7.97382e-5 0.0 0.0
8.55581e-5 5.0557e-5 1.5503e-5 0.0 0.0
8.94471e-5 5.0557e-5 5.19104e-5 0.0 0.0
9.33361e-5 5.0557e-5 4.69801e-5 0.0 0.0
-9.72251e-5 5.4446e-5 0.0002911642 0.0 0.0
-9.33361e-5 5.4446e-5 0.0003446945 0.0 0.0
-8.94471e-5 5.4446e-5 0.0004233325 0.0 0.0
-8.55581e-5 5.4446e-5 0.0001525915 0.0 0.0
-8.1669e-5 5.4446e-5 0.00029729 0.0 0.0
-7.778e-5 5.4446e-5 0.0003105848 0.0 0.0
-7.3891e-5 5.4446e-5 0.0016273772 0.0 0.0
-7.0002e-5 5.4446e-5 0.0039671474 0.0 0.0
-6.6113e-5 5.4446e-5 0.0081015763 0.0 0.0
-6.2224e-5 5.4446e-5 0.0073238568 0.0 0.0
-5.8335e-5 5.4446e-5 0.0094354791 0.0 0.0
-5.4446e-5 5.4446e-5 0.0185035991 0.0 0.0
-5.0557e-5 5.4446e-5 0.0101090002 0.0 0.0
-4.6668e-5 5.4446e-5 0.0166636975 0.0 0.0
-4.2779e-5 5.4446e-5 0.0169723859 0.0 0.0
-3.889e-5 5.4446e-5 0.0213542899 0.0 0.0
-3.5001e-5 5.4446e-5 0.0316706341 0.0 0.0
-3.1112e-5 5.4446e-5 0.0191344622 0.0 0.0
-2.7223e-5 5.4446e-5 0.0189176342 0.0 0.0
-2.3334e-5 5.4446e-5 0.0184524853 0.0 0.0
-1.9445e-5 5.4446e-5 0.0237399322 0.0 0.0
-1.5556e-5 5.4446e-5 0.0243296024 0.0 0.0
-1.1667e-5 5.4446e-5 0.0273100942 0.0 0.0
-7.778e-6 5.4446e-5 0.0254288265 0.0 0.0
-3.889e-6 5.4446e-5 0.0216332883 0.0 0.0
0.0 5.4446e-5 0.0164395558 0.0 0.0
3.889e-6 5.4446e-5 0.0120597581 0.0 0.0
7.778e-6 5.4446e-5 0.0129253096 0.0 0.0
1.1667e-5 5.4446e-5 0.011019442 0.0 0.0
1.5556e-5 5.4446e-5 0.0068817798 0.0 0.0
1.9445e-5 5.4446e-5 0.0047271302 0.0 0.0
2.3334e-5 5.4446e-5 0.0076907441 0.0 0.0
2.7223e-5 5.4446e-5 0.0021033925 0.0 0.0
3.1112e-5 5.4446e-5 0.0001854524 0.0 0.0
3.5001e-5 5.4446e-5 0.0004818136 0.0 0.0
3.889e-5 5.4446e-5 0.0009768641 0.0 0.0
4.2779e-5 5.4446e-5 0.0014325666 0.0 0.0
4.6668e-5 5.4446e-5 0.001136374 0.0 0.0
5.0557e-5 5.4446e-5 0.0006420521 0.0 0.0
5.4446e-5 5.4446e-5 0.0005361099 0.0 0.0
5.8335e-5 5.4446e-5 0.0004555066 0.0 0.0
6.2224e-5 5.4446e-5 0.0002249807 0.0 0.0
6.6113e-5 5.4446e-5 0.000298003 0.0 0.0
7.0002e-5 5.4446e-5 0.0001262561 0.0 0.0
7.3891e-5 5.4446e-5 0.0001130332 0.0 0.0
7.778e-5 5.4446e-5 5.49025e-5 0.0 0.0
8.1669e-5 5.4446e-5 1.4487e-5 0.0 0.0
8.55581e-5 5.4446e-5 3.56656e-5 0.0 0.0
8.94471e-5 5.4446e-5 5.02252e-5 0.0 0.0
9.33361e-5 5.4446e-5 2.84993e-5 0.0 0.0
-9.72251e-5 5.8335e-5 0.0002844165 0.0 0.0
-9.33361e-5 5.8335e-5 0.0002336287 0.0 0.0
-8.94471e-5 5.8335e-5 0.0001340233 0.0 0.0
-8.55581e-5 5.8335e-5 0.0006721072 0.0 0.0
-8.1669e-5 5.8335e-5 0.0005267375 0.0 0.0
-7.778e-5 5.8335e-5 0.0006669307 0.0 0.0
-7.3891e-5 5.8335e-5 0.0006933714 0.0 0.0
-7.0002e-5 5.8335e-5 0.0010955454 0.0 0.0
-6.6113e-5 5.8335e-5 0.002922619 0.0 0.0
-6.2224e-5 5.8335e-5 0.008542302 0.0 0.0
-5.8335e-5 5.8335e-5 0.0084537285 0.0 0.0
-5.4446e-5 5.8335e-5 0.0090040689 0.0 0.0
-5.0557e-5 5.8335e-5 0.0171662474 0.0 0.0
-4.6668e-5 5.8335e-5 0.0110067153 0.0 0.0
-4.2779e-5 5.8335e-5 0.0145388303 0.0 0.0
-3.889e-5 5.8335e-5 0.0140150567 0.0 0.0
-3.5001e-5 5.8335e-5 0.0139666905 0.0 0.0
-3.1112e-5 5.8335e-5 0.0169416987 0.0 0.0
-2.7223e-5 5.8335e-5 0.019854237 0.0 0.0
-2.3334e-5 5.8335e-5 0.0187426623 0.0 0.0
-1.9445e-5 5.8335e-5 0.0158549522 0.0 0.0
-1.5556e-5 5.8335e-5 0.0145873252 0.0 0.0
-1.1667e-5 5.8335e-5 0.0137322225 0.0 0.0
-7.778e-6 5.8335e-5 0.0122377075 0.0 0.0
-3.889e-6 5.8335e-5 0.0123028469 0.0 0.0
0.0 5.8335e-5 0.0139335385 0.0 0.0
3.889e-6 5.8335e-5 0.0130426098 0.0 0.0
7.778e-6 5.8335e-5 0.0108668407 0.0 0.0
1.1667e-5 5.8335e-5 0.0112636502 0.0 0.0
1.5556e-5 5.8335e-5 0.0104207246 0.0 0.0
1.9445e-5 5.8335e-5 0.0175025007 0.0 0.0
2.3334e-5 5.8335e-5 0.0010109502 0.0 0.0
2.7223e-5 5.8335e-5 0.0008543797 0.0 0.0
3.1112e-5 5.8335e-5 0.0013481814 0.0 0.0
3.5001e-5 5.8335e-5 0.0020439464 0.0 0.0
3.889e-5 5.8335e-5 0.0012683787 0.0 0.0
4.2779e-5 5.8335e-5 0.0006042601 0.0 0.0
4.6668e-5 5.8335e-5 0.0005436621 0.0 0.0
5.0557e-5 5.8335e-5 0.0001950728 0.0 0.0
5.4446e-5 5.8335e-5 0.0001814157 0.0 0.0
5.8335e-5 5.8335e-5 0.0001926206 0.0 0.0
6.2224e-5 5.8335e-5 0.0003227764 0.0 0.0
6.6113e-5 5.8335e-5 0.0002434425 0.0 0.0
7.0002e-5 5.8335e-5 8.89035e-5 0.0 0.0
7.3891e-5 5.8335e-5 3.34665e-5 0.0 0.0
7.778e-5 5.8335e-5 1.44273e-5 0.0 0.0
8.1669e-5 5.8335e-5 3.05281e-5 0.0 0.0
8.55581e-5 5.8335e-5 4.41934e-5 0.0 0.0
8.94471e-5 5.8335e-5 3.33325e-5 0.0 0.0
9.33361e-5 5.8335e-5 2.4358e-5 0.0 0.0
-9.72251e-5 6.2224e-5 0.0006413199 0.0 0.0
-9.33361e-5 6.2224e-5 0.0003090974 0.0 0.0
-8.94471e-5 6.2224e-5 0.0002191702 0.0 0.0
-8.55581e-5 6.2224e-5 0.0001760167 0.0 0.0
-8.1669e-5 6.2224e-5 0.0007214164 0.0 0.0
-7.778e-5 6.2224e-5 0.0006776778 0.0 0.0
-7.3891e-5 6.2224e-5 0.0006680651 0.0 0.0
-7.0002e-5 6.2224e-5 0.0007432756 0.0 0.0
-6.6113e-5 6.2224e-5 0.0016088676 0.0 0.0
-6.2224e-5 6.2224e-5 0.0029439017 0.0 0.0
-5.8335e-5 6.2224e-5 0.0069635703 0.0 0.0
-5.4446e-5 6.2224e-5 0.007905425 0.0 0.0
-5.0557e-5 6.2224e-5 0.0088037032 0.0 0.0
-4.6668e-5 6.2224e-5 0.0145750221 0.0 0.0
-4.2779e-5 6.2224e-5 0.0155741592 0.0 0.0
-3.889e-5 6.2224e-5 0.01104143 0.0 0.0
-3.5001e-5 6.2224e-5 0.0111234261 0.0 0.0
-3.1112e-5 6.2224e-5 0.0086869261 0.0 0.0
-2.7223e-5 6.2224e-5 0.0086047992 0.0 0.0
-2.3334e-5 6.2224e-5 0.0083312397 0.0 0.0
-1.9445e-5 6.2224e-5 0.0074681874 0.0 0.0
-1.5556e-5 6.2224e-5 0.0076321374 0.0 0.0
-1.1667e-5 6.2224e-5 0.0092337336 0.0 0.0
-7.778e-6 6.2224e-5 0.0105476386 0.0 0.0
-3.889e-6 6.2224e-5 0.0111161924 0.0 0.0
0.0 6.2224e-5 0.0112187352 0.0 0.0
3.889e-6 6.2224e-5 0.009492265 0.0 0.0
7.778e-6 6.2224e-5 0.0163220474 0.0 0.0
1.1667e-5 6.2224e-5 0.0181193832 0.0 0.0
1.5556e-5 6.2224e-5 0.0007061293 0.0 0.0
1.9445e-5 6.2224e-5 0.0004098824 0.0 0.0
2.3334e-5 6.2224e-5 0.0006274002 0.0 0.0
2.7223e-5 6.2224e-5 0.0010552951 0.0 0.0
3.1112e-5 6.2224e-5 0.0008420696 0.0 0.0
3.5001e-5 6.2224e-5 0.0004005801 0.0 0.0
3.889e-5 6.2224e-5 0.00031608 0.0 0.0
4.2779e-5 6.2224e-5 0.0001750482 0.0 0.0
4.6668e-5 6.2224e-5 0.0002869066 0.0 0.0
5.0557e-5 6.2224e-5 0.00010097 0.0 0.0
5.4446e-5 6.2224e-5 0.0001295843 0.0 0.0
5.8335e-5 6.2224e-5 0.000105558 0.0 0.0
6.2224e-5 6.2224e-5 7.42757e-5 0.0 0.0
6.6113e-5 6.2224e-5 7.16271e-5 0.0 0.0
7.0002e-5 6.2224e-5 2.99375e-5 0.0 0.0
7.3891e-5 6.2224e-5 7.65406e-5 0.0 0.0
7.778e-5 6.2224e-5 2.84878e-5 0.0 0.0
8.1669e-5 6.2224e-5 3.85102e-5 0.0 0.0
8.55581e-5 6.2224e-5 1.93802e-5 0.0 0.0
8.94471e-5 6.2224e-5 1.64072e-5 0.0 0.0
9.33361e-5 6.2224e-5 1.28525e-5 0.0 0.0
-9.72251e-5 6.6113e-5 0.0006005409 0.0 0.0
-9.33361e-5 6.6113e-5 0.0002089797 0.0 0.0
-8.94471e-5 6.6113e-5 0.0006441133 0.0 0.0
-8.55581e-5 6.6113e-5 0.0004647397 0.0 0.0
-8.1669e-5 6.6113e-5 0.0005229152 0.0 0.0
-7.778e-5 6.6113e-5 0.0004431235 0.0 0.0
-7.3891e-5 6.6113e-5 0.0003777779 0.0 0.0
-7.0002e-5 6.6113e-5 0.0004958737 0.0 0.0
-6.6113e-5 6.6113e-5 0.0005413134 0.0 0.0
-6.2224e-5 6.6113e-5 0.0011303171 0.0 0.0
-5.8335e-5 6.6113e-5 0.0018946658 0.0 0.0
-5.4446e-5 6.6113e-5 0.0053960535 0.0 0.0
-5.0557e-5 6.6113e-5 0.0069067608 0.0 0.0
-4.6668e-5 6.6113e-5 0.0079239668 0.0 0.0
-4.2779e-5 6.6113e-5 0.0112701943 0.0 0.0
-3.889e-5 6.6113e-5 0.0168985718 0.0 0.0
-3.5001e-5 6.6113e-5 0.0206942805 0.0 0.0
-3.1112e-5 6.6113e-5 0.0148017728 0.0 0.0
-2.7223e-5 6.6113e-5 0.0132111214 0.0 0.0
-2.3334e-5 6.6113e-5 0.0086973324 0.0 0.0
-1.9445e-5 6.6113e-5 0.0068080093 0.0 0.0
-1.5556e-5 6.6113e-5 0.0080937463 0.0 0.0
-1.1667e-5 6.6113e-5 0.0100394145 0.0 0.0
-7.778e-6 6.6113e-5 0.0096887299 0.0 0.0
-3.889e-6 6.6113e-5 0.0170020664 0.0 0.0
0.0 6.6113e-5 0.0189779946 0.0 0.0
3.889e-6 6.6113e-5 0.0109370407 0.0 0.0
7.778e-6 6.6113e-5 0.0013154404 0.0 0.0
1.1667e-5 6.6113e-5 0.000420552 0.0 0.0
1.5556e-5 6.6113e-5 0.000225632 0.0 0.0
1.9445e-5 6.6113e-5 0.0001855203 0.0 0.0
2.3334e-5 6.6113e-5 0.0001587127 0.0 0.0
2.7223e-5 6.6113e-5 0.0004715055 0.0 0.0
3.1112e-5 6.6113e-5 0.0003964468 0.0 0.0
3.5001e-5 6.6113e-5 0.0003540988 0.0 0.0
3.889e-5 6.6113e-5 0.0001731153 0.0 0.0
4.2779e-5 6.6113e-5 0.0001910888 0.0 0.0
4.6668e-5 6.6113e-5 0.0001153182 0.0 0.0
5.0557e-5 6.6113e-5 0.0001393012 0.0 0.0
5.4446e-5 6.6113e-5 0.0001264674 0.0 0.0
5.8335e-5 6.6113e-5 2.48789e-5 0.0 0.0
6.2224e-5 6.6113e-5 1.28487e-5 0.0 0.0
6.6113e-5 6.6113e-5 8.8455e-6 0.0 0.0
7.0002e-5 6.6113e-5 3.70453e-5 0.0 0.0
7.3891e-5 6.6113e-5 4.96342e-5 0.0 0.0
7.778e-5 6.6113e-5 4.77661e-5 0.0 0.0
8.1669e-5 6.6113e-5 9.9852e-6 0.0 0.0
8.55581e-5 6.6113e-5 7.8734e-6 0.0 0.0
8.94471e-5 6.6113e-5 1.20418e-5 0.0 0.0
9.33361e-5 6.6113e-5 1.26537e-5 0.0 0.0
-9.72251e-5 7.0002e-5 0.0002640498 0.0 0.0
-9.33361e-5 7.0002e-5 0.0003279766 0.0 0.0
-8.94471e-5 7.0002e-5 0.0006409318 0.0 0.0
-8.55581e-5 7.0002e-5 0.000401518 0.0 0.0
-8.1669e-5 7.0002e-5 0.0003228366 0.0 0.0
-7.778e-5 7.0002e-5 0.0003768069 0.0 0.0
-7.3891e-5 7.0002e-5 0.0005558194 0.0 0.0
-7.0002e-5 7.0002e-5 0.000554648 0.0 0.0
-6.6113e-5 7.0002e-5 0.0006307674 0.0 0.0
-6.2224e-5 7.0002e-5 0.0006502553 0.0 0.0
-5.8335e-5 7.0002e-5 0.0009683219 0.0 0.0
-5.4446e-5 7.0002e-5 0.0011503718 0.0 0.0
-5.0557e-5 7.0002e-5 0.0024013848 0.0 0.0
-4.6668e-5 7.0002e-5 0.0041719818 0.0 0.0
-4.2779e-5 7.0002e-5 0.0048689485 0.0 0.0
-3.889e-5 7.0002e-5 0.0057969496 0.0 0.0
-3.5001e-5 7.0002e-5 0.0080694858 0.0 0.0
-3.1112e-5 7.0002e-5 0.0115074686 0.0 0.0
-2.7223e-5 7.0002e-5 0.0151713906 0.0 0.0
-2.3334e-5 7.0002e-5 0.0168428818 0.0 0.0
-1.9445e-5 7.0002e-5 0.0157838704 0.0 0.0
-1.5556e-5 7.0002e-5 0.0129697296 0.0 0.0
-1.1667e-5 7.0002e-5 0.0098163461 0.0 0.0
-7.778e-6 7.0002e-5 0.0073559802 0.0 0.0
-3.889e-6 7.0002e-5 0.0042662359 0.0 0.0
0.0 7.0002e-5 0.0012540123 0.0 0.0
3.889e-6 7.0002e-5 0.0004609072 0.0 0.0
7.778e-6 7.0002e-5 0.0001810453 0.0 0.0
1.1667e-5 7.0002e-5 4.57533e-5 0.0 0.0
1.5556e-5 7.0002e-5 7.03155e-5 0.0 0.0
1.9445e-5 7.0002e-5 0.0003932177 0.0 0.0
2.3334e-5 7.0002e-5 0.0005880916 0.0 0.0
2.7223e-5 7.0002e-5 0.0005541627 0.0 0.0
3.1112e-5 7.0002e-5 0.0003177734 0.0 0.0
3.5001e-5 7.0002e-5 0.0001522249 0.0 0.0
3.889e-5 7.0002e-5 0.0001317456 0.0 0.0
4.2779e-5 7.0002e-5 7.55529e-5 0.0 0.0
4.6668e-5 7.0002e-5 4.03456e-5 0.0 0.0
5.0557e-5 7.0002e-5 4.09746e-5 0.0 0.0
5.4446e-5 7.0002e-5 5.81672e-5 0.0 0.0
5.8335e-5 7.0002e-5 6.47387e-5 0.0 0.0
6.2224e-5 7.0002e-5 3.79252e-5 0.0 0.0
6.6113e-5 7.0002e-5 3.95286e-5 0.0 0.0
7.0002e-5 7.0002e-5 1.72051e-5 0.0 0.0
7.3891e-5 7.0002e-5 1.60965e-5 0.0 0.0
7.778e-5 7.0002e-5 1.84782e-5 0.0 0.0
8.1669e-5 7.0002e-5 2.8051e-6 0.0 0.0
8.55581e-5 7.0002e-5 4.7693e-6 0.0 0.0
8.94471e-5 7.0002e-5 5.67e-7 0.0 0.0
9.33361e-5 7.0002e-5 2.1198e-6 0.0 0.0
-9.72251e-5 7.3891e-5 0.0003290252 0.0 0.0
-9.33361e-5 7.3891e-5 0.0005544357 0.0 0.0
-8.94471e-5 7.3891e-5 0.0003600415 0.0 0.0
-8.55581e-5 7.3891e-5 0.0002018647 0.0 0.0
-8.1669e-5 7.3891e-5 0.0004792114 0.0 0.0
-7.778e-5 7.3891e-5 0.000567005 0.0 0.0
-7.3891e-5 7.3891e-5 0.0005227543 0.0 0.0
-7.0002e-5 7.3891e-5 0.0001065963 0.0 0.0
-6.6113e-5 7.3891e-5 0.0001809947 0.0 0.0
-6.2224e-5 7.3891e-5 0.0002049309 0.0 0.0
-5.8335e-5 7.3891e-5 0.0001651552 0.0 0.0
-5.4446e-5 7.3891e-5 0.0009289467 0.0 0.0
-5.0557e-5 7.3891e-5 0.001103481 0.0 0.0
-4.6668e-5 7.3891e-5 0.0019780003 0.0 0.0
-4.2779e-5 7.3891e-5 0.0010172956 0.0 0.0
-3.889e-5 7.3891e-5 0.0023965507 0.0 0.0
-3.5001e-5 7.3891e-5 0.0023933448 0.0 0.0
-3.1112e-5 7.3891e-5 0.0021961633 0.0 0.0
-2.7223e-5 7.3891e-5 0.0026832791 0.0 0.0
-2.3334e-5 7.3891e-5 0.0027420545 0.0 0.0
-1.9445e-5 7.3891e-5 0.0030335943 0.0 0.0
-1.5556e-5 7.3891e-5 0.0025376447 0.0 0.0
-1.1667e-5 7.3891e-5 0.0018737744 0.0 0.0
-7.778e-6 7.3891e-5 0.0010783364 0.0 0.0
-3.889e-6 7.3891e-5 0.0006898804 0.0 0.0
0.0 7.3891e-5 0.0003120935 0.0 0.0
3.889e-6 7.3891e-5 2.87369e-5 0.0 0.0
7.778e-6 7.3891e-5 3.63404e-5 0.0 0.0
1.1667e-5 7.3891e-5 0.0003761859 0.0 0.0
1.5556e-5 7.3891e-5 0.0003465712 0.0 0.0
1.9445e-5 7.3891e-5 0.0008171215 0.0 0.0
2.3334e-5 7.3891e-5 0.0005328548 0.0 0.0
2.7223e-5 7.3891e-5 0.0003606706 0.0 0.0
3.1112e-5 7.3891e-5 0.0001148249 0.0 0.0
3.5001e-5 7.3891e-5 3.85792e-5 0.0 0.0
3.889e-5 7.3891e-5 9.4051e-6 0.0 0.0
4.2779e-5 7.3891e-5 3.73837e-5 0.0 0.0
4.6668e-5 7.3891e-5 5.53485e-5 0.0 0.0
5.0557e-5 7.3891e-5 1.25351e-5 0.0 0.0
5.4446e-5 7.3891e-5 9.4321e-6 0.0 0.0
5.8335e-5 7.3891e-5 2.07756e-5 0.0 0.0
6.2224e-5 7.3891e-5 2.99713e-5 0.0 0.0
6.6113e-5 7.3891e-5 1.14004e-5 0.0 0.0
7.0002e-5 7.3891e-5 2.00392e-5 0.0 0.0
7.3891e-5 7.3891e-5 5.5375e-6 0.0 0.0
7.778e-5 7.3891e-5 1.3405e-5 0.0 0.0
8.1669e-5 7.3891e-5 5.2668e-6 0.0 0.0
8.55581e-5 7.3891e-5 4.543e-7 0.0 0.0
8.94471e-5 7.3891e-5 3.2588e-6 0.0 0.0
9.33361e-5 7.3891e-5 2.0739e-6 0.0 0.0
-9.72251e-5 7.778e-5 0.0004573453 0.0 0.0
-9.33361e-5 7.778e-5 0.0003416953 0.0 0.0
-8.94471e-5 7.778e-5 0.0003708528 0.0 0.0
-8.55581e-5 7.778e-5 0.0003193215 0.0 0.0
-8.1669e-5 7.778e-5 0.0004302946 0.0 0.0
-7.778e-5 7.778e-5 0.0003091197 0.0 0.0
-7.3891e-5 7.778e-5 0.0002563346 0.0 0.0
-7.0002e-5 7.778e-5 0.0001732582 0.0 0.0
-6.6113e-5 7.778e-5 0.0002382753 0.0 0.0
-6.2224e-5 7.778e-5 0.0002270364 0.0 0.0
-5.8335e-5 7.778e-5 0.0002466336 0.0 0.0
-5.4446e-5 7.778e-5 0.000230453 0.0 0.0
-5.0557e-5 7.778e-5 0.00073696 0.0 0.0
-4.6668e-5 7.778e-5 0.0007602393 0.0 0.0
-4.2779e-5 7.778e-5 0.0012174325 0.0 0.0
-3.889e-5 7.778e-5 0.0007351276 0.0 0.0
-3.5001e-5 7.778e-5 0.0010816435 0.0 0.0
-3.1112e-5 7.778e-5 0.0015330075 0.0 0.0
-2.7223e-5 7.778e-5 0.0013877524 0.0 0.0
-2.3334e-5 7.778e-5 0.0006708532 0.0 0.0
-1.9445e-5 7.778e-5 0.0005040175 0.0 0.0
-1.5556e-5 7.778e-5 0.00089952 0.0 0.0
-1.1667e-5 7.778e-5 0.0006404209 0.0 0.0
-7.778e-6 7.778e-5 0.0002621305 0.0 0.0
-3.889e-6 7.778e-5 0.0002620406 0.0 0.0
0.0 7.778e-5 0.0003544951 0.0 0.0
3.889e-6 7.778e-5 0.0001341824 0.0 0.0
7.778e-6 7.778e-5 0.000111122 0.0 0.0
1.1667e-5 7.778e-5 0.0001973556 0.0 0.0
1.5556e-5 7.778e-5 0.0006736788 0.0 0.0
1.9445e-5 7.778e-5 0.0006880718 0.0 0.0
2.3334e-5 7.778e-5 0.0003589708 0.0 0.0
2.7223e-5 7.778e-5 9.81612e-5 0.0 0.0
3.1112e-5 7.778e-5 1.05526e-5 0.0 0.0
3.5001e-5 7.778e-5 4.55017e-5 0.0 0.0
3.889e-5 7.778e-5 1.19282e-5 0.0 0.0
4.2779e-5 7.778e-5 1.24306e-5 0.0 0.0
4.6668e-5 7.778e-5 3.83715e-5 0.0 0.0
5.0557e-5 7.778e-5 1.68292e-5 0.0 0.0
5.4446e-5 7.778e-5 3.23187e-5 0.0 0.0
5.8335e-5 7.778e-5 1.87785e-5 0.0 0.0
6.2224e-5 7.778e-5 6.5053e-6 0.0 0.0
6.6113e-5 7.778e-5 4.3106e-6 0.0 0.0
7.0002e-5 7.778e-5 1.1673e-6 0.0 0.0
7.3891e-5 7.778e-5 1.21009e-5 0.0 0.0
7.778e-5 7.778e-5 4.3448e-6 0.0 0.0
8.1669e-5 7.778e-5 6.168e-7 0.0 0.0
8.55581e-5 7.778e-5 7.0695e-6 0.0 0.0
8.94471e-5 7.778e-5 7.1204e-6 0.0 0.0
9.33361e-5 7.778e-5 1.41722e-5 0.0 0.0
-9.72251e-5 8.1669e-5 0.0001784008 0.0 0.0
-9.33361e-5 8.1669e-5 0.0005752413 0.0 0.0
-8.94471e-5 8.1669e-5 0.0008114788 0.0 0.0
-8.55581e-5 8.1669e-5 0.0004528676 0.0 0.0
-8.1669e-5 8.1669e-5 0.0003899321 0.0 0.0
-7.778e-5 8.1669e-5 0.0002452266 0.0 0.0
-7.3891e-5 8.1669e-5 0.00052446 0.0 0.0
-7.0002e-5 8.1669e-5 0.0002559411 0.0 0.0
-6.6113e-5 8.1669e-5 7.17876e-5 0.0 0.0
-6.2224e-5 8.1669e-5 2.79983e-5 0.0 0.0
-5.8335e-5 8.1669e-5 0.0002175172 0.0 0.0
-5.4446e-5 8.1669e-5 0.0001322387 0.0 0.0
-5.0557e-5 8.1669e-5 9.81332e-5 0.0 0.0
-4.6668e-5 8.1669e-5 0.0003742465 0.0 0.0
-4.2779e-5 8.1669e-5 0.0003596481 0.0 0.0
-3.889e-5 8.1669e-5 0.0002912533 0.0 0.0
-3.5001e-5 8.1669e-5 0.0003740548 0.0 0.0
-3.1112e-5 8.1669e-5 0.0004871306 0.0 0.0
-2.7223e-5 8.1669e-5 0.0006025757 0.0 0.0
-2.3334e-5 8.1669e-5 0.0004986302 0.0 0.0
-1.9445e-5 8.1669e-5 0.0004040648 0.0 0.0
-1.5556e-5 8.1669e-5 0.0002179314 0.0 0.0
-1.1667e-5 8.1669e-5 0.0004126331 0.0 0.0
-7.778e-6 8.1669e-5 0.0002356334 0.0 0.0
-3.889e-6 8.1669e-5 0.0002551217 0.0 0.0
0.0 8.1669e-5 0.0002084248 0.0 0.0
3.889e-6 8.1669e-5 0.0002696366 0.0 0.0
7.778e-6 8.1669e-5 0.0004596286 0.0 0.0
1.1667e-5 8.1669e-5 0.0004918349 0.0 0.0
1.5556e-5 8.1669e-5 0.0006680953 0.0 0.0
1.9445e-5 8.1669e-5 0.0007204186 0.0 0.0
2.3334e-5 8.1669e-5 8.44746e-5 0.0 0.0
2.7223e-5 8.1669e-5 3.07251e-5 0.0 0.0
3.1112e-5 8.1669e-5 1.74326e-5 0.0 0.0
3.5001e-5 8.1669e-5 1.9711e-5 0.0 0.0
3.889e-5 8.1669e-5 2.52885e-5 0.0 0.0
4.2779e-5 8.1669e-5 9.5878e-6 0.0 0.0
4.6668e-5 8.1669e-5 7.4101e-6 0.0 0.0
5.0557e-5 8.1669e-5 1.82011e-5 0.0 0.0
5.4446e-5 8.1669e-5 1.4032e-5 0.0 0.0
5.8335e-5 8.1669e-5 1.40248e-5 0.0 0.0
6.2224e-5 8.1669e-5 1.21399e-5 0.0 0.0
6.6113e-5 8.1669e-5 5.805e-7 0.0 0.0
7.0002e-5 8.1669e-5 9.64e-6 0.0 0.0
7.3891e-5 8.1669e-5 2.4799e-6 0.0 0.0
7.778e-5 8.1669e-5 7.857e-7 0.0 0.0
8.1669e-5 8.1669e-5 1.0942e-6 0.0 0.0
8.55581e-5 8.1669e-5 2.24105e-5 0.0 0.0
8.94471e-5 8.1669e-5 2.89216e-5 0.0 0.0
9.33361e-5 8.1669e-5 4.33654e-5 0.0 0.0
-9.72251e-5 8.55581e-5 4.5e-8 0.0 0.0
-9.33361e-5 8.55581e-5 7.5702e-6 0.0 0.0
-8.94471e-5 8.55581e-5 0.0002308599 0.0 0.0
-8.55581e-5 8.55581e-5 0.0009316286 0.0 0.0
-8.1669e-5 8.55581e-5 0.0006474372 0.0 0.0
-7.778e-5 8.55581e-5 0.0006138181 0.0 0.0
-7.3891e-5 8.55581e-5 0.0003033486 0.0 0.0
-7.0002e-5 8.55581e-5 0.0001510149 0.0 0.0
-6.6113e-5 8.55581e-5 0.0005331323 0.0 0.0
-6.2224e-5 8.55581e-5 0.0002115505 0.0 0.0
-5.8335e-5 8.55581e-5 5.11155e-5 0.0 0.0
-5.4446e-5 8.55581e-5 0.0002878556 0.0 0.0
-5.0557e-5 8.55581e-5 5.72059e-5 0.0 0.0
-4.6668e-5 8.55581e-5 0.0003166765 0.0 0.0
-4.2779e-5 8.55581e-5 0.0001321244 0.0 0.0
-3.889e-5 8.55581e-5 0.0003266915 0.0 0.0
-3.5001e-5 8.55581e-5 0.0002286261 0.0 0.0
-3.1112e-5 8.55581e-5 0.0001588219 0.0 0.0
-2.7223e-5 8.55581e-5 0.0002174385 0.0 0.0
-2.3334e-5 8.55581e-5 0.000322004 0.0 0.0
-1.9445e-5 8.55581e-5 0.0004856563 0.0 0.0
-1.5556e-5 8.55581e-5 0.0005491651 0.0 0.0
-1.1667e-5 8.55581e-5 0.0001426951 0.0 0.0
-7.778e-6 8.55581e-5 0.0002159975 0.0 0.0
-3.889e-6 8.55581e-5 0.0003449582 0.0 0.0
0.0 8.55581e-5 0.0006953391 0.0 0.0
3.889e-6 8.55581e-5 0.0008823222 0.0 0.0
7.778e-6 8.55581e-5 0.0009153201 0.0 0.0
1.1667e-5 8.55581e-5 0.0011387822 0.0 0.0
1.5556e-5 8.55581e-5 0.0004509681 0.0 0.0
1.9445e-5 8.55581e-5 2.56456e-5 0.0 0.0
2.3334e-5 8.55581e-5 1.77683e-5 0.0 0.0
2.7223e-5 8.55581e-5 1.37262e-5 0.0 0.0
3.1112e-5 8.55581e-5 1.42884e-5 0.0 0.0
3.5001e-5 8.55581e-5 3.1265e-6 0.0 0.0
3.889e-5 8.55581e-5 3.5051e-6 0.0 0.0
4.2779e-5 8.55581e-5 5.5252e-6 0.0 0.0
4.6668e-5 8.55581e-5 7.1216e-6 0.0 0.0
5.0557e-5 8.55581e-5 7.9482e-6 0.0 0.0
5.4446e-5 8.55581e-5 1.06361e-5 0.0 0.0
5.8335e-5 8.55581e-5 6.257e-7 0.0 0.0
6.2224e-5 8.55581e-5 1.35095e-5 0.0 0.0
6.6113e-5 8.55581e-5 1.07058e-5 0.0 0.0
7.0002e-5 8.55581e-5 8.9843e-6 0.0 0.0
7.3891e-5 8.55581e-5 4.9348e-6 0.0 0.0
7.778e-5 8.55581e-5 7.0555e-6 0.0 0.0
8.1669e-5 8.55581e-5 1.24302e-5 0.0 0.0
8.55581e-5 8.55581e-5 3.00133e-5 0.0 0.0
8.94471e-5 8.55581e-5 1.27204e-5 0.0 0.0
9.33361e-5 8.55581e-5 6.6375e-6 0.0 0.0
-9.72251e-5 8.94471e-5 0.0 0.0 0.0
-9.33361e-5 8.94471e-5 2.0e-10 0.0 0.0
-8.94471e-5 8.94471e-5 3.142e-7 0.0 0.0
-8.55581e-5 8.94471e-5 7.49067e-5 0.0 0.0
-8.1669e-5 8.94471e-5 0.0005589263 0.0 0.0
-7.778e-5 8.94471e-5 0.0013310433 0.0 0.0
-7.3891e-5 8.94471e-5 0.000813814 0.0 0.0
-7.0002e-5 8.94471e-5 0.0006293387 0.0 0.0
-6.6113e-5 8.94471e-5 0.0003617887 0.0 0.0
-6.2224e-5 8.94471e-5 0.0002218881 0.0 0.0
-5.8335e-5 8.94471e-5 0.000409091 0.0 0.0
-5.4446e-5 8.94471e-5 0.000204646 0.0 0.0
-5.0557e-5 8.94471e-5 0.0004193845 0.0 0.0
-4.6668e-5 8.94471e-5 0.00021995 0.0 0.0
-4.2779e-5 8.94471e-5 7.37207e-5 0.0 0.0
-3.889e-5 8.94471e-5 0.0002482435 0.0 0.0
-3.5001e-5 8.94471e-5 0.0004885527 0.0 0.0
-3.1112e-5 8.94471e-5 0.0003004075 0.0 0.0
-2.7223e-5 8.94471e-5 0.000345432 0.0 0.0
-2.3334e-5 8.94471e-5 0.0005355597 0.0 0.0
-1.9445e-5 8.94471e-5 0.0007446095 0.0 0.0
-1.5556e-5 8.94471e-5 0.000383262 0.0 0.0
-1.1667e-5 8.94471e-5 0.0007642949 0.0 0.0
-7.778e-6 8.94471e-5 0.0004291353 0.0 0.0
-3.889e-6 8.94471e-5 0.0008094656 0.0 0.0
0.0 8.94471e-5 0.0004519415 0.0 0.0
3.889e-6 8.94471e-5 0.000557853 0.0 0.0
7.778e-6 8.94471e-5 0.0010177151 0.0 0.0
1.1667e-5 8.94471e-5 5.50982e-5 0.0 0.0
1.5556e-5 8.94471e-5 3.80997e-5 0.0 0.0
1.9445e-5 8.94471e-5 4.43441e-5 0.0 0.0
2.3334e-5 8.94471e-5 9.512e-6 0.0 0.0
2.7223e-5 8.94471e-5 1.14507e-5 0.0 0.0
3.1112e-5 8.94471e-5 1.08008e-5 0.0 0.0
3.5001e-5 8.94471e-5 1.21382e-5 0.0 0.0
3.889e-5 8.94471e-5 1.02311e-5 0.0 0.0
4.2779e-5 8.94471e-5 1.70636e-5 0.0 0.0
4.6668e-5 8.94471e-5 2.45249e-5 0.0 0.0
5.0557e-5 8.94471e-5 7.348e-7 0.0 0.0
5.4446e-5 8.94471e-5 1.1576e-6 0.0 0.0
5.8335e-5 8.94471e-5 2.26415e-5 0.0 0.0
6.2224e-5 8.94471e-5 2.6024e-5 0.0 0.0
6.6113e-5 8.94471e-5 3.9082e-6 0.0 0.0
7.0002e-5 8.94471e-5 9.3229e-6 0.0 0.0
7.3891e-5 8.94471e-5 1.37495e-5 0.0 0.0
7.778e-5 8.94471e-5 2.75961e-5 0.0 0.0
8.1669e-5 8.94471e-5 3.15284e-5 0.0 0.0
8.55581e-5 8.94471e-5 1.99327e-5 0.0 0.0
8.94471e-5 8.94471e-5 9.5022e-6 0.0 0.0
9.33361e-5 8.94471e-5 2.9736e-5 0.0 0.0
-9.72251e-5 9.33361e-5 0.0 0.0 0.0
-9.33361e-5 9.33361e-5 0.0 0.0 0.0
-8.94471e-5 9.33361e-5 0.0 0.0 0.0
-8.55581e-5 9.33361e-5 2.0e-8 0.0 0.0
-8.1669e-5 9.33361e-5 9.9684e-6 0.0 0.0
-7.778e-5 9.33361e-5 9.3143e-5 0.0 0.0
-7.3891e-5 9.33361e-5 0.0005141416 0.0 0.0
-7.0002e-5 9.33361e-5 0.0011028908 0.0 0.0
-6.6113e-5 9.33361e-5 0.0009497777 0.0 0.0
-6.2224e-5 9.33361e-5 0.000845069 0.0 0.0
-5.8335e-5 9.33361e-5 0.0005637248 0.0 0.0
-5.4446e-5 9.33361e-5 0.0003206787 0.0 0.0
-5.0557e-5 9.33361e-5 0.0005160739 0.0 0.0
-4.6668e-5 9.33361e-5 0.0003751562 0.0 0.0
-4.2779e-5 9.33361e-5 0.0005775641 0.0 0.0
-3.889e-5 9.33361e-5 0.000370651 0.0 0.0
-3.5001e-5 9.33361e-5 0.0005914971 0.0 0.0
-3.1112e-5 9.33361e-5 0.000349632 0.0 0.0
-2.7223e-5 9.33361e-5 0.0008320919 0.0 0.0
-2.3334e-5 9.33361e-5 0.0006217871 0.0 0.0
-1.9445e-5 9.33361e-5 0.0009078272 0.0 0.0
-1.5556e-5 9.33361e-5 0.0007341575 0.0 0.0
-1.1667e-5 9.33361e-5 0.0010373139 0.0 0.0
-7.778e-6 9.33361e-5 0.0006597483 0.0 0.0
-3.889e-6 9.33361e-5 0.000835042 0.0 0.0
0.0 9.33361e-5 0.0008649008 0.0 0.0
3.889e-6 9.33361e-5 0.0002175885 0.0 0.0
7.778e-6 9.33361e-5 4.50435e-5 0.0 0.0
1.1667e-5 9.33361e-5 5.0488e-5 0.0 0.0
1.5556e-5 9.33361e-5 2.96605e-5 0.0 0.0
1.9445e-5 9.33361e-5 1.4309e-5 0.0 0.0
2.3334e-5 9.33361e-5 7.1161e-6 0.0 0.0
2.7223e-5 9.33361e-5 7.4695e-6 0.0 0.0
3.1112e-5 9.33361e-5 6.2978e-6 0.0 0.0
3.5001e-5 9.33361e-5 6.9621e-6 0.0 0.0
3.889e-5 9.33361e-5 9.7218e-6 0.0 0.0
4.2779e-5 9.33361e-5 1.11657e-5 0.0 0.0
4.6668e-5 9.33361e-5 1.63845e-5 0.0 0.0
5.0557e-5 9.33361e-5 1.70464e-5 0.0 0.0
5.4446e-5 9.33361e-5 2.08998e-5 0.0 0.0
5.8335e-5 9.33361e-5 3.95495e-5 0.0 0.0
6.2224e-5 9.33361e-5 1.3356e-5 0.0 0.0
6.6113e-5 9.33361e-5 1.7747e-5 0.0 0.0
7.0002e-5 9.33361e-5 2.06367e-5 0.0 0.0
7.3891e-5 9.33361e-5 1.55475e-5 0.0 0.0
7.778e-5 9.33361e-5 6.6331e-6 0.0 0.0
8.1669e-5 9.33361e-5 3.13623e-5 0.0 0.0
8.55581e-5 9.33361e-5 1.28544e-5 0.0 0.0
8.94471e-5 9.33361e-5 3.09938e-5 0.0 0.0
9.33361e-5 9.33361e-5 9.3817e-6 0.0 0.0
